locationid;sessionid;recordid;lzeq_l;lzeq_min;lzeq_max;lzeq_l5;lzeq_l10;lzeq_l50;lzeq_l90;lzeq_l95;lceq_l(c);lceq_min(c);lceq_max(c);lceq_l5(c);lceq_l10(c);lceq_l50(c);lceq_l90(c);lceq_l95(c);laeq_l(a);laeq_min(a);laeq_max(a);laeq_l5(a);laeq_l10(a);laeq_l50(a);laeq_l90(a);laeq_l95(a);n_n5;n_min;n_max;n_n10;n_n50;n_n90;n_n95;s_s;s_min;s_max;s_s5;s_s10;s_s50;s_s90;s_s95;r_r;r_min;r_max;r_r5;r_r10;r_r50;r_r90;r_r95;t_tonalityhms;t_min;t_max;t_t5;t_t10;t_t50;t_t90;t_t95;fs_f;fs_min;fs_max;fs_f5;fs_f10;fs_f50;fs_f90;fs_f95;i_i;i_min;i_max;i_i5;i_i10;i_i50;i_i90;i_i95;ra_cp;ra_min;ra_max;ra_cp5;ra_cp10;ra_cp50;ra_cp90;ra_cp95;thd_thd;thd_min;thd_max;thd_l5;thd_l10;thd_l50;thd_l90;thd_l95
CarloV;CarloV2;1434;65,68;58,81;72,51;69,4;68,36;64,91;61,11;60,61;65,26;56,96;72,48;69,27;68,19;64,32;60,1;59,33;62,12;51,04;69,31;66,21;65,1;61,22;56,07;54,97;16,5;0,0;20,8;15,6;11,8;8,85;8,24;1,81;0,0;2,59;2,13;2,04;1,8;1,59;1,54;0,0333;0,0148;0,113;0,0574;0,0451;0,031;0,0222;0,0204;0,222;0,0;1,29;0,555;0,437;0,174;0,058;0,0395;0,0549;0,0254;0,107;0,0955;0,0899;0,0566;0,0361;0,0311;0,449;0,233;0,888;0,632;0,571;0,434;0,342;0,318;17,9;1,9;56,7;35,0;30,1;16,3;8,15;6,72;-0,09;-11,76;54,18;34,82;26,53;5,57;-9,0;-10,29
CarloV;CarloV2;1435;65,68;58,81;72,51;69,4;68,36;64,91;61,11;60,61;65,26;56,96;72,48;69,27;68,19;64,32;60,1;59,33;62,12;51,04;69,31;66,21;65,1;61,22;56,07;54,97;16,5;0,0;20,8;15,6;11,8;8,85;8,24;1,81;0,0;2,59;2,13;2,04;1,8;1,59;1,54;0,0333;0,0148;0,113;0,0574;0,0451;0,031;0,0222;0,0204;0,222;0,0;1,29;0,555;0,437;0,174;0,058;0,0395;0,0549;0,0254;0,107;0,0955;0,0899;0,0566;0,0361;0,0311;0,449;0,233;0,888;0,632;0,571;0,434;0,342;0,318;17,9;1,9;56,7;35,0;30,1;16,3;8,15;6,72;-0,09;-11,76;54,18;34,82;26,53;5,57;-9,0;-10,29
CarloV;CarloV2;1430;75,52;60,0;86,11;81,5;79,76;72,13;63,96;62,65;67,46;56,73;80,32;73,01;71,31;64,47;60,51;59,66;58,59;49,53;71,55;62,35;61,17;57,4;54,23;53,08;13,8;0,0;19,4;12,9;10,6;8,66;8,15;1,81;0,0;2,49;2,15;2,06;1,79;1,59;1,55;0,0268;0,013;0,0912;0,0426;0,0373;0,0254;0,0184;0,0169;0,251;0,0;1,98;0,646;0,512;0,179;0,0481;0,0314;0,0344;0,00909;0,0822;0,0682;0,0612;0,0332;0,0137;0,0107;0,373;0,155;1,4;0,708;0,549;0,331;0,255;0,231;12,7;0,974;89,2;29,5;23,5;10,4;5,0;3,91;-2,1;-19,32;72,52;32,33;24,52;0,25;-16,3;-17,33
CarloV;CarloV2;1431;75,52;60,0;86,11;81,5;79,76;72,13;63,96;62,65;67,46;56,73;80,32;73,01;71,31;64,47;60,51;59,66;58,59;49,53;71,55;62,35;61,17;57,4;54,23;53,08;13,8;0,0;19,4;12,9;10,6;8,66;8,15;1,81;0,0;2,49;2,15;2,06;1,79;1,59;1,55;0,0268;0,013;0,0912;0,0426;0,0373;0,0254;0,0184;0,0169;0,251;0,0;1,98;0,646;0,512;0,179;0,0481;0,0314;0,0344;0,00909;0,0822;0,0682;0,0612;0,0332;0,0137;0,0107;0,373;0,155;1,4;0,708;0,549;0,331;0,255;0,231;12,7;0,974;89,2;29,5;23,5;10,4;5,0;3,91;-2,1;-19,32;72,52;32,33;24,52;0,25;-16,3;-17,33
CarloV;CarloV2;1432;75,52;60,0;86,11;81,5;79,76;72,13;63,96;62,65;67,46;56,73;80,32;73,01;71,31;64,47;60,51;59,66;58,59;49,53;71,55;62,35;61,17;57,4;54,23;53,08;13,8;0,0;19,4;12,9;10,6;8,66;8,15;1,81;0,0;2,49;2,15;2,06;1,79;1,59;1,55;0,0268;0,013;0,0912;0,0426;0,0373;0,0254;0,0184;0,0169;0,251;0,0;1,98;0,646;0,512;0,179;0,0481;0,0314;0,0344;0,00909;0,0822;0,0682;0,0612;0,0332;0,0137;0,0107;0,373;0,155;1,4;0,708;0,549;0,331;0,255;0,231;12,7;0,974;89,2;29,5;23,5;10,4;5,0;3,91;-2,1;-19,32;72,52;32,33;24,52;0,25;-16,3;-17,33
CarloV;CarloV2;1443;60,94;56,08;70,06;65,14;63,75;59,86;57,96;57,45;57,36;53,7;68,48;59,86;58,75;56,71;55,48;55,13;52,59;48,04;64,83;55,39;54,09;51,99;50,12;49,65;9,1;0,0;19,0;8,64;7,38;6,44;6,21;1,7;0,0;2,88;2,1;1,98;1,66;1,48;1,43;0,0249;0,0123;0,0719;0,0391;0,0343;0,0241;0,0178;0,0165;0,127;0,0;0,73;0,363;0,257;0,0663;0,0164;0,0111;0,0183;0,00874;0,0633;0,0543;0,0364;0,0169;0,0125;0,0103;0,454;0,237;1,5;0,79;0,646;0,408;0,301;0,284;8,73;0,503;84,2;19,5;15,7;7,28;3,36;2,66;-0,89;-17,02;55,82;26,73;19,56;1,15;-13,15;-14,52
CarloV;CarloV2;1429;72,91;58,27;86,4;79,31;76,21;68,04;62,22;61,3;61,87;55,23;73,41;67,15;65,21;59,06;57,01;56,61;54,87;49,18;69,04;59,42;56,69;52,53;50,73;50,43;10,4;0,0;19,8;9,51;8,21;7,29;7,1;1,86;0,0;2,4;2,06;2,01;1,86;1,72;1,68;0,023;0,0116;0,0494;0,0333;0,0309;0,0223;0,0165;0,0154;0,141;0,0;1,26;0,416;0,277;0,0588;0,0105;0,00611;0,0177;0,00529;0,13;0,0804;0,042;0,0105;0,00655;0,00622;0,304;0,153;0,483;0,4;0,371;0,299;0,242;0,228;7,43;0,18;63,0;18,2;14,4;5,8;2,58;1,99;-1,78;-18,1;70,9;30,86;21,01;-1,12;-15,44;-16,46
CarloV;CarloV2;1436;65,24;58,54;75,86;69,52;67,73;63,86;60,69;59,95;62,97;55,99;70,98;66,23;65,23;62,33;59,41;58,69;59,55;49,59;70,49;63,2;61,97;58,69;54,62;53,91;13,2;0,0;20,5;12,4;10,4;8,17;7,7;1,7;0,0;3,03;2,14;1,97;1,66;1,46;1,43;0,0298;0,0139;0,095;0,0478;0,0415;0,0281;0,0207;0,0191;0,258;0,0;1,31;0,673;0,538;0,196;0,0658;0,0464;0,0398;0,0127;0,0677;0,0609;0,0587;0,0417;0,0198;0,0164;0,422;0,211;1,06;0,645;0,591;0,397;0,289;0,267;14,3;0,912;70,5;33,1;27,4;12,2;6,06;4,93;-0,57;-16,16;58,38;32,16;24,88;3,93;-13,25;-14,21
CarloV;CarloV2;1438;65,24;58,54;75,86;69,52;67,73;63,86;60,69;59,95;62,97;55,99;70,98;66,23;65,23;62,33;59,41;58,69;59,55;49,59;70,49;63,2;61,97;58,69;54,62;53,91;13,2;0,0;20,5;12,4;10,4;8,17;7,7;1,7;0,0;3,03;2,14;1,97;1,66;1,46;1,43;0,0298;0,0139;0,095;0,0478;0,0415;0,0281;0,0207;0,0191;0,258;0,0;1,31;0,673;0,538;0,196;0,0658;0,0464;0,0398;0,0127;0,0677;0,0609;0,0587;0,0417;0,0198;0,0164;0,422;0,211;1,06;0,645;0,591;0,397;0,289;0,267;14,3;0,912;70,5;33,1;27,4;12,2;6,06;4,93;-0,57;-16,16;58,38;32,16;24,88;3,93;-13,25;-14,21
CarloV;CarloV2;1440;65,24;58,54;75,86;69,52;67,73;63,86;60,69;59,95;62,97;55,99;70,98;66,23;65,23;62,33;59,41;58,69;59,55;49,59;70,49;63,2;61,97;58,69;54,62;53,91;13,2;0,0;20,5;12,4;10,4;8,17;7,7;1,7;0,0;3,03;2,14;1,97;1,66;1,46;1,43;0,0298;0,0139;0,095;0,0478;0,0415;0,0281;0,0207;0,0191;0,258;0,0;1,31;0,673;0,538;0,196;0,0658;0,0464;0,0398;0,0127;0,0677;0,0609;0,0587;0,0417;0,0198;0,0164;0,422;0,211;1,06;0,645;0,591;0,397;0,289;0,267;14,3;0,912;70,5;33,1;27,4;12,2;6,06;4,93;-0,57;-16,16;58,38;32,16;24,88;3,93;-13,25;-14,21
CarloV;CarloV2;1442;65,24;58,54;75,86;69,52;67,73;63,86;60,69;59,95;62,97;55,99;70,98;66,23;65,23;62,33;59,41;58,69;59,55;49,59;70,49;63,2;61,97;58,69;54,62;53,91;13,2;0,0;20,5;12,4;10,4;8,17;7,7;1,7;0,0;3,03;2,14;1,97;1,66;1,46;1,43;0,0298;0,0139;0,095;0,0478;0,0415;0,0281;0,0207;0,0191;0,258;0,0;1,31;0,673;0,538;0,196;0,0658;0,0464;0,0398;0,0127;0,0677;0,0609;0,0587;0,0417;0,0198;0,0164;0,422;0,211;1,06;0,645;0,591;0,397;0,289;0,267;14,3;0,912;70,5;33,1;27,4;12,2;6,06;4,93;-0,57;-16,16;58,38;32,16;24,88;3,93;-13,25;-14,21
CarloV;CarloV2;1433;65,82;55,56;79,55;73,22;68,42;60,17;57,13;56,71;60,0;53,5;72,82;66,36;62,35;56,32;54,74;54,4;52,68;47,39;59,97;56,87;54,79;51,78;49,35;48,93;8,39;0,0;12,2;7,91;6,69;5,72;5,53;1,42;0,0;2,2;1,75;1,65;1,38;1,24;1,22;0,0249;0,0114;0,0551;0,0365;0,0327;0,0242;0,0176;0,0161;0,227;0,0;1,55;0,805;0,516;0,115;0,0342;0,0241;0,0137;0,00774;0,0411;0,0239;0,0208;0,0119;0,00881;0,00849;0,372;0,209;1,11;0,524;0,479;0,357;0,282;0,263;7,92;0,0643;36,9;15,2;13,2;7,27;3,49;2,82;-1,78;-20,98;60,42;26,3;17,12;-10,15;-19,03;-19,51
CarloV;CarloV2;1427;71,86;58,82;82,56;77,69;75,4;69,11;62,19;61,19;63,88;55,05;74,9;68,65;66,7;61,69;57,67;57,05;54,27;47,2;64,98;58,88;57,62;52,29;49,37;49,0;10,3;0,0;19,2;9,52;7,18;5,95;5,7;1,51;0,0;2,53;1,94;1,81;1,47;1,26;1,23;0,0261;0,0124;0,116;0,0387;0,0345;0,0248;0,0184;0,0164;0,145;0,0;1,01;0,424;0,281;0,0957;0,023;0,0137;0,0345;0,00963;0,104;0,0818;0,0752;0,0219;0,014;0,0123;0,419;0,23;1,95;0,698;0,595;0,38;0,294;0,278;11,3;0,598;82,4;28,0;21,9;9,01;4,1;3,22;-2,86;-16,27;68,15;28,74;19,7;0,32;-14,28;-14,9
CarloV;CarloV2;1407;76,46;61,27;89,8;83,03;81,31;68,85;64,31;63,31;69,71;59,28;81,8;75,48;73,23;66,54;62,81;62,08;65,35;54,24;73,93;70,73;69,2;62,95;58,94;57,78;21,3;0,0;29,3;19,4;13,6;10,3;9,66;1,89;0,0;2,94;2,35;2,24;1,85;1,62;1,56;0,032;0,0146;0,0874;0,0487;0,0447;0,0308;0,0218;0,0199;0,347;0,0;2,42;0,959;0,704;0,256;0,0913;0,0607;0,0459;0,0175;0,0899;0,0816;0,07;0,0457;0,0249;0,022;0,473;0,122;1,17;0,801;0,71;0,446;0,306;0,274;18,8;1,9;59,6;35,3;30,6;17,4;8,88;7,33;-1,22;-9,39;72,49;38,63;30,3;10,19;-5,72;-6,94
CarloV;CarloV2;1408;76,46;61,27;89,8;83,03;81,31;68,85;64,31;63,31;69,71;59,28;81,8;75,48;73,23;66,54;62,81;62,08;65,35;54,24;73,93;70,73;69,2;62,95;58,94;57,78;21,3;0,0;29,3;19,4;13,6;10,3;9,66;1,89;0,0;2,94;2,35;2,24;1,85;1,62;1,56;0,032;0,0146;0,0874;0,0487;0,0447;0,0308;0,0218;0,0199;0,347;0,0;2,42;0,959;0,704;0,256;0,0913;0,0607;0,0459;0,0175;0,0899;0,0816;0,07;0,0457;0,0249;0,022;0,473;0,122;1,17;0,801;0,71;0,446;0,306;0,274;18,8;1,9;59,6;35,3;30,6;17,4;8,88;7,33;-1,22;-9,39;72,49;38,63;30,3;10,19;-5,72;-6,94
CarloV;CarloV2;1409;76,46;61,27;89,8;83,03;81,31;68,85;64,31;63,31;69,71;59,28;81,8;75,48;73,23;66,54;62,81;62,08;65,35;54,24;73,93;70,73;69,2;62,95;58,94;57,78;21,3;0,0;29,3;19,4;13,6;10,3;9,66;1,89;0,0;2,94;2,35;2,24;1,85;1,62;1,56;0,032;0,0146;0,0874;0,0487;0,0447;0,0308;0,0218;0,0199;0,347;0,0;2,42;0,959;0,704;0,256;0,0913;0,0607;0,0459;0,0175;0,0899;0,0816;0,07;0,0457;0,0249;0,022;0,473;0,122;1,17;0,801;0,71;0,446;0,306;0,274;18,8;1,9;59,6;35,3;30,6;17,4;8,88;7,33;-1,22;-9,39;72,49;38,63;30,3;10,19;-5,72;-6,94
CarloV;CarloV2;1410;76,46;61,27;89,8;83,03;81,31;68,85;64,31;63,31;69,71;59,28;81,8;75,48;73,23;66,54;62,81;62,08;65,35;54,24;73,93;70,73;69,2;62,95;58,94;57,78;21,3;0,0;29,3;19,4;13,6;10,3;9,66;1,89;0,0;2,94;2,35;2,24;1,85;1,62;1,56;0,032;0,0146;0,0874;0,0487;0,0447;0,0308;0,0218;0,0199;0,347;0,0;2,42;0,959;0,704;0,256;0,0913;0,0607;0,0459;0,0175;0,0899;0,0816;0,07;0,0457;0,0249;0,022;0,473;0,122;1,17;0,801;0,71;0,446;0,306;0,274;18,8;1,9;59,6;35,3;30,6;17,4;8,88;7,33;-1,22;-9,39;72,49;38,63;30,3;10,19;-5,72;-6,94
CarloV;CarloV2;1411;76,46;61,27;89,8;83,03;81,31;68,85;64,31;63,31;69,71;59,28;81,8;75,48;73,23;66,54;62,81;62,08;65,35;54,24;73,93;70,73;69,2;62,95;58,94;57,78;21,3;0,0;29,3;19,4;13,6;10,3;9,66;1,89;0,0;2,94;2,35;2,24;1,85;1,62;1,56;0,032;0,0146;0,0874;0,0487;0,0447;0,0308;0,0218;0,0199;0,347;0,0;2,42;0,959;0,704;0,256;0,0913;0,0607;0,0459;0,0175;0,0899;0,0816;0,07;0,0457;0,0249;0,022;0,473;0,122;1,17;0,801;0,71;0,446;0,306;0,274;18,8;1,9;59,6;35,3;30,6;17,4;8,88;7,33;-1,22;-9,39;72,49;38,63;30,3;10,19;-5,72;-6,94
CarloV;CarloV2;1412;76,46;61,27;89,8;83,03;81,31;68,85;64,31;63,31;69,71;59,28;81,8;75,48;73,23;66,54;62,81;62,08;65,35;54,24;73,93;70,73;69,2;62,95;58,94;57,78;21,3;0,0;29,3;19,4;13,6;10,3;9,66;1,89;0,0;2,94;2,35;2,24;1,85;1,62;1,56;0,032;0,0146;0,0874;0,0487;0,0447;0,0308;0,0218;0,0199;0,347;0,0;2,42;0,959;0,704;0,256;0,0913;0,0607;0,0459;0,0175;0,0899;0,0816;0,07;0,0457;0,0249;0,022;0,473;0,122;1,17;0,801;0,71;0,446;0,306;0,274;18,8;1,9;59,6;35,3;30,6;17,4;8,88;7,33;-1,22;-9,39;72,49;38,63;30,3;10,19;-5,72;-6,94
CarloV;CarloV2;1413;76,46;61,27;89,8;83,03;81,31;68,85;64,31;63,31;69,71;59,28;81,8;75,48;73,23;66,54;62,81;62,08;65,35;54,24;73,93;70,73;69,2;62,95;58,94;57,78;21,3;0,0;29,3;19,4;13,6;10,3;9,66;1,89;0,0;2,94;2,35;2,24;1,85;1,62;1,56;0,032;0,0146;0,0874;0,0487;0,0447;0,0308;0,0218;0,0199;0,347;0,0;2,42;0,959;0,704;0,256;0,0913;0,0607;0,0459;0,0175;0,0899;0,0816;0,07;0,0457;0,0249;0,022;0,473;0,122;1,17;0,801;0,71;0,446;0,306;0,274;18,8;1,9;59,6;35,3;30,6;17,4;8,88;7,33;-1,22;-9,39;72,49;38,63;30,3;10,19;-5,72;-6,94
CarloV;CarloV2;1414;76,46;61,27;89,8;83,03;81,31;68,85;64,31;63,31;69,71;59,28;81,8;75,48;73,23;66,54;62,81;62,08;65,35;54,24;73,93;70,73;69,2;62,95;58,94;57,78;21,3;0,0;29,3;19,4;13,6;10,3;9,66;1,89;0,0;2,94;2,35;2,24;1,85;1,62;1,56;0,032;0,0146;0,0874;0,0487;0,0447;0,0308;0,0218;0,0199;0,347;0,0;2,42;0,959;0,704;0,256;0,0913;0,0607;0,0459;0,0175;0,0899;0,0816;0,07;0,0457;0,0249;0,022;0,473;0,122;1,17;0,801;0,71;0,446;0,306;0,274;18,8;1,9;59,6;35,3;30,6;17,4;8,88;7,33;-1,22;-9,39;72,49;38,63;30,3;10,19;-5,72;-6,94
CarloV;CarloV2;1415;76,46;61,27;89,8;83,03;81,31;68,85;64,31;63,31;69,71;59,28;81,8;75,48;73,23;66,54;62,81;62,08;65,35;54,24;73,93;70,73;69,2;62,95;58,94;57,78;21,3;0,0;29,3;19,4;13,6;10,3;9,66;1,89;0,0;2,94;2,35;2,24;1,85;1,62;1,56;0,032;0,0146;0,0874;0,0487;0,0447;0,0308;0,0218;0,0199;0,347;0,0;2,42;0,959;0,704;0,256;0,0913;0,0607;0,0459;0,0175;0,0899;0,0816;0,07;0,0457;0,0249;0,022;0,473;0,122;1,17;0,801;0,71;0,446;0,306;0,274;18,8;1,9;59,6;35,3;30,6;17,4;8,88;7,33;-1,22;-9,39;72,49;38,63;30,3;10,19;-5,72;-6,94
CarloV;CarloV2;1416;76,46;61,27;89,8;83,03;81,31;68,85;64,31;63,31;69,71;59,28;81,8;75,48;73,23;66,54;62,81;62,08;65,35;54,24;73,93;70,73;69,2;62,95;58,94;57,78;21,3;0,0;29,3;19,4;13,6;10,3;9,66;1,89;0,0;2,94;2,35;2,24;1,85;1,62;1,56;0,032;0,0146;0,0874;0,0487;0,0447;0,0308;0,0218;0,0199;0,347;0,0;2,42;0,959;0,704;0,256;0,0913;0,0607;0,0459;0,0175;0,0899;0,0816;0,07;0,0457;0,0249;0,022;0,473;0,122;1,17;0,801;0,71;0,446;0,306;0,274;18,8;1,9;59,6;35,3;30,6;17,4;8,88;7,33;-1,22;-9,39;72,49;38,63;30,3;10,19;-5,72;-6,94
CarloV;CarloV2;1417;76,46;61,27;89,8;83,03;81,31;68,85;64,31;63,31;69,71;59,28;81,8;75,48;73,23;66,54;62,81;62,08;65,35;54,24;73,93;70,73;69,2;62,95;58,94;57,78;21,3;0,0;29,3;19,4;13,6;10,3;9,66;1,89;0,0;2,94;2,35;2,24;1,85;1,62;1,56;0,032;0,0146;0,0874;0,0487;0,0447;0,0308;0,0218;0,0199;0,347;0,0;2,42;0,959;0,704;0,256;0,0913;0,0607;0,0459;0,0175;0,0899;0,0816;0,07;0,0457;0,0249;0,022;0,473;0,122;1,17;0,801;0,71;0,446;0,306;0,274;18,8;1,9;59,6;35,3;30,6;17,4;8,88;7,33;-1,22;-9,39;72,49;38,63;30,3;10,19;-5,72;-6,94
CarloV;CarloV2;1419;76,46;61,27;89,8;83,03;81,31;68,85;64,31;63,31;69,71;59,28;81,8;75,48;73,23;66,54;62,81;62,08;65,35;54,24;73,93;70,73;69,2;62,95;58,94;57,78;21,3;0,0;29,3;19,4;13,6;10,3;9,66;1,89;0,0;2,94;2,35;2,24;1,85;1,62;1,56;0,032;0,0146;0,0874;0,0487;0,0447;0,0308;0,0218;0,0199;0,347;0,0;2,42;0,959;0,704;0,256;0,0913;0,0607;0,0459;0,0175;0,0899;0,0816;0,07;0,0457;0,0249;0,022;0,473;0,122;1,17;0,801;0,71;0,446;0,306;0,274;18,8;1,9;59,6;35,3;30,6;17,4;8,88;7,33;-1,22;-9,39;72,49;38,63;30,3;10,19;-5,72;-6,94
CarloV;CarloV2;1421;76,46;61,27;89,8;83,03;81,31;68,85;64,31;63,31;69,71;59,28;81,8;75,48;73,23;66,54;62,81;62,08;65,35;54,24;73,93;70,73;69,2;62,95;58,94;57,78;21,3;0,0;29,3;19,4;13,6;10,3;9,66;1,89;0,0;2,94;2,35;2,24;1,85;1,62;1,56;0,032;0,0146;0,0874;0,0487;0,0447;0,0308;0,0218;0,0199;0,347;0,0;2,42;0,959;0,704;0,256;0,0913;0,0607;0,0459;0,0175;0,0899;0,0816;0,07;0,0457;0,0249;0,022;0,473;0,122;1,17;0,801;0,71;0,446;0,306;0,274;18,8;1,9;59,6;35,3;30,6;17,4;8,88;7,33;-1,22;-9,39;72,49;38,63;30,3;10,19;-5,72;-6,94
CarloV;CarloV2;1422;76,46;61,27;89,8;83,03;81,31;68,85;64,31;63,31;69,71;59,28;81,8;75,48;73,23;66,54;62,81;62,08;65,35;54,24;73,93;70,73;69,2;62,95;58,94;57,78;21,3;0,0;29,3;19,4;13,6;10,3;9,66;1,89;0,0;2,94;2,35;2,24;1,85;1,62;1,56;0,032;0,0146;0,0874;0,0487;0,0447;0,0308;0,0218;0,0199;0,347;0,0;2,42;0,959;0,704;0,256;0,0913;0,0607;0,0459;0,0175;0,0899;0,0816;0,07;0,0457;0,0249;0,022;0,473;0,122;1,17;0,801;0,71;0,446;0,306;0,274;18,8;1,9;59,6;35,3;30,6;17,4;8,88;7,33;-1,22;-9,39;72,49;38,63;30,3;10,19;-5,72;-6,94
CarloV;CarloV2;1423;76,46;61,27;89,8;83,03;81,31;68,85;64,31;63,31;69,71;59,28;81,8;75,48;73,23;66,54;62,81;62,08;65,35;54,24;73,93;70,73;69,2;62,95;58,94;57,78;21,3;0,0;29,3;19,4;13,6;10,3;9,66;1,89;0,0;2,94;2,35;2,24;1,85;1,62;1,56;0,032;0,0146;0,0874;0,0487;0,0447;0,0308;0,0218;0,0199;0,347;0,0;2,42;0,959;0,704;0,256;0,0913;0,0607;0,0459;0,0175;0,0899;0,0816;0,07;0,0457;0,0249;0,022;0,473;0,122;1,17;0,801;0,71;0,446;0,306;0,274;18,8;1,9;59,6;35,3;30,6;17,4;8,88;7,33;-1,22;-9,39;72,49;38,63;30,3;10,19;-5,72;-6,94
CarloV;CarloV2;1424;76,46;61,27;89,8;83,03;81,31;68,85;64,31;63,31;69,71;59,28;81,8;75,48;73,23;66,54;62,81;62,08;65,35;54,24;73,93;70,73;69,2;62,95;58,94;57,78;21,3;0,0;29,3;19,4;13,6;10,3;9,66;1,89;0,0;2,94;2,35;2,24;1,85;1,62;1,56;0,032;0,0146;0,0874;0,0487;0,0447;0,0308;0,0218;0,0199;0,347;0,0;2,42;0,959;0,704;0,256;0,0913;0,0607;0,0459;0,0175;0,0899;0,0816;0,07;0,0457;0,0249;0,022;0,473;0,122;1,17;0,801;0,71;0,446;0,306;0,274;18,8;1,9;59,6;35,3;30,6;17,4;8,88;7,33;-1,22;-9,39;72,49;38,63;30,3;10,19;-5,72;-6,94
SanMarco;SanMarco1;30;72,74;69,12;78,68;75,65;74,48;72,41;70,93;70,45;72,37;68,8;78,61;75,43;74,19;71,94;70,5;70,07;68,14;63,28;77,11;72,12;70,74;67,1;64,78;64,44;24,3;0,0;32,4;22,6;19,0;16,9;16,4;1,81;0,0;2,57;2,13;2,03;1,79;1,63;1,59;0,0402;0,0196;0,12;0,0595;0,0537;0,0387;0,0289;0,0265;0,3;0,0;2,32;0,747;0,56;0,233;0,115;0,0943;0,027;0,0113;0,0654;0,0533;0,0479;0,0224;0,0136;0,0129;0,367;0,185;0,666;0,528;0,489;0,351;0,276;0,26;14,6;1,96;62,7;28,6;24,2;13,0;6,83;5,66;-1,99;-10,84;63,43;40,29;30,96;9,51;-6,71;-8,09
SanMarco;SanMarco1;31;72,74;69,12;78,68;75,65;74,48;72,41;70,93;70,45;72,37;68,8;78,61;75,43;74,19;71,94;70,5;70,07;68,14;63,28;77,11;72,12;70,74;67,1;64,78;64,44;24,3;0,0;32,4;22,6;19,0;16,9;16,4;1,81;0,0;2,57;2,13;2,03;1,79;1,63;1,59;0,0402;0,0196;0,12;0,0595;0,0537;0,0387;0,0289;0,0265;0,3;0,0;2,32;0,747;0,56;0,233;0,115;0,0943;0,027;0,0113;0,0654;0,0533;0,0479;0,0224;0,0136;0,0129;0,367;0,185;0,666;0,528;0,489;0,351;0,276;0,26;14,6;1,96;62,7;28,6;24,2;13,0;6,83;5,66;-1,99;-10,84;63,43;40,29;30,96;9,51;-6,71;-8,09
SanMarco;SanMarco1;32;70,9;68,17;75,07;72,98;72,24;70,61;69,34;68,97;70,73;67,91;75,01;72,87;72,12;70,42;69,11;68,73;66,75;61,78;71,56;69,38;68,73;66,34;64,26;63,87;22,0;0,0;29,5;21,0;18,5;16,6;16,1;1,82;0,0;3,02;2,16;2,01;1,78;1,65;1,62;0,0413;0,0207;0,108;0,0611;0,0543;0,0398;0,0292;0,0265;0,254;0,0;1,7;0,622;0,473;0,208;0,0826;0,0611;0,0171;0,00725;0,0638;0,0304;0,0262;0,0157;0,0104;0,01;0,348;0,196;1,62;0,54;0,466;0,316;0,258;0,245;11,8;1,01;77,8;26,1;20,2;9,88;5,35;4,48;-1,64;-8,69;57,6;38,88;30,32;10,63;-5,23;-6,22
PlazaBibRambla;PlazaBibRambla1;1457;68,89;63,7;78,47;72,39;70,99;67,95;65,77;65,25;68,23;62,83;78,45;72,03;70,64;67,06;64,81;64,21;66,22;58,38;77,36;70,79;69,41;64,48;61,22;60,14;21,4;0,0;34,0;19,7;15,6;13,0;12,4;2,03;0,0;3,33;2,46;2,33;2,0;1,77;1,72;0,037;0,0161;0,411;0,0541;0,0479;0,0326;0,024;0,022;0,316;0,0;2,69;0,922;0,653;0,225;0,0537;0,0353;0,0539;0,0142;0,146;0,118;0,0928;0,0453;0,0267;0,0203;0,463;0,165;1,96;0,876;0,716;0,396;0,291;0,273;17,3;0,972;99,1;39,6;31,1;14,3;7,38;5,83;-0,14;-7,2;56,31;40,13;32,1;10,95;-3,57;-4,3
PlazaBibRambla;PlazaBibRambla1;1444;70,11;65,82;79,8;72,85;71,82;69,22;67,53;67,12;68,5;64,91;72,87;70,88;70,38;68,1;66,26;65,97;65,75;59,64;71,93;68,61;67,9;65,34;62,71;62,17;20,2;0,0;24,5;19,2;16,6;14,3;13,7;1,94;0,0;2,69;2,21;2,12;1,92;1,77;1,73;0,0375;0,0186;0,101;0,0584;0,0515;0,0355;0,0257;0,0233;0,399;0,0;1,6;0,885;0,718;0,34;0,152;0,107;0,0253;0,0113;0,071;0,0628;0,0455;0,0228;0,0151;0,0134;0,34;0,195;1,17;0,57;0,48;0,309;0,244;0,232;12,3;1,08;50,2;22,0;18,8;11,4;6,4;5,31;-0,33;-11,38;62,25;39,71;30,4;6,97;-7,68;-8,99
PlazaBibRambla;PlazaBibRambla1;1454;68,24;61,83;76,46;71,75;70,48;67,2;64,34;63,75;67,81;61,1;76,44;71,5;70,21;66,67;63,77;63,02;65,05;56,89;73,41;69,57;68,1;63,52;59,73;58,72;20,7;0,0;26,1;19,4;15,1;12,1;11,4;1,93;0,0;2,94;2,35;2,24;1,9;1,73;1,69;0,0343;0,0148;0,125;0,0508;0,0463;0,0326;0,0237;0,0214;0,355;0,0;2,53;1,24;0,752;0,216;0,048;0,0334;0,0284;0,00913;0,0673;0,0612;0,0551;0,0256;0,0144;0,0121;0,354;0,158;1,06;0,553;0,472;0,334;0,254;0,234;13,4;1,39;65,3;29,8;23,5;11,6;5,7;4,55;-1,16;-12,63;54,91;38,97;30,39;7,03;-10,09;-11,02
CamdenTown;CamdenTown1;525;79,72;69,71;86,88;83,85;82,11;78,82;74,31;73,14;77,85;67,95;84,68;81,94;80,42;77,01;72,32;71,34;69,93;60,85;78,76;73,44;72,43;68,71;64,67;63,19;30,8;0,0;37,8;29,2;23,9;17,8;16,2;2,09;0,0;3,5;2,5;2,4;2,06;1,8;1,74;0,0363;0,0179;0,0782;0,0532;0,0481;0,0358;0,026;0,0236;0,304;0,0;3,41;1,14;0,468;0,115;0,0195;0,00905;0,0177;0,00331;0,0507;0,0364;0,0323;0,0166;0,00485;0,00377;0,344;0,0847;0,748;0,48;0,427;0,338;0,264;0,24;11,2;0,307;78,9;25,2;20,6;9,15;4,5;3,54;-5,58;-6,52;73,66;44,15;35,61;12,57;-3,47;-4,39
CamdenTown;CamdenTown1;526;79,72;69,71;86,88;83,85;82,11;78,82;74,31;73,14;77,85;67,95;84,68;81,94;80,42;77,01;72,32;71,34;69,93;60,85;78,76;73,44;72,43;68,71;64,67;63,19;30,8;0,0;37,8;29,2;23,9;17,8;16,2;2,09;0,0;3,5;2,5;2,4;2,06;1,8;1,74;0,0363;0,0179;0,0782;0,0532;0,0481;0,0358;0,026;0,0236;0,304;0,0;3,41;1,14;0,468;0,115;0,0195;0,00905;0,0177;0,00331;0,0507;0,0364;0,0323;0,0166;0,00485;0,00377;0,344;0,0847;0,748;0,48;0,427;0,338;0,264;0,24;11,2;0,307;78,9;25,2;20,6;9,15;4,5;3,54;-5,58;-6,52;73,66;44,15;35,61;12,57;-3,47;-4,39
CamdenTown;CamdenTown1;561;79,72;69,71;86,88;83,85;82,11;78,82;74,31;73,14;77,85;67,95;84,68;81,94;80,42;77,01;72,32;71,34;69,93;60,85;78,76;73,44;72,43;68,71;64,67;63,19;30,8;0,0;37,8;29,2;23,9;17,8;16,2;2,09;0,0;3,5;2,5;2,4;2,06;1,8;1,74;0,0363;0,0179;0,0782;0,0532;0,0481;0,0358;0,026;0,0236;0,304;0,0;3,41;1,14;0,468;0,115;0,0195;0,00905;0,0177;0,00331;0,0507;0,0364;0,0323;0,0166;0,00485;0,00377;0,344;0,0847;0,748;0,48;0,427;0,338;0,264;0,24;11,2;0,307;78,9;25,2;20,6;9,15;4,5;3,54;-5,58;-6,52;73,66;44,15;35,61;12,57;-3,47;-4,39
CamdenTown;CamdenTown1;560;79,88;72,14;88,81;84,35;82,71;78,65;74,94;74,23;77,21;70,18;85,28;82,16;80,08;76,06;72,57;72,11;70,6;63,74;80,38;75,22;73,72;69,42;65,11;64,72;33,2;0,0;48,2;30,4;23,9;18,3;17,6;2,14;0,0;3,74;2,75;2,54;2,07;1,83;1,79;0,043;0,0206;0,297;0,0677;0,0566;0,0399;0,0291;0,0269;0,252;0,0;1,64;0,792;0,528;0,163;0,0468;0,0299;0,0176;0,00491;0,0548;0,0477;0,0389;0,0131;0,00835;0,0075;0,348;0,157;0,645;0,453;0,424;0,344;0,279;0,262;11,4;0,676;44,7;24,6;19,1;9,96;5,28;4,42;-0,47;-3,57;72,15;44,04;36,22;14,34;-0,59;-1,59
CamdenTown;CamdenTown1;527;76,41;72,68;82,05;79,07;78,26;76,03;74,14;73,79;74,23;70,79;78,16;76,67;76,14;73,72;72,22;71,94;66,36;62,7;74,6;69,27;68,36;65,76;64,39;64,19;24,6;0,0;31,0;22,3;19,4;17,8;17,4;1,98;0,0;2,82;2,22;2,16;1,96;1,81;1,78;0,0367;0,019;0,0724;0,0513;0,0474;0,0357;0,0276;0,0258;0,184;0,0;2,31;0,481;0,367;0,11;0,0194;0,0103;0,00858;0,00342;0,0229;0,0179;0,0134;0,00746;0,00419;0,00386;0,347;0,22;0,649;0,466;0,43;0,34;0,275;0,266;8,57;0,423;51,0;16,9;13,7;7,61;4,05;3,29;-4,07;-8,23;68,37;40,7;32,2;8,6;-5,41;-6,56
CamdenTown;CamdenTown1;528;79,93;76,41;83,83;81,98;81,46;79,68;78,2;77,8;78,65;74,7;82,29;80,9;80,57;78,29;76,65;76,32;72,4;67,17;78,36;76,6;75,51;70,92;68,39;68,13;38,6;0,0;43,9;35,8;27,5;23,5;23,1;2,37;0,0;3,27;2,88;2,72;2,34;2,08;2,03;0,0416;0,0215;0,0907;0,0589;0,0537;0,0404;0,0306;0,0285;0,202;0,0;1,64;0,547;0,42;0,126;0,0224;0,0108;0,0147;0,00462;0,048;0,0361;0,0273;0,0122;0,00595;0,00568;0,37;0,24;0,774;0,489;0,46;0,36;0,301;0,286;11,2;1,1;54,7;23,3;18,7;9,61;5,15;4,2;-1,61;-5,7;71,22;46,74;38,23;18,02;-0,92;-2,05
CamdenTown;CamdenTown1;559;78,47;73,58;83,24;81,21;80,43;78,11;75,75;75,14;76,18;71,22;81,75;79,4;78,69;75,27;73,19;72,62;68,11;60,61;76,06;72,33;71,48;66,34;62,92;62,49;29,3;0,0;36,7;27,6;19,6;16,1;15,7;2,03;0,0;3,19;2,5;2,4;1,97;1,75;1,71;0,0376;0,0175;0,0904;0,0567;0,0514;0,036;0,0268;0,0247;0,262;0,0;2,17;0,878;0,616;0,154;0,0325;0,0205;0,023;0,00656;0,0708;0,0536;0,0425;0,0186;0,00998;0,00918;0,386;0,217;1,23;0,591;0,498;0,369;0,289;0,273;13,2;1,22;69,9;27,3;22,7;11,4;5,96;4,97;-3,24;-5,03;74,45;41,84;32,86;14,36;-0,99;-2,2
CamdenTown;CamdenTown1;531;79,51;71,28;84,97;83,15;82,65;78,72;73,58;73,03;77,57;69,69;82,43;81,2;80,65;77,17;71,61;71,05;70,57;63,19;75,69;74,41;73,88;69,65;64,87;64,37;33,9;0,0;38,5;32,3;25,2;17,6;16,8;2,22;0,0;2,96;2,66;2,53;2,2;1,88;1,81;0,0403;0,0206;0,16;0,058;0,0523;0,0392;0,0291;0,0262;0,176;0,0;2,23;0,431;0,335;0,0948;0,0224;0,0148;0,0142;0,0042;0,0453;0,0386;0,0323;0,00945;0,00467;0,00439;0,353;0,236;0,968;0,501;0,434;0,336;0,284;0,272;10,2;0,35;49,9;20,9;16,6;8,91;4,91;4,07;-2,12;-4,44;72,28;45,05;37,19;13,4;-1,88;-2,45
CamdenTown;CamdenTown1;532;79,37;73,73;88,13;82,74;81,86;78,49;75,91;75,22;76,59;71,61;81,16;79,59;79,09;75,69;73,64;73,19;69,63;64,39;76,62;73,72;72,64;68,36;65,9;65,54;30,0;0,0;38,0;28,4;22,1;19,3;18,8;2,08;0,0;3,01;2,42;2,31;2,05;1,88;1,84;0,0409;0,0196;0,199;0,0683;0,0537;0,0365;0,0272;0,025;0,26;0,0;1,57;0,667;0,541;0,19;0,0525;0,0324;0,0248;0,0121;0,0875;0,0586;0,0391;0,0221;0,0141;0,0131;0,376;0,207;1,02;0,551;0,494;0,362;0,285;0,27;13,1;1,84;65,3;26,2;21,5;11,5;6,15;5,07;-0,61;-4,1;72,73;42,7;32,95;14,89;-1,44;-2,12
CamdenTown;CamdenTown1;557;79,37;73,73;88,13;82,74;81,86;78,49;75,91;75,22;76,59;71,61;81,16;79,59;79,09;75,69;73,64;73,19;69,63;64,39;76,62;73,72;72,64;68,36;65,9;65,54;30,0;0,0;38,0;28,4;22,1;19,3;18,8;2,08;0,0;3,01;2,42;2,31;2,05;1,88;1,84;0,0409;0,0196;0,199;0,0683;0,0537;0,0365;0,0272;0,025;0,26;0,0;1,57;0,667;0,541;0,19;0,0525;0,0324;0,0248;0,0121;0,0875;0,0586;0,0391;0,0221;0,0141;0,0131;0,376;0,207;1,02;0,551;0,494;0,362;0,285;0,27;13,1;1,84;65,3;26,2;21,5;11,5;6,15;5,07;-0,61;-4,1;72,73;42,7;32,95;14,89;-1,44;-2,12
CamdenTown;CamdenTown1;558;79,37;73,73;88,13;82,74;81,86;78,49;75,91;75,22;76,59;71,61;81,16;79,59;79,09;75,69;73,64;73,19;69,63;64,39;76,62;73,72;72,64;68,36;65,9;65,54;30,0;0,0;38,0;28,4;22,1;19,3;18,8;2,08;0,0;3,01;2,42;2,31;2,05;1,88;1,84;0,0409;0,0196;0,199;0,0683;0,0537;0,0365;0,0272;0,025;0,26;0,0;1,57;0,667;0,541;0,19;0,0525;0,0324;0,0248;0,0121;0,0875;0,0586;0,0391;0,0221;0,0141;0,0131;0,376;0,207;1,02;0,551;0,494;0,362;0,285;0,27;13,1;1,84;65,3;26,2;21,5;11,5;6,15;5,07;-0,61;-4,1;72,73;42,7;32,95;14,89;-1,44;-2,12
CamdenTown;CamdenTown1;556;80,09;70,69;89,86;85,7;84,39;77,27;73,29;72,63;76,47;68,11;82,81;80,51;79,87;74,87;71,18;70,6;68,7;59,94;75,38;73,72;73,17;66,28;62,1;61,38;33,8;0,0;38,7;32,1;20,2;15,1;14,4;2,1;0,0;3,26;2,77;2,61;2,04;1,76;1,72;0,0376;0,0164;0,0827;0,0567;0,0507;0,0361;0,0271;0,0251;0,173;0,0;1,01;0,488;0,35;0,111;0,0232;0,0128;0,018;0,00465;0,0865;0,0509;0,032;0,0123;0,00613;0,00538;0,355;0,213;0,723;0,48;0,439;0,344;0,281;0,268;10,1;0,615;53,8;20,8;16,6;8,95;4,84;3,92;-0,45;-3,87;74,34;43,53;34,7;16,42;-1,17;-2,0
CamdenTown;CamdenTown1;534;79,77;74,01;86,52;83,58;82,03;78,86;76,64;76,11;78,29;72,08;84,76;82,51;80,95;76,88;74,47;73,92;69,74;60,5;78,66;75,34;74,25;66,66;61,86;61,59;34,3;0,0;40,8;31,8;20,7;15,9;15,6;2,03;0,0;2,99;2,52;2,39;2,0;1,71;1,65;0,0371;0,0191;0,117;0,0567;0,049;0,0348;0,0265;0,0247;0,278;0,0;1,74;0,806;0,632;0,148;0,0148;0,00675;0,0137;0,00304;0,0439;0,0335;0,0259;0,0103;0,00461;0,0041;0,354;0,209;0,742;0,497;0,445;0,341;0,278;0,265;9,65;0,685;52,6;21,1;16,5;8,17;4,4;3,59;-1,77;-5,99;72,19;43,8;34,95;13,31;-2,91;-3,61
CamdenTown;CamdenTown1;554;79,77;74,01;86,52;83,58;82,03;78,86;76,64;76,11;78,29;72,08;84,76;82,51;80,95;76,88;74,47;73,92;69,74;60,5;78,66;75,34;74,25;66,66;61,86;61,59;34,3;0,0;40,8;31,8;20,7;15,9;15,6;2,03;0,0;2,99;2,52;2,39;2,0;1,71;1,65;0,0371;0,0191;0,117;0,0567;0,049;0,0348;0,0265;0,0247;0,278;0,0;1,74;0,806;0,632;0,148;0,0148;0,00675;0,0137;0,00304;0,0439;0,0335;0,0259;0,0103;0,00461;0,0041;0,354;0,209;0,742;0,497;0,445;0,341;0,278;0,265;9,65;0,685;52,6;21,1;16,5;8,17;4,4;3,59;-1,77;-5,99;72,19;43,8;34,95;13,31;-2,91;-3,61
CamdenTown;CamdenTown1;535;81,67;73,71;87,3;85,84;84,73;80,23;76,92;75,9;80,2;72,11;85,83;84,3;83,27;78,66;75,63;73,66;69,05;63,46;72,42;71,05;70,64;69,23;65,56;64,83;30,4;0,0;34,2;29,5;26,0;19,7;18,6;2,27;0,0;4,09;3,07;2,82;2,25;1,85;1,79;0,0384;0,0199;0,0793;0,0532;0,0491;0,0382;0,028;0,0257;0,534;0,0;1,52;1,18;1,08;0,421;0,0495;0,0296;0,00624;0,00294;0,0242;0,0117;0,011;0,00496;0,00316;0,00299;0,359;0,201;1,18;0,578;0,486;0,328;0,266;0,248;8,5;0,6;40,9;16,4;13,3;7,67;4,29;3,51;-8,3;-8,36;78,41;44,08;36,94;12,6;-6,1;-6,75
CamdenTown;CamdenTown1;553;81,67;73,71;87,3;85,84;84,73;80,23;76,92;75,9;80,2;72,11;85,83;84,3;83,27;78,66;75,63;73,66;69,05;63,46;72,42;71,05;70,64;69,23;65,56;64,83;30,4;0,0;34,2;29,5;26,0;19,7;18,6;2,27;0,0;4,09;3,07;2,82;2,25;1,85;1,79;0,0384;0,0199;0,0793;0,0532;0,0491;0,0382;0,028;0,0257;0,534;0,0;1,52;1,18;1,08;0,421;0,0495;0,0296;0,00624;0,00294;0,0242;0,0117;0,011;0,00496;0,00316;0,00299;0,359;0,201;1,18;0,578;0,486;0,328;0,266;0,248;8,5;0,6;40,9;16,4;13,3;7,67;4,29;3,51;-8,3;-8,36;78,41;44,08;36,94;12,6;-6,1;-6,75
CamdenTown;CamdenTown1;536;76,94;70,82;86,07;80,87;79,88;75,59;72,33;71,97;74,04;68,8;79,57;77,92;77,13;72,42;70,38;70,01;65,89;61,59;76,21;69,88;68,77;64,35;62,52;62,2;25,2;0,0;33,6;23,5;17,7;15,8;15,5;1,9;0,0;2,78;2,3;2,17;1,85;1,74;1,71;0,0351;0,0186;0,0738;0,0499;0,046;0,0343;0,0258;0,0239;0,155;0,0;1,13;0,399;0,301;0,0986;0,0173;0,00892;0,00912;0,00442;0,0243;0,0184;0,0145;0,00848;0,00584;0,00513;0,377;0,235;0,91;0,558;0,483;0,354;0,288;0,275;8,5;0,648;53,7;15,9;13,2;7,65;4,21;3,44;-3,47;-12,07;69,23;39,11;31,2;7,59;-8,94;-9,93
CamdenTown;CamdenTown1;538;78,82;73,37;86,17;83,72;82,05;77,2;75,27;74,83;77,97;71,66;86,08;83,49;81,12;76,08;74,06;73,59;71,28;64,66;80,9;77,17;74,7;69,27;66,06;65,68;39,8;0,0;48,7;33,6;24,5;19,9;19,3;2,11;0,0;2,95;2,55;2,45;2,1;1,8;1,69;0,0522;0,0206;0,289;0,128;0,0994;0,0407;0,0295;0,0275;0,251;0,0;2,29;0,685;0,572;0,155;0,0373;0,0215;0,0134;0,00549;0,0408;0,0296;0,0212;0,0126;0,00755;0,00681;0,334;0,194;1,03;0,477;0,403;0,318;0,257;0,24;10,0;0,329;55,8;20,0;16,2;8,94;4,92;4,1;-3,13;-6,28;68,42;44,82;36,75;14,39;-3,23;-4,02
CamdenTown;CamdenTown1;550;78,82;73,37;86,17;83,72;82,05;77,2;75,27;74,83;77,97;71,66;86,08;83,49;81,12;76,08;74,06;73,59;71,28;64,66;80,9;77,17;74,7;69,27;66,06;65,68;39,8;0,0;48,7;33,6;24,5;19,9;19,3;2,11;0,0;2,95;2,55;2,45;2,1;1,8;1,69;0,0522;0,0206;0,289;0,128;0,0994;0,0407;0,0295;0,0275;0,251;0,0;2,29;0,685;0,572;0,155;0,0373;0,0215;0,0134;0,00549;0,0408;0,0296;0,0212;0,0126;0,00755;0,00681;0,334;0,194;1,03;0,477;0,403;0,318;0,257;0,24;10,0;0,329;55,8;20,0;16,2;8,94;4,92;4,1;-3,13;-6,28;68,42;44,82;36,75;14,39;-3,23;-4,02
CamdenTown;CamdenTown1;539;80,54;73,23;89,25;86,8;83,08;78,55;75,09;74,38;79,09;71,07;88,18;85,59;81,69;76,79;72,84;72,41;69,23;63,01;76,5;73,51;72,63;67,72;64,45;64,07;31,9;0,0;40,8;30,7;22,0;17,8;17,3;2,04;0,0;2,8;2,43;2,36;1,99;1,77;1,72;0,0394;0,018;0,101;0,0591;0,0533;0,0376;0,0279;0,0258;0,295;0,0;1,69;1,31;0,714;0,12;0,0209;0,0133;0,0112;0,00319;0,0438;0,0312;0,024;0,00889;0,00467;0,00402;0,337;0,226;1,72;0,439;0,401;0,322;0,263;0,251;9,3;0,886;83,8;19,4;15,0;8,1;4,54;3,71;-6,73;-7,8;76,56;43,68;35,95;12,31;-4,2;-5,52
CamdenTown;CamdenTown1;549;80,54;73,23;89,25;86,8;83,08;78,55;75,09;74,38;79,09;71,07;88,18;85,59;81,69;76,79;72,84;72,41;69,23;63,01;76,5;73,51;72,63;67,72;64,45;64,07;31,9;0,0;40,8;30,7;22,0;17,8;17,3;2,04;0,0;2,8;2,43;2,36;1,99;1,77;1,72;0,0394;0,018;0,101;0,0591;0,0533;0,0376;0,0279;0,0258;0,295;0,0;1,69;1,31;0,714;0,12;0,0209;0,0133;0,0112;0,00319;0,0438;0,0312;0,024;0,00889;0,00467;0,00402;0,337;0,226;1,72;0,439;0,401;0,322;0,263;0,251;9,3;0,886;83,8;19,4;15,0;8,1;4,54;3,71;-6,73;-7,8;76,56;43,68;35,95;12,31;-4,2;-5,52
CamdenTown;CamdenTown1;541;77,0;72,73;84,2;80,0;79,21;76,08;74,17;73,83;75,45;71,13;82,34;78,64;77,81;74,48;72,56;72,23;67,18;63,35;72,09;70,79;70,28;65,98;63,92;63,72;26,6;0,0;31,6;25,9;19,8;17,6;17,3;2,01;0,0;2,49;2,25;2,21;1,99;1,87;1,84;0,0375;0,0165;0,0792;0,0523;0,0479;0,0373;0,0271;0,0248;0,169;0,0;1,14;0,501;0,393;0,0707;0,0114;0,00588;0,0069;0,00374;0,0202;0,013;0,0115;0,00594;0,00417;0,00397;0,32;0,226;0,563;0,399;0,382;0,316;0,272;0,26;7,67;0,849;30,8;14,6;12,4;7,03;3,84;3,08;-5,33;-8,84;69,65;42,78;32,95;9,38;-6,82;-7,34
CamdenTown;CamdenTown1;542;80,27;75,84;85,22;83,69;82,52;79,62;77,55;77,17;78,6;73,89;84,26;82,27;81,53;77,61;75,22;74,94;71,87;62,95;80,26;76,38;74,89;70,79;65,0;64,26;38,4;0,0;50,8;35,8;26,9;18,8;18,1;2,31;0,0;4,73;3,02;2,81;2,27;1,85;1,81;0,0436;0,0198;0,272;0,0651;0,0574;0,0388;0,0295;0,0274;0,235;0,0;2,24;0,687;0,525;0,139;0,0237;0,0138;0,0193;0,00482;0,0507;0,0451;0,0402;0,0186;0,00658;0,00522;0,408;0,207;1,1;0,74;0,617;0,37;0,285;0,265;11,2;0,648;81,3;25,1;20,0;9,32;4,84;3,96;-1,58;-6,74;73,5;46,74;39,37;17,59;-2,0;-3,13
CamdenTown;CamdenTown1;547;78,51;73,26;84,65;81,59;80,85;77,76;76,09;75,59;76,98;72,05;83,28;80,22;79,47;76,17;74,48;74,08;68,76;63,45;74,83;72,35;71,22;67,85;65,26;64,88;30,3;0,0;34,8;27,7;22,3;19,2;18,7;2,07;0,0;2,76;2,52;2,37;2,06;1,82;1,77;0,0429;0,0206;0,189;0,0676;0,057;0,0388;0,0292;0,0269;0,17;0,0;0,834;0,534;0,401;0,0629;0,00945;0,00395;0,00705;0,00264;0,0254;0,0208;0,0145;0,0053;0,00365;0,00337;0,317;0,207;0,565;0,408;0,383;0,31;0,259;0,248;7,13;0,195;43,2;13,8;11,0;6,49;3,54;2,92;-6,24;-8,47;72,37;45,05;34,73;10,34;-6,31;-7,1
CamdenTown;CamdenTown1;543;81,3;70,97;90,31;86,66;85,41;76,62;73,33;72,81;80,24;69,48;90,1;85,94;84,54;75,41;71,82;71,19;71,0;60,98;78,23;76,46;75,21;69,15;64,1;62,97;40,7;0,0;46,9;36,2;22,7;16,7;15,8;2,06;0,0;3,12;2,55;2,45;2,01;1,81;1,77;0,0646;0,0182;0,482;0,265;0,156;0,0385;0,0276;0,0253;0,258;0,0;2,4;0,748;0,578;0,167;0,0323;0,0183;0,0211;0,00442;0,11;0,0835;0,0451;0,0169;0,00864;0,00495;0,411;0,194;1,25;0,702;0,615;0,37;0,288;0,267;13,1;0,593;83,7;28,6;23,0;11,3;5,79;4,76;-3,14;-6,23;72,54;45,38;36,78;16,08;-2,75;-3,75
CamdenTown;CamdenTown1;544;77,9;70,71;83,38;81,43;80,66;77,54;73,18;72,73;76,71;69,08;82,3;80,44;79,68;76,08;71,33;70,84;69,61;61,4;76,81;73,41;72,54;69,19;63,34;62,65;33,8;0,0;40,8;30,9;24,2;16,6;16,0;2,15;0,0;3,45;2,96;2,69;2,11;1,81;1,76;0,0394;0,0186;0,0867;0,0576;0,0522;0,0383;0,0288;0,0266;0,202;0,0;1,4;0,569;0,426;0,134;0,0302;0,0179;0,0108;0,00389;0,0386;0,0318;0,0253;0,00745;0,00451;0,00415;0,37;0,217;0,798;0,557;0,508;0,345;0,274;0,26;9,95;0,963;48,6;19,9;16,2;8,84;4,95;4,13;-5,74;-2,44;71,7;44,12;36,68;17,05;0,62;-0,63
CamdenTown;CamdenTown1;545;78,49;72,35;83,35;81,74;80,88;77,77;75,14;74,53;77,22;70,83;82,1;80,46;79,56;76,57;73,86;73,18;68,07;63,66;73,39;71,1;70,2;67,67;65,53;65,03;28,0;0,0;33,0;26,6;22,4;19,3;18,6;2,02;0,0;2,86;2,33;2,27;2,02;1,84;1,82;0,0373;0,0196;0,117;0,0513;0,0478;0,0361;0,0277;0,0258;0,231;0,0;1,42;0,638;0,502;0,162;0,0273;0,0165;0,0111;0,00482;0,0226;0,0193;0,0177;0,0106;0,00542;0,00513;0,32;0,203;0,682;0,412;0,384;0,316;0,261;0,25;9,95;1,03;44,8;19,8;16,6;8,74;4,72;3,94;-6,69;-7,35;71,69;43,61;34,01;10,81;-3,64;-5,06
CamdenTown;CamdenTown1;546;78,49;72,35;83,35;81,74;80,88;77,77;75,14;74,53;77,22;70,83;82,1;80,46;79,56;76,57;73,86;73,18;68,07;63,66;73,39;71,1;70,2;67,67;65,53;65,03;28,0;0,0;33,0;26,6;22,4;19,3;18,6;2,02;0,0;2,86;2,33;2,27;2,02;1,84;1,82;0,0373;0,0196;0,117;0,0513;0,0478;0,0361;0,0277;0,0258;0,231;0,0;1,42;0,638;0,502;0,162;0,0273;0,0165;0,0111;0,00482;0,0226;0,0193;0,0177;0,0106;0,00542;0,00513;0,32;0,203;0,682;0,412;0,384;0,316;0,261;0,25;9,95;1,03;44,8;19,8;16,6;8,74;4,72;3,94;-6,69;-7,35;71,69;43,61;34,01;10,81;-3,64;-5,06
CamdenTown;CamdenTown2;563;76,81;72,85;82,78;79,55;78,77;76,35;74,33;74,0;74,77;70,71;82,4;77,95;77,07;73,85;71,98;71,65;67,96;63,41;78,9;71,23;70,52;66,78;64,79;64,49;27,0;0,0;36,5;26,0;20,2;17,9;17,5;2,03;0,0;2,72;2,44;2,37;1,99;1,82;1,79;0,0389;0,0186;0,122;0,0562;0,0513;0,0375;0,0286;0,026;0,245;0,0;1,81;0,805;0,571;0,143;0,0303;0,0182;0,0184;0,00414;0,053;0,031;0,0292;0,0185;0,00871;0,00641;0,367;0,246;0,91;0,528;0,478;0,345;0,282;0,271;11,2;0,502;61,6;23,8;19,8;9,52;4,83;3,92;-2,33;-6,84;71,11;42,16;33,64;12,06;-4,49;-5,07
CamdenTown;CamdenTown2;570;76,81;72,85;82,78;79,55;78,77;76,35;74,33;74,0;74,77;70,71;82,4;77,95;77,07;73,85;71,98;71,65;67,96;63,41;78,9;71,23;70,52;66,78;64,79;64,49;27,0;0,0;36,5;26,0;20,2;17,9;17,5;2,03;0,0;2,72;2,44;2,37;1,99;1,82;1,79;0,0389;0,0186;0,122;0,0562;0,0513;0,0375;0,0286;0,026;0,245;0,0;1,81;0,805;0,571;0,143;0,0303;0,0182;0,0184;0,00414;0,053;0,031;0,0292;0,0185;0,00871;0,00641;0,367;0,246;0,91;0,528;0,478;0,345;0,282;0,271;11,2;0,502;61,6;23,8;19,8;9,52;4,83;3,92;-2,33;-6,84;71,11;42,16;33,64;12,06;-4,49;-5,07
CamdenTown;CamdenTown2;564;82,74;75,81;91,78;86,93;85,98;81,23;78,5;77,52;80,91;73,13;91,63;86,59;84,13;78,42;75,44;74,73;72,89;64,89;84,26;79,77;76,09;69,32;66,66;66,22;43,7;0,0;58,8;34,7;24,6;20,7;20,0;2,02;0,0;2,64;2,29;2,2;2,01;1,87;1,84;0,0633;0,0207;0,486;0,29;0,0839;0,0419;0,0308;0,0286;0,232;0,0;1,48;0,788;0,552;0,14;0,031;0,0186;0,0259;0,00534;0,148;0,0951;0,0613;0,0146;0,00874;0,00726;0,381;0,206;0,868;0,562;0,496;0,368;0,302;0,286;11,6;0,921;100,0;24,2;19,5;9,71;5,17;4,2;-2,95;-6,43;74,03;47,19;38,79;10,93;-3,25;-4,16
CamdenTown;CamdenTown2;569;82,74;75,81;91,78;86,93;85,98;81,23;78,5;77,52;80,91;73,13;91,63;86,59;84,13;78,42;75,44;74,73;72,89;64,89;84,26;79,77;76,09;69,32;66,66;66,22;43,7;0,0;58,8;34,7;24,6;20,7;20,0;2,02;0,0;2,64;2,29;2,2;2,01;1,87;1,84;0,0633;0,0207;0,486;0,29;0,0839;0,0419;0,0308;0,0286;0,232;0,0;1,48;0,788;0,552;0,14;0,031;0,0186;0,0259;0,00534;0,148;0,0951;0,0613;0,0146;0,00874;0,00726;0,381;0,206;0,868;0,562;0,496;0,368;0,302;0,286;11,6;0,921;100,0;24,2;19,5;9,71;5,17;4,2;-2,95;-6,43;74,03;47,19;38,79;10,93;-3,25;-4,16
CamdenTown;CamdenTown2;567;77,48;74,02;81,46;79,25;78,85;77,34;76,02;75,73;75,9;72,03;80,84;77,85;77,4;75,61;74,02;73,71;68,95;64,12;75,09;72,02;71,22;68,3;65,93;65,41;28,9;0,0;34,7;27,4;22,9;19,5;18,9;2,12;0,0;3,36;2,47;2,36;2,09;1,91;1,87;0,0401;0,0195;0,197;0,0613;0,0524;0,0365;0,0277;0,0258;0,192;0,0;1,18;0,583;0,432;0,107;0,0198;0,0102;0,033;0,00922;0,0874;0,0667;0,0594;0,0276;0,0148;0,0126;0,4;0,23;0,767;0,532;0,501;0,389;0,313;0,295;14,6;1,21;61,0;30,9;26,0;12,7;5,99;4,83;-3,1;-8,74;72,91;42,12;35,58;11,45;-6,88;-7,38
CamdenTown;CamdenTown2;568;77,48;74,02;81,46;79,25;78,85;77,34;76,02;75,73;75,9;72,03;80,84;77,85;77,4;75,61;74,02;73,71;68,95;64,12;75,09;72,02;71,22;68,3;65,93;65,41;28,9;0,0;34,7;27,4;22,9;19,5;18,9;2,12;0,0;3,36;2,47;2,36;2,09;1,91;1,87;0,0401;0,0195;0,197;0,0613;0,0524;0,0365;0,0277;0,0258;0,192;0,0;1,18;0,583;0,432;0,107;0,0198;0,0102;0,033;0,00922;0,0874;0,0667;0,0594;0,0276;0,0148;0,0126;0,4;0,23;0,767;0,532;0,501;0,389;0,313;0,295;14,6;1,21;61,0;30,9;26,0;12,7;5,99;4,83;-3,1;-8,74;72,91;42,12;35,58;11,45;-6,88;-7,38
CamdenTown;CamdenTown3;585;78,33;68,91;86,59;82,77;81,65;76,91;72,86;72,11;73,99;66,87;81,09;77,51;76,86;72,85;69,19;68,56;66,47;58,29;74,89;72,72;71,9;61,55;59,61;59,3;30,9;0,0;35,8;28,4;15,3;13,4;13,1;1,99;0,0;3,18;2,78;2,56;1,94;1,69;1,65;0,0331;0,0155;0,084;0,0465;0,0431;0,0324;0,0241;0,0228;0,147;0,0;1,6;0,442;0,296;0,0527;0,00763;0,00287;0,00831;0,00279;0,0354;0,023;0,0136;0,00642;0,00388;0,00345;0,383;0,223;1,05;0,549;0,496;0,361;0,295;0,278;8,04;0,367;45,5;15,7;13,0;7,06;3,86;3,13;-0,52;-9,81;71,91;43,43;35,42;12,52;-6,24;-7,53
CamdenTown;CamdenTown3;588;83,14;72,38;97,4;90,12;84,97;77,24;74,51;74,09;82,73;71,33;97,35;89,72;84,35;76,28;73,25;72,91;82,52;61,52;97,14;90,65;84,88;70,99;64,01;63,23;66,1;0,0;109,0;48,9;26,6;18,2;17,3;2,79;0,0;8,12;5,17;4,31;2,36;1,75;1,7;0,0425;0,0178;0,194;0,0757;0,0622;0,0389;0,0278;0,0257;1,16;0,0;12,7;4,45;2,66;0,521;0,0811;0,0527;0,0158;0,0068;0,0678;0,0405;0,0299;0,0123;0,00774;0,00731;0,398;0,201;0,984;0,625;0,545;0,378;0,275;0,257;12,4;0,826;76,2;27,7;21,8;10,4;5,56;4,56;-1,3;3,95;69,71;55,24;50,44;34,5;11,24;8,98
CamdenTown;CamdenTown3;614;83,14;72,38;97,4;90,12;84,97;77,24;74,51;74,09;82,73;71,33;97,35;89,72;84,35;76,28;73,25;72,91;82,52;61,52;97,14;90,65;84,88;70,99;64,01;63,23;66,1;0,0;109,0;48,9;26,6;18,2;17,3;2,79;0,0;8,12;5,17;4,31;2,36;1,75;1,7;0,0425;0,0178;0,194;0,0757;0,0622;0,0389;0,0278;0,0257;1,16;0,0;12,7;4,45;2,66;0,521;0,0811;0,0527;0,0158;0,0068;0,0678;0,0405;0,0299;0,0123;0,00774;0,00731;0,398;0,201;0,984;0,625;0,545;0,378;0,275;0,257;12,4;0,826;76,2;27,7;21,8;10,4;5,56;4,56;-1,3;3,95;69,71;55,24;50,44;34,5;11,24;8,98
CamdenTown;CamdenTown3;589;77,96;72,95;83,77;81,16;80,03;77,38;74,87;74,09;76,04;70,13;82,82;78,98;77,8;75,5;72,49;71,8;68,01;62,75;74,52;71,45;70,27;67,61;65,36;64,56;26,8;0,0;33,1;25,9;22,4;18,6;17,7;2,16;0,0;3,51;2,73;2,58;2,07;1,86;1,81;0,0415;0,0203;0,262;0,0652;0,0538;0,0367;0,027;0,025;0,227;0,0;1,41;0,83;0,562;0,117;0,0239;0,013;0,0163;0,0039;0,0775;0,0572;0,0298;0,0114;0,00563;0,00485;0,344;0,192;0,536;0,46;0,432;0,336;0,268;0,253;10,8;0,815;63,3;23,8;18,8;9,14;4,69;3,81;-2,71;-7,54;69,13;43,46;35,94;13,7;0,17;-4,01
CamdenTown;CamdenTown3;590;87,1;82,84;89,98;88,74;88,24;87,04;85,44;84,68;86,77;82,39;89,48;88,37;87,94;86,72;85,17;84,29;85,39;79,65;89,14;87,75;87,07;85,25;82,77;82,29;78,6;0,0;89,6;75,7;68,6;59,2;55,7;4,89;0,0;6,61;5,74;5,6;4,9;4,2;3,93;0,0864;0,0285;0,324;0,165;0,136;0,0773;0,0478;0,0416;1,2;0,0;5,61;2,6;2,04;1,06;0,569;0,406;0,023;0,012;0,0571;0,0412;0,0349;0,0222;0,0162;0,0151;0,182;0,0196;0,521;0,367;0,296;0,168;0,0889;0,0694;12,6;1,71;46,7;21,4;18,9;12,0;7,09;5,96;-0,76;17,64;71,04;58,34;54,99;38,55;20,23;19,17
CamdenTown;CamdenTown3;613;87,1;82,84;89,98;88,74;88,24;87,04;85,44;84,68;86,77;82,39;89,48;88,37;87,94;86,72;85,17;84,29;85,39;79,65;89,14;87,75;87,07;85,25;82,77;82,29;78,6;0,0;89,6;75,7;68,6;59,2;55,7;4,89;0,0;6,61;5,74;5,6;4,9;4,2;3,93;0,0864;0,0285;0,324;0,165;0,136;0,0773;0,0478;0,0416;1,2;0,0;5,61;2,6;2,04;1,06;0,569;0,406;0,023;0,012;0,0571;0,0412;0,0349;0,0222;0,0162;0,0151;0,182;0,0196;0,521;0,367;0,296;0,168;0,0889;0,0694;12,6;1,71;46,7;21,4;18,9;12,0;7,09;5,96;-0,76;17,64;71,04;58,34;54,99;38,55;20,23;19,17
CamdenTown;CamdenTown3;591;79,3;70,26;88,78;84,14;82,67;77,83;72,88;72,12;76,73;67,84;87,36;82,33;80,47;74,39;69,74;69,28;67,82;59,55;75,68;72,55;71,86;66,0;60,97;60,54;32,4;0,0;36,9;30,3;20,2;14,4;14,0;2,09;0,0;3,07;2,65;2,53;2,05;1,73;1,71;0,0354;0,017;0,0761;0,0505;0,0466;0,0341;0,0252;0,0234;0,188;0,0;1,08;0,542;0,424;0,0845;0,0116;0,00428;0,00928;0,00365;0,0308;0,0229;0,0162;0,00768;0,00452;0,00424;0,357;0,201;1,1;0,54;0,463;0,332;0,272;0,256;8,09;0,423;50,1;17,1;13,6;6,96;3,71;3,02;-6,94;-8,85;74,01;43,59;36,37;13,97;-4,62;-5,69
CamdenTown;CamdenTown3;592;81,73;73,91;88,57;86,08;84,71;80,44;77,56;76,07;79,72;72,1;86,94;84,65;82,58;78,15;75,76;73,93;71,02;63,41;77,92;73,95;73,35;70,48;67,26;66,39;35,5;0,0;46,1;33,9;26,8;21,3;20,3;2,3;0,0;3,39;2,9;2,68;2,26;1,99;1,89;0,0406;0,0196;0,108;0,0565;0,0527;0,04;0,0294;0,0272;0,295;0,0;1,47;0,863;0,667;0,118;0,0128;0,00664;0,00988;0,00358;0,0467;0,0343;0,0159;0,00686;0,00485;0,00428;0,35;0,181;0,824;0,511;0,448;0,333;0,267;0,249;8,97;0,657;69,1;17,5;14,4;7,96;4,41;3,62;-6,18;-8,81;75,37;47,33;38,91;17,69;-5,87;-7,12
CamdenTown;CamdenTown3;593;80,08;73,86;84,85;83,35;82,7;79,23;76,9;76,36;77,39;72,26;82,47;80,29;79,62;76,92;74,57;74,13;67,81;62,75;77,89;71,28;70,14;66,8;64,76;63,94;26,7;0,0;37,5;25,5;20,8;18,2;17,4;2,01;0,0;2,73;2,33;2,2;2,0;1,86;1,82;0,0407;0,0193;0,252;0,0591;0,0519;0,0374;0,0276;0,0258;0,188;0,0;1,98;0,547;0,385;0,0954;0,0122;0,0055;0,0102;0,00305;0,0506;0,0346;0,0179;0,0071;0,00428;0,00385;0,335;0,209;1,01;0,458;0,415;0,321;0,266;0,252;8,54;0,311;59,3;17,5;13,8;7,37;3,88;3,16;-4,73;-8,48;76,2;44,21;34,12;11,04;-4,83;-5,99
CamdenTown;CamdenTown3;623;80,08;73,86;84,85;83,35;82,7;79,23;76,9;76,36;77,39;72,26;82,47;80,29;79,62;76,92;74,57;74,13;67,81;62,75;77,89;71,28;70,14;66,8;64,76;63,94;26,7;0,0;37,5;25,5;20,8;18,2;17,4;2,01;0,0;2,73;2,33;2,2;2,0;1,86;1,82;0,0407;0,0193;0,252;0,0591;0,0519;0,0374;0,0276;0,0258;0,188;0,0;1,98;0,547;0,385;0,0954;0,0122;0,0055;0,0102;0,00305;0,0506;0,0346;0,0179;0,0071;0,00428;0,00385;0,335;0,209;1,01;0,458;0,415;0,321;0,266;0,252;8,54;0,311;59,3;17,5;13,8;7,37;3,88;3,16;-4,73;-8,48;76,2;44,21;34,12;11,04;-4,83;-5,99
CamdenTown;CamdenTown3;594;80,11;70,71;88,19;84,22;83,0;78,95;73,73;73,2;77,45;68,29;86,49;82,0;80,87;76,23;70,92;70,47;68,74;57,96;76,43;73,78;73,05;64,72;59,95;59,42;35,6;0,0;42,7;32,8;19,5;13,4;12,9;2,09;0,0;3,66;2,8;2,64;1,99;1,69;1,65;0,0389;0,0168;0,153;0,0675;0,056;0,0354;0,0268;0,0246;0,219;0,0;1,55;0,699;0,467;0,0996;0,0148;0,00889;0,0121;0,00325;0,0483;0,0334;0,0282;0,00755;0,00471;0,00399;0,363;0,216;1,07;0,595;0,491;0,339;0,278;0,265;8,67;0,748;64,5;19,4;14,2;7,59;4,14;3,41;-0,44;-7,36;71,33;44,09;36,7;18,5;-3,72;-5,43
CamdenTown;CamdenTown3;595;80,11;70,71;88,19;84,22;83,0;78,95;73,73;73,2;77,45;68,29;86,49;82,0;80,87;76,23;70,92;70,47;68,74;57,96;76,43;73,78;73,05;64,72;59,95;59,42;35,6;0,0;42,7;32,8;19,5;13,4;12,9;2,09;0,0;3,66;2,8;2,64;1,99;1,69;1,65;0,0389;0,0168;0,153;0,0675;0,056;0,0354;0,0268;0,0246;0,219;0,0;1,55;0,699;0,467;0,0996;0,0148;0,00889;0,0121;0,00325;0,0483;0,0334;0,0282;0,00755;0,00471;0,00399;0,363;0,216;1,07;0,595;0,491;0,339;0,278;0,265;8,67;0,748;64,5;19,4;14,2;7,59;4,14;3,41;-0,44;-7,36;71,33;44,09;36,7;18,5;-3,72;-5,43
CamdenTown;CamdenTown3;622;80,11;70,71;88,19;84,22;83,0;78,95;73,73;73,2;77,45;68,29;86,49;82,0;80,87;76,23;70,92;70,47;68,74;57,96;76,43;73,78;73,05;64,72;59,95;59,42;35,6;0,0;42,7;32,8;19,5;13,4;12,9;2,09;0,0;3,66;2,8;2,64;1,99;1,69;1,65;0,0389;0,0168;0,153;0,0675;0,056;0,0354;0,0268;0,0246;0,219;0,0;1,55;0,699;0,467;0,0996;0,0148;0,00889;0,0121;0,00325;0,0483;0,0334;0,0282;0,00755;0,00471;0,00399;0,363;0,216;1,07;0,595;0,491;0,339;0,278;0,265;8,67;0,748;64,5;19,4;14,2;7,59;4,14;3,41;-0,44;-7,36;71,33;44,09;36,7;18,5;-3,72;-5,43
CamdenTown;CamdenTown3;596;83,0;74,49;93,06;88,04;86,26;80,92;77,35;76,52;77,7;72,17;84,55;81,5;80,49;76,58;74,39;74,02;69,25;63,32;76,92;73,48;71,84;68,26;65,67;64,82;33,0;0,0;37,8;29,2;22,9;19,3;18,6;2,22;0,0;3,05;2,64;2,5;2,2;1,96;1,92;0,0399;0,0197;0,111;0,0594;0,0535;0,038;0,0284;0,0261;0,15;0,0;1,1;0,421;0,31;0,0841;0,0158;0,00792;0,0132;0,00409;0,0456;0,0382;0,0283;0,0107;0,00528;0,00497;0,375;0,241;1,28;0,538;0,47;0,344;0,291;0,278;8,85;0,662;70,8;17,7;14,4;7,82;4,24;3,42;-0,92;-8,25;78,27;45,48;36,48;16,31;-2,13;-6,31
CamdenTown;CamdenTown3;621;83,0;74,49;93,06;88,04;86,26;80,92;77,35;76,52;77,7;72,17;84,55;81,5;80,49;76,58;74,39;74,02;69,25;63,32;76,92;73,48;71,84;68,26;65,67;64,82;33,0;0,0;37,8;29,2;22,9;19,3;18,6;2,22;0,0;3,05;2,64;2,5;2,2;1,96;1,92;0,0399;0,0197;0,111;0,0594;0,0535;0,038;0,0284;0,0261;0,15;0,0;1,1;0,421;0,31;0,0841;0,0158;0,00792;0,0132;0,00409;0,0456;0,0382;0,0283;0,0107;0,00528;0,00497;0,375;0,241;1,28;0,538;0,47;0,344;0,291;0,278;8,85;0,662;70,8;17,7;14,4;7,82;4,24;3,42;-0,92;-8,25;78,27;45,48;36,48;16,31;-2,13;-6,31
CamdenTown;CamdenTown3;597;80,06;72,3;88,87;86,02;84,42;77,49;74,66;73,91;77,58;70,04;86,42;83,63;82,02;74,62;71,9;71,28;65,96;60,13;73,36;69,77;68,84;64,82;61,53;61,03;26,1;0,0;31,8;23,8;18,3;14,6;14,2;1,93;0,0;2,98;2,32;2,19;1,9;1,72;1,68;0,035;0,0158;0,0829;0,0498;0,0459;0,0345;0,026;0,0236;0,32;0,0;2,64;1,08;0,786;0,145;0,0206;0,0105;0,0107;0,00349;0,0355;0,0199;0,0167;0,0106;0,00496;0,00405;0,327;0,179;0,783;0,461;0,405;0,317;0,255;0,243;8,72;0,472;58,3;17,8;14,3;7,79;4,17;3,36;-10,63;-11,91;76,11;41,26;32,97;9,3;-7,97;-10,07
CamdenTown;CamdenTown3;598;78,18;69,94;85,12;81,71;80,67;77,68;72,57;71,86;76,7;67,84;83,66;80,77;79,22;76,36;70,35;69,78;69,3;60,27;78,81;74,02;72,12;68,16;62,22;61,68;32,5;0,0;43,3;30,0;23,7;15,1;14,6;2,16;0,0;3,13;2,69;2,55;2,21;1,76;1,72;0,0395;0,0168;0,186;0,0633;0,0534;0,0357;0,0265;0,0247;0,195;0,0;1,78;0,511;0,383;0,123;0,0234;0,0128;0,0128;0,00418;0,0541;0,0324;0,0262;0,00913;0,00529;0,00467;0,34;0,226;0,75;0,481;0,43;0,324;0,271;0,255;9,66;0,42;66,3;20,8;15,9;8,2;4,38;3,51;-6,38;-7,35;70,31;46,24;38,01;15,56;-3,25;-4,96
CamdenTown;CamdenTown3;599;82,03;72,37;91,15;89,27;85,13;79,14;75,79;75,33;81,42;70,56;90,88;89,0;84,71;77,61;74,29;73,77;75,58;63,83;88,32;83,59;79,98;69,99;65,23;64,97;57,0;0,0;78,4;41,8;27,1;19,3;18,9;2,27;0,0;4,63;2,98;2,85;2,16;1,85;1,8;0,0598;0,0189;0,961;0,102;0,0725;0,0401;0,0298;0,0277;0,157;0,0;1,95;0,393;0,291;0,098;0,0179;0,00912;0,0187;0,00329;0,15;0,0843;0,0538;0,00753;0,00435;0,00393;0,401;0,245;1,9;0,816;0,509;0,346;0,283;0,273;9,32;0,711;123,0;18,7;14,8;7,98;4,25;3,49;-2,25;-1,75;71,07;49,17;41,85;20,6;2,2;1,01
CamdenTown;CamdenTown3;600;78,74;71,81;86,04;82,46;81,36;77,92;74,58;73,98;76,91;70,51;83,1;80,3;79,39;76,26;73,08;72,56;67,62;61,53;77,41;71,6;69,75;66,45;64,1;63,2;28,0;0,0;35,4;26,2;21,0;17,9;17,0;2,04;0,0;3,11;2,4;2,29;2,01;1,84;1,8;0,0406;0,0153;0,231;0,0601;0,0523;0,0374;0,0278;0,0257;0,192;0,0;2,24;0,557;0,433;0,0825;0,0128;0,00653;0,0163;0,00321;0,0889;0,0718;0,0408;0,00671;0,00449;0,00391;0,368;0,218;0,823;0,581;0,516;0,34;0,272;0,254;9,46;0,784;70,4;23,0;16,8;7,52;3,94;3,24;-6,55;-4,05;70,99;42,2;35,16;14,76;0,18;-1,26
CamdenTown;CamdenTown3;611;78,74;71,81;86,04;82,46;81,36;77,92;74,58;73,98;76,91;70,51;83,1;80,3;79,39;76,26;73,08;72,56;67,62;61,53;77,41;71,6;69,75;66,45;64,1;63,2;28,0;0,0;35,4;26,2;21,0;17,9;17,0;2,04;0,0;3,11;2,4;2,29;2,01;1,84;1,8;0,0406;0,0153;0,231;0,0601;0,0523;0,0374;0,0278;0,0257;0,192;0,0;2,24;0,557;0,433;0,0825;0,0128;0,00653;0,0163;0,00321;0,0889;0,0718;0,0408;0,00671;0,00449;0,00391;0,368;0,218;0,823;0,581;0,516;0,34;0,272;0,254;9,46;0,784;70,4;23,0;16,8;7,52;3,94;3,24;-6,55;-4,05;70,99;42,2;35,16;14,76;0,18;-1,26
CamdenTown;CamdenTown3;601;80,82;73,52;91,55;84,84;83,27;79,55;76,16;75,53;76,84;70,94;83,68;79,37;78,64;76,6;73,63;72,86;69,99;62,57;79,61;74,34;72,15;68,86;65,75;65,1;30,4;0,0;36,8;29,1;23,8;19,6;17,9;2,29;0,0;3,38;2,72;2,62;2,26;2,0;1,9;0,0379;0,0196;0,183;0,0584;0,0497;0,0351;0,0268;0,0251;0,184;0,0;2,31;0,543;0,356;0,0708;0,0104;0,00502;0,0134;0,00399;0,084;0,0406;0,0279;0,00919;0,00456;0,00423;0,346;0,212;0,772;0,444;0,416;0,339;0,284;0,27;9,55;0,445;59,2;21,5;17,6;7,96;4,18;3,39;-3,69;-7,96;74,83;45,72;38,19;13,48;-4,74;-5,91
CamdenTown;CamdenTown3;602;80,0;75,13;87,29;83,36;82,73;79,3;77,04;76,58;79,0;73,34;86,56;82,8;82,11;77,7;75,41;74,96;72,29;65,44;87,82;73,9;73,14;68,9;66,24;65,96;36,6;0,0;62,6;33,9;25,5;20,3;19,8;2,38;0,0;6,81;3,74;3,1;2,2;1,89;1,83;0,0463;0,02;0,22;0,101;0,0795;0,0392;0,0282;0,026;0,406;0,0;10,6;0,859;0,575;0,181;0,0305;0,0174;0,0101;0,00314;0,059;0,0419;0,0253;0,00616;0,0036;0,00343;0,351;0,22;1,17;0,497;0,452;0,332;0,274;0,264;8,33;0,343;42,8;17,0;13,7;7,49;3,87;3,17;-2,72;-2,54;71,53;46,49;39,28;21,28;1,63;-0,18
CamdenTown;CamdenTown3;603;77,45;71,26;82,55;80,6;79,89;76,96;73,49;72,91;75,37;70,22;80,95;79,05;78,29;73,71;72,04;71,66;67,48;60,85;75,44;71,35;70,75;65,34;62,7;62,37;28,9;0,0;33,2;27,3;19,0;16,4;16,0;1,94;0,0;2,91;2,41;2,32;1,91;1,61;1,57;0,036;0,0188;0,0745;0,0502;0,0467;0,0351;0,0266;0,0245;0,228;0,0;1,62;0,448;0,401;0,178;0,0231;0,0116;0,0138;0,00498;0,0342;0,0239;0,0213;0,0143;0,0057;0,00545;0,336;0,221;1,07;0,434;0,407;0,32;0,271;0,259;9,83;0,207;50,5;20,0;16,4;8,5;4,42;3,57;-1,96;-9,76;69,53;42,92;34,29;12,15;-6,0;-8,01
CamdenTown;CamdenTown3;610;77,45;71,26;82,55;80,6;79,89;76,96;73,49;72,91;75,37;70,22;80,95;79,05;78,29;73,71;72,04;71,66;67,48;60,85;75,44;71,35;70,75;65,34;62,7;62,37;28,9;0,0;33,2;27,3;19,0;16,4;16,0;1,94;0,0;2,91;2,41;2,32;1,91;1,61;1,57;0,036;0,0188;0,0745;0,0502;0,0467;0,0351;0,0266;0,0245;0,228;0,0;1,62;0,448;0,401;0,178;0,0231;0,0116;0,0138;0,00498;0,0342;0,0239;0,0213;0,0143;0,0057;0,00545;0,336;0,221;1,07;0,434;0,407;0,32;0,271;0,259;9,83;0,207;50,5;20,0;16,4;8,5;4,42;3,57;-1,96;-9,76;69,53;42,92;34,29;12,15;-6,0;-8,01
CamdenTown;CamdenTown3;604;81,53;74,35;88,55;85,31;84,24;80,51;76,99;76,16;78,99;72,76;86,91;83,55;82,34;77,22;74,65;74,18;71,38;65,15;80,57;76,58;73,9;69,73;66,63;66,39;32,5;0,0;43,3;29,7;24,4;20,8;20,3;2,16;0,0;2,98;2,57;2,42;2,16;1,92;1,87;0,0397;0,0187;0,107;0,0623;0,0541;0,0373;0,028;0,0261;0,36;0,0;2,73;1,08;0,878;0,222;0,0404;0,0222;0,0268;0,00358;0,103;0,0705;0,0526;0,0208;0,00824;0,00422;0,359;0,205;0,778;0,532;0,463;0,343;0,268;0,242;13,6;0,59;63,2;32,3;26,7;10,7;4,96;4,07;-6,77;-6,02;76,98;46,5;37,22;13,34;-0,38;-2,38
CamdenTown;CamdenTown3;620;81,53;74,35;88,55;85,31;84,24;80,51;76,99;76,16;78,99;72,76;86,91;83,55;82,34;77,22;74,65;74,18;71,38;65,15;80,57;76,58;73,9;69,73;66,63;66,39;32,5;0,0;43,3;29,7;24,4;20,8;20,3;2,16;0,0;2,98;2,57;2,42;2,16;1,92;1,87;0,0397;0,0187;0,107;0,0623;0,0541;0,0373;0,028;0,0261;0,36;0,0;2,73;1,08;0,878;0,222;0,0404;0,0222;0,0268;0,00358;0,103;0,0705;0,0526;0,0208;0,00824;0,00422;0,359;0,205;0,778;0,532;0,463;0,343;0,268;0,242;13,6;0,59;63,2;32,3;26,7;10,7;4,96;4,07;-6,77;-6,02;76,98;46,5;37,22;13,34;-0,38;-2,38
CamdenTown;CamdenTown3;609;81,08;70,01;94,07;86,62;84,27;76,97;71,65;71,13;75,95;68,53;89,12;80,85;79,75;72,42;69,79;69,54;66,97;60,82;74,1;72,54;71,56;63,73;61,9;61,64;30,0;0,0;34,7;28,1;16,2;14,5;14,2;1,91;0,0;2,97;2,62;2,41;1,84;1,67;1,64;0,0362;0,0186;0,0707;0,0514;0,0471;0,0353;0,0268;0,025;0,19;0,0;2,11;0,621;0,41;0,106;0,0263;0,0153;0,00886;0,00354;0,0193;0,0144;0,0132;0,00855;0,00577;0,00447;0,375;0,244;0,775;0,51;0,472;0,362;0,289;0,277;8,69;0,405;36,7;16,5;14,1;7,91;4,21;3,47;-1,53;-9,57;75,83;43,3;33,73;11,88;-5,59;-7,44
CamdenTown;CamdenTown3;605;75,38;69,57;83,87;79,9;78,47;73,03;71,2;70,79;73,07;67,86;80,29;77,55;76,15;71,08;69,51;69,08;66,74;60,27;76,93;71,74;70,43;64,85;61,59;61,2;26,7;0,0;32,3;24,8;17,1;14,3;14,0;1,87;0,0;2,69;2,3;2,2;1,85;1,68;1,65;0,0359;0,0155;0,079;0,0527;0,048;0,0344;0,0256;0,0237;0,216;0,0;2,12;0,658;0,458;0,129;0,0267;0,0161;0,015;0,00474;0,0475;0,0314;0,0283;0,0115;0,00657;0,0058;0,373;0,208;1,17;0,61;0,499;0,342;0,276;0,256;9,81;0,703;44,8;21,9;17,3;8,22;4,3;3,52;-3,79;-10,27;66,46;43,81;33,61;8,47;-7,1;-8,37
CamdenTown;CamdenTown3;606;84,36;71,0;97,64;91,17;88,04;79,45;74,55;73,93;83,82;69,54;97,42;90,8;87,78;77,66;72,24;71,76;83,81;63,43;97,78;91,53;88,22;70,14;65,4;64,72;78,0;0,0;115,0;61,9;26,1;18,8;18,1;2,87;0,0;8,61;5,85;4,89;2,23;1,94;1,9;0,0428;0,0196;0,12;0,0691;0,0604;0,0402;0,0287;0,0265;0,619;0,0;7,38;1,96;1,39;0,305;0,0331;0,0165;0,15;0,00361;0,842;0,698;0,598;0,0114;0,00479;0,0044;0,396;0,209;0,93;0,718;0,636;0,348;0,278;0,265;16,0;1,11;117,0;52,2;40,3;9,28;4,52;3,74;-1,0;3,7;71,12;55,69;51,68;31,89;9,11;7,62
CamdenTown;CamdenTown3;616;77,39;70,02;85,14;80,74;80,09;76,62;72,7;72,25;76,05;68,46;84,97;79,89;78,82;75,28;71,04;70,57;69,5;59,79;83,52;73,79;71,78;68,52;63,53;62,71;31,1;0,0;48,3;27,8;23,1;15,6;14,7;2,07;0,0;2,74;2,47;2,38;2,05;1,77;1,71;0,0431;0,0187;0,264;0,0781;0,0577;0,0385;0,0281;0,026;0,205;0,0;3,64;0,549;0,423;0,116;0,0183;0,00949;0,0157;0,00514;0,0563;0,044;0,0374;0,0123;0,00672;0,00589;0,328;0,168;0,628;0,434;0,397;0,322;0,267;0,251;10,1;0,955;49,4;20,6;17,1;8,84;4,66;3,76;-5,41;-9,62;69,95;45,72;34,59;12,57;-7,23;-8,35
CamdenTown;CamdenTown3;618;77,39;70,02;85,14;80,74;80,09;76,62;72,7;72,25;76,05;68,46;84,97;79,89;78,82;75,28;71,04;70,57;69,5;59,79;83,52;73,79;71,78;68,52;63,53;62,71;31,1;0,0;48,3;27,8;23,1;15,6;14,7;2,07;0,0;2,74;2,47;2,38;2,05;1,77;1,71;0,0431;0,0187;0,264;0,0781;0,0577;0,0385;0,0281;0,026;0,205;0,0;3,64;0,549;0,423;0,116;0,0183;0,00949;0,0157;0,00514;0,0563;0,044;0,0374;0,0123;0,00672;0,00589;0,328;0,168;0,628;0,434;0,397;0,322;0,267;0,251;10,1;0,955;49,4;20,6;17,1;8,84;4,66;3,76;-5,41;-9,62;69,95;45,72;34,59;12,57;-7,23;-8,35
CamdenTown;CamdenTown3;607;77,98;69,13;87,77;82,13;80,93;76,76;71,62;71,21;76,52;68,21;86,5;80,75;79,36;75,47;70,25;69,92;70,1;60,99;81,91;75,33;72,5;68,15;62,68;62,26;36,8;0,0;58,0;30,8;22,7;15,6;15,2;2,18;0,0;4,24;2,99;2,68;2,13;1,73;1,68;0,0377;0,0188;0,0976;0,0553;0,0507;0,0363;0,0268;0,0248;0,231;0,0;2,19;0,642;0,493;0,13;0,0203;0,0116;0,0114;0,0042;0,0472;0,0249;0,0188;0,0102;0,00522;0,00487;0,356;0,209;1,6;0,615;0,471;0,32;0,266;0,248;9,35;0,619;49,3;18,7;15,5;8,42;4,48;3,65;-5,89;-1,76;71,56;45,97;38,8;17,59;2,64;1,16
CamdenTown;CamdenTown3;617;77,98;69,13;87,77;82,13;80,93;76,76;71,62;71,21;76,52;68,21;86,5;80,75;79,36;75,47;70,25;69,92;70,1;60,99;81,91;75,33;72,5;68,15;62,68;62,26;36,8;0,0;58,0;30,8;22,7;15,6;15,2;2,18;0,0;4,24;2,99;2,68;2,13;1,73;1,68;0,0377;0,0188;0,0976;0,0553;0,0507;0,0363;0,0268;0,0248;0,231;0,0;2,19;0,642;0,493;0,13;0,0203;0,0116;0,0114;0,0042;0,0472;0,0249;0,0188;0,0102;0,00522;0,00487;0,356;0,209;1,6;0,615;0,471;0,32;0,266;0,248;9,35;0,619;49,3;18,7;15,5;8,42;4,48;3,65;-5,89;-1,76;71,56;45,97;38,8;17,59;2,64;1,16
CamdenTown;CamdenTown3;608;80,27;73,49;86,77;85,29;83,41;78,88;75,78;75,21;77,99;71,7;84,77;82,44;80,96;76,78;73,72;73,23;68,03;63,87;74,56;70,88;70,16;67,44;65,14;64,63;27,8;0,0;36,3;26,6;22,4;18,8;18,3;2,07;0,0;2,82;2,56;2,46;2,05;1,81;1,78;0,0383;0,0191;0,103;0,0563;0,0502;0,0367;0,0278;0,0256;0,227;0,0;1,28;0,608;0,453;0,146;0,0185;0,00956;0,0144;0,00417;0,0439;0,0355;0,0297;0,0111;0,00715;0,0066;0,344;0,233;0,813;0,47;0,43;0,332;0,274;0,259;9,81;0,712;51,3;22,1;17,8;8,13;4,11;3,34;-2,25;-9,27;73,98;43,33;35,3;13,61;-6,48;-7,7
CamdenTown;CamdenTown4;1219;97,26;88,93;102,43;100,77;100,24;96,17;93,24;92,42;97,08;88,53;102,3;100,59;100,06;96,01;93,0;92,21;86,3;79,35;93,0;88,82;88,33;85,96;83,14;82,54;79,9;0,0;97,1;76,5;64,4;51,9;48,2;2,54;0,0;4,9;3,67;3,42;2,41;1,92;1,8;0,103;0,0232;0,483;0,201;0,168;0,0903;0,0538;0,0465;1,29;0,0;6,51;4,32;3,44;0,604;0,132;0,0995;0,234;0,0899;0,557;0,469;0,407;0,211;0,113;0,101;1,11;0,118;2,19;1,79;1,64;1,15;0,498;0,373;45,0;3,94;172,0;88,7;77,4;41,7;17,8;13,5;-9,44;-3,71;89,65;54,92;49,2;20,33;0,14;-1,35
CamdenTown;CamdenTown4;1239;86,29;81,04;90,91;88,5;88,06;86,14;83,55;82,97;85,5;80,48;90,37;87,75;87,22;85,34;83,0;82,32;76,76;71,47;83,21;80,28;79,48;75,93;73,63;73,05;46,3;0,0;57,0;44,0;36,9;32,7;31,3;2,14;0,0;3,18;2,71;2,59;2,06;1,83;1,79;0,0683;0,0209;0,473;0,158;0,121;0,0532;0,0363;0,0329;0,614;0,0;2,65;1,55;1,29;0,464;0,113;0,0733;0,05;0,0231;0,145;0,0917;0,072;0,0487;0,0314;0,0287;0,41;0,182;0,852;0,597;0,534;0,398;0,286;0,247;20,3;1,82;102,0;41,3;34,7;18,1;8,87;7,25;-0,97;-3,42;76,51;48,52;43,7;16,72;0,06;-0,87
CamdenTown;CamdenTown4;1220;84,51;76,34;91,35;89,21;87,36;83,4;80,21;79,09;84,13;75,59;91,29;89,08;86,78;82,87;79,49;78,44;78,11;67,84;86,47;84,07;81,18;76,3;72,5;71,65;53,7;0,0;65,6;48,0;37,3;30,6;28,6;2,39;0,0;3,71;3,03;2,85;2,35;2,03;1,97;0,114;0,0238;1,32;0,548;0,382;0,0493;0,0335;0,0308;0,47;0,0;2,59;1,26;0,987;0,352;0,0744;0,0468;0,036;0,0134;0,0877;0,0766;0,0552;0,0329;0,0174;0,016;0,468;0,174;2,02;1,05;0,875;0,386;0,273;0,246;17,9;2,23;65,8;33,8;28,9;16,6;8,92;7,4;-1,32;-3,24;71,78;49,81;42,16;16,53;0,54;-0,65
CamdenTown;CamdenTown4;1221;83,61;77,82;90,13;86,36;85,66;83,21;80,62;80,14;82,97;77,04;87,38;85,42;84,96;82,65;79,84;79,26;76,08;70,15;84,97;79,25;78,17;75,16;73,09;72,55;45,5;0,0;61,4;43,5;36,0;30,2;28,6;2,42;0,0;3,42;2,92;2,82;2,4;2,03;1,94;0,048;0,0237;0,118;0,073;0,0653;0,0461;0,0339;0,0317;0,385;0,0;2,15;1,09;0,872;0,284;0,0958;0,0704;0,0814;0,0212;0,223;0,196;0,163;0,0602;0,0366;0,0285;0,402;0,203;0,946;0,631;0,519;0,382;0,284;0,264;22,7;3,28;106,0;42,0;36,2;20,5;11,5;9,79;-0,25;-4,47;72,54;50,16;41,88;14,13;-0,6;-1,96
CamdenTown;CamdenTown4;1222;78,91;73,76;87,89;82,53;81,49;77,97;75,76;75,33;77,48;73,17;82,77;80,31;79,64;76,99;75,08;74,63;74,08;69,32;80,73;76,59;75,8;73,61;71,84;71,31;36,5;0,0;44,7;35,3;31,3;27,0;25,9;2,65;0,0;3,56;3,07;2,98;2,64;2,32;2,24;0,0419;0,0221;0,117;0,0606;0,0545;0,04;0,0297;0,0277;0,773;0,0;2,59;1,6;1,41;0,676;0,264;0,181;0,0479;0,0217;0,0929;0,0826;0,0721;0,0453;0,0302;0,0278;0,399;0,244;0,867;0,517;0,473;0,396;0,322;0,301;18,5;2,2;64,8;32,3;28,5;17,5;9,63;8,16;-0,99;-6,11;68,74;50,4;42,46;14,75;-2,19;-3,71
CamdenTown;CamdenTown4;1223;83,97;78,56;89,35;86,8;86,03;83,54;81,0;80,4;81,2;77,07;84,76;83,59;83,08;80,8;79,07;78,73;72,27;66,81;78,41;75,52;74,92;71,97;68,91;68,3;39,5;0,0;46,3;37,5;30,6;24,8;23,8;2,25;0,0;3,17;2,74;2,67;2,25;1,87;1,82;0,044;0,0205;0,101;0,0678;0,0593;0,0417;0,0317;0,0287;0,236;0,0;1,66;0,618;0,485;0,157;0,0313;0,0191;0,0268;0,00644;0,0521;0,043;0,0394;0,0293;0,0103;0,00816;0,38;0,248;0,632;0,48;0,456;0,373;0,312;0,298;13,4;1,47;49,9;23,8;20,7;12,5;7,16;5,91;-0,76;-5,58;76,7;47,66;39,35;15,15;-1,82;-3,53
CamdenTown;CamdenTown4;1224;81,52;76,31;87,92;84,78;84,02;80,53;78,46;77,99;80,11;74,24;86,97;83,32;82,28;79,29;77,43;76,61;73,78;66,56;84,35;78,44;76,81;72,03;69,59;68,72;35,5;0,0;53,3;33,9;28,7;25,2;24,2;2,14;0,0;3,0;2,48;2,42;2,11;1,91;1,84;0,0433;0,0216;0,16;0,068;0,0583;0,0409;0,0309;0,0287;0,356;0,0;3,57;1,28;0,772;0,202;0,0552;0,0371;0,0315;0,0112;0,0823;0,0701;0,0632;0,0255;0,017;0,0157;0,355;0,178;1,16;0,462;0,434;0,348;0,281;0,258;15,3;1,58;74,3;30,4;24,1;13,6;7,42;6,24;-3,84;-6,79;74,5;46,21;38,14;12,39;-3,46;-4,63
CamdenTown;CamdenTown4;1225;81,52;76,31;87,92;84,78;84,02;80,53;78,46;77,99;80,11;74,24;86,97;83,32;82,28;79,29;77,43;76,61;73,78;66,56;84,35;78,44;76,81;72,03;69,59;68,72;35,5;0,0;53,3;33,9;28,7;25,2;24,2;2,14;0,0;3,0;2,48;2,42;2,11;1,91;1,84;0,0433;0,0216;0,16;0,068;0,0583;0,0409;0,0309;0,0287;0,356;0,0;3,57;1,28;0,772;0,202;0,0552;0,0371;0,0315;0,0112;0,0823;0,0701;0,0632;0,0255;0,017;0,0157;0,355;0,178;1,16;0,462;0,434;0,348;0,281;0,258;15,3;1,58;74,3;30,4;24,1;13,6;7,42;6,24;-3,84;-6,79;74,5;46,21;38,14;12,39;-3,46;-4,63
CamdenTown;CamdenTown4;1229;86,65;80,87;92,84;89,34;88,53;86,23;83,97;83,03;86,46;80,66;92,77;89,2;88,39;86,0;83,73;82,78;77,19;72,0;85,24;79,83;79,09;76,67;74,24;73,64;45,0;0,0;60,0;42,9;37,0;31,4;29,9;1,9;0,0;2,97;2,39;2,21;1,86;1,65;1,61;0,0593;0,0196;0,318;0,0994;0,0854;0,0542;0,0379;0,0335;0,584;0,0;3,54;1,93;1,4;0,331;0,0851;0,06;0,078;0,0327;0,181;0,161;0,131;0,0674;0,0445;0,0387;0,466;0,21;1,02;0,739;0,68;0,436;0,316;0,291;23,5;2,32;79,7;46,2;38,5;21,3;11,4;9,53;-5,26;-8,97;77,09;48,3;42,13;11,04;-1,88;-5,05
CamdenTown;CamdenTown4;1231;86,65;80,87;92,84;89,34;88,53;86,23;83,97;83,03;86,46;80,66;92,77;89,2;88,39;86,0;83,73;82,78;77,19;72,0;85,24;79,83;79,09;76,67;74,24;73,64;45,0;0,0;60,0;42,9;37,0;31,4;29,9;1,9;0,0;2,97;2,39;2,21;1,86;1,65;1,61;0,0593;0,0196;0,318;0,0994;0,0854;0,0542;0,0379;0,0335;0,584;0,0;3,54;1,93;1,4;0,331;0,0851;0,06;0,078;0,0327;0,181;0,161;0,131;0,0674;0,0445;0,0387;0,466;0,21;1,02;0,739;0,68;0,436;0,316;0,291;23,5;2,32;79,7;46,2;38,5;21,3;11,4;9,53;-5,26;-8,97;77,09;48,3;42,13;11,04;-1,88;-5,05
CamdenTown;CamdenTown4;1232;86,65;80,87;92,84;89,34;88,53;86,23;83,97;83,03;86,46;80,66;92,77;89,2;88,39;86,0;83,73;82,78;77,19;72,0;85,24;79,83;79,09;76,67;74,24;73,64;45,0;0,0;60,0;42,9;37,0;31,4;29,9;1,9;0,0;2,97;2,39;2,21;1,86;1,65;1,61;0,0593;0,0196;0,318;0,0994;0,0854;0,0542;0,0379;0,0335;0,584;0,0;3,54;1,93;1,4;0,331;0,0851;0,06;0,078;0,0327;0,181;0,161;0,131;0,0674;0,0445;0,0387;0,466;0,21;1,02;0,739;0,68;0,436;0,316;0,291;23,5;2,32;79,7;46,2;38,5;21,3;11,4;9,53;-5,26;-8,97;77,09;48,3;42,13;11,04;-1,88;-5,05
CamdenTown;CamdenTown4;1233;86,65;80,87;92,84;89,34;88,53;86,23;83,97;83,03;86,46;80,66;92,77;89,2;88,39;86,0;83,73;82,78;77,19;72,0;85,24;79,83;79,09;76,67;74,24;73,64;45,0;0,0;60,0;42,9;37,0;31,4;29,9;1,9;0,0;2,97;2,39;2,21;1,86;1,65;1,61;0,0593;0,0196;0,318;0,0994;0,0854;0,0542;0,0379;0,0335;0,584;0,0;3,54;1,93;1,4;0,331;0,0851;0,06;0,078;0,0327;0,181;0,161;0,131;0,0674;0,0445;0,0387;0,466;0,21;1,02;0,739;0,68;0,436;0,316;0,291;23,5;2,32;79,7;46,2;38,5;21,3;11,4;9,53;-5,26;-8,97;77,09;48,3;42,13;11,04;-1,88;-5,05
CamdenTown;CamdenTown4;1234;86,65;80,87;92,84;89,34;88,53;86,23;83,97;83,03;86,46;80,66;92,77;89,2;88,39;86,0;83,73;82,78;77,19;72,0;85,24;79,83;79,09;76,67;74,24;73,64;45,0;0,0;60,0;42,9;37,0;31,4;29,9;1,9;0,0;2,97;2,39;2,21;1,86;1,65;1,61;0,0593;0,0196;0,318;0,0994;0,0854;0,0542;0,0379;0,0335;0,584;0,0;3,54;1,93;1,4;0,331;0,0851;0,06;0,078;0,0327;0,181;0,161;0,131;0,0674;0,0445;0,0387;0,466;0,21;1,02;0,739;0,68;0,436;0,316;0,291;23,5;2,32;79,7;46,2;38,5;21,3;11,4;9,53;-5,26;-8,97;77,09;48,3;42,13;11,04;-1,88;-5,05
CamdenTown;CamdenTown4;1235;88,57;81,02;97,09;91,49;90,8;88,07;85,14;84,46;87,66;79,66;92,65;90,48;89,71;87,36;84,47;83,71;77,17;71,84;82,5;79,16;78,66;76,94;75,32;74,69;45,4;0,0;55,6;43,7;38,7;33,5;31,7;2,01;0,0;2,93;2,47;2,34;1,98;1,73;1,67;0,0617;0,0187;0,227;0,104;0,0872;0,0571;0,0384;0,034;0,527;0,0;3,06;1,78;1,11;0,353;0,0995;0,071;0,0704;0,0309;0,257;0,151;0,0928;0,0649;0,0397;0,0358;0,489;0,172;1,16;0,688;0,65;0,476;0,351;0,322;22,5;3,44;69,7;39,4;34,3;21,3;11,9;10,0;-6,36;-4,87;79,47;50,35;39,03;16,28;-0,24;-2,0
CamdenTown;CamdenTown4;1236;88,84;80,81;94,28;91,38;90,8;88,57;85,65;84,87;88,65;80,41;93,91;91,22;90,64;88,38;85,4;84,64;81,2;73,47;87,62;84,06;83,32;80,72;77,93;77,35;62,3;0,0;78,4;59,2;47,6;38,4;36,0;2,75;0,0;4,6;3,96;3,64;2,62;2,1;1,99;0,0679;0,0265;0,175;0,113;0,0992;0,0642;0,0412;0,0368;0,555;0,0;3,27;1,49;1,21;0,402;0,129;0,088;0,17;0,0655;0,339;0,308;0,288;0,164;0,082;0,0763;0,701;0,207;1,75;1,38;1,16;0,62;0,378;0,309;37,1;5,63;131,0;73,9;63,0;33,1;17,6;14,8;-6,68;-4,29;79,1;55,12;47,59;17,78;0,06;-1,86
CamdenTown;CamdenTown4;1237;88,84;80,81;94,28;91,38;90,8;88,57;85,65;84,87;88,65;80,41;93,91;91,22;90,64;88,38;85,4;84,64;81,2;73,47;87,62;84,06;83,32;80,72;77,93;77,35;62,3;0,0;78,4;59,2;47,6;38,4;36,0;2,75;0,0;4,6;3,96;3,64;2,62;2,1;1,99;0,0679;0,0265;0,175;0,113;0,0992;0,0642;0,0412;0,0368;0,555;0,0;3,27;1,49;1,21;0,402;0,129;0,088;0,17;0,0655;0,339;0,308;0,288;0,164;0,082;0,0763;0,701;0,207;1,75;1,38;1,16;0,62;0,378;0,309;37,1;5,63;131,0;73,9;63,0;33,1;17,6;14,8;-6,68;-4,29;79,1;55,12;47,59;17,78;0,06;-1,86
CamdenTown;CamdenTown4;1240;88,84;80,81;94,28;91,38;90,8;88,57;85,65;84,87;88,65;80,41;93,91;91,22;90,64;88,38;85,4;84,64;81,2;73,47;87,62;84,06;83,32;80,72;77,93;77,35;62,3;0,0;78,4;59,2;47,6;38,4;36,0;2,75;0,0;4,6;3,96;3,64;2,62;2,1;1,99;0,0679;0,0265;0,175;0,113;0,0992;0,0642;0,0412;0,0368;0,555;0,0;3,27;1,49;1,21;0,402;0,129;0,088;0,17;0,0655;0,339;0,308;0,288;0,164;0,082;0,0763;0,701;0,207;1,75;1,38;1,16;0,62;0,378;0,309;37,1;5,63;131,0;73,9;63,0;33,1;17,6;14,8;-6,68;-4,29;79,1;55,12;47,59;17,78;0,06;-1,86
CamdenTown;CamdenTown4;1238;88,97;76,62;95,72;91,27;90,8;88,74;85,68;82,45;88,55;75,5;95,06;90,8;90,4;88,43;85,4;81,57;81,18;68,68;88,21;84,09;83,38;80,72;78,19;75,0;63,1;0,0;80,7;59,3;49,1;39,4;32,4;2,93;0,0;4,94;4,14;3,82;2,86;2,18;2,06;0,0858;0,0248;0,401;0,188;0,147;0,0713;0,0438;0,0376;0,321;0,0;3,74;0,817;0,639;0,225;0,078;0,0532;0,153;0,0491;0,333;0,299;0,253;0,137;0,0776;0,0684;0,9;0,289;1,75;1,35;1,26;0,875;0,579;0,512;33,8;1,89;144,0;66,2;56,3;31,0;14,6;11,8;-5,07;-5,29;78,9;52,59;48,49;14,17;-1,46;-2,93
CarloV;CarloV1;1395;69,31;53,82;84,17;76,57;73,39;62,36;56,22;55,61;61,81;51,94;76,73;68,26;65,77;58,13;53,91;53,39;55,93;44,1;69,99;61,05;58,25;51,55;47,25;46,52;10,8;0,0;22,5;9,47;6,57;5,13;4,85;1,6;0,0;2,73;1,99;1,88;1,59;1,36;1,29;0,0254;0,0109;0,0664;0,0435;0,0376;0,0234;0,0162;0,0149;0,205;0,0;1,38;0,592;0,401;0,125;0,0236;0,0139;0,0312;0,0127;0,0856;0,058;0,0505;0,0285;0,0182;0,0156;0,51;0,233;1,41;0,841;0,727;0,482;0,333;0,305;12,2;0,719;84,4;27,3;21,6;10,2;5,03;3,83;-3,07;-16,57;66,15;29,66;20,05;-0,42;-13,85;-14,77
CarloV;CarloV1;1396;69,31;53,82;84,17;76,57;73,39;62,36;56,22;55,61;61,81;51,94;76,73;68,26;65,77;58,13;53,91;53,39;55,93;44,1;69,99;61,05;58,25;51,55;47,25;46,52;10,8;0,0;22,5;9,47;6,57;5,13;4,85;1,6;0,0;2,73;1,99;1,88;1,59;1,36;1,29;0,0254;0,0109;0,0664;0,0435;0,0376;0,0234;0,0162;0,0149;0,205;0,0;1,38;0,592;0,401;0,125;0,0236;0,0139;0,0312;0,0127;0,0856;0,058;0,0505;0,0285;0,0182;0,0156;0,51;0,233;1,41;0,841;0,727;0,482;0,333;0,305;12,2;0,719;84,4;27,3;21,6;10,2;5,03;3,83;-3,07;-16,57;66,15;29,66;20,05;-0,42;-13,85;-14,77
CarloV;CarloV1;1397;69,31;53,82;84,17;76,57;73,39;62,36;56,22;55,61;61,81;51,94;76,73;68,26;65,77;58,13;53,91;53,39;55,93;44,1;69,99;61,05;58,25;51,55;47,25;46,52;10,8;0,0;22,5;9,47;6,57;5,13;4,85;1,6;0,0;2,73;1,99;1,88;1,59;1,36;1,29;0,0254;0,0109;0,0664;0,0435;0,0376;0,0234;0,0162;0,0149;0,205;0,0;1,38;0,592;0,401;0,125;0,0236;0,0139;0,0312;0,0127;0,0856;0,058;0,0505;0,0285;0,0182;0,0156;0,51;0,233;1,41;0,841;0,727;0,482;0,333;0,305;12,2;0,719;84,4;27,3;21,6;10,2;5,03;3,83;-3,07;-16,57;66,15;29,66;20,05;-0,42;-13,85;-14,77
CarloV;CarloV1;1394;58,36;49,08;75,27;63,13;60,84;53,55;50,92;50,51;52,43;46,74;67,47;55,91;54,37;50,04;48,07;47,79;47,63;38,82;58,36;54,1;50,91;44,27;40,72;40,23;6,76;0,0;8,81;6,04;3,93;3,04;2,88;1,99;0,0;4,6;3,8;3,31;1,65;1,23;1,17;0,0216;0,00793;0,122;0,0406;0,0311;0,0191;0,0131;0,0119;0,167;0,0;1,31;0,465;0,344;0,0819;0,0133;0,00775;0,0208;0,00945;0,0411;0,036;0,0321;0,0194;0,0124;0,011;0,626;0,333;1,94;1,04;0,88;0,565;0,436;0,413;9,09;0,066;56,3;20,6;16,9;7,66;2,96;2,3;-1,54;-21,13;53,61;22,4;18,99;-3,61;-19,26;-19,77
CarloV;CarloV1;1398;53,0;48,86;61,87;55,68;54,5;52,42;51,04;50,75;50,43;46,14;58,32;53,75;52,1;49,87;48,6;48,26;46,19;38,58;55,77;50,28;48,92;44,95;42,42;41,93;6,12;0,0;8,31;5,6;4,26;3,5;3,24;1,66;0,0;3,8;2,57;2,16;1,6;1,32;1,27;0,0207;0,00942;0,111;0,0314;0,0278;0,0196;0,0141;0,0131;0,128;0,0;0,923;0,395;0,255;0,0611;0,0145;0,00892;0,0252;0,0101;0,0523;0,0486;0,0409;0,0226;0,0131;0,0119;0,614;0,313;1,26;0,985;0,876;0,573;0,419;0,388;9,23;0,0;43,6;20,6;16,7;7,82;3,47;2,59;-0,32;-20,98;45,8;19,62;15,77;-7,78;-19,45;-19,86
CarloV;CarloV1;1403;57,0;51,68;67,75;62,6;59,7;55,27;53,09;52,65;51,79;48,7;57,9;53,77;53,03;51,52;50,15;49,78;44,73;40,4;52,95;47,51;46,74;44,22;41,75;41,37;5,78;0,0;8,56;5,44;4,52;3,6;3,45;2,04;0,0;3,31;2,58;2,46;2,06;1,53;1,42;0,0181;0,009;0,0531;0,0271;0,0246;0,0171;0,0127;0,0116;0,122;0,0;1,03;0,335;0,229;0,0744;0,0217;0,0145;0,0311;0,0112;0,0566;0,0482;0,0448;0,0311;0,019;0,0161;0,496;0,288;1,38;0,784;0,646;0,46;0,369;0,354;9,2;0,447;43,6;19,1;16,5;8,19;3,3;2,54;-1,49;-20,27;52,52;17,23;14,89;-7,33;-17,7;-18,51
CarloV;CarloV1;1404;57,0;51,68;67,75;62,6;59,7;55,27;53,09;52,65;51,79;48,7;57,9;53,77;53,03;51,52;50,15;49,78;44,73;40,4;52,95;47,51;46,74;44,22;41,75;41,37;5,78;0,0;8,56;5,44;4,52;3,6;3,45;2,04;0,0;3,31;2,58;2,46;2,06;1,53;1,42;0,0181;0,009;0,0531;0,0271;0,0246;0,0171;0,0127;0,0116;0,122;0,0;1,03;0,335;0,229;0,0744;0,0217;0,0145;0,0311;0,0112;0,0566;0,0482;0,0448;0,0311;0,019;0,0161;0,496;0,288;1,38;0,784;0,646;0,46;0,369;0,354;9,2;0,447;43,6;19,1;16,5;8,19;3,3;2,54;-1,49;-20,27;52,52;17,23;14,89;-7,33;-17,7;-18,51
CarloV;CarloV1;573;74,22;59,59;87,37;80,53;78,39;69,36;62,22;61,26;65,66;57,51;77,86;70,68;68,96;62,79;59,9;59,55;60,7;53,97;74,98;64,88;62,78;58,43;56,04;55,45;14,1;0,0;34,1;13,3;10,9;9,17;8,8;1,73;0,0;5,34;2,05;1,93;1,69;1,52;1,48;0,0312;0,0151;0,0955;0,0457;0,0415;0,0292;0,0223;0,021;0,156;0,0;0,866;0,398;0,316;0,122;0,0413;0,031;0,0278;0,00911;0,108;0,0567;0,0453;0,0226;0,0141;0,012;0,454;0,22;1,08;0,638;0,583;0,437;0,341;0,325;12,9;0,988;116,0;24,2;20,2;11,6;6,23;5,13;-1,14;-9,54;71,82;33,09;28,66;16,93;2,39;0,05
CarloV;CarloV1;577;59,87;54,45;69,5;63,89;62,56;58,59;56,53;56,09;56,65;53,03;62,42;59,31;58,55;56,15;54,5;54,11;52,15;46,98;59,25;55,7;54,55;51,26;49,1;48,37;8,53;0,0;11,6;8,04;6,59;5,66;5,49;1,55;0,0;2,32;1,81;1,73;1,53;1,39;1,36;0,0245;0,0114;0,0987;0,0373;0,033;0,023;0,0176;0,0164;0,154;0,0;1,06;0,416;0,31;0,111;0,0331;0,0233;0,0189;0,00789;0,0598;0,0393;0,0328;0,0163;0,0115;0,0105;0,393;0,191;1,07;0,771;0,515;0,348;0,279;0,263;8,61;0,688;41,7;18,2;14,8;7,48;3,79;3,04;-0,84;-19,19;54,1;23,98;17,55;-4,74;-16,37;-17,24
CarloV;CarloV1;580;77,46;65,77;88,02;82,51;80,94;75,11;70,52;69,53;66,52;56,76;76,32;72,05;70,57;63,59;59,48;58,55;49,03;43,95;59,99;52,13;51,0;48,09;45,5;45,17;7,03;0,0;11,4;6,49;5,45;4,62;4,44;1,44;0,0;2,16;1,8;1,7;1,41;1,26;1,22;0,0214;0,00936;0,0591;0,0327;0,0302;0,0205;0,0141;0,0129;0,118;0,0;0,894;0,345;0,26;0,0619;0,018;0,0122;0,0178;0,00965;0,0385;0,0331;0,0294;0,0159;0,011;0,0103;0,372;0,226;0,665;0,496;0,455;0,364;0,295;0,279;7,72;0,049;57,0;16,5;13,2;6,63;3,19;2,4;-4,72;-20,24;75,11;22,58;14,22;-10,71;-18,33;-18,82
CarloV;CarloV1;581;74,44;60,49;87,21;80,4;78,16;68,93;64,12;63,16;64,81;54,91;76,86;70,12;68,55;61,19;57,55;56,89;55,4;45,39;67,64;61,83;59,41;51,78;48,46;47,73;11,7;0,0;16,2;10,3;7,13;5,9;5,56;1,65;0,0;2,88;2,14;2,0;1,59;1,35;1,29;0,0308;0,00941;0,278;0,0791;0,0502;0,0232;0,0163;0,0147;0,25;0,0;1,65;0,801;0,575;0,158;0,0422;0,0296;0,036;0,0119;0,109;0,0781;0,0613;0,0282;0,018;0,0158;0,432;0,0733;1,64;0,745;0,641;0,41;0,272;0,242;12,5;0,576;67,2;26,4;21,4;10,9;4,93;3,87;-1,39;-16,51;72,06;25,24;18,11;-1,32;-14,08;-14,76
CarloV;CarloV1;582;77,84;59,37;86,57;83,11;81,85;75,91;68,3;65,68;67,28;56,19;77,55;72,27;71,0;65,02;60,2;59,29;54,9;47,2;64,48;59,01;57,68;53,66;50,1;48,95;10,3;0,0;13,9;9,58;7,81;6,28;5,89;1,54;0,0;2,42;1,81;1,74;1,52;1,38;1,34;0,0246;0,0119;0,0657;0,0376;0,034;0,0233;0,017;0,0154;0,21;0,0;1,17;0,512;0,416;0,166;0,0528;0,0376;0,0239;0,00864;0,0659;0,0489;0,0407;0,0225;0,0129;0,0114;0,403;0,232;1,18;0,577;0,524;0,379;0,303;0,278;11,5;0,0;49,2;23,9;19,9;9,96;5,02;4,01;-2,97;-18,91;75,41;28,48;19,61;-4,58;-16,91;-17,6
CarloV;CarloV1;583;73,26;57,95;83,0;78,4;77,36;70,29;62,15;60,96;64,29;52,86;75,02;69,61;68,05;61,15;55,81;54,96;49,54;43,54;56,46;53,54;52,71;48,46;45,64;44,96;8,13;0,0;10,8;7,49;5,78;4,62;4,33;1,6;0,0;2,42;1,9;1,82;1,59;1,39;1,33;0,0229;0,0105;0,0736;0,037;0,032;0,0217;0,0155;0,014;0,135;0,0;0,886;0,36;0,282;0,0848;0,0188;0,0122;0,0224;0,0116;0,0424;0,0364;0,0337;0,0208;0,0149;0,0138;0,481;0,215;1,3;0,793;0,703;0,441;0,313;0,289;9,4;0,259;55,2;20,9;16,5;8,13;3,66;2,83;-3,18;-18,29;70,43;22,25;14,74;-3,55;-15,61;-16,55
CarloV;CarloV1;584;74,29;54,0;85,7;80,62;79,15;69,33;57,96;56,49;66,66;51,73;78,89;72,69;71,12;61,69;54,32;53,51;62,49;44,98;78,69;69,7;65,38;52,87;48,26;47,32;17,7;0,0;24,0;14,2;6,96;5,27;4,97;1,79;0,0;3,28;2,61;2,37;1,69;1,38;1,31;0,0217;0,00542;0,0779;0,0365;0,0311;0,0208;0,0134;0,0108;0,586;0,0;4,09;1,98;1,43;0,269;0,0443;0,0266;0,0286;0,00919;0,0821;0,0642;0,0581;0,0238;0,0138;0,012;0,453;0,0263;1,27;0,786;0,677;0,424;0,258;0,131;11,3;0,109;94,4;28,0;21,3;9,03;4,32;3,36;-2,02;-17,6;70,39;33,34;26,7;-0,06;-15,01;-16,01
CarloV;CarloV1;1399;61,43;54,76;72,97;64,64;63,69;60,12;56,91;56,24;59,07;50,6;70,33;63,2;61,78;57,28;53,53;52,91;54,88;44,25;63,38;59,6;58,4;53,24;48,29;46,95;10,4;0,0;14,5;9,67;7,34;5,22;4,85;1,74;0,0;2,76;2,21;2,08;1,71;1,44;1,36;0,0261;0,011;0,132;0,0484;0,0396;0,0237;0,016;0,0145;0,216;0,0;1,06;0,55;0,45;0,16;0,0315;0,0203;0,0374;0,0143;0,0852;0,0659;0,0618;0,0342;0,019;0,0174;0,439;0,145;1,33;0,703;0,598;0,417;0,31;0,284;13,4;0,458;59,3;27,1;22,7;12,0;5,66;4,45;-0,47;-14,45;54,56;26,61;20,26;-0,47;-12,07;-12,76
CarloV;CarloV1;1405;64,14;54,67;75,53;69,76;67,57;60,8;56,94;56,4;57,64;51,48;67,16;62,36;60,47;56,46;53,14;52,8;50,91;42,54;64,61;55,96;54,16;48,92;45,66;44,87;8,56;0,0;18,2;7,56;5,7;4,54;4,25;1,67;0,0;3,48;2,25;2,11;1,61;1,31;1,26;0,0247;0,00979;0,184;0,0439;0,0355;0,0219;0,0155;0,0143;0,153;0,0;0,991;0,436;0,337;0,101;0,0272;0,0178;0,0336;0,00808;0,104;0,0767;0,0471;0,0294;0,0177;0,013;0,443;0,228;1,45;0,703;0,622;0,412;0,3;0,271;11,2;0,598;68,6;24,0;20,0;9,59;4,65;3,62;-1,72;-17,55;59,96;23,48;18,3;0,12;-14,96;-15,53
CarloV;CarloV1;1406;64,14;54,67;75,53;69,76;67,57;60,8;56,94;56,4;57,64;51,48;67,16;62,36;60,47;56,46;53,14;52,8;50,91;42,54;64,61;55,96;54,16;48,92;45,66;44,87;8,56;0,0;18,2;7,56;5,7;4,54;4,25;1,67;0,0;3,48;2,25;2,11;1,61;1,31;1,26;0,0247;0,00979;0,184;0,0439;0,0355;0,0219;0,0155;0,0143;0,153;0,0;0,991;0,436;0,337;0,101;0,0272;0,0178;0,0336;0,00808;0,104;0,0767;0,0471;0,0294;0,0177;0,013;0,443;0,228;1,45;0,703;0,622;0,412;0,3;0,271;11,2;0,598;68,6;24,0;20,0;9,59;4,65;3,62;-1,72;-17,55;59,96;23,48;18,3;0,12;-14,96;-15,53
EustonTap;EustonTap1;1284;77,3;72,14;86,82;82,72;80,02;75,51;73,46;73,08;76,32;70,9;86,11;81,95;79,24;74,27;72,32;71,92;66,7;62,43;72,22;69,72;69,12;65,83;64,01;63,6;27,9;0,0;31,8;27,0;20,5;18,5;18,0;2,22;0,0;4,37;2,92;2,46;2,12;2,01;1,99;0,0347;0,0177;0,118;0,05;0,0457;0,0334;0,0249;0,0227;0,342;0,0;2,83;1,39;0,897;0,0995;0,0097;0,00374;0,013;0,00339;0,0796;0,0432;0,0352;0,0074;0,00484;0,00456;0,333;0,171;0,86;0,506;0,452;0,318;0,257;0,231;8,84;0,688;56,7;20,6;15,1;7,52;4,08;3,38;-6,42;-5,48;70,98;42,42;34,39;12,84;1,16;-1,47
EustonTap;EustonTap1;1285;77,3;72,14;86,82;82,72;80,02;75,51;73,46;73,08;76,32;70,9;86,11;81,95;79,24;74,27;72,32;71,92;66,7;62,43;72,22;69,72;69,12;65,83;64,01;63,6;27,9;0,0;31,8;27,0;20,5;18,5;18,0;2,22;0,0;4,37;2,92;2,46;2,12;2,01;1,99;0,0347;0,0177;0,118;0,05;0,0457;0,0334;0,0249;0,0227;0,342;0,0;2,83;1,39;0,897;0,0995;0,0097;0,00374;0,013;0,00339;0,0796;0,0432;0,0352;0,0074;0,00484;0,00456;0,333;0,171;0,86;0,506;0,452;0,318;0,257;0,231;8,84;0,688;56,7;20,6;15,1;7,52;4,08;3,38;-6,42;-5,48;70,98;42,42;34,39;12,84;1,16;-1,47
EustonTap;EustonTap1;1286;79,15;72,22;87,08;85,23;82,29;77,05;75,09;74,6;77,82;70,96;85,69;83,86;81,35;75,7;73,75;73,18;65,69;61,61;73,34;68,97;67,37;64,92;62,6;62,36;25,7;0,0;35,7;24,2;20,1;17,4;16,9;2,11;0,0;3,14;2,48;2,41;2,11;1,85;1,83;0,0329;0,0164;0,0932;0,0499;0,0439;0,0313;0,0234;0,0217;0,426;0,0;1,97;1,22;1,02;0,27;0,0315;0,0162;0,00653;0,00201;0,0194;0,013;0,0112;0,00588;0,00304;0,00271;0,284;0,184;0,501;0,375;0,345;0,278;0,23;0,218;6,75;0,268;32,9;12,9;10,9;6,2;3,37;2,76;-10,19;-13,82;76,53;39,88;34,33;11,26;-11,98;-12,62
EustonTap;EustonTap1;1287;79,15;72,22;87,08;85,23;82,29;77,05;75,09;74,6;77,82;70,96;85,69;83,86;81,35;75,7;73,75;73,18;65,69;61,61;73,34;68,97;67,37;64,92;62,6;62,36;25,7;0,0;35,7;24,2;20,1;17,4;16,9;2,11;0,0;3,14;2,48;2,41;2,11;1,85;1,83;0,0329;0,0164;0,0932;0,0499;0,0439;0,0313;0,0234;0,0217;0,426;0,0;1,97;1,22;1,02;0,27;0,0315;0,0162;0,00653;0,00201;0,0194;0,013;0,0112;0,00588;0,00304;0,00271;0,284;0,184;0,501;0,375;0,345;0,278;0,23;0,218;6,75;0,268;32,9;12,9;10,9;6,2;3,37;2,76;-10,19;-13,82;76,53;39,88;34,33;11,26;-11,98;-12,62
EustonTap;EustonTap1;1288;79,15;72,22;87,08;85,23;82,29;77,05;75,09;74,6;77,82;70,96;85,69;83,86;81,35;75,7;73,75;73,18;65,69;61,61;73,34;68,97;67,37;64,92;62,6;62,36;25,7;0,0;35,7;24,2;20,1;17,4;16,9;2,11;0,0;3,14;2,48;2,41;2,11;1,85;1,83;0,0329;0,0164;0,0932;0,0499;0,0439;0,0313;0,0234;0,0217;0,426;0,0;1,97;1,22;1,02;0,27;0,0315;0,0162;0,00653;0,00201;0,0194;0,013;0,0112;0,00588;0,00304;0,00271;0,284;0,184;0,501;0,375;0,345;0,278;0,23;0,218;6,75;0,268;32,9;12,9;10,9;6,2;3,37;2,76;-10,19;-13,82;76,53;39,88;34,33;11,26;-11,98;-12,62
EustonTap;EustonTap1;1289;77,96;72,02;84,24;82,37;81,45;76,18;74,28;73,91;77,29;71,5;83,68;81,83;80,89;75,28;73,41;73,08;71,19;63,94;78,12;76,12;75,16;69,01;66,39;65,89;36,0;0,0;41,3;34,4;24,2;20,5;19,8;2,28;0,0;3,58;3,0;2,75;2,2;1,91;1,81;0,0448;0,0176;0,205;0,0795;0,0665;0,0402;0,0283;0,0259;0,545;0,0;2,92;1,72;1,36;0,353;0,0729;0,0409;0,0191;0,00714;0,0818;0,06;0,0299;0,0155;0,0112;0,0102;0,465;0,226;1,69;1,3;1,02;0,359;0,272;0,26;12,5;1,5;57,3;22,9;19,9;11,4;6,39;5,18;-2,8;-9,79;69,89;47,29;39,59;11,83;-5,2;-6,94
EustonTap;EustonTap1;1290;74,9;71,74;80,79;77,48;76,82;74,27;73,0;72,67;73,85;70,57;79,96;76,51;75,96;73,18;71,81;71,54;67,59;63,51;72,59;70,9;70,13;66,54;64,47;64,18;28,1;0,0;36,9;26,5;21,2;18,7;18,3;2,24;0,0;4,2;2,72;2,59;2,17;1,99;1,96;0,0377;0,0174;0,0884;0,0579;0,0507;0,0361;0,027;0,0253;0,174;0,0;1,44;0,59;0,336;0,0419;0,00591;0,00187;0,01;0,00452;0,0318;0,0219;0,0174;0,00889;0,00503;0,00469;0,435;0,236;1,32;0,742;0,614;0,394;0,3;0,288;9,88;1,09;58,1;19,6;16,5;8,89;4,88;4,03;-3,67;-7,74;65,53;42,49;36,3;12,75;-4,54;-5,43
EustonTap;EustonTap1;1291;74,9;71,74;80,79;77,48;76,82;74,27;73,0;72,67;73,85;70,57;79,96;76,51;75,96;73,18;71,81;71,54;67,59;63,51;72,59;70,9;70,13;66,54;64,47;64,18;28,1;0,0;36,9;26,5;21,2;18,7;18,3;2,24;0,0;4,2;2,72;2,59;2,17;1,99;1,96;0,0377;0,0174;0,0884;0,0579;0,0507;0,0361;0,027;0,0253;0,174;0,0;1,44;0,59;0,336;0,0419;0,00591;0,00187;0,01;0,00452;0,0318;0,0219;0,0174;0,00889;0,00503;0,00469;0,435;0,236;1,32;0,742;0,614;0,394;0,3;0,288;9,88;1,09;58,1;19,6;16,5;8,89;4,88;4,03;-3,67;-7,74;65,53;42,49;36,3;12,75;-4,54;-5,43
EustonTap;EustonTap1;1292;74,93;70,81;79,91;77,44;76,68;74,57;72,88;72,42;73,57;69,85;78,3;75,99;75,24;73,25;71,54;71,19;62,54;59,14;67,14;64,38;63,89;62,55;59,99;59,69;19,7;0,0;23,8;19,1;17,3;14,8;14,4;1,96;0,0;2,59;2,26;2,15;1,93;1,81;1,79;0,0299;0,0154;0,0667;0,0419;0,0388;0,0292;0,0228;0,0212;0,11;0,0;0,799;0,277;0,202;0,034;0,00259;0,0;0,00361;0,00178;0,0127;0,00635;0,00529;0,00329;0,00238;0,00222;0,286;0,184;0,509;0,367;0,342;0,278;0,241;0,231;5,61;0,186;23,3;10,1;8,7;5,24;2,87;2,34;-7,97;-15,73;69,43;37,94;31,4;1,73;-14,15;-14,62
EustonTap;EustonTap1;1293;74,93;70,81;79,91;77,44;76,68;74,57;72,88;72,42;73,57;69,85;78,3;75,99;75,24;73,25;71,54;71,19;62,54;59,14;67,14;64,38;63,89;62,55;59,99;59,69;19,7;0,0;23,8;19,1;17,3;14,8;14,4;1,96;0,0;2,59;2,26;2,15;1,93;1,81;1,79;0,0299;0,0154;0,0667;0,0419;0,0388;0,0292;0,0228;0,0212;0,11;0,0;0,799;0,277;0,202;0,034;0,00259;0,0;0,00361;0,00178;0,0127;0,00635;0,00529;0,00329;0,00238;0,00222;0,286;0,184;0,509;0,367;0,342;0,278;0,241;0,231;5,61;0,186;23,3;10,1;8,7;5,24;2,87;2,34;-7,97;-15,73;69,43;37,94;31,4;1,73;-14,15;-14,62
EustonTap;EustonTap1;1294;80,88;76,87;88,69;84,01;82,95;80,21;78,34;78,01;79,94;76,0;88,04;83,24;82,19;79,21;77,34;77,0;73,51;68,92;88,33;75,62;74,58;71,84;70,08;69,85;37,6;0,0;82,0;35,6;30,1;26,5;26,0;2,45;0,0;6,54;2,83;2,71;2,4;2,2;2,16;0,0421;0,0222;0,0906;0,0594;0,0547;0,0408;0,0304;0,0282;0,162;0,0;1,24;0,56;0,311;0,0551;0,0069;0,00274;0,0107;0,00309;0,145;0,0439;0,0146;0,00499;0,00383;0,00345;0,33;0,219;0,896;0,42;0,389;0,326;0,274;0,26;7,94;0,612;142,0;13,3;11,6;7,23;4,1;3,37;-4,71;-6,32;73,28;49,05;41,82;23,33;1,97;-0,21
EustonTap;EustonTap1;1295;79,5;75,48;84,79;82,33;81,53;78,92;77,06;76,72;78,75;74,74;84,5;81,81;80,9;78,12;76,22;75,85;71,87;68,46;78,57;75,91;73,46;70,91;69,7;69,37;38,6;0,0;44,7;34,7;28,5;26,0;25,4;2,47;0,0;3,48;2,89;2,74;2,44;2,24;2,19;0,0394;0,018;0,0839;0,0564;0,0518;0,0382;0,0287;0,0262;0,191;0,0;1,34;0,511;0,393;0,107;0,0151;0,00807;0,00632;0,00317;0,0184;0,0117;0,00907;0,00595;0,004;0,00364;0,339;0,213;0,662;0,541;0,49;0,316;0,264;0,248;7,92;0,864;33,1;13,6;11,9;7,57;4,2;3,41;-3,27;-6,7;70,43;48,47;39,69;17,59;0,0;-1,34
EustonTap;EustonTap1;1296;77,34;69,84;83,66;80,51;79,47;76,89;73,97;73,22;76,3;68,24;82,69;79,61;78,54;75,81;72,83;71,96;68,76;61,59;76,82;72,39;71,31;68,56;63,74;62,48;31,0;0,0;36,5;29,6;24,1;18,3;17,2;2,21;0,0;4,87;2,65;2,57;2,17;1,93;1,88;0,0374;0,0171;0,121;0,0579;0,0516;0,0355;0,0262;0,024;0,159;0,0;1,57;0,403;0,322;0,0903;0,0113;0,00589;0,00835;0,00293;0,028;0,0178;0,0144;0,00721;0,00391;0,0033;0,323;0,21;0,707;0,406;0,385;0,316;0,268;0,256;8,31;0,322;57,3;16,5;13,1;7,36;4,08;3,34;-5,79;-9,5;69,93;44,47;35,82;15,59;-5,88;-8,22
EustonTap;EustonTap1;1298;77,34;69,84;83,66;80,51;79,47;76,89;73,97;73,22;76,3;68,24;82,69;79,61;78,54;75,81;72,83;71,96;68,76;61,59;76,82;72,39;71,31;68,56;63,74;62,48;31,0;0,0;36,5;29,6;24,1;18,3;17,2;2,21;0,0;4,87;2,65;2,57;2,17;1,93;1,88;0,0374;0,0171;0,121;0,0579;0,0516;0,0355;0,0262;0,024;0,159;0,0;1,57;0,403;0,322;0,0903;0,0113;0,00589;0,00835;0,00293;0,028;0,0178;0,0144;0,00721;0,00391;0,0033;0,323;0,21;0,707;0,406;0,385;0,316;0,268;0,256;8,31;0,322;57,3;16,5;13,1;7,36;4,08;3,34;-5,79;-9,5;69,93;44,47;35,82;15,59;-5,88;-8,22
EustonTap;EustonTap1;1297;76,62;70,58;84,33;81,17;79,66;74,89;72,33;71,96;75,6;69,73;83,02;80,05;78,89;74,0;71,33;70,95;69,64;60,58;79,65;74,85;73,57;67,82;62,71;61,79;36,1;0,0;42,6;32,9;21,8;17,0;16,2;2,25;0,0;3,46;2,84;2,69;2,22;1,9;1,86;0,0347;0,0165;0,079;0,0503;0,0458;0,0341;0,0248;0,0229;0,356;0,0;3,03;1,19;0,784;0,24;0,0539;0,0327;0,0158;0,00407;0,046;0,0395;0,0305;0,0122;0,00763;0,00673;0,332;0,16;0,635;0,448;0,418;0,33;0,251;0,232;11,5;0,599;73,4;24,3;20,4;9,94;5,06;4,13;-3,03;-2,92;68,07;45,36;36,06;15,42;1,51;0,84
EustonTap;EustonTap1;1299;76,62;70,58;84,33;81,17;79,66;74,89;72,33;71,96;75,6;69,73;83,02;80,05;78,89;74,0;71,33;70,95;69,64;60,58;79,65;74,85;73,57;67,82;62,71;61,79;36,1;0,0;42,6;32,9;21,8;17,0;16,2;2,25;0,0;3,46;2,84;2,69;2,22;1,9;1,86;0,0347;0,0165;0,079;0,0503;0,0458;0,0341;0,0248;0,0229;0,356;0,0;3,03;1,19;0,784;0,24;0,0539;0,0327;0,0158;0,00407;0,046;0,0395;0,0305;0,0122;0,00763;0,00673;0,332;0,16;0,635;0,448;0,418;0,33;0,251;0,232;11,5;0,599;73,4;24,3;20,4;9,94;5,06;4,13;-3,03;-2,92;68,07;45,36;36,06;15,42;1,51;0,84
EustonTap;EustonTap1;1300;77,37;72,52;84,12;81,44;79,24;76,6;75,07;74,6;76,41;71,63;83,03;80,26;78,29;75,61;74,11;73,73;69,22;64,23;74,47;71,8;70,66;68,86;67,37;66,01;28,5;0,0;33,4;27,6;24,0;21,6;20,7;2,13;0,0;2,58;2,39;2,34;2,1;1,98;1,96;0,0384;0,0182;0,105;0,0549;0,0502;0,037;0,0285;0,0266;0,231;0,0;1,21;0,614;0,518;0,122;0,0157;0,0082;0,00591;0,003;0,0183;0,0101;0,00877;0,00563;0,00346;0,00328;0,299;0,214;0,488;0,367;0,349;0,299;0,252;0,24;7,43;0,409;23,8;13,0;11,4;7,05;3,9;3,19;-5,07;-11,68;70,91;44,55;36,56;10,5;-8,32;-9,07
EustonTap;EustonTap1;1301;77,37;72,52;84,12;81,44;79,24;76,6;75,07;74,6;76,41;71,63;83,03;80,26;78,29;75,61;74,11;73,73;69,22;64,23;74,47;71,8;70,66;68,86;67,37;66,01;28,5;0,0;33,4;27,6;24,0;21,6;20,7;2,13;0,0;2,58;2,39;2,34;2,1;1,98;1,96;0,0384;0,0182;0,105;0,0549;0,0502;0,037;0,0285;0,0266;0,231;0,0;1,21;0,614;0,518;0,122;0,0157;0,0082;0,00591;0,003;0,0183;0,0101;0,00877;0,00563;0,00346;0,00328;0,299;0,214;0,488;0,367;0,349;0,299;0,252;0,24;7,43;0,409;23,8;13,0;11,4;7,05;3,9;3,19;-5,07;-11,68;70,91;44,55;36,56;10,5;-8,32;-9,07
EustonTap;EustonTap1;1302;85,78;74,64;95,6;93,27;90,97;80,38;77,65;77,04;85,0;73,84;94,43;92,54;90,32;79,44;76,64;76,03;75,16;66,91;84,23;81,0;78,72;70,96;69,07;67,78;50,5;0,0;65,8;47,4;28,5;24,7;23,3;2,34;0,0;3,82;2,88;2,76;2,23;2,06;2,04;0,0687;0,0213;0,602;0,223;0,142;0,0436;0,0302;0,0279;0,231;0,0;1,78;0,701;0,513;0,0761;0,00572;0,000617;0,00659;0,00291;0,0198;0,0155;0,0112;0,00576;0,00347;0,0033;0,357;0,242;0,68;0,506;0,455;0,343;0,284;0,27;8,54;0,453;38,8;16,4;13,3;7,65;4,35;3,61;-4,41;-1,8;79,44;47,79;41,06;18,33;0,97;0,08
EustonTap;EustonTap1;1303;78,36;70,84;84,88;82,41;81,58;77,12;72,84;72,39;77,34;69,52;83,96;81,49;80,59;76,26;71,68;71,22;69,31;63,16;75,92;73,8;72,7;68,35;64,79;64,28;35,2;0,0;41,9;32,4;24,0;18,4;17,8;2,24;0,0;3,21;2,9;2,78;2,15;1,87;1,82;0,0369;0,0191;0,0843;0,0507;0,0471;0,0362;0,0272;0,0252;0,231;0,0;2,46;0,725;0,488;0,113;0,0155;0,00872;0,00539;0,00267;0,0204;0,009;0,00788;0,00513;0,00356;0,00339;0,315;0,17;0,495;0,387;0,374;0,315;0,26;0,243;7,29;0,426;28,2;12,8;11,0;6,91;3,81;3,12;-3,81;-10,49;72,45;44,45;38,16;14,55;-7,12;-8,85
EustonTap;EustonTap1;1306;77,24;71,78;83,82;81,78;81,03;76,55;73,55;73,19;76,14;70,93;82,63;81,02;80,35;75,08;72,46;72,12;72,8;63,98;80,69;79,79;79,27;67,65;64,88;64,6;34,8;0,0;40,3;32,9;22,0;18,9;18,5;2,22;0,0;3,57;2,75;2,6;2,17;1,92;1,88;0,042;0,0187;0,152;0,0701;0,0616;0,0382;0,0283;0,0261;0,393;0,0;2,87;1,41;0,858;0,233;0,0423;0,0236;0,0117;0,00495;0,0819;0,0354;0,015;0,00832;0,00563;0,00528;0,338;0,215;0,624;0,45;0,414;0,334;0,275;0,257;9,64;0,322;54,6;20,9;16,7;8,12;4,13;3,4;-3,46;-13,06;69,79;48,75;34,41;10,08;-9,28;-11,21
EustonTap;EustonTap1;1308;77,24;71,78;83,82;81,78;81,03;76,55;73,55;73,19;76,14;70,93;82,63;81,02;80,35;75,08;72,46;72,12;72,8;63,98;80,69;79,79;79,27;67,65;64,88;64,6;34,8;0,0;40,3;32,9;22,0;18,9;18,5;2,22;0,0;3,57;2,75;2,6;2,17;1,92;1,88;0,042;0,0187;0,152;0,0701;0,0616;0,0382;0,0283;0,0261;0,393;0,0;2,87;1,41;0,858;0,233;0,0423;0,0236;0,0117;0,00495;0,0819;0,0354;0,015;0,00832;0,00563;0,00528;0,338;0,215;0,624;0,45;0,414;0,334;0,275;0,257;9,64;0,322;54,6;20,9;16,7;8,12;4,13;3,4;-3,46;-13,06;69,79;48,75;34,41;10,08;-9,28;-11,21
EustonTap;EustonTap1;1309;77,24;71,78;83,82;81,78;81,03;76,55;73,55;73,19;76,14;70,93;82,63;81,02;80,35;75,08;72,46;72,12;72,8;63,98;80,69;79,79;79,27;67,65;64,88;64,6;34,8;0,0;40,3;32,9;22,0;18,9;18,5;2,22;0,0;3,57;2,75;2,6;2,17;1,92;1,88;0,042;0,0187;0,152;0,0701;0,0616;0,0382;0,0283;0,0261;0,393;0,0;2,87;1,41;0,858;0,233;0,0423;0,0236;0,0117;0,00495;0,0819;0,0354;0,015;0,00832;0,00563;0,00528;0,338;0,215;0,624;0,45;0,414;0,334;0,275;0,257;9,64;0,322;54,6;20,9;16,7;8,12;4,13;3,4;-3,46;-13,06;69,79;48,75;34,41;10,08;-9,28;-11,21
EustonTap;EustonTap1;1305;79,94;76,48;85,95;81,96;81,41;79,65;78,15;77,8;79,19;75,19;85,18;81,38;80,79;78,87;77,26;76,9;73,16;68,87;85,66;76,24;75,38;72,04;70,41;70,01;37,8;0,0;63,0;36,0;30,1;26,9;26,3;2,37;0,0;5,67;2,8;2,65;2,34;2,18;2,1;0,0437;0,0211;0,125;0,0665;0,0586;0,042;0,0314;0,0289;0,195;0,0;4,13;0,542;0,378;0,0494;0,0038;0,0;0,015;0,00348;0,0863;0,05;0,0269;0,00988;0,00503;0,00415;0,433;0,224;1,58;0,769;0,661;0,391;0,284;0,266;10,2;0,915;135,0;21,5;16,4;8,64;4,71;3,86;-3,18;-3,8;71,97;49,05;40,69;17,95;0,64;-0,59
EustonTap;EustonTap1;1311;79,02;73,54;83,48;81,37;80,83;78,92;76,29;75,53;77,96;72,56;82,63;80,44;79,83;77,95;75,02;74,33;71,08;65,81;75,8;73,63;73,32;70,95;67,37;67,09;33,0;0,0;42,5;32,3;28,5;22,9;22,1;2,4;0,0;4,68;2,76;2,56;2,35;2,22;2,18;0,0386;0,0192;0,0785;0,0554;0,0511;0,0377;0,0275;0,0254;0,172;0,0;1,72;0,601;0,392;0,0672;0,011;0,00555;0,00734;0,00361;0,0279;0,0179;0,0133;0,00629;0,00404;0,00384;0,322;0,217;0,553;0,384;0,372;0,322;0,272;0,258;7,63;0,267;52,7;14,1;11,8;6,96;3,9;3,24;-3,99;3,75;71,39;46,04;39,6;22,85;10,68;9,03
EustonTap;EustonTap1;1307;74,72;70,95;78,42;76,67;76,3;74,47;73,07;72,7;73,56;70,08;77,41;75,35;75,01;73,33;72,03;71,7;65,34;61,71;73,27;67,27;66,65;64,84;63,86;63,32;23,1;0,0;30,7;22,4;20,1;18,5;17,9;2,18;0,0;3,11;2,47;2,38;2,16;2,01;1,95;0,033;0,0177;0,07;0,046;0,0424;0,032;0,025;0,0235;0,125;0,0;1,43;0,279;0,192;0,0226;0,000987;0,0;0,00454;0,00193;0,0194;0,0115;0,00635;0,00384;0,00273;0,00256;0,316;0,214;0,726;0,41;0,374;0,309;0,261;0,248;6,83;0,61;41,4;13,0;10,8;6,21;3,3;2,64;-2,07;-14,86;66,28;40,88;33,7;7,48;-13,05;-13,69
EustonTap;EustonTap1;1310;74,72;70,95;78,42;76,67;76,3;74,47;73,07;72,7;73,56;70,08;77,41;75,35;75,01;73,33;72,03;71,7;65,34;61,71;73,27;67,27;66,65;64,84;63,86;63,32;23,1;0,0;30,7;22,4;20,1;18,5;17,9;2,18;0,0;3,11;2,47;2,38;2,16;2,01;1,95;0,033;0,0177;0,07;0,046;0,0424;0,032;0,025;0,0235;0,125;0,0;1,43;0,279;0,192;0,0226;0,000987;0,0;0,00454;0,00193;0,0194;0,0115;0,00635;0,00384;0,00273;0,00256;0,316;0,214;0,726;0,41;0,374;0,309;0,261;0,248;6,83;0,61;41,4;13,0;10,8;6,21;3,3;2,64;-2,07;-14,86;66,28;40,88;33,7;7,48;-13,05;-13,69
EustonTap;EustonTap1;1312;74,72;70,95;78,42;76,67;76,3;74,47;73,07;72,7;73,56;70,08;77,41;75,35;75,01;73,33;72,03;71,7;65,34;61,71;73,27;67,27;66,65;64,84;63,86;63,32;23,1;0,0;30,7;22,4;20,1;18,5;17,9;2,18;0,0;3,11;2,47;2,38;2,16;2,01;1,95;0,033;0,0177;0,07;0,046;0,0424;0,032;0,025;0,0235;0,125;0,0;1,43;0,279;0,192;0,0226;0,000987;0,0;0,00454;0,00193;0,0194;0,0115;0,00635;0,00384;0,00273;0,00256;0,316;0,214;0,726;0,41;0,374;0,309;0,261;0,248;6,83;0,61;41,4;13,0;10,8;6,21;3,3;2,64;-2,07;-14,86;66,28;40,88;33,7;7,48;-13,05;-13,69
EustonTap;EustonTap1;1313;74,72;70,95;78,42;76,67;76,3;74,47;73,07;72,7;73,56;70,08;77,41;75,35;75,01;73,33;72,03;71,7;65,34;61,71;73,27;67,27;66,65;64,84;63,86;63,32;23,1;0,0;30,7;22,4;20,1;18,5;17,9;2,18;0,0;3,11;2,47;2,38;2,16;2,01;1,95;0,033;0,0177;0,07;0,046;0,0424;0,032;0,025;0,0235;0,125;0,0;1,43;0,279;0,192;0,0226;0,000987;0,0;0,00454;0,00193;0,0194;0,0115;0,00635;0,00384;0,00273;0,00256;0,316;0,214;0,726;0,41;0,374;0,309;0,261;0,248;6,83;0,61;41,4;13,0;10,8;6,21;3,3;2,64;-2,07;-14,86;66,28;40,88;33,7;7,48;-13,05;-13,69
EustonTap;EustonTap1;1314;76,01;72,68;79,45;78,44;77,84;75,65;74,08;73,67;75,05;71,58;78,81;77,67;77,03;74,65;73,11;72,69;67,1;63,37;72,9;69,87;68,98;66,55;64,71;64,24;26,1;0,0;31,6;25,0;21,6;19,2;18,8;2,17;0,0;2,89;2,55;2,47;2,15;1,93;1,89;0,0349;0,018;0,0725;0,0496;0,0451;0,0343;0,0259;0,0243;0,23;0,0;2,03;0,712;0,521;0,121;0,0192;0,0102;0,0116;0,00431;0,0288;0,0229;0,0197;0,0112;0,00626;0,00557;0,334;0,171;0,832;0,419;0,399;0,332;0,269;0,251;11,4;1,22;39,5;22,8;19,5;10,2;5,27;4,36;-3,01;-12,4;67,78;42,41;33,11;11,44;-10,1;-10,76
EustonTap;EustonTap1;1315;79,22;73,56;84,83;82,79;81,28;78,7;76,02;75,44;78,4;72,69;83,76;81,89;80,33;77,94;75,08;74,55;72,0;65,19;77,98;75,32;74,57;71,82;67,48;66,73;36,1;0,0;41,9;34,3;28,9;21,7;20,8;2,26;0,0;3,1;2,79;2,61;2,31;1,89;1,84;0,0434;0,0206;0,116;0,0642;0,0577;0,0415;0,0309;0,0282;0,15;0,0;1,02;0,455;0,305;0,0581;0,00692;0,00226;0,00986;0,00337;0,0251;0,0193;0,0176;0,0082;0,00431;0,00388;0,377;0,222;1,28;0,749;0,455;0,341;0,284;0,271;9,11;0,816;44,1;18,1;14,9;8,1;4,39;3,63;-4,73;-8,21;72,05;47,3;39,4;15,28;-2,17;-3,89
EustonTap;EustonTap1;1316;79,22;73,56;84,83;82,79;81,28;78,7;76,02;75,44;78,4;72,69;83,76;81,89;80,33;77,94;75,08;74,55;72,0;65,19;77,98;75,32;74,57;71,82;67,48;66,73;36,1;0,0;41,9;34,3;28,9;21,7;20,8;2,26;0,0;3,1;2,79;2,61;2,31;1,89;1,84;0,0434;0,0206;0,116;0,0642;0,0577;0,0415;0,0309;0,0282;0,15;0,0;1,02;0,455;0,305;0,0581;0,00692;0,00226;0,00986;0,00337;0,0251;0,0193;0,0176;0,0082;0,00431;0,00388;0,377;0,222;1,28;0,749;0,455;0,341;0,284;0,271;9,11;0,816;44,1;18,1;14,9;8,1;4,39;3,63;-4,73;-8,21;72,05;47,3;39,4;15,28;-2,17;-3,89
EustonTap;EustonTap1;1317;79,85;76,07;85,9;83,09;82,04;79,22;77,3;77,0;78,99;75,36;85,4;82,24;81,3;78,36;76,46;76,18;71,62;67,78;78,59;74,8;74,02;70,83;68,92;68,63;34,9;0,0;50,7;33,7;28,3;24,8;24,1;2,3;0,0;3,41;2,55;2,48;2,28;2,13;2,09;0,0405;0,0225;0,1;0,0573;0,0519;0,0397;0,0293;0,0273;0,0863;0,0;0,63;0,197;0,147;0,0356;0,00216;0,0;0,00603;0,0028;0,0247;0,0143;0,0104;0,00488;0,00366;0,00329;0,325;0,222;0,904;0,402;0,382;0,316;0,271;0,26;7,56;0,692;67,0;13,1;11,2;6,81;3,78;3,08;-3,94;-9,69;72,27;47,83;37,94;14,35;-6,17;-7,76
EustonTap;EustonTap1;1318;79,27;72,45;86,15;83,49;82,28;77,98;75,17;74,6;78,34;71,96;85,0;82,49;81,35;77,06;74,36;73,78;70,94;64,87;77,8;74,56;73,72;70,36;66,88;66,25;34,1;0,0;39,5;32,4;26,4;21,8;21,1;2,41;0,0;3,86;2,9;2,78;2,36;2,09;2,04;0,0397;0,0188;0,0812;0,0567;0,0518;0,0387;0,0285;0,0259;0,246;0,0;1,7;0,725;0,537;0,155;0,0276;0,0156;0,019;0,00667;0,0458;0,0398;0,0343;0,0181;0,0096;0,00888;0,469;0,215;1,08;0,704;0,638;0,453;0,321;0,298;16,0;1,44;60,3;33,4;28,0;13,9;6,83;5,71;-4,6;-9,79;72,74;46,05;37,2;20,42;-5,98;-6,83
EustonTap;EustonTap1;1319;79,27;72,45;86,15;83,49;82,28;77,98;75,17;74,6;78,34;71,96;85,0;82,49;81,35;77,06;74,36;73,78;70,94;64,87;77,8;74,56;73,72;70,36;66,88;66,25;34,1;0,0;39,5;32,4;26,4;21,8;21,1;2,41;0,0;3,86;2,9;2,78;2,36;2,09;2,04;0,0397;0,0188;0,0812;0,0567;0,0518;0,0387;0,0285;0,0259;0,246;0,0;1,7;0,725;0,537;0,155;0,0276;0,0156;0,019;0,00667;0,0458;0,0398;0,0343;0,0181;0,0096;0,00888;0,469;0,215;1,08;0,704;0,638;0,453;0,321;0,298;16,0;1,44;60,3;33,4;28,0;13,9;6,83;5,71;-4,6;-9,79;72,74;46,05;37,2;20,42;-5,98;-6,83
EustonTap;EustonTap1;1320;76,55;72,78;80,15;78,43;77,97;76,47;74,65;74,23;75,55;71,9;79,82;77,27;76,92;75,5;73,61;73,2;69,32;64,2;76,65;72,11;71,39;68,97;65,89;65,18;27,8;0,0;35,6;26,9;23,8;20,7;20,0;2,17;0,0;3,24;2,51;2,4;2,14;1,98;1,93;0,0384;0,0196;0,263;0,0554;0,0502;0,0367;0,0275;0,0248;0,316;0,0;2,8;1,01;0,698;0,159;0,0238;0,0106;0,0209;0,0056;0,0503;0,0426;0,0396;0,0194;0,0077;0,00642;0,324;0,187;0,77;0,442;0,399;0,315;0,257;0,241;11,6;1,3;65,3;24,7;20,4;9,91;5,05;4,12;-2,85;-12,19;68,75;43,65;35,09;10,93;-9,5;-10,28
EustonTap;EustonTap1;1321;76,55;72,78;80,15;78,43;77,97;76,47;74,65;74,23;75,55;71,9;79,82;77,27;76,92;75,5;73,61;73,2;69,32;64,2;76,65;72,11;71,39;68,97;65,89;65,18;27,8;0,0;35,6;26,9;23,8;20,7;20,0;2,17;0,0;3,24;2,51;2,4;2,14;1,98;1,93;0,0384;0,0196;0,263;0,0554;0,0502;0,0367;0,0275;0,0248;0,316;0,0;2,8;1,01;0,698;0,159;0,0238;0,0106;0,0209;0,0056;0,0503;0,0426;0,0396;0,0194;0,0077;0,00642;0,324;0,187;0,77;0,442;0,399;0,315;0,257;0,241;11,6;1,3;65,3;24,7;20,4;9,91;5,05;4,12;-2,85;-12,19;68,75;43,65;35,09;10,93;-9,5;-10,28
EustonTap;EustonTap1;1322;76,55;72,78;80,15;78,43;77,97;76,47;74,65;74,23;75,55;71,9;79,82;77,27;76,92;75,5;73,61;73,2;69,32;64,2;76,65;72,11;71,39;68,97;65,89;65,18;27,8;0,0;35,6;26,9;23,8;20,7;20,0;2,17;0,0;3,24;2,51;2,4;2,14;1,98;1,93;0,0384;0,0196;0,263;0,0554;0,0502;0,0367;0,0275;0,0248;0,316;0,0;2,8;1,01;0,698;0,159;0,0238;0,0106;0,0209;0,0056;0,0503;0,0426;0,0396;0,0194;0,0077;0,00642;0,324;0,187;0,77;0,442;0,399;0,315;0,257;0,241;11,6;1,3;65,3;24,7;20,4;9,91;5,05;4,12;-2,85;-12,19;68,75;43,65;35,09;10,93;-9,5;-10,28
EustonTap;EustonTap1;1323;77,47;74,38;80,6;79,22;78,87;77,23;75,96;75,65;76,67;73,46;80,0;78,54;78,16;76,38;75,17;74,86;69,72;65,73;74,16;71,68;71,37;69,31;67,94;67,56;30,7;0,0;35,5;29,7;26,4;23,7;23,1;2,48;0,0;4,43;2,97;2,85;2,43;2,2;2,12;0,0362;0,0186;0,0673;0,0511;0,0464;0,0354;0,0271;0,0255;0,164;0,0;1,4;0,523;0,356;0,0969;0,0239;0,0144;0,00758;0,00414;0,0197;0,0117;0,0112;0,00705;0,00497;0,00445;0,375;0,218;0,823;0,49;0,458;0,362;0,302;0,289;12,6;0,933;75,6;26,8;22,2;10,6;5,48;4,53;-2,34;-9,22;67,58;45,36;37,09;19,25;-6,02;-7,0
EustonTap;EustonTap1;1324;77,47;74,38;80,6;79,22;78,87;77,23;75,96;75,65;76,67;73,46;80,0;78,54;78,16;76,38;75,17;74,86;69,72;65,73;74,16;71,68;71,37;69,31;67,94;67,56;30,7;0,0;35,5;29,7;26,4;23,7;23,1;2,48;0,0;4,43;2,97;2,85;2,43;2,2;2,12;0,0362;0,0186;0,0673;0,0511;0,0464;0,0354;0,0271;0,0255;0,164;0,0;1,4;0,523;0,356;0,0969;0,0239;0,0144;0,00758;0,00414;0,0197;0,0117;0,0112;0,00705;0,00497;0,00445;0,375;0,218;0,823;0,49;0,458;0,362;0,302;0,289;12,6;0,933;75,6;26,8;22,2;10,6;5,48;4,53;-2,34;-9,22;67,58;45,36;37,09;19,25;-6,02;-7,0
EustonTap;EustonTap1;1325;82,11;79,29;86,29;83,9;83,46;81,85;80,5;80,17;81,19;78,4;84,92;82,89;82,53;80,94;79,65;79,31;74,03;70,46;80,0;78,15;75,57;73,16;71,54;71,18;44,2;0,0;51,1;37,9;32,4;29,4;28,8;2,48;0,0;3,66;3,09;2,84;2,39;2,22;2,18;0,0435;0,0198;0,087;0,0627;0,0578;0,0421;0,0314;0,0293;0,174;0,0;1,43;0,461;0,353;0,0809;0,00797;0,00294;0,00625;0,0033;0,0168;0,011;0,0089;0,00598;0,00441;0,00411;0,329;0,233;0,482;0,414;0,394;0,324;0,276;0,266;7,78;0,874;27,8;13,3;11,6;7,48;4,19;3,5;-4,68;-5,98;74,84;49,21;41,96;18,78;-2,08;-3,23
EustonTap;EustonTap2;1326;76,75;73,38;81,25;79,15;78,54;76,27;74,85;74,53;75,58;72,22;80,21;78,24;77,64;74,93;73,53;73,22;69,45;65,42;77,87;72,51;71,62;68,12;66,74;66,35;30,0;0,0;40,0;28,7;23,0;21,0;20,6;2,22;0,0;3,05;2,55;2,44;2,19;2,04;2,01;0,0373;0,0199;0,0769;0,053;0,0482;0,0363;0,0278;0,026;0,194;0,0;2,25;0,682;0,354;0,0644;0,0101;0,00324;0,0244;0,00392;0,104;0,0894;0,0598;0,0133;0,00717;0,00529;0,33;0,214;0,67;0,488;0,423;0,319;0,266;0,251;11,4;0,533;64,3;28,7;21,2;9,01;4,49;3,52;-2,18;-11,54;69,22;45,09;37,34;10,48;-8,75;-9,44
EustonTap;EustonTap2;1327;76,75;73,38;81,25;79,15;78,54;76,27;74,85;74,53;75,58;72,22;80,21;78,24;77,64;74,93;73,53;73,22;69,45;65,42;77,87;72,51;71,62;68,12;66,74;66,35;30,0;0,0;40,0;28,7;23,0;21,0;20,6;2,22;0,0;3,05;2,55;2,44;2,19;2,04;2,01;0,0373;0,0199;0,0769;0,053;0,0482;0,0363;0,0278;0,026;0,194;0,0;2,25;0,682;0,354;0,0644;0,0101;0,00324;0,0244;0,00392;0,104;0,0894;0,0598;0,0133;0,00717;0,00529;0,33;0,214;0,67;0,488;0,423;0,319;0,266;0,251;11,4;0,533;64,3;28,7;21,2;9,01;4,49;3,52;-2,18;-11,54;69,22;45,09;37,34;10,48;-8,75;-9,44
EustonTap;EustonTap2;1328;76,75;73,38;81,25;79,15;78,54;76,27;74,85;74,53;75,58;72,22;80,21;78,24;77,64;74,93;73,53;73,22;69,45;65,42;77,87;72,51;71,62;68,12;66,74;66,35;30,0;0,0;40,0;28,7;23,0;21,0;20,6;2,22;0,0;3,05;2,55;2,44;2,19;2,04;2,01;0,0373;0,0199;0,0769;0,053;0,0482;0,0363;0,0278;0,026;0,194;0,0;2,25;0,682;0,354;0,0644;0,0101;0,00324;0,0244;0,00392;0,104;0,0894;0,0598;0,0133;0,00717;0,00529;0,33;0,214;0,67;0,488;0,423;0,319;0,266;0,251;11,4;0,533;64,3;28,7;21,2;9,01;4,49;3,52;-2,18;-11,54;69,22;45,09;37,34;10,48;-8,75;-9,44
EustonTap;EustonTap2;1329;79,75;72,43;88,27;84,32;82,75;78,15;75,13;74,52;78,77;70,93;88,01;83,75;81,88;76,91;73,44;72,83;76,47;62,29;88,31;83,61;81,16;68,36;63,6;63,22;50,7;0,0;74,5;44,5;24,3;18,2;17,7;2,65;0,0;6,26;4,54;4,12;2,14;1,98;1,94;0,0392;0,0177;0,101;0,0606;0,054;0,0374;0,0271;0,0251;0,664;0,0;5,44;2,53;1,88;0,212;0,0139;0,00597;0,00964;0,00361;0,0324;0,0231;0,0206;0,00699;0,00445;0,00421;0,356;0,2;0,774;0,583;0,513;0,321;0,263;0,25;9,1;0,453;52,7;19,9;15,9;7,77;4,03;3,26;-2,26;-9,11;70,14;50,05;47,54;22,34;-4,19;-5,82
EustonTap;EustonTap2;1330;74,42;70,15;79,41;76,84;76,34;73,99;72,16;71,7;73,2;69,19;78,15;75,69;75,21;72,73;70,86;70,47;63,91;61,47;69,23;65,53;65,13;63,63;62,49;62,36;20,2;0,0;26,3;19,8;18,0;16,6;16,3;1,93;0,0;2,78;2,12;2,07;1,91;1,83;1,81;0,0324;0,0167;0,0689;0,0462;0,0417;0,0316;0,0239;0,0222;0,142;0,0;1,0;0,431;0,292;0,0402;0,00492;0,00132;0,00484;0,00237;0,0141;0,0115;0,00956;0,00399;0,00296;0,00265;0,306;0,199;0,747;0,398;0,365;0,299;0,251;0,237;5,96;0,266;51,1;10,9;9,25;5,5;2,95;2,37;-4,72;-14,74;66,57;39,73;31,54;4,3;-12,16;-12,65
EustonTap;EustonTap2;1332;77,09;72,05;81,92;79,52;78,9;76,81;74,63;73,85;76,21;71,07;81,31;78,73;78,07;75,98;73,62;72,88;69,36;62,24;74,89;72,05;71,41;69,12;66,56;63,91;29,9;0,0;36,6;28,6;24,6;20,6;18,4;2,22;0,0;3,12;2,64;2,51;2,17;2,02;1,99;0,0393;0,0179;0,122;0,0577;0,0506;0,0381;0,0282;0,026;0,127;0,0;1,52;0,298;0,217;0,0482;0,00486;0,00116;0,00518;0,00308;0,0144;0,00854;0,00699;0,00481;0,00364;0,0034;0,312;0,205;0,614;0,393;0,375;0,305;0,26;0,247;6,86;0,333;27,7;11,8;10,5;6,54;3,61;2,96;-4,79;-8,88;69,42;45,25;35,89;14,7;-4,61;-5,84
EustonTap;EustonTap2;1333;77,09;72,05;81,92;79,52;78,9;76,81;74,63;73,85;76,21;71,07;81,31;78,73;78,07;75,98;73,62;72,88;69,36;62,24;74,89;72,05;71,41;69,12;66,56;63,91;29,9;0,0;36,6;28,6;24,6;20,6;18,4;2,22;0,0;3,12;2,64;2,51;2,17;2,02;1,99;0,0393;0,0179;0,122;0,0577;0,0506;0,0381;0,0282;0,026;0,127;0,0;1,52;0,298;0,217;0,0482;0,00486;0,00116;0,00518;0,00308;0,0144;0,00854;0,00699;0,00481;0,00364;0,0034;0,312;0,205;0,614;0,393;0,375;0,305;0,26;0,247;6,86;0,333;27,7;11,8;10,5;6,54;3,61;2,96;-4,79;-8,88;69,42;45,25;35,89;14,7;-4,61;-5,84
EustonTap;EustonTap2;1335;76,33;72,52;80,08;78,47;78,04;76,09;74,25;73,87;75,13;71,11;78,89;77,49;77,08;74,75;72,89;72,57;67,51;63,7;74,03;71,33;69,84;66,31;64,7;64,39;28,0;0,0;32,4;26,3;21,9;19,6;19,2;2,22;0,0;3,85;2,55;2,42;2,18;2,05;2,02;0,0343;0,0175;0,0795;0,0508;0,0462;0,0328;0,0241;0,0222;0,236;0,0;3,36;0,657;0,486;0,152;0,0305;0,019;0,00943;0,00388;0,0403;0,0214;0,0149;0,00865;0,00472;0,00416;0,323;0,189;0,563;0,401;0,382;0,326;0,26;0,245;10,7;1,5;50,4;20,6;18,0;9,59;5,01;4,05;-1,88;-9,61;69,69;42,62;36,27;12,21;-6,77;-7,8
EustonTap;EustonTap2;1336;76,33;72,52;80,08;78,47;78,04;76,09;74,25;73,87;75,13;71,11;78,89;77,49;77,08;74,75;72,89;72,57;67,51;63,7;74,03;71,33;69,84;66,31;64,7;64,39;28,0;0,0;32,4;26,3;21,9;19,6;19,2;2,22;0,0;3,85;2,55;2,42;2,18;2,05;2,02;0,0343;0,0175;0,0795;0,0508;0,0462;0,0328;0,0241;0,0222;0,236;0,0;3,36;0,657;0,486;0,152;0,0305;0,019;0,00943;0,00388;0,0403;0,0214;0,0149;0,00865;0,00472;0,00416;0,323;0,189;0,563;0,401;0,382;0,326;0,26;0,245;10,7;1,5;50,4;20,6;18,0;9,59;5,01;4,05;-1,88;-9,61;69,69;42,62;36,27;12,21;-6,77;-7,8
EustonTap;EustonTap2;1338;74,69;69,94;78,33;76,89;76,53;74,43;72,17;71,71;73,13;68,06;77,3;75,74;75,23;72,57;70,58;70,16;66,37;60,75;74,04;70,82;69,5;65,34;61,9;61,49;27,2;0,0;34,1;25,1;19,2;15,7;15,4;2,12;0,0;3,12;2,55;2,43;2,07;1,89;1,86;0,0334;0,0166;0,0719;0,0484;0,0439;0,0321;0,0246;0,0227;0,174;0,0;1,18;0,507;0,378;0,0693;0,00888;0,00392;0,0222;0,00438;0,0588;0,0461;0,0438;0,0177;0,00653;0,00545;0,314;0,198;0,779;0,418;0,379;0,304;0,256;0,241;10,6;0,962;57,2;24,8;19,6;8,75;4,23;3,4;-2,67;-8,61;68,71;41,67;33,25;9,82;-5,32;-6,21
EustonTap;EustonTap2;1339;74,69;69,94;78,33;76,89;76,53;74,43;72,17;71,71;73,13;68,06;77,3;75,74;75,23;72,57;70,58;70,16;66,37;60,75;74,04;70,82;69,5;65,34;61,9;61,49;27,2;0,0;34,1;25,1;19,2;15,7;15,4;2,12;0,0;3,12;2,55;2,43;2,07;1,89;1,86;0,0334;0,0166;0,0719;0,0484;0,0439;0,0321;0,0246;0,0227;0,174;0,0;1,18;0,507;0,378;0,0693;0,00888;0,00392;0,0222;0,00438;0,0588;0,0461;0,0438;0,0177;0,00653;0,00545;0,314;0,198;0,779;0,418;0,379;0,304;0,256;0,241;10,6;0,962;57,2;24,8;19,6;8,75;4,23;3,4;-2,67;-8,61;68,71;41,67;33,25;9,82;-5,32;-6,21
EustonTap;EustonTap2;1340;74,69;69,94;78,33;76,89;76,53;74,43;72,17;71,71;73,13;68,06;77,3;75,74;75,23;72,57;70,58;70,16;66,37;60,75;74,04;70,82;69,5;65,34;61,9;61,49;27,2;0,0;34,1;25,1;19,2;15,7;15,4;2,12;0,0;3,12;2,55;2,43;2,07;1,89;1,86;0,0334;0,0166;0,0719;0,0484;0,0439;0,0321;0,0246;0,0227;0,174;0,0;1,18;0,507;0,378;0,0693;0,00888;0,00392;0,0222;0,00438;0,0588;0,0461;0,0438;0,0177;0,00653;0,00545;0,314;0,198;0,779;0,418;0,379;0,304;0,256;0,241;10,6;0,962;57,2;24,8;19,6;8,75;4,23;3,4;-2,67;-8,61;68,71;41,67;33,25;9,82;-5,32;-6,21
EustonTap;EustonTap2;1341;74,69;69,94;78,33;76,89;76,53;74,43;72,17;71,71;73,13;68,06;77,3;75,74;75,23;72,57;70,58;70,16;66,37;60,75;74,04;70,82;69,5;65,34;61,9;61,49;27,2;0,0;34,1;25,1;19,2;15,7;15,4;2,12;0,0;3,12;2,55;2,43;2,07;1,89;1,86;0,0334;0,0166;0,0719;0,0484;0,0439;0,0321;0,0246;0,0227;0,174;0,0;1,18;0,507;0,378;0,0693;0,00888;0,00392;0,0222;0,00438;0,0588;0,0461;0,0438;0,0177;0,00653;0,00545;0,314;0,198;0,779;0,418;0,379;0,304;0,256;0,241;10,6;0,962;57,2;24,8;19,6;8,75;4,23;3,4;-2,67;-8,61;68,71;41,67;33,25;9,82;-5,32;-6,21
EustonTap;EustonTap2;1345;76,36;72,43;80,64;78,8;78,08;76,13;73,95;73,59;75,42;71,59;79,85;77,89;77,14;75,14;72,96;72,64;68,05;64,21;74,74;71,04;70,08;67,22;64,96;64,66;28,2;0,0;35,4;26,8;22,8;19,6;19,0;2,25;0,0;2,8;2,47;2,42;2,23;2,1;2,06;0,0348;0,0179;0,0683;0,0494;0,0453;0,034;0,0257;0,024;0,169;0,0;1,23;0,525;0,363;0,0859;0,00979;0,0039;0,00576;0,00293;0,0233;0,0105;0,00791;0,00558;0,00387;0,00331;0,315;0,224;0,437;0,376;0,362;0,313;0,27;0,26;8,05;0,44;40,6;14,0;12,3;7,55;4,24;3,46;-4,05;-9,96;68,26;43,51;35,66;11,06;-7,43;-8,05
EustonTap;EustonTap2;1346;79,31;74,65;84,87;82,27;81,89;78,49;76,92;76,52;78,41;73,88;84,19;81,58;81,19;77,45;75,95;75,51;71,13;66,64;77,34;74,68;73,75;70,09;68,37;67,4;36,7;0,0;42,4;35,5;27,0;24,6;23,5;2,42;0,0;3,15;2,81;2,7;2,35;2,24;2,23;0,0395;0,0215;0,0806;0,057;0,0525;0,0379;0,0289;0,0267;0,291;0,0;2,13;0,76;0,587;0,207;0,0475;0,0252;0,0067;0,00337;0,03;0,0171;0,009;0,00558;0,00401;0,00388;0,314;0,225;0,441;0,382;0,369;0,312;0,267;0,253;7,42;0,512;47,8;13,6;11,5;6,8;3,81;3,11;-3,32;-10,51;70,69;45,57;39,61;15,59;-7,03;-8,5
EustonTap;EustonTap2;1348;78,45;74,7;81,66;80,04;79,68;78,31;77,05;76,69;77,45;73,9;80,54;79,18;78,72;77,29;76,09;75,72;67,79;65,63;70,5;69,2;68,9;67,9;66,31;66,09;26,8;0,0;30,1;26,3;24,2;21,7;21,4;2,12;0,0;2,56;2,33;2,28;2,12;1,96;1,94;0,0367;0,0198;0,0651;0,0521;0,0479;0,0359;0,0275;0,0257;0,206;0,0;1,76;0,639;0,463;0,121;0,0365;0,0228;0,00471;0,00296;0,0161;0,0069;0,00627;0,0045;0,00361;0,00333;0,297;0,196;0,418;0,355;0,342;0,295;0,257;0,246;7,01;0,511;17,7;11,9;10,6;6,75;3,72;3,03;-4,08;-8,67;71,4;43,21;34,71;10,1;-5,83;-6,88
EustonTap;EustonTap2;1349;77,75;73,21;85,03;81,61;80,39;76,56;74,8;74,47;76,69;72,2;84,63;80,41;79,34;75,26;73,64;73,34;68,65;63,44;82,01;73,8;70,1;66,04;64,21;64,03;28,8;0,0;49,5;26,7;21,2;18,9;18,5;2,14;0,0;3,82;2,53;2,39;2,1;1,94;1,91;0,0349;0,0169;0,0654;0,05;0,0465;0,0333;0,0255;0,0237;0,197;0,0;3,39;0,539;0,407;0,0643;0,0121;0,00577;0,0116;0,00269;0,0846;0,0497;0,0302;0,00645;0,00354;0,00309;0,307;0,163;0,529;0,408;0,364;0,302;0,251;0,238;8,95;0,34;69,8;23,3;15,3;7,47;3,91;3,13;-5,82;-13,69;71,97;43,99;35,09;13,24;-8,68;-9,87
EustonTap;EustonTap2;1350;75,59;72,8;79,54;77,04;76,69;75,48;74,39;74,08;74,39;71,87;78,2;75,8;75,41;74,29;73,27;73,04;65,84;63,21;72,36;67,95;67,26;65,29;64,16;63,93;22,7;0,0;27,2;22,0;20,2;18,6;18,2;2,04;0,0;2,89;2,35;2,27;2,01;1,88;1,85;0,0344;0,0172;0,0869;0,0489;0,0447;0,0335;0,0252;0,0232;0,101;0,0;1,78;0,222;0,157;0,0395;0,00545;0,00163;0,00835;0,00299;0,0317;0,0178;0,0145;0,00647;0,00371;0,00341;0,321;0,201;0,54;0,394;0,375;0,316;0,27;0,258;8,58;0,525;42,9;16,8;14,3;7,66;4,08;3,31;-4,23;-11,27;68,66;41,07;31,94;8,06;-9,62;-10,06
EustonTap;EustonTap2;1351;76,26;70,45;80,8;79,17;78,73;75,77;72,57;72,05;75,1;69,61;79,53;77,89;77,53;74,6;71,61;71,07;66,01;61,23;70,51;68,21;67,76;65,93;63,43;62,91;24,7;0,0;28,6;24,1;20,9;17,6;16,8;2,11;0,0;3,22;2,53;2,42;2,11;1,83;1,79;0,0336;0,0164;0,0657;0,0473;0,043;0,0329;0,0248;0,0228;0,189;0,0;1,28;0,547;0,439;0,1;0,0163;0,00785;0,0101;0,00251;0,0402;0,0252;0,0189;0,00819;0,0038;0,00345;0,305;0,191;0,846;0,388;0,363;0,302;0,248;0,233;8,31;0,547;50,7;16,4;13,7;7,42;3,91;3,15;-3,85;-9,94;68,94;41,24;33,5;13,18;-6,44;-7,78
EustonTap;EustonTap2;1352;78,25;75,04;80,92;79,92;79,56;78,12;76,74;76,41;77,3;74,25;79,8;79,0;78,7;77,2;75,73;75,35;70,22;66,0;76,14;73,18;72,24;69,51;67,93;67,56;30,0;0,0;38,8;28,7;25,1;23,0;22,6;2,16;0,0;2,84;2,44;2,36;2,13;2,0;1,97;0,0388;0,0197;0,0943;0,0546;0,0501;0,0377;0,0283;0,0264;0,152;0,0;0,845;0,415;0,312;0,0794;0,0107;0,00393;0,0141;0,0059;0,0396;0,0301;0,0274;0,0108;0,00674;0,00619;0,357;0,218;1,14;0,541;0,448;0,338;0,279;0,261;11,1;0,699;53,5;22,9;19,0;9,63;4,97;4,05;-4,51;-8,58;71,19;45,31;35,86;13,18;-6,11;-6,74
EustonTap;EustonTap2;1355;77,9;73,75;83,32;81,01;80,14;77,09;75,46;75,07;76,77;72,57;81,92;79,8;78,99;76,02;74,35;73,95;68,51;64,37;72,74;70,76;70,07;68,27;66,31;65,75;28,5;0,0;34,8;27,1;23,8;21,0;20,3;2,21;0,0;3,23;2,65;2,5;2,17;1,98;1,91;0,0373;0,0198;0,0818;0,0526;0,0486;0,0362;0,0277;0,026;0,174;0,0;1,55;0,479;0,346;0,0945;0,0127;0,00577;0,00846;0,00365;0,0213;0,0144;0,0126;0,00804;0,00486;0,00396;0,324;0,203;0,612;0,43;0,401;0,316;0,263;0,252;9,1;0,577;39,2;17,2;14,7;8,27;4,65;3,75;-4,49;-6,68;71,02;44,22;35,93;12,4;-2,79;-3,81
EustonTap;EustonTap2;1356;77,9;73,75;83,32;81,01;80,14;77,09;75,46;75,07;76,77;72,57;81,92;79,8;78,99;76,02;74,35;73,95;68,51;64,37;72,74;70,76;70,07;68,27;66,31;65,75;28,5;0,0;34,8;27,1;23,8;21,0;20,3;2,21;0,0;3,23;2,65;2,5;2,17;1,98;1,91;0,0373;0,0198;0,0818;0,0526;0,0486;0,0362;0,0277;0,026;0,174;0,0;1,55;0,479;0,346;0,0945;0,0127;0,00577;0,00846;0,00365;0,0213;0,0144;0,0126;0,00804;0,00486;0,00396;0,324;0,203;0,612;0,43;0,401;0,316;0,263;0,252;9,1;0,577;39,2;17,2;14,7;8,27;4,65;3,75;-4,49;-6,68;71,02;44,22;35,93;12,4;-2,79;-3,81
EustonTap;EustonTap2;1357;80,52;76,48;92,6;83,25;82,39;79,6;77,98;77,71;79,84;75,41;92,56;82,83;81,87;78,65;77,08;76,83;75,24;69,28;89,98;80,02;77,56;72,72;70,44;70,05;39,4;0,0;84,3;36,5;29,3;26,5;25,9;2,37;0,0;4,4;3,01;2,71;2,28;2,11;2,07;0,043;0,0228;0,134;0,0648;0,0574;0,0412;0,0309;0,0287;0,522;0,0;4,15;1,89;1,28;0,268;0,0302;0,0155;0,0205;0,00466;0,106;0,06;0,0452;0,0117;0,00629;0,00564;0,311;0,143;1,33;0,39;0,367;0,305;0,251;0,228;11,1;1,03;157,0;22,7;18,0;9,23;4,96;4,09;-2,86;-8,54;71,6;48,49;39,43;15,61;-3,42;-5,26
EustonTap;EustonTap2;1358;80,52;76,48;92,6;83,25;82,39;79,6;77,98;77,71;79,84;75,41;92,56;82,83;81,87;78,65;77,08;76,83;75,24;69,28;89,98;80,02;77,56;72,72;70,44;70,05;39,4;0,0;84,3;36,5;29,3;26,5;25,9;2,37;0,0;4,4;3,01;2,71;2,28;2,11;2,07;0,043;0,0228;0,134;0,0648;0,0574;0,0412;0,0309;0,0287;0,522;0,0;4,15;1,89;1,28;0,268;0,0302;0,0155;0,0205;0,00466;0,106;0,06;0,0452;0,0117;0,00629;0,00564;0,311;0,143;1,33;0,39;0,367;0,305;0,251;0,228;11,1;1,03;157,0;22,7;18,0;9,23;4,96;4,09;-2,86;-8,54;71,6;48,49;39,43;15,61;-3,42;-5,26
EustonTap;EustonTap2;1359;78,39;72,74;88,97;82,64;80,84;76,96;74,76;74,28;76,91;71,74;86,7;80,99;79,47;75,68;73,54;73,1;67,85;63,97;72,81;70,66;69,73;67,38;65,72;65,47;28,6;0,0;34,3;26,5;22,7;20,3;19,7;2,15;0,0;3,29;2,52;2,39;2,11;1,99;1,95;0,038;0,0163;0,246;0,0551;0,05;0,036;0,0267;0,0246;0,301;0,0;1,57;0,94;0,707;0,169;0,0269;0,0139;0,0104;0,0039;0,0297;0,0219;0,0152;0,00971;0,00527;0,00488;0,317;0,163;0,913;0,494;0,423;0,295;0,236;0,221;8,77;0,601;43,6;17,5;14,3;7,89;4,15;3,38;-5,11;-9,44;71,02;42,74;34,43;11,24;-6,13;-7,18
EustonTap;EustonTap2;1360;77,78;71,89;83,8;80,96;80,09;77,1;74,63;74,25;77,0;70,78;82,8;80,28;79,44;76,2;73,61;73,19;71,95;64,03;80,23;75,94;74,98;70,43;65,75;65,09;36,2;0,0;50,2;34,4;25,5;19,9;19,4;2,34;0,0;3,94;2,84;2,75;2,29;1,99;1,94;0,039;0,0203;0,213;0,0582;0,0525;0,0373;0,0275;0,0256;0,279;0,0;1,88;0,735;0,564;0,21;0,0599;0,0382;0,0324;0,00602;0,0838;0,0729;0,0612;0,0305;0,00991;0,00841;0,366;0,196;0,727;0,549;0,495;0,344;0,272;0,256;15,5;1,01;71,3;34,6;28,1;13,1;6,22;5,03;-3,24;-6,04;68,21;47,63;39,88;17,78;-2,3;-4,31
EustonTap;EustonTap2;1361;77,78;71,89;83,8;80,96;80,09;77,1;74,63;74,25;77,0;70,78;82,8;80,28;79,44;76,2;73,61;73,19;71,95;64,03;80,23;75,94;74,98;70,43;65,75;65,09;36,2;0,0;50,2;34,4;25,5;19,9;19,4;2,34;0,0;3,94;2,84;2,75;2,29;1,99;1,94;0,039;0,0203;0,213;0,0582;0,0525;0,0373;0,0275;0,0256;0,279;0,0;1,88;0,735;0,564;0,21;0,0599;0,0382;0,0324;0,00602;0,0838;0,0729;0,0612;0,0305;0,00991;0,00841;0,366;0,196;0,727;0,549;0,495;0,344;0,272;0,256;15,5;1,01;71,3;34,6;28,1;13,1;6,22;5,03;-3,24;-6,04;68,21;47,63;39,88;17,78;-2,3;-4,31
EustonTap;EustonTap2;1362;80,16;76,62;85,12;82,65;81,5;79,77;78,35;77,93;78,84;75,68;83,29;80,94;80,15;78,52;77,25;76,92;71,43;68,88;76,44;73,7;73,01;71,01;69,72;69,52;31,4;0,0;36,5;30,3;27,3;25,6;25,3;2,34;0,0;3,18;2,62;2,54;2,3;2,21;2,19;0,0387;0,0196;0,0889;0,0566;0,0514;0,0382;0,029;0,0267;0,185;0,0;1,75;0,456;0,35;0,13;0,0268;0,0154;0,0136;0,00639;0,031;0,0237;0,0211;0,0123;0,00773;0,00698;0,311;0,2;0,443;0,384;0,369;0,313;0,262;0,251;10,2;0,573;46,4;24,4;19,0;8,37;4,5;3,66;-5,58;-7,4;73,45;46,54;37,66;14,69;-5,59;-6,01
EustonTap;EustonTap3;1366;77,78;72,6;82,54;80,6;80,07;77,3;75,33;74,42;76,79;71,11;81,7;79,62;79,08;76,21;74,31;73,47;69,31;62,47;75,25;72,79;71,8;68,41;66,87;65,78;32,3;0,0;37,6;29,9;24,0;21,3;20,3;2,24;0,0;4,37;2,99;2,63;2,14;1,96;1,92;0,0414;0,0176;0,259;0,0653;0,0535;0,0371;0,0274;0,0253;0,229;0,0;1,61;0,717;0,458;0,114;0,0133;0,00621;0,0106;0,00292;0,0466;0,0289;0,0228;0,00673;0,00375;0,00353;0,346;0,207;0,615;0,474;0,433;0,339;0,273;0,255;10,6;0,43;49,6;25,4;19,7;8,48;4,51;3,67;-4,97;-7,52;69,86;44,25;38,25;14,3;-2,76;-4,82
EustonTap;EustonTap3;1367;77,78;72,6;82,54;80,6;80,07;77,3;75,33;74,42;76,79;71,11;81,7;79,62;79,08;76,21;74,31;73,47;69,31;62,47;75,25;72,79;71,8;68,41;66,87;65,78;32,3;0,0;37,6;29,9;24,0;21,3;20,3;2,24;0,0;4,37;2,99;2,63;2,14;1,96;1,92;0,0414;0,0176;0,259;0,0653;0,0535;0,0371;0,0274;0,0253;0,229;0,0;1,61;0,717;0,458;0,114;0,0133;0,00621;0,0106;0,00292;0,0466;0,0289;0,0228;0,00673;0,00375;0,00353;0,346;0,207;0,615;0,474;0,433;0,339;0,273;0,255;10,6;0,43;49,6;25,4;19,7;8,48;4,51;3,67;-4,97;-7,52;69,86;44,25;38,25;14,3;-2,76;-4,82
EustonTap;EustonTap3;1370;78,44;74,53;84,43;81,22;80,39;77,9;75,92;75,52;77,82;73,99;84,26;80,59;79,83;77,27;75,24;74,87;72,37;68,74;81,69;75,12;74,5;71,6;69,92;69,61;33,8;0,0;48,5;32,5;28,1;25,3;24,8;2,23;0,0;3,03;2,42;2,35;2,21;2,13;2,1;0,0432;0,0204;0,106;0,0625;0,0575;0,0417;0,0305;0,0281;0,221;0,0;2,84;0,935;0,411;0,128;0,0266;0,0149;0,0121;0,00433;0,0577;0,0318;0,025;0,00921;0,00568;0,00501;0,318;0,212;0,543;0,413;0,389;0,311;0,258;0,247;9,86;1,05;46,5;20,0;16,1;8,62;4,72;3,93;-2,29;-11,06;69,19;46,04;37,87;9,42;-7,79;-9,42
EustonTap;EustonTap3;1371;78,44;74,53;84,43;81,22;80,39;77,9;75,92;75,52;77,82;73,99;84,26;80,59;79,83;77,27;75,24;74,87;72,37;68,74;81,69;75,12;74,5;71,6;69,92;69,61;33,8;0,0;48,5;32,5;28,1;25,3;24,8;2,23;0,0;3,03;2,42;2,35;2,21;2,13;2,1;0,0432;0,0204;0,106;0,0625;0,0575;0,0417;0,0305;0,0281;0,221;0,0;2,84;0,935;0,411;0,128;0,0266;0,0149;0,0121;0,00433;0,0577;0,0318;0,025;0,00921;0,00568;0,00501;0,318;0,212;0,543;0,413;0,389;0,311;0,258;0,247;9,86;1,05;46,5;20,0;16,1;8,62;4,72;3,93;-2,29;-11,06;69,19;46,04;37,87;9,42;-7,79;-9,42
EustonTap;EustonTap3;1372;78,44;74,53;84,43;81,22;80,39;77,9;75,92;75,52;77,82;73,99;84,26;80,59;79,83;77,27;75,24;74,87;72,37;68,74;81,69;75,12;74,5;71,6;69,92;69,61;33,8;0,0;48,5;32,5;28,1;25,3;24,8;2,23;0,0;3,03;2,42;2,35;2,21;2,13;2,1;0,0432;0,0204;0,106;0,0625;0,0575;0,0417;0,0305;0,0281;0,221;0,0;2,84;0,935;0,411;0,128;0,0266;0,0149;0,0121;0,00433;0,0577;0,0318;0,025;0,00921;0,00568;0,00501;0,318;0,212;0,543;0,413;0,389;0,311;0,258;0,247;9,86;1,05;46,5;20,0;16,1;8,62;4,72;3,93;-2,29;-11,06;69,19;46,04;37,87;9,42;-7,79;-9,42
EustonTap;EustonTap3;1373;77,62;71,8;81,44;79,52;79,21;77,73;74,41;73,54;76,94;71,07;80,8;78,95;78,59;77,06;73,7;72,74;70,95;65,06;76,72;74,09;73,31;70,58;67,42;66,81;32,3;0,0;40,5;31,1;26,7;21,6;20,4;2,18;0,0;3,11;2,57;2,48;2,17;1,93;1,89;0,0459;0,0203;0,223;0,0782;0,0654;0,0424;0,0306;0,028;0,146;0,0;1,2;0,4;0,29;0,0685;0,0103;0,00455;0,0101;0,00381;0,0352;0,0288;0,0162;0,00773;0,00505;0,00431;0,519;0,227;1,47;1,13;0,938;0,436;0,284;0,266;9,69;0,496;37,8;19,0;15,7;8,74;4,84;3,99;-3,57;-5,43;68,79;44,88;37,72;14,85;-1,14;-2,28
EustonTap;EustonTap3;1374;78,3;74,22;82,63;80,85;80,21;78,08;75,88;75,51;76,98;73,07;81,32;79,26;78,73;76,81;74,83;74,5;68,86;64,89;76,25;72,54;71,68;68,13;66,14;65,77;31,1;0,0;35,6;29,4;23,6;20,9;20,3;2,28;0,0;3,16;2,79;2,71;2,25;2,0;1,97;0,0367;0,0205;0,0744;0,0523;0,048;0,0358;0,0269;0,0252;0,215;0,0;1,46;0,547;0,43;0,148;0,0349;0,0211;0,0183;0,00609;0,0491;0,0422;0,0327;0,015;0,00937;0,00858;0,314;0,212;0,548;0,384;0,364;0,312;0,263;0,25;10,6;0,613;42,4;21,4;18,0;9,37;4,84;3,96;-4,24;-3,55;71,44;43,29;35,06;15,51;0,48;-0,58
EustonTap;EustonTap3;1375;76,24;72,96;82,04;78,19;77,74;76,13;74,3;73,97;75,61;72,29;81,73;77,54;77,04;75,47;73,63;73,33;70,23;66,9;77,67;72,85;71,86;69,75;68,31;67,77;28,8;0,0;39,2;27,4;24,9;22,5;21,9;2,07;0,0;2,65;2,29;2,21;2,05;1,95;1,92;0,0404;0,0201;0,112;0,0583;0,0533;0,0391;0,0292;0,0271;0,261;0,0;1,43;0,564;0,456;0,229;0,0948;0,0723;0,0145;0,00612;0,0361;0,0313;0,0274;0,0122;0,00767;0,00708;0,339;0,212;0,619;0,441;0,408;0,332;0,277;0,265;10,3;1,03;48,0;21,4;17,1;9,35;5,35;4,41;-3,56;-9,88;66,57;44,85;35,27;8,61;-7,42;-8,11
EustonTap;EustonTap3;1376;76,24;72,96;82,04;78,19;77,74;76,13;74,3;73,97;75,61;72,29;81,73;77,54;77,04;75,47;73,63;73,33;70,23;66,9;77,67;72,85;71,86;69,75;68,31;67,77;28,8;0,0;39,2;27,4;24,9;22,5;21,9;2,07;0,0;2,65;2,29;2,21;2,05;1,95;1,92;0,0404;0,0201;0,112;0,0583;0,0533;0,0391;0,0292;0,0271;0,261;0,0;1,43;0,564;0,456;0,229;0,0948;0,0723;0,0145;0,00612;0,0361;0,0313;0,0274;0,0122;0,00767;0,00708;0,339;0,212;0,619;0,441;0,408;0,332;0,277;0,265;10,3;1,03;48,0;21,4;17,1;9,35;5,35;4,41;-3,56;-9,88;66,57;44,85;35,27;8,61;-7,42;-8,11
EustonTap;EustonTap3;1377;76,24;72,96;82,04;78,19;77,74;76,13;74,3;73,97;75,61;72,29;81,73;77,54;77,04;75,47;73,63;73,33;70,23;66,9;77,67;72,85;71,86;69,75;68,31;67,77;28,8;0,0;39,2;27,4;24,9;22,5;21,9;2,07;0,0;2,65;2,29;2,21;2,05;1,95;1,92;0,0404;0,0201;0,112;0,0583;0,0533;0,0391;0,0292;0,0271;0,261;0,0;1,43;0,564;0,456;0,229;0,0948;0,0723;0,0145;0,00612;0,0361;0,0313;0,0274;0,0122;0,00767;0,00708;0,339;0,212;0,619;0,441;0,408;0,332;0,277;0,265;10,3;1,03;48,0;21,4;17,1;9,35;5,35;4,41;-3,56;-9,88;66,57;44,85;35,27;8,61;-7,42;-8,11
EustonTap;EustonTap3;1378;76,24;72,96;82,04;78,19;77,74;76,13;74,3;73,97;75,61;72,29;81,73;77,54;77,04;75,47;73,63;73,33;70,23;66,9;77,67;72,85;71,86;69,75;68,31;67,77;28,8;0,0;39,2;27,4;24,9;22,5;21,9;2,07;0,0;2,65;2,29;2,21;2,05;1,95;1,92;0,0404;0,0201;0,112;0,0583;0,0533;0,0391;0,0292;0,0271;0,261;0,0;1,43;0,564;0,456;0,229;0,0948;0,0723;0,0145;0,00612;0,0361;0,0313;0,0274;0,0122;0,00767;0,00708;0,339;0,212;0,619;0,441;0,408;0,332;0,277;0,265;10,3;1,03;48,0;21,4;17,1;9,35;5,35;4,41;-3,56;-9,88;66,57;44,85;35,27;8,61;-7,42;-8,11
EustonTap;EustonTap3;1379;76,24;72,96;82,04;78,19;77,74;76,13;74,3;73,97;75,61;72,29;81,73;77,54;77,04;75,47;73,63;73,33;70,23;66,9;77,67;72,85;71,86;69,75;68,31;67,77;28,8;0,0;39,2;27,4;24,9;22,5;21,9;2,07;0,0;2,65;2,29;2,21;2,05;1,95;1,92;0,0404;0,0201;0,112;0,0583;0,0533;0,0391;0,0292;0,0271;0,261;0,0;1,43;0,564;0,456;0,229;0,0948;0,0723;0,0145;0,00612;0,0361;0,0313;0,0274;0,0122;0,00767;0,00708;0,339;0,212;0,619;0,441;0,408;0,332;0,277;0,265;10,3;1,03;48,0;21,4;17,1;9,35;5,35;4,41;-3,56;-9,88;66,57;44,85;35,27;8,61;-7,42;-8,11
EustonTap;EustonTap3;1380;78,3;73,91;84,65;81,05;80,38;77,77;75,69;75,17;77,0;72,96;83,08;79,88;79,22;76,39;74,43;74,0;67,67;62,94;76,05;71,46;69,9;66,83;64,86;64,44;28,1;0,0;35,0;27,3;22,7;19,6;18,9;2,19;0,0;3,06;2,53;2,44;2,21;1,89;1,84;0,0366;0,018;0,0843;0,0508;0,047;0,0359;0,0266;0,0245;0,171;0,0;2,66;0,419;0,334;0,0918;0,012;0,00491;0,0128;0,00404;0,0636;0,0394;0,0268;0,00878;0,00525;0,00436;0,32;0,18;0,598;0,435;0,384;0,313;0,261;0,246;8,54;0,283;61,0;18,5;14,0;7,72;4,11;3,36;-5,36;-9,18;70,63;41,67;33,44;12,45;-5,07;-6,34
EustonTap;EustonTap3;1381;78,3;73,91;84,65;81,05;80,38;77,77;75,69;75,17;77,0;72,96;83,08;79,88;79,22;76,39;74,43;74,0;67,67;62,94;76,05;71,46;69,9;66,83;64,86;64,44;28,1;0,0;35,0;27,3;22,7;19,6;18,9;2,19;0,0;3,06;2,53;2,44;2,21;1,89;1,84;0,0366;0,018;0,0843;0,0508;0,047;0,0359;0,0266;0,0245;0,171;0,0;2,66;0,419;0,334;0,0918;0,012;0,00491;0,0128;0,00404;0,0636;0,0394;0,0268;0,00878;0,00525;0,00436;0,32;0,18;0,598;0,435;0,384;0,313;0,261;0,246;8,54;0,283;61,0;18,5;14,0;7,72;4,11;3,36;-5,36;-9,18;70,63;41,67;33,44;12,45;-5,07;-6,34
EustonTap;EustonTap3;1382;78,3;73,91;84,65;81,05;80,38;77,77;75,69;75,17;77,0;72,96;83,08;79,88;79,22;76,39;74,43;74,0;67,67;62,94;76,05;71,46;69,9;66,83;64,86;64,44;28,1;0,0;35,0;27,3;22,7;19,6;18,9;2,19;0,0;3,06;2,53;2,44;2,21;1,89;1,84;0,0366;0,018;0,0843;0,0508;0,047;0,0359;0,0266;0,0245;0,171;0,0;2,66;0,419;0,334;0,0918;0,012;0,00491;0,0128;0,00404;0,0636;0,0394;0,0268;0,00878;0,00525;0,00436;0,32;0,18;0,598;0,435;0,384;0,313;0,261;0,246;8,54;0,283;61,0;18,5;14,0;7,72;4,11;3,36;-5,36;-9,18;70,63;41,67;33,44;12,45;-5,07;-6,34
EustonTap;EustonTap3;1383;78,12;72,47;85,58;82,16;80,04;77,16;75,45;74,55;77,55;71,4;85,37;81,96;79,63;76,4;74,71;73,65;70,59;64,02;80,48;74,37;71,69;69,29;67,4;66,11;35,5;0,0;51,4;30,0;25,2;22,1;20,6;2,14;0,0;3,21;2,62;2,38;2,11;1,98;1,95;0,0407;0,0206;0,0836;0,0581;0,0527;0,0398;0,0305;0,0282;0,141;0,0;1,11;0,411;0,269;0,044;0,00388;0,0;0,0182;0,00344;0,0634;0,0443;0,0423;0,0143;0,00442;0,00417;0,402;0,225;0,813;0,653;0,562;0,367;0,283;0,265;8,51;0,595;32,7;16,4;13,7;7,67;4,25;3,51;-2,18;-7,04;67,86;44,8;36,47;13,5;-2,55;-3,82
EustonTap;EustonTap3;1385;75,76;70,81;83,48;80,87;79,38;73,87;71,92;71,6;75,11;69,58;83,11;80,48;78,96;72,97;71,02;70,73;69,48;62,03;78,78;75,59;74,66;65,87;64,11;63,75;36,3;0,0;42,6;33,3;20,0;17,6;17,2;2,11;0,0;3,2;2,66;2,57;2,02;1,82;1,78;0,037;0,0178;0,0785;0,0549;0,0495;0,0352;0,0263;0,024;0,25;0,0;2,53;0,655;0,534;0,176;0,0481;0,0297;0,0155;0,00527;0,0768;0,0348;0,031;0,0121;0,00676;0,0062;0,392;0,193;1,65;0,759;0,524;0,355;0,274;0,25;12,0;0,997;119,0;24,4;19,9;10,3;5,32;4,32;-2,61;-11,24;66,72;44,52;36,95;10,53;-8,15;-9,11
EustonTap;EustonTap3;1386;75,76;70,81;83,48;80,87;79,38;73,87;71,92;71,6;75,11;69,58;83,11;80,48;78,96;72,97;71,02;70,73;69,48;62,03;78,78;75,59;74,66;65,87;64,11;63,75;36,3;0,0;42,6;33,3;20,0;17,6;17,2;2,11;0,0;3,2;2,66;2,57;2,02;1,82;1,78;0,037;0,0178;0,0785;0,0549;0,0495;0,0352;0,0263;0,024;0,25;0,0;2,53;0,655;0,534;0,176;0,0481;0,0297;0,0155;0,00527;0,0768;0,0348;0,031;0,0121;0,00676;0,0062;0,392;0,193;1,65;0,759;0,524;0,355;0,274;0,25;12,0;0,997;119,0;24,4;19,9;10,3;5,32;4,32;-2,61;-11,24;66,72;44,52;36,95;10,53;-8,15;-9,11
EustonTap;EustonTap3;1387;79,51;73,97;87,93;81,6;81,14;79,19;76,86;76,34;78,73;73,08;87,88;80,93;80,35;78,37;75,94;75,46;74,05;67,43;86,24;77,02;75,4;73,49;70,83;69,96;37,5;0,0;69,5;35,9;32,1;27,8;26,1;2,66;0,0;3,97;3,09;2,96;2,62;2,4;2,36;0,0471;0,0193;0,12;0,0764;0,066;0,045;0,0307;0,0275;0,567;0,0;2,22;1,14;0,965;0,497;0,25;0,192;0,0282;0,0101;0,131;0,0977;0,0631;0,0186;0,0125;0,0115;0,373;0,186;1,66;0,577;0,496;0,347;0,278;0,253;13,9;1,23;146,0;32,5;23,9;12,0;7,09;6,01;-1,1;-9,73;70,16;47,03;40,38;17,06;-3,16;-5,2
EustonTap;EustonTap3;1388;75,84;71,14;82,69;78,47;77,57;75,48;73,61;73,23;74,69;70,49;80,05;76,89;76,3;74,37;72,49;72,15;67,43;62,08;75,95;70,46;69,8;66,86;63,89;63,55;27,1;0,0;33,6;26,1;21,4;18,1;17,6;2,13;0,0;3,47;2,49;2,42;2,1;1,87;1,83;0,0351;0,0176;0,0833;0,0509;0,046;0,0336;0,0256;0,0237;0,224;0,0;2,46;0,709;0,471;0,114;0,02;0,0104;0,0183;0,00544;0,0645;0,0394;0,031;0,0174;0,0084;0,00722;0,341;0,196;0,811;0,512;0,462;0,322;0,255;0,24;10,2;0,868;66,3;20,1;17,3;9,03;4,68;3,78;-4,79;-11,17;67,8;42,39;34,34;11,77;-8,67;-9,54
EustonTap;EustonTap3;1389;77,75;73,56;87,62;80,53;79,56;76,95;75,23;74,8;76,96;72,41;87,56;80,0;78,86;75,98;74,17;73,7;71,63;64,29;87,02;76,87;73,21;68,54;66,91;66,56;32,9;0,0;60,6;30,3;24,2;21,3;20,7;2,27;0,0;3,6;2,62;2,51;2,24;2,06;2,01;0,039;0,019;0,158;0,0606;0,0526;0,036;0,0269;0,0245;0,23;0,0;4,01;0,74;0,466;0,121;0,0254;0,0156;0,0364;0,0088;0,24;0,108;0,0783;0,026;0,0149;0,0121;0,388;0,196;1,04;0,543;0,492;0,374;0,291;0,27;13,6;0,818;123,0;33,5;26,2;10,8;5,61;4,71;-3,1;-6,98;69,25;46,04;37,82;14,51;-4,67;-5,3
EustonTap;EustonTap3;1390;75,29;71,53;78,95;77,3;76,83;74,98;73,49;73,2;74,33;70,77;78,03;76,22;75,83;74,07;72,6;72,25;67,36;64,83;72,53;69,11;68,6;67,04;65,82;65,44;25,0;0,0;30,3;24,3;22,1;20,3;19,9;2,21;0,0;3,6;2,47;2,4;2,2;2,02;1,96;0,0362;0,0186;0,0948;0,0536;0,0484;0,0347;0,026;0,0246;0,288;0,0;1,53;0,758;0,623;0,21;0,0383;0,025;0,0126;0,00479;0,0415;0,028;0,0209;0,0107;0,00631;0,00598;0,33;0,21;0,777;0,522;0,453;0,305;0,248;0,235;9,06;1,08;63,4;20,4;15,1;7,85;4,28;3,44;-2,96;-10,86;66,76;41,34;34,88;12,12;-3,71;-5,25
EustonTap;EustonTap3;1391;75,29;71,53;78,95;77,3;76,83;74,98;73,49;73,2;74,33;70,77;78,03;76,22;75,83;74,07;72,6;72,25;67,36;64,83;72,53;69,11;68,6;67,04;65,82;65,44;25,0;0,0;30,3;24,3;22,1;20,3;19,9;2,21;0,0;3,6;2,47;2,4;2,2;2,02;1,96;0,0362;0,0186;0,0948;0,0536;0,0484;0,0347;0,026;0,0246;0,288;0,0;1,53;0,758;0,623;0,21;0,0383;0,025;0,0126;0,00479;0,0415;0,028;0,0209;0,0107;0,00631;0,00598;0,33;0,21;0,777;0,522;0,453;0,305;0,248;0,235;9,06;1,08;63,4;20,4;15,1;7,85;4,28;3,44;-2,96;-10,86;66,76;41,34;34,88;12,12;-3,71;-5,25
Noorderplantsoen;Noorderplantsoen1;1461;67,88;56,68;80,71;72,25;70,75;66,51;59,96;59,18;67,44;55,82;80,59;72,04;70,36;65,9;59,01;58,14;62,6;50,2;73,64;67,47;66,1;60,66;53,96;53,21;21,9;0,0;29,3;19,6;13,9;8,95;8,53;2,06;0,0;3,26;2,51;2,38;2,05;1,73;1,66;0,0333;0,0122;0,136;0,0574;0,047;0,031;0,0209;0,0187;0,158;0,0;1,21;0,457;0,325;0,0725;0,01;0,00507;0,0233;0,00628;0,0655;0,0511;0,0429;0,0194;0,00789;0,00749;0,447;0,182;1,03;0,688;0,63;0,425;0,312;0,282;11,1;1,07;59,7;25,2;19,9;9,21;4,64;3,85;-1,44;-6,93;55,58;38,99;29,18;9,8;-4,33;-4,99
Noorderplantsoen;Noorderplantsoen1;1462;67,98;61,0;78,83;72,23;70,9;65,66;62,53;62,17;65,63;60,29;74,01;69,33;68,47;64,16;61,51;61,17;57,91;50,23;69,84;61,95;60,55;56,37;52,11;51,46;14,5;0,0;27,1;13,4;10,6;8,65;8,31;1,94;0,0;3,54;2,37;2,27;1,9;1,67;1,63;0,0306;0,0143;0,159;0,0545;0,0454;0,0275;0,0189;0,0176;0,11;0,0;1,14;0,313;0,208;0,0446;0,00843;0,00467;0,0335;0,00547;0,0945;0,0716;0,0641;0,0322;0,00998;0,00767;0,549;0,259;1,46;0,949;0,842;0,503;0,355;0,323;12,0;0,525;107,0;29,2;23,8;9,26;3,95;3,05;-0,94;-7,48;60,81;32,09;25,4;9,37;-4,13;-5,18
Noorderplantsoen;Noorderplantsoen1;1463;67,98;61,0;78,83;72,23;70,9;65,66;62,53;62,17;65,63;60,29;74,01;69,33;68,47;64,16;61,51;61,17;57,91;50,23;69,84;61,95;60,55;56,37;52,11;51,46;14,5;0,0;27,1;13,4;10,6;8,65;8,31;1,94;0,0;3,54;2,37;2,27;1,9;1,67;1,63;0,0306;0,0143;0,159;0,0545;0,0454;0,0275;0,0189;0,0176;0,11;0,0;1,14;0,313;0,208;0,0446;0,00843;0,00467;0,0335;0,00547;0,0945;0,0716;0,0641;0,0322;0,00998;0,00767;0,549;0,259;1,46;0,949;0,842;0,503;0,355;0,323;12,0;0,525;107,0;29,2;23,8;9,26;3,95;3,05;-0,94;-7,48;60,81;32,09;25,4;9,37;-4,13;-5,18
Noorderplantsoen;Noorderplantsoen1;1464;62,41;56,28;69,55;65,68;64,64;61,77;58,72;58,0;61,82;55,74;69,51;65,41;64,19;61,1;57,72;57,18;57,54;49,35;66,87;61,39;60,03;56,67;51,6;50,79;14,9;0,0;19,3;13,7;10,7;8,03;7,46;2,15;0,0;3,56;2,65;2,52;2,11;1,84;1,78;0,0314;0,0113;0,126;0,0738;0,0517;0,0262;0,0179;0,0158;0,13;0,0;0,936;0,313;0,246;0,0853;0,015;0,00754;0,0139;0,00396;0,0498;0,033;0,0257;0,0117;0,00568;0,00446;0,493;0,228;1,43;0,85;0,74;0,439;0,322;0,3;8,93;0,284;61,7;24,7;17,2;6,82;3,19;2,47;-1,81;-9,82;50,0;31,39;25,91;8,98;-7,35;-7,89
Noorderplantsoen;Noorderplantsoen1;1465;64,4;58,36;75,83;68,13;66,13;63,1;60,25;59,93;62,12;55,44;71,09;65,16;64,12;61,48;58,55;58,21;55,29;49,38;64,76;57,59;57,01;54,63;51,65;51,04;11,4;0,0;15,7;11,0;9,29;7,63;7,25;1,84;0,0;2,77;2,22;2,11;1,83;1,56;1,52;0,0276;0,0141;0,0667;0,0423;0,037;0,0268;0,0192;0,0175;0,195;0,0;1,19;0,568;0,432;0,107;0,013;0,00589;0,0178;0,006;0,0373;0,0342;0,0315;0,0157;0,00813;0,00746;0,443;0,249;1,26;0,705;0,577;0,41;0,319;0,295;8,85;0,684;35,6;18,8;15,6;7,75;3,63;2,9;-3,8;-11,73;56,82;30,09;22,18;4,68;-9,05;-9,83
Noorderplantsoen;Noorderplantsoen1;1466;64,4;58,36;75,83;68,13;66,13;63,1;60,25;59,93;62,12;55,44;71,09;65,16;64,12;61,48;58,55;58,21;55,29;49,38;64,76;57,59;57,01;54,63;51,65;51,04;11,4;0,0;15,7;11,0;9,29;7,63;7,25;1,84;0,0;2,77;2,22;2,11;1,83;1,56;1,52;0,0276;0,0141;0,0667;0,0423;0,037;0,0268;0,0192;0,0175;0,195;0,0;1,19;0,568;0,432;0,107;0,013;0,00589;0,0178;0,006;0,0373;0,0342;0,0315;0,0157;0,00813;0,00746;0,443;0,249;1,26;0,705;0,577;0,41;0,319;0,295;8,85;0,684;35,6;18,8;15,6;7,75;3,63;2,9;-3,8;-11,73;56,82;30,09;22,18;4,68;-9,05;-9,83
MarchmontGarden;MarchmontGarden1;269;74,05;69,3;78,68;76,58;75,87;73,67;71,64;71,03;69,0;65,02;73,21;71,2;70,52;68,66;67,03;66,62;55,57;53,49;61,24;58,06;56,88;55,29;54,51;54,3;12,5;0,0;16,8;11,2;9,99;9,36;9,21;1,59;0,0;2,42;1,84;1,76;1,57;1,51;1,49;0,0286;0,0135;0,0646;0,0416;0,0383;0,0276;0,0205;0,0191;0,0978;0,0;0,99;0,227;0,177;0,0636;0,0152;0,00992;0,00513;0,00269;0,0154;0,00932;0,00762;0,0046;0,0036;0,00316;0,297;0,188;0,877;0,455;0,386;0,287;0,241;0,228;5,23;0,0975;34,8;10,2;8,67;4,77;2,38;1,85;-9,62;-16,6;70,83;29,45;21,69;0,43;-12,82;-13,81
MarchmontGarden;MarchmontGarden1;270;70,68;66,13;75,23;73,24;72,62;70,25;68,37;67,9;66,62;62,76;71,35;68,97;68,41;66,21;64,61;64,14;53,38;51,26;59,13;54,99;54,38;53,13;52,28;52,0;9,89;0,0;13,4;9,48;8,64;8,1;7,96;1,54;0,0;3,05;1,87;1,76;1,5;1,41;1,39;0,0271;0,0141;0,0601;0,0381;0,0353;0,0265;0,0195;0,0182;0,0799;0,0;0,636;0,181;0,14;0,0383;0,00556;0,00226;0,00812;0,00213;0,0349;0,0244;0,0201;0,00537;0,00274;0,00251;0,32;0,203;0,821;0,496;0,419;0,3;0,246;0,232;5,5;0,0412;37,5;11,6;9,1;4,75;2,23;1,72;-7,06;-17,89;67,63;27,11;19,27;-0,71;-14,49;-15,58
MarchmontGarden;MarchmontGarden1;271;74,11;61,09;81,15;77,23;76,56;74,08;64,67;63,39;69,0;59,22;75,13;71,94;71,25;69,06;61,97;61,05;56,64;50,43;69,31;61,16;59,64;54,94;52,44;51,85;14,2;0,0;19,4;12,6;9,19;8,02;7,7;1,51;0,0;2,69;1,92;1,78;1,45;1,33;1,31;0,0292;0,0127;0,0617;0,0425;0,0389;0,0283;0,0207;0,019;0,0873;0,0;0,985;0,204;0,144;0,0416;0,00505;0,00183;0,00987;0,00238;0,0593;0,0415;0,0256;0,00541;0,00338;0,0031;0,382;0,195;1,59;0,737;0,551;0,34;0,267;0,253;6,17;0,119;77,5;13,5;10,4;5,14;2,45;1,86;-6,36;-15,16;70,16;30,15;21,0;-0,38;-11,48;-12,58
MarchmontGarden;MarchmontGarden1;272;68,67;63,28;76,71;72,56;71,01;67,62;65,74;65,33;64,68;60,42;70,21;67,42;66,56;64,19;62,41;62,0;53,93;50,45;64,52;56,37;55,65;53,2;51,84;51,36;10,9;0,0;16,1;10,3;8,79;7,96;7,74;1,64;0,0;2,7;1,89;1,8;1,61;1,5;1,48;0,0263;0,013;0,0914;0,0402;0,035;0,0249;0,0186;0,017;0,0911;0,0;0,797;0,206;0,148;0,0255;0,00337;0,00126;0,0156;0,00229;0,0809;0,0722;0,057;0,00779;0,00311;0,00276;0,387;0,21;1,29;0,667;0,543;0,362;0,277;0,263;6,39;0,105;59,6;15,1;11,6;5,22;2,39;1,88;-6,56;-14,2;62,11;27,59;20,7;1,08;-10,62;-11,53
MarchmontGarden;MarchmontGarden1;273;72,03;62,93;80,54;76,48;74,78;70,78;67,03;66,42;65,37;60,29;72,42;68,29;67,53;64,84;62,72;62,19;55,87;50,9;65,6;59,85;58,38;54,3;52,16;51,84;12,0;0,0;16,6;11,3;9,23;8,13;7,92;1,67;0,0;2,85;2,05;1,93;1,62;1,49;1,46;0,0264;0,0129;0,0884;0,0397;0,0346;0,0254;0,0192;0,0178;0,129;0,0;0,863;0,349;0,252;0,0553;0,00872;0,00432;0,0175;0,00556;0,0459;0,0345;0,0305;0,0151;0,0076;0,00678;0,343;0,179;0,633;0,47;0,436;0,332;0,272;0,258;9,05;0,207;43,0;20,9;17,1;7,47;3,25;2,54;-1,43;-17,91;67,78;28,32;21,23;0,61;-16,53;-16,96
MarchmontGarden;MarchmontGarden1;274;72,03;62,93;80,54;76,48;74,78;70,78;67,03;66,42;65,37;60,29;72,42;68,29;67,53;64,84;62,72;62,19;55,87;50,9;65,6;59,85;58,38;54,3;52,16;51,84;12,0;0,0;16,6;11,3;9,23;8,13;7,92;1,67;0,0;2,85;2,05;1,93;1,62;1,49;1,46;0,0264;0,0129;0,0884;0,0397;0,0346;0,0254;0,0192;0,0178;0,129;0,0;0,863;0,349;0,252;0,0553;0,00872;0,00432;0,0175;0,00556;0,0459;0,0345;0,0305;0,0151;0,0076;0,00678;0,343;0,179;0,633;0,47;0,436;0,332;0,272;0,258;9,05;0,207;43,0;20,9;17,1;7,47;3,25;2,54;-1,43;-17,91;67,78;28,32;21,23;0,61;-16,53;-16,96
MarchmontGarden;MarchmontGarden1;275;76,81;65,93;88,85;82,81;79,8;74,53;70,34;69,1;71,84;61,79;85,2;77,51;74,96;68,79;64,43;63,67;55,52;50,88;65,77;59,15;58,06;54,23;52,41;52,06;12,7;0,0;19,1;11,8;9,62;8,52;8,29;1,64;0,0;2,79;2,07;1,92;1,62;1,46;1,42;0,0266;0,0112;0,128;0,0401;0,0353;0,0252;0,0186;0,0171;0,142;0,0;2,17;0,363;0,252;0,0565;0,00804;0,00386;0,0164;0,00316;0,0797;0,0611;0,0401;0,0104;0,0047;0,00367;0,386;0,199;1,42;0,585;0,521;0,352;0,273;0,26;8,46;0,0445;61,8;20,8;16,8;6,53;2,85;2,24;-1,25;-17,62;72,5;29,68;22,08;-1,01;-14,33;-15,5
MarchmontGarden;MarchmontGarden1;277;69,58;61,52;80,32;73,75;72,82;68,36;65,08;64,39;66,34;59,92;73,42;70,16;69,26;65,3;62,55;62,01;56,14;51,01;65,32;59,17;58,41;55,32;53,13;52,47;13,1;0,0;17,9;12,5;9,94;8,49;8,15;1,74;0,0;3,08;2,14;2,05;1,68;1,53;1,49;0,0256;0,0133;0,0776;0,037;0,0334;0,0247;0,0187;0,0176;0,175;0,0;2,01;0,479;0,342;0,0717;0,0083;0,00423;0,0133;0,00347;0,0315;0,027;0,0209;0,0133;0,00495;0,00403;0,368;0,191;1,16;0,658;0,502;0,324;0,26;0,246;8,1;0,0434;38,1;18,5;15,5;6,72;3,0;2,35;-4,66;-13,4;62,75;29,2;25,09;3,8;-10,16;-10,83
MarchmontGarden;MarchmontGarden1;278;71,68;67,18;75,76;74,01;73,44;71,41;69,42;68,92;67,51;62,01;71,19;69,51;68,96;67,35;65,62;65,12;55,17;49,89;66,22;60,18;58,24;53,24;51,21;50,84;12,8;0,0;19,9;11,6;8,7;7,58;7,35;1,76;0,0;3,16;2,39;2,24;1,69;1,43;1,39;0,0292;0,0115;0,138;0,0502;0,0411;0,0267;0,0195;0,018;0,105;0,0;1,01;0,301;0,177;0,0324;0,00584;0,00307;0,02;0,00449;0,0818;0,064;0,0421;0,0147;0,00708;0,00598;0,655;0,249;2,3;1,45;1,21;0,518;0,332;0,295;9,24;0,463;61,7;22,6;17,9;7,38;3,33;2,63;-5,14;-9,97;67,35;28,59;21,44;10,34;-6,84;-7,93
MarchmontGarden;MarchmontGarden1;279;70,93;65,27;75,22;73,35;72,54;70,66;68,95;68,44;66,67;62,43;73,7;68,89;68,12;66,29;64,79;64,37;57,56;51,56;74,41;60,33;58,52;54,85;52,67;52,39;12,4;0,0;25,3;11,5;9,47;8,21;7,99;1,66;0,0;3,36;2,07;1,95;1,6;1,47;1,44;0,0273;0,0141;0,0772;0,0393;0,0366;0,026;0,0196;0,0183;0,116;0,0;1,43;0,293;0,193;0,0426;0,00857;0,00417;0,0186;0,00495;0,0675;0,0476;0,0395;0,0133;0,00626;0,0057;0,367;0,206;1,11;0,645;0,481;0,332;0,273;0,258;8,14;0,154;87,9;20,8;14,8;6,08;2,8;2,18;-8,2;-19,19;66,96;31,67;23,49;2,09;-17,02;-17,85
MarchmontGarden;MarchmontGarden1;280;70,93;65,27;75,22;73,35;72,54;70,66;68,95;68,44;66,67;62,43;73,7;68,89;68,12;66,29;64,79;64,37;57,56;51,56;74,41;60,33;58,52;54,85;52,67;52,39;12,4;0,0;25,3;11,5;9,47;8,21;7,99;1,66;0,0;3,36;2,07;1,95;1,6;1,47;1,44;0,0273;0,0141;0,0772;0,0393;0,0366;0,026;0,0196;0,0183;0,116;0,0;1,43;0,293;0,193;0,0426;0,00857;0,00417;0,0186;0,00495;0,0675;0,0476;0,0395;0,0133;0,00626;0,0057;0,367;0,206;1,11;0,645;0,481;0,332;0,273;0,258;8,14;0,154;87,9;20,8;14,8;6,08;2,8;2,18;-8,2;-19,19;66,96;31,67;23,49;2,09;-17,02;-17,85
MarchmontGarden;MarchmontGarden1;281;74,57;66,42;79,9;77,5;76,71;74,16;71,58;70,87;70,38;60,99;76,15;74,0;72,46;69,73;67,44;66,63;62,24;52,85;70,82;67,47;65,73;60,34;56,03;55,28;18,7;0,0;25,9;17,4;12,6;9,97;9,49;1,95;0,0;3,33;2,58;2,42;1,88;1,6;1,56;0,0285;0,0119;0,101;0,0452;0,0398;0,027;0,0193;0,0177;0,265;0,0;1,66;0,747;0,557;0,169;0,0313;0,0163;0,0532;0,0112;0,133;0,0902;0,0818;0,0532;0,0214;0,0151;0,433;0,102;0,89;0,686;0,631;0,413;0,272;0,245;17,0;0,763;79,3;40,7;33,5;14,0;5,16;3,89;-6,3;-14,94;70,95;36,45;28,38;6,26;-11,05;-12,44
MarchmontGarden;MarchmontGarden1;282;69,31;65,53;73,63;71,37;70,71;69,04;67,63;67,22;66,09;63,08;71,33;68,0;67,34;65,78;64,58;64,27;57,47;53,63;65,89;61,46;59,97;56,22;54,66;54,46;13,9;0,0;20,8;12,8;10,6;9,68;9,51;1,74;0,0;2,81;2,11;2,0;1,7;1,57;1,54;0,0272;0,0121;0,0747;0,039;0,0359;0,0263;0,0197;0,0181;0,111;0,0;1,03;0,29;0,185;0,0349;0,00475;0,00162;0,0157;0,00292;0,0662;0,0522;0,0353;0,0107;0,00569;0,00438;0,372;0,216;0,85;0,524;0,467;0,355;0,289;0,271;8,72;0,0949;52,6;20,3;16,3;7,17;3,28;2,61;-4,93;-12,13;63,58;30,52;23,66;4,28;-8,59;-9,57
MarchmontGarden;MarchmontGarden1;283;72,7;64,27;85,86;76,49;75,54;70,88;67,37;66,69;67,42;61,77;75,76;70,84;70,08;66,4;64,02;63,6;57,71;53,24;64,14;60,68;59,89;57,14;54,47;54,09;14,3;0,0;20,1;13,6;11,1;9,37;9,18;1,75;0,0;2,8;2,13;2,0;1,71;1,58;1,55;0,0287;0,0137;0,0689;0,0412;0,038;0,0279;0,0204;0,0188;0,105;0,0;0,856;0,288;0,196;0,0466;0,00791;0,00376;0,00981;0,00321;0,0273;0,023;0,0195;0,00753;0,00433;0,00397;0,369;0,206;1,52;0,555;0,47;0,337;0,273;0,255;7,71;0,287;67,6;18,1;14,7;6,14;2,95;2,3;-0,97;-15,33;67,29;30,9;24,4;3,97;-11,2;-12,29
MarchmontGarden;MarchmontGarden1;284;76,66;65,79;85,58;81,62;80,19;74,75;70,09;69,29;71,32;62,46;80,33;75,98;74,61;69,5;65,52;64,38;60,24;51,9;73,88;66,34;64,01;56,66;53,53;53,1;17,1;0,0;27,0;14,9;10,9;9,16;8,86;1,76;0,0;2,99;2,25;2,07;1,7;1,54;1,5;0,0346;0,0131;0,448;0,0691;0,0455;0,0273;0,0199;0,018;0,166;0,0;0,855;0,443;0,37;0,0698;0,00672;0,00292;0,0573;0,00556;0,301;0,209;0,167;0,0277;0,00788;0,00665;0,42;0,188;1,38;0,775;0,636;0,375;0,27;0,247;11,7;0,353;111,0;30,4;23,5;8,87;3,51;2,71;-1,58;-10,06;72,89;31,73;24,68;6,9;-6,02;-7,23
MarchmontGarden;MarchmontGarden1;285;76,66;65,79;85,58;81,62;80,19;74,75;70,09;69,29;71,32;62,46;80,33;75,98;74,61;69,5;65,52;64,38;60,24;51,9;73,88;66,34;64,01;56,66;53,53;53,1;17,1;0,0;27,0;14,9;10,9;9,16;8,86;1,76;0,0;2,99;2,25;2,07;1,7;1,54;1,5;0,0346;0,0131;0,448;0,0691;0,0455;0,0273;0,0199;0,018;0,166;0,0;0,855;0,443;0,37;0,0698;0,00672;0,00292;0,0573;0,00556;0,301;0,209;0,167;0,0277;0,00788;0,00665;0,42;0,188;1,38;0,775;0,636;0,375;0,27;0,247;11,7;0,353;111,0;30,4;23,5;8,87;3,51;2,71;-1,58;-10,06;72,89;31,73;24,68;6,9;-6,02;-7,23
MarchmontGarden;MarchmontGarden1;287;70,72;63,55;74,66;73,07;72,43;70,45;68,55;67,99;66,97;62,79;71,48;69,2;68,6;66,69;65,05;64,54;57,49;52,16;64,06;61,62;60,8;55,97;53,72;52,97;15,5;0,0;18,4;14,4;10,5;8,88;8,51;1,85;0,0;3,01;2,28;2,16;1,81;1,55;1,51;0,0311;0,0147;0,0972;0,0539;0,0459;0,0283;0,0201;0,0187;0,13;0,0;1,43;0,376;0,193;0,0447;0,00992;0,00578;0,013;0,00341;0,051;0,038;0,033;0,00797;0,0046;0,00399;0,411;0,174;2,16;0,796;0,57;0,366;0,269;0,244;7,51;0,128;65,2;18,1;14,0;6,19;2,91;2,32;-6,36;-12,44;66,51;30,69;25,6;5,45;-8,92;-9,81
MarchmontGarden;MarchmontGarden1;288;70,72;63,55;74,66;73,07;72,43;70,45;68,55;67,99;66,97;62,79;71,48;69,2;68,6;66,69;65,05;64,54;57,49;52,16;64,06;61,62;60,8;55,97;53,72;52,97;15,5;0,0;18,4;14,4;10,5;8,88;8,51;1,85;0,0;3,01;2,28;2,16;1,81;1,55;1,51;0,0311;0,0147;0,0972;0,0539;0,0459;0,0283;0,0201;0,0187;0,13;0,0;1,43;0,376;0,193;0,0447;0,00992;0,00578;0,013;0,00341;0,051;0,038;0,033;0,00797;0,0046;0,00399;0,411;0,174;2,16;0,796;0,57;0,366;0,269;0,244;7,51;0,128;65,2;18,1;14,0;6,19;2,91;2,32;-6,36;-12,44;66,51;30,69;25,6;5,45;-8,92;-9,81
MarchmontGarden;MarchmontGarden1;289;70,72;63,55;74,66;73,07;72,43;70,45;68,55;67,99;66,97;62,79;71,48;69,2;68,6;66,69;65,05;64,54;57,49;52,16;64,06;61,62;60,8;55,97;53,72;52,97;15,5;0,0;18,4;14,4;10,5;8,88;8,51;1,85;0,0;3,01;2,28;2,16;1,81;1,55;1,51;0,0311;0,0147;0,0972;0,0539;0,0459;0,0283;0,0201;0,0187;0,13;0,0;1,43;0,376;0,193;0,0447;0,00992;0,00578;0,013;0,00341;0,051;0,038;0,033;0,00797;0,0046;0,00399;0,411;0,174;2,16;0,796;0,57;0,366;0,269;0,244;7,51;0,128;65,2;18,1;14,0;6,19;2,91;2,32;-6,36;-12,44;66,51;30,69;25,6;5,45;-8,92;-9,81
MarchmontGarden;MarchmontGarden1;290;71,78;64,14;84,31;76,42;74,8;69,85;67,21;66,59;66,72;62,04;76,61;69,67;68,7;65,81;63,92;63,48;56,23;51,02;63,63;59,77;59,15;55,16;52,87;52,3;14,1;0,0;17,8;13,2;9,97;8,66;8,33;1,78;0,0;2,77;2,26;2,13;1,72;1,52;1,48;0,0269;0,0129;0,0674;0,0403;0,0354;0,026;0,019;0,0174;0,112;0,0;1,04;0,315;0,197;0,0485;0,0085;0,00448;0,0145;0,00589;0,0313;0,0287;0,0245;0,013;0,00881;0,0067;0,474;0,198;1,21;0,825;0,745;0,415;0,308;0,292;9,26;0,16;49,4;21,9;17,3;7,55;3,36;2,62;-1,46;-14,41;67,0;29,01;23,3;6,61;-11,44;-12,76
MarchmontGarden;MarchmontGarden1;291;71,78;64,14;84,31;76,42;74,8;69,85;67,21;66,59;66,72;62,04;76,61;69,67;68,7;65,81;63,92;63,48;56,23;51,02;63,63;59,77;59,15;55,16;52,87;52,3;14,1;0,0;17,8;13,2;9,97;8,66;8,33;1,78;0,0;2,77;2,26;2,13;1,72;1,52;1,48;0,0269;0,0129;0,0674;0,0403;0,0354;0,026;0,019;0,0174;0,112;0,0;1,04;0,315;0,197;0,0485;0,0085;0,00448;0,0145;0,00589;0,0313;0,0287;0,0245;0,013;0,00881;0,0067;0,474;0,198;1,21;0,825;0,745;0,415;0,308;0,292;9,26;0,16;49,4;21,9;17,3;7,55;3,36;2,62;-1,46;-14,41;67,0;29,01;23,3;6,61;-11,44;-12,76
MarchmontGarden;MarchmontGarden1;292;67,88;62,74;73,79;70,43;69,68;67,44;65,28;64,74;64,27;60,15;72,39;67,26;66,0;63,79;61,66;61,27;56,72;50,79;66,25;60,3;59,5;55,58;52,28;51,84;12,6;0,0;18,4;11,8;9,61;8,22;7,89;1,97;0,0;3,53;2,9;2,67;1,87;1,55;1,52;0,0268;0,0128;0,13;0,045;0,0369;0,0246;0,0182;0,0168;0,4;0,0;2,12;1,29;1,01;0,172;0,0148;0,00663;0,0777;0,00775;0,209;0,172;0,159;0,0615;0,0109;0,00899;0,461;0,24;1,24;0,712;0,658;0,434;0,297;0,278;14,9;0,478;74,1;41,7;35,9;9,41;3,67;2,87;-5,33;-18,16;61,24;31,12;24,57;-1,52;-15,83;-16,74
MarchmontGarden;MarchmontGarden1;293;67,88;62,74;73,79;70,43;69,68;67,44;65,28;64,74;64,27;60,15;72,39;67,26;66,0;63,79;61,66;61,27;56,72;50,79;66,25;60,3;59,5;55,58;52,28;51,84;12,6;0,0;18,4;11,8;9,61;8,22;7,89;1,97;0,0;3,53;2,9;2,67;1,87;1,55;1,52;0,0268;0,0128;0,13;0,045;0,0369;0,0246;0,0182;0,0168;0,4;0,0;2,12;1,29;1,01;0,172;0,0148;0,00663;0,0777;0,00775;0,209;0,172;0,159;0,0615;0,0109;0,00899;0,461;0,24;1,24;0,712;0,658;0,434;0,297;0,278;14,9;0,478;74,1;41,7;35,9;9,41;3,67;2,87;-5,33;-18,16;61,24;31,12;24,57;-1,52;-15,83;-16,74
MarchmontGarden;MarchmontGarden1;294;71,25;62,41;84,19;76,83;74,8;67,59;64,86;64,24;64,75;59,12;75,34;68,21;67,29;63,72;61,65;61,13;54,48;50,71;59,03;57,05;56,51;54,11;52,0;51,59;11,6;0,0;14,8;11,1;9,5;8,28;7,99;2,03;0,0;3,06;2,59;2,43;2,01;1,68;1,62;0,0245;0,0101;0,0687;0,0361;0,0323;0,0237;0,0177;0,0165;0,329;0,0;1,67;1,01;0,806;0,0994;0,00952;0,00441;0,0303;0,00479;0,0991;0,0848;0,0674;0,0205;0,00734;0,00567;0,487;0,237;1,11;0,81;0,74;0,432;0,334;0,309;9,08;0,477;42,1;23,3;19,5;7,76;3,52;2,8;-1,45;-13,16;67,83;28,95;23,02;5,22;-8,73;-9,74
MarchmontGarden;MarchmontGarden1;295;71,25;62,41;84,19;76,83;74,8;67,59;64,86;64,24;64,75;59,12;75,34;68,21;67,29;63,72;61,65;61,13;54,48;50,71;59,03;57,05;56,51;54,11;52,0;51,59;11,6;0,0;14,8;11,1;9,5;8,28;7,99;2,03;0,0;3,06;2,59;2,43;2,01;1,68;1,62;0,0245;0,0101;0,0687;0,0361;0,0323;0,0237;0,0177;0,0165;0,329;0,0;1,67;1,01;0,806;0,0994;0,00952;0,00441;0,0303;0,00479;0,0991;0,0848;0,0674;0,0205;0,00734;0,00567;0,487;0,237;1,11;0,81;0,74;0,432;0,334;0,309;9,08;0,477;42,1;23,3;19,5;7,76;3,52;2,8;-1,45;-13,16;67,83;28,95;23,02;5,22;-8,73;-9,74
MarchmontGarden;MarchmontGarden1;296;74,29;69,36;80,04;76,71;76,03;73,98;71,97;71,39;68,97;65,12;72,64;70,81;70,43;68,81;67,16;66,67;56,5;52,5;64,61;60,14;58,65;55,24;53,62;53,31;12,5;0,0;18,2;11,6;9,46;8,37;8,16;1,62;0,0;2,65;1,98;1,89;1,58;1,41;1,38;0,0276;0,0113;0,0627;0,0395;0,0364;0,0267;0,0198;0,0179;0,182;0,0;1,12;0,446;0,319;0,148;0,0626;0,0419;0,0152;0,0056;0,0508;0,0335;0,0312;0,0118;0,00784;0,00692;0,356;0,206;0,939;0,546;0,476;0,336;0,264;0,246;8,76;0,146;47,8;20,1;15,9;7,33;3,48;2,72;-6,89;-13,72;70,36;28,09;20,81;2,19;-11,8;-12,62
MarchmontGarden;MarchmontGarden1;298;68,91;61,73;81,49;74,6;70,83;65,9;64,03;63,47;67,53;58,22;81,39;74,07;69,59;63,63;61,49;61,04;57,88;50,44;75,87;61,47;59,61;54,75;52,14;51,46;13,7;0,0;27,0;12,7;9,29;8,04;7,78;1,67;0,0;2,66;1,93;1,82;1,65;1,54;1,5;0,0293;0,0125;0,249;0,0493;0,0411;0,0262;0,0193;0,0179;0,2;0,0;1,42;0,757;0,261;0,0278;0,00268;0,000361;0,0448;0,00284;0,429;0,296;0,151;0,00725;0,00415;0,00376;0,38;0,136;2,13;0,789;0,615;0,321;0,241;0,204;7,74;0,0579;128,0;23,8;15,5;5,43;2,55;1,95;-5,5;-15,07;60,9;31,84;22,46;0,72;-12,26;-13,17
MarchmontGarden;MarchmontGarden1;300;69,82;63,03;75,9;73,32;72,57;68,86;65,17;64,63;66,03;60,67;71,16;69,02;68,5;65,44;62,38;61,89;52,8;47,92;62,74;57,38;55,15;51,51;49,59;49,0;10,4;0,0;16,4;9,57;8,02;6,96;6,71;1,62;0,0;2,94;2,08;1,95;1,56;1,39;1,37;0,0242;0,0105;0,0607;0,036;0,0325;0,0232;0,0169;0,0156;0,0858;0,0;0,93;0,21;0,121;0,0256;0,00415;0,00141;0,00905;0,00279;0,0517;0,0268;0,0167;0,00635;0,00387;0,00314;0,374;0,187;0,961;0,575;0,493;0,352;0,27;0,251;6,34;0,128;42,3;17,0;12,4;4,85;2,34;1,79;-4,76;-14,36;64,74;23,95;18,58;2,74;-11,27;-12,52
MarchmontGarden;MarchmontGarden2;306;77,08;61,11;86,49;82,37;81,09;74,83;65,17;63,58;70,22;58,76;80,36;75,78;74,44;67,65;60,56;59,94;52,39;49,17;66,63;53,98;53,14;51,99;50,59;49,89;9,76;0,0;16,0;9,36;8,33;7,36;7,13;1,61;0,0;2,2;1,85;1,77;1,6;1,46;1,43;0,0248;0,0116;0,0728;0,0361;0,0329;0,0238;0,0177;0,0164;0,0726;0,0;0,661;0,12;0,0691;0,0153;0,00146;0,0;0,00663;0,00245;0,0218;0,0135;0,0126;0,0053;0,0033;0,00307;0,371;0,241;0,745;0,518;0,473;0,358;0,288;0,276;5,35;0,0;66,9;11,4;9,06;4,58;2,1;1,61;-2,4;-17,11;72,83;27,19;18,16;-1,98;-15,29;-16,31
MarchmontGarden;MarchmontGarden2;302;78,01;63,97;90,02;84,41;83,0;72,42;66,98;66,1;68,68;61,38;77,4;73,79;72,0;66,42;62,99;62,48;54,31;49,85;62,91;58,75;57,37;52,28;50,5;50,32;13,4;0,0;17,7;12,1;8,65;7,5;7,34;1,6;0,0;2,55;1,84;1,74;1,57;1,48;1,45;0,0249;0,0105;0,0532;0,0362;0,0333;0,0244;0,0172;0,0157;0,102;0,0;0,599;0,217;0,171;0,0199;0,00223;0,000816;0,0071;0,00186;0,0274;0,0222;0,0147;0,00558;0,00253;0,00226;0,313;0,187;0,889;0,416;0,386;0,301;0,246;0,233;4,65;0,0;46,3;8,83;7,42;4,27;2,0;1,54;-1,52;-17,86;75,53;28,46;21,43;-2,21;-15,49;-16,52
MarchmontGarden;MarchmontGarden2;303;73,61;63,86;82,43;78,4;77,22;71,61;66,97;65,79;66,35;60,64;73,79;70,0;69,0;65,35;62,49;62,01;52,3;49,68;61,38;54,35;53,66;51,75;50,67;50,45;9,8;0,0;16,9;9,35;8,19;7,57;7,44;1,64;0,0;2,84;1,94;1,77;1,61;1,54;1,53;0,0236;0,0118;0,0471;0,0328;0,0302;0,0231;0,0173;0,0162;0,207;0,0;1,09;0,601;0,207;0,012;0,00074;0,0;0,00544;0,00189;0,0305;0,0212;0,0103;0,00363;0,00251;0,00219;0,323;0,209;0,871;0,437;0,396;0,313;0,263;0,249;4,31;0,0;28,3;8,72;7,15;3,81;1,78;1,36;-2,52;-18,14;69,33;27,41;20,77;-3,25;-14,98;-15,96
MarchmontGarden;MarchmontGarden2;304;68,51;62,88;79,43;72,44;70,88;67,51;65,34;64,8;65,12;60,34;71,7;68,24;67,49;64,56;62,61;62,2;56,18;50,49;66,87;61,65;59,21;53,72;51,6;51,41;12,6;0,0;17,6;11,3;8,55;7,92;7,78;1,58;0,0;3,2;1,94;1,8;1,55;1,49;1,46;0,0283;0,0137;0,126;0,0485;0,0386;0,0256;0,0191;0,0178;0,166;0,0;1,31;0,503;0,301;0,0432;0,00407;0,00143;0,0495;0,00244;0,274;0,253;0,205;0,0106;0,00348;0,0031;0,397;0,194;1,19;0,755;0,632;0,336;0,257;0,24;8,53;0,0972;69,5;25,4;17,9;6,01;2,62;1,98;-4,06;-16,16;62,89;28,56;20,65;-0,05;-12,22;-13,29
MarchmontGarden;MarchmontGarden3;309;67,27;61,61;77,22;72,44;70,83;65,35;63,41;62,9;64,15;58,8;71,19;69,11;67,2;62,86;60,98;60,44;55,11;49,6;63,02;60,3;58,66;53,71;51,05;50,55;12,0;0,0;15,0;11,1;8,43;7,3;7,09;1,48;0,0;2,56;1,76;1,67;1,47;1,3;1,24;0,0305;0,0126;0,0951;0,0451;0,0399;0,0291;0,0215;0,0197;0,0718;0,0;0,438;0,137;0,0954;0,0205;0,00321;0,00131;0,0209;0,00315;0,114;0,0965;0,0619;0,00916;0,00518;0,00412;0,435;0,217;1,08;0,766;0,654;0,388;0,284;0,268;7,03;0,186;55,4;17,4;12,6;5,55;2,58;2,04;-0,61;-16,38;60,11;27,14;16,82;-1,26;-13,32;-14,01
MarchmontGarden;MarchmontGarden3;308;66,25;61,47;74,0;68,62;68,03;65,76;64,16;63,68;63,35;59,1;73,55;65,71;65,0;62,65;61,15;60,84;51,71;49,05;64,68;54,0;52,85;50,58;49,65;49,46;8,79;0,0;14,3;8,28;7,36;6,85;6,72;1,57;0,0;2,61;1,82;1,72;1,54;1,46;1,42;0,025;0,0132;0,106;0,0401;0,0335;0,0231;0,0173;0,0161;0,0593;0,0;0,294;0,0979;0,0577;0,0136;0,00155;1,34e-05;0,017;0,0016;0,122;0,104;0,085;0,00321;0,00215;0,00197;0,342;0,206;1,02;0,585;0,506;0,303;0,25;0,242;5,38;0,0455;58,9;13,8;9,89;4,04;1,79;1,34;-6,58;-15,99;62,41;25,52;17,78;-1,88;-12,22;-13,4
MarchmontGarden;MarchmontGarden3;335;66,25;61,47;74,0;68,62;68,03;65,76;64,16;63,68;63,35;59,1;73,55;65,71;65,0;62,65;61,15;60,84;51,71;49,05;64,68;54,0;52,85;50,58;49,65;49,46;8,79;0,0;14,3;8,28;7,36;6,85;6,72;1,57;0,0;2,61;1,82;1,72;1,54;1,46;1,42;0,025;0,0132;0,106;0,0401;0,0335;0,0231;0,0173;0,0161;0,0593;0,0;0,294;0,0979;0,0577;0,0136;0,00155;1,34e-05;0,017;0,0016;0,122;0,104;0,085;0,00321;0,00215;0,00197;0,342;0,206;1,02;0,585;0,506;0,303;0,25;0,242;5,38;0,0455;58,9;13,8;9,89;4,04;1,79;1,34;-6,58;-15,99;62,41;25,52;17,78;-1,88;-12,22;-13,4
MarchmontGarden;MarchmontGarden3;310;68,42;61,82;77,49;72,52;71,23;67,04;64,31;63,71;65,22;58,64;73,08;69,81;68,24;63,67;61,04;60,21;53,68;49,07;61,41;57,57;56,67;52,28;50,0;49,69;11,2;0,0;14,6;10,4;7,93;6,95;6,8;1,57;0,0;2,48;1,76;1,68;1,55;1,49;1,47;0,0251;0,0122;0,0546;0,0371;0,0333;0,024;0,018;0,0165;0,12;0,0;0,598;0,298;0,215;0,0339;0,0031;0,000845;0,00877;0,00198;0,0334;0,0277;0,0205;0,00531;0,0027;0,00224;0,326;0,186;1,21;0,494;0,408;0,302;0,246;0,232;5,24;0,0;33,8;12,6;9,35;4,23;1,85;1,4;-6,12;-19,35;62,04;28,19;20,01;-5,08;-16,9;-17,94
MarchmontGarden;MarchmontGarden3;313;66,01;62,0;71,11;69,11;68,12;65,38;63,71;63,33;63,34;59,24;69,72;67,19;65,79;62,37;60,89;60,59;52,11;47,77;59,08;57,46;55,57;50,64;48,92;48,67;11,7;0,0;13,8;9,85;7,31;6,38;6,22;1,42;0,0;2,74;1,78;1,67;1,37;1,25;1,23;0,0246;0,0123;0,0534;0,0358;0,0327;0,0237;0,0175;0,0161;0,152;0,0;0,736;0,418;0,286;0,057;0,0041;0,00161;0,00798;0,00212;0,029;0,0255;0,0235;0,00503;0,00292;0,0027;0,363;0,209;1,29;0,603;0,534;0,322;0,257;0,244;5,25;0,0;48,7;10,9;8,9;4,57;2,13;1,61;-4,67;-18,85;60,65;27,25;18,52;-4,18;-16,53;-17,6
MarchmontGarden;MarchmontGarden3;314;72,22;60,93;85,35;78,08;75,71;69,0;65,82;65,12;64,87;58,71;76,08;69,02;67,32;63,54;61,32;60,87;52,23;48,98;59,01;56,14;54,9;51,17;50,26;50,08;9,9;0,0;12,7;9,37;7,74;7,15;7,03;1,76;0,0;3,74;2,56;2,36;1,63;1,49;1,45;0,0227;0,0114;0,0635;0,0337;0,0305;0,0219;0,0163;0,0148;0,359;0,0;1,4;0,922;0,8;0,0906;0,00569;0,00273;0,0305;0,00263;0,115;0,105;0,0927;0,0133;0,00322;0,00293;0,472;0,238;1,19;0,848;0,769;0,409;0,292;0,275;9,67;0,0429;69,7;30,6;24,2;5,54;2,19;1,66;-2,25;-18,69;68,38;27,51;21,3;-3,3;-16,3;-17,27
MarchmontGarden;MarchmontGarden3;315;66,48;63,22;75,07;69,14;67,93;65,9;64,42;64,17;64,14;60,94;74,91;68,27;65,53;63,12;61,91;61,62;56,79;51,42;68,23;62,43;59,03;54,3;52,55;52,14;11,5;0,0;18,6;10,2;8,93;8,11;7,91;1,68;0,0;2,5;2,02;1,94;1,67;1,46;1,42;0,0313;0,0134;0,189;0,0653;0,046;0,0257;0,0191;0,0177;0,0887;0,0;0,516;0,2;0,154;0,0397;0,00396;0,0015;0,0686;0,00851;0,292;0,21;0,185;0,0464;0,0164;0,0131;0,63;0,267;1,53;1,06;0,893;0,605;0,375;0,325;14,0;0,593;88,6;35,1;27,0;11,2;4,11;3,07;-3,27;-15,22;61,15;28,88;22,71;0,67;-11,79;-12,8
MarchmontGarden;MarchmontGarden3;316;74,67;64,67;87,58;80,18;77,45;71,55;67,71;66,86;68,12;61,83;80,8;72,19;70,34;66,23;63,47;62,96;54,41;50,27;62,78;57,78;55,67;53,69;52,34;51,77;11,6;0,0;15,4;10,8;9,17;8,35;8,07;1,69;0,0;2,54;2,05;1,93;1,66;1,51;1,45;0,026;0,0126;0,132;0,0385;0,0339;0,0245;0,0185;0,0171;0,124;0,0;0,745;0,335;0,219;0,0334;0,00311;0,00106;0,0141;0,00272;0,0467;0,0312;0,0249;0,0122;0,00551;0,00397;0,388;0,211;0,927;0,595;0,515;0,366;0,283;0,265;7,14;0,049;61,9;17,8;13,6;5,61;2,56;1,98;-1,17;-17,24;70,52;28,74;22,91;-1,84;-15,16;-15,97
MarchmontGarden;MarchmontGarden3;317;72,93;64,14;78,52;77,25;76,76;71,63;67,54;66,58;71,48;61,02;77,29;76,18;75,72;69,65;64,71;63,19;60,37;50,52;67,23;64,69;63,63;59,32;52,95;51,95;19,5;0,0;21,8;18,0;13,2;8,68;8,16;1,62;0,0;2,59;2,01;1,83;1,6;1,42;1,39;0,0336;0,0134;0,301;0,0525;0,0442;0,0311;0,0216;0,0195;0,275;0,0;0,867;0,714;0,623;0,196;0,0334;0,0183;0,0153;0,00271;0,118;0,0711;0,036;0,00828;0,00384;0,00327;0,36;0,196;0,985;0,614;0,513;0,331;0,245;0,231;8,63;0,162;66,2;23,6;17,1;6,26;2,79;2,14;-7,02;-15,05;68,44;34,51;27,43;2,75;-10,33;-11,19
MarchmontGarden;MarchmontGarden3;336;72,93;64,14;78,52;77,25;76,76;71,63;67,54;66,58;71,48;61,02;77,29;76,18;75,72;69,65;64,71;63,19;60,37;50,52;67,23;64,69;63,63;59,32;52,95;51,95;19,5;0,0;21,8;18,0;13,2;8,68;8,16;1,62;0,0;2,59;2,01;1,83;1,6;1,42;1,39;0,0336;0,0134;0,301;0,0525;0,0442;0,0311;0,0216;0,0195;0,275;0,0;0,867;0,714;0,623;0,196;0,0334;0,0183;0,0153;0,00271;0,118;0,0711;0,036;0,00828;0,00384;0,00327;0,36;0,196;0,985;0,614;0,513;0,331;0,245;0,231;8,63;0,162;66,2;23,6;17,1;6,26;2,79;2,14;-7,02;-15,05;68,44;34,51;27,43;2,75;-10,33;-11,19
MarchmontGarden;MarchmontGarden3;337;71,02;62,97;80,39;76,14;74,34;69,15;65,5;64,82;65,12;60,33;74,02;69,03;67,29;63,96;62,15;61,73;53,92;49,55;62,55;57,34;56,27;52,82;51,05;50,73;10,3;0,0;12,2;9,84;8,28;7,35;7,12;1,53;0,0;2,48;1,9;1,8;1,5;1,34;1,3;0,0248;0,0121;0,0669;0,0357;0,0326;0,0242;0,0179;0,0165;0,144;0,0;1,26;0,467;0,289;0,0452;0,00633;0,00278;0,0112;0,00314;0,0448;0,0369;0,0272;0,00769;0,00509;0,00445;0,357;0,226;0,896;0,513;0,458;0,339;0,269;0,257;6,49;0,235;30,0;13,5;11,3;5,71;2,75;2,13;-1,59;-18,51;66,24;27,52;18,87;-5,02;-15,87;-16,78
MarchmontGarden;MarchmontGarden3;320;73,59;64,76;85,95;80,59;76,26;69,61;66,78;66,21;66,9;61,15;76,47;72,43;69,6;64,94;62,98;62,46;54,72;51,91;61,54;56,95;56,19;54,17;52,84;52,59;11,0;0,0;14,8;10,6;9,26;8,35;8,18;1,65;0,0;2,37;1,83;1,77;1,64;1,55;1,52;0,0272;0,014;0,0762;0,0398;0,0356;0,0259;0,0196;0,0183;0,0928;0,0;0,888;0,205;0,132;0,0252;0,00383;0,00162;0,00714;0,00213;0,0405;0,0188;0,0101;0,00564;0,0029;0,0025;0,345;0,219;0,582;0,468;0,442;0,331;0,281;0,269;5,8;0,0583;42,4;11,9;9,64;5,07;2,51;2,0;-1,31;-16,15;69,64;29,21;20,88;-0,52;-13,27;-14,03
MarchmontGarden;MarchmontGarden3;322;67,69;62,39;77,47;71,63;69,67;66,49;64,63;64,29;64,53;60,45;73,24;67,9;66,68;63,65;62,23;61,83;58,38;51,62;71,68;63,93;60,62;55,3;52,95;52,62;14,2;0,0;21,4;12,0;9,66;8,29;8,04;1,74;0,0;2,97;2,24;2,04;1,68;1,52;1,48;0,0281;0,0133;0,12;0,0422;0,0379;0,0266;0,02;0,0185;0,225;0,0;1,36;0,732;0,56;0,0825;0,0113;0,00617;0,0286;0,00367;0,106;0,0911;0,0821;0,0184;0,00865;0,00777;0,404;0,196;1,06;0,722;0,602;0,363;0,28;0,261;9,26;0,155;56,3;21,1;17,1;7,64;3,62;2,8;-5,04;-16,51;60,69;32,69;24,21;0,52;-14,8;-15,33
MarchmontGarden;MarchmontGarden3;339;67,16;61,61;74,93;70,88;69,28;66,25;64,14;63,57;64,52;59,53;73,03;68,81;66,96;63,35;61,34;60,91;54,41;50,44;64,32;57,63;56,59;53,47;51,82;51,53;11,6;0,0;17,0;10,9;8,7;7,79;7,62;1,67;0,0;3,4;2,11;1,9;1,61;1,52;1,5;0,0253;0,0138;0,07;0,0374;0,0335;0,0243;0,0185;0,0173;0,12;0,0;0,969;0,299;0,226;0,0477;0,00514;0,00262;0,00934;0,00313;0,0322;0,0261;0,0157;0,00688;0,00424;0,00357;0,379;0,2;1,3;0,646;0,56;0,332;0,264;0,248;6,43;0,0;48,0;15,2;11,9;5,2;2,39;1,85;-4,28;-17,01;60,56;30,31;21,52;0,52;-14,77;-15,58
MarchmontGarden;MarchmontGarden3;340;67,16;61,61;74,93;70,88;69,28;66,25;64,14;63,57;64,52;59,53;73,03;68,81;66,96;63,35;61,34;60,91;54,41;50,44;64,32;57,63;56,59;53,47;51,82;51,53;11,6;0,0;17,0;10,9;8,7;7,79;7,62;1,67;0,0;3,4;2,11;1,9;1,61;1,52;1,5;0,0253;0,0138;0,07;0,0374;0,0335;0,0243;0,0185;0,0173;0,12;0,0;0,969;0,299;0,226;0,0477;0,00514;0,00262;0,00934;0,00313;0,0322;0,0261;0,0157;0,00688;0,00424;0,00357;0,379;0,2;1,3;0,646;0,56;0,332;0,264;0,248;6,43;0,0;48,0;15,2;11,9;5,2;2,39;1,85;-4,28;-17,01;60,56;30,31;21,52;0,52;-14,77;-15,58
MarchmontGarden;MarchmontGarden3;321;75,51;68,38;80,16;78,03;77,48;75,18;72,85;72,14;69,77;64,67;76,62;71,9;71,47;69,5;67,6;67,12;55,22;52,96;65,53;56,71;56,23;54,82;53,84;53,58;10,8;0,0;18,0;10,5;9,54;8,88;8,72;1,58;0,0;2,18;1,82;1,72;1,55;1,45;1,43;0,0269;0,0133;0,115;0,0412;0,0356;0,0258;0,0193;0,0178;0,149;0,0;0,978;0,365;0,282;0,127;0,0428;0,0331;0,0136;0,00508;0,0398;0,0326;0,0274;0,0112;0,00717;0,0065;0,33;0,193;0,842;0,481;0,422;0,311;0,249;0,228;6,84;0,05;61,5;14,2;11,5;5,86;2,91;2,27;-7,67;-16,19;71,76;29,13;20,35;-1,11;-13,54;-14,52
MarchmontGarden;MarchmontGarden3;338;66,97;62,22;75,3;70,66;69,36;66,11;64,37;63,9;63,49;60,03;68,58;65,7;65,06;63,2;61,63;61,19;52,35;48,79;60,29;54,79;53,94;51,9;49,98;49,65;9,6;0,0;14,6;9,12;7,82;6,92;6,78;1,53;0,0;2,35;1,94;1,82;1,49;1,39;1,37;0,0232;0,012;0,0498;0,0326;0,0305;0,0227;0,0171;0,0158;0,101;0,0;0,961;0,246;0,168;0,0467;0,00625;0,00239;0,0114;0,0038;0,0337;0,0284;0,0186;0,0102;0,00472;0,00422;0,34;0,165;0,8;0,464;0,425;0,326;0,274;0,256;7,51;0,0377;44,7;16,4;13,7;6,27;2,81;2,18;-6,56;-18,15;61,28;26,59;18,48;-2,06;-15,7;-16,51
MarchmontGarden;MarchmontGarden3;323;71,17;62,58;82,41;75,91;73,93;68,94;65,25;64,49;65,05;59,77;75,87;69,01;67,15;63,64;61,82;61,44;52,26;50,41;56,35;53,87;53,37;52,0;51,14;50,98;8,97;0,0;11,0;8,69;7,94;7,43;7,32;1,51;0,0;2,5;1,74;1,64;1,49;1,43;1,41;0,0249;0,0118;0,0528;0,0359;0,033;0,0241;0,0181;0,017;0,108;0,0;0,58;0,299;0,215;0,0465;0,00881;0,00402;0,00666;0,0028;0,0201;0,0151;0,0131;0,00532;0,00334;0,00318;0,344;0,198;0,83;0,495;0,45;0,326;0,262;0,249;5,86;0,0213;38,2;12,5;10,2;5,1;2,3;1,76;-1,04;-19,51;67,01;27,31;18,05;-4,43;-16,64;-17,66
MarchmontGarden;MarchmontGarden3;341;72,35;61,12;83,14;77,1;75,31;70,63;64,97;63,7;67,8;59,0;74,12;72,29;71,0;66,52;62,19;61,01;55,3;48,7;62,14;59,33;58,85;53,56;49,69;49,4;14,0;0,0;17,5;13,6;9,68;7,01;6,65;2,05;0,0;2,97;2,69;2,6;2,07;1,52;1,46;0,0247;0,0127;0,058;0,0353;0,0326;0,0238;0,0184;0,017;0,211;0,0;0,896;0,586;0,454;0,119;0,0178;0,00863;0,0103;0,0019;0,0309;0,0244;0,0211;0,00828;0,00358;0,00262;0,324;0,181;0,62;0,43;0,41;0,314;0,254;0,243;6,13;0,0737;37,8;13,9;10,9;5,2;2,29;1,75;-0,62;-19,32;66,74;30,81;24,38;-3,64;-16,88;-17,7
MarchmontGarden;MarchmontGarden3;326;71,41;64,26;82,78;76,46;74,62;68,91;66,24;65,69;65,29;61,29;74,99;68,79;67,36;64,0;62,56;62,23;55,06;52,62;61,39;57,19;56,61;54,62;53,58;53,28;10,5;0,0;16,7;9,96;9,07;8,44;8,3;1,52;0,0;2,23;1,67;1,6;1,5;1,44;1,43;0,0297;0,013;0,0863;0,0462;0,0401;0,028;0,021;0,0193;0,17;0,0;0,93;0,492;0,386;0,0909;0,0134;0,00804;0,0119;0,00505;0,0322;0,0231;0,0178;0,0114;0,00628;0,00578;0,392;0,23;0,813;0,552;0,495;0,381;0,303;0,278;7,79;0,278;42,9;16,1;13,1;6,82;3,44;2,69;-1,37;-17,02;66,73;30,24;19,78;-1,47;-13,94;-14,86
MarchmontGarden;MarchmontGarden3;327;75,12;68,06;82,42;78,41;77,53;74,45;71,55;70,7;69,42;63,37;76,47;72,25;71,36;68,98;66,77;66,15;55,83;52,46;60,78;58,51;57,89;55,19;53,5;53,24;11,8;0,0;14,3;11,3;9,57;8,6;8,41;1,56;0,0;2,31;1,79;1,69;1,55;1,44;1,42;0,0305;0,0152;0,074;0,0457;0,0409;0,0296;0,021;0,0191;0,109;0,0;1,17;0,273;0,21;0,0487;0,0116;0,00697;0,0138;0,00555;0,0366;0,0272;0,0229;0,0123;0,00717;0,00634;0,375;0,226;1,11;0,524;0,486;0,362;0,278;0,267;7,46;0,229;42,6;16,4;13,2;6,41;2,98;2,29;-8,13;-14,23;70,94;29,13;20,44;-0,53;-11,16;-12,38
MarchmontGarden;MarchmontGarden3;329;68,71;64,17;78,37;71,34;70,29;68,02;66,37;65,93;64,26;60,97;71,03;66,14;65,6;63,93;62,58;62,28;54,34;50,78;68,2;57,43;55,82;53,05;51,72;51,5;10,2;0,0;23,3;9,85;8,42;7,67;7,53;1,58;0,0;2,92;1,96;1,81;1,53;1,42;1,4;0,0283;0,0127;0,186;0,0451;0,0363;0,0254;0,0197;0,0181;0,0737;0,0;0,811;0,163;0,107;0,028;0,00441;0,0018;0,00988;0,00308;0,0528;0,0309;0,0186;0,00772;0,00454;0,00402;0,45;0,21;2,93;1,01;0,8;0,349;0,268;0,247;6,99;0,118;102,0;16,8;12,9;5,48;2,5;1,95;-4,52;-11,1;63,72;29,61;21,5;8,61;-7,66;-8,5
MarchmontGarden;MarchmontGarden3;342;72,59;67,26;77,43;74,92;74,42;72,26;70,03;69,33;67,92;63,49;72,14;69,95;69,51;67,65;65,9;65,44;55,5;51,43;63,6;59,06;57,96;54,21;52,41;52,11;11,4;0,0;15,9;10,9;8,93;8,13;7,97;1,61;0,0;2,85;2,08;1,88;1,57;1,45;1,42;0,0329;0,0137;0,179;0,0686;0,0498;0,0275;0,0192;0,0179;0,131;0,0;1,43;0,381;0,25;0,0772;0,0184;0,0103;0,0313;0,00428;0,142;0,0873;0,0542;0,0253;0,00947;0,00495;0,436;0,205;1,65;0,877;0,691;0,365;0,263;0,245;10,3;0,207;71,3;28,9;21,9;7,34;3,06;2,36;-8,96;-15,0;69,52;28,32;20,3;2,18;-11,72;-12,51
MarchmontGarden;MarchmontGarden3;330;70,18;60,96;78,1;75,33;74,52;65,87;63,39;62,74;65,63;58,21;73,18;70,09;69,29;62,72;60,45;59,93;53,01;49,41;60,51;55,61;55,04;52,29;50,73;50,39;9,91;0,0;12,4;9,5;7,89;7,09;6,93;1,49;0,0;2,56;1,77;1,64;1,46;1,37;1,36;0,0259;0,0125;0,0663;0,0381;0,0345;0,0252;0,0187;0,0172;0,116;0,0;0,812;0,281;0,213;0,0385;0,00374;0,00134;0,00757;0,00267;0,0173;0,0158;0,0143;0,00701;0,00369;0,00313;0,337;0,198;0,71;0,48;0,432;0,324;0,269;0,255;6,0;0,0;38,3;13,7;10,6;5,12;2,31;1,77;-7,9;-16,59;66,38;27,51;17,84;-3,96;-13,59;-14,43
MarchmontGarden;MarchmontGarden3;331;68,01;63,99;76,37;70,65;69,71;67,53;65,81;65,46;65,02;61,84;69,37;67,38;66,79;64,6;63,05;62,76;53,79;49,24;61,73;58,72;55,4;52,51;51,11;50,5;12,2;0,0;16,3;10,2;8,46;7,51;7,26;1,55;0,0;2,32;1,81;1,72;1,52;1,41;1,38;0,0264;0,0127;0,078;0,0402;0,035;0,025;0,019;0,0173;0,0743;0,0;0,537;0,165;0,112;0,0255;0,00346;0,00129;0,00713;0,00367;0,0147;0,0133;0,0118;0,00676;0,00462;0,00444;0,383;0,224;1,25;0,625;0,512;0,354;0,276;0,262;6,04;0,172;36,5;12,6;10,3;5,34;2,57;2,03;-3,98;-17,91;62,6;29,04;20,14;-0,3;-15,61;-16,42
MarchmontGarden;MarchmontGarden3;332;68,51;63,44;74,89;71,61;70,43;67,84;65,9;65,41;66,51;61,56;74,27;70,39;68,94;65,2;63,38;62,97;56,31;51,29;67,15;60,9;59,26;54,52;52,43;52,24;13,2;0,0;18,3;12,0;9,15;8,13;7,93;1,52;0,0;2,62;1,87;1,77;1,51;1,36;1,3;0,0303;0,0139;0,104;0,0488;0,0427;0,0284;0,0198;0,018;0,159;0,0;1,3;0,431;0,292;0,0535;0,00472;0,0018;0,0241;0,0062;0,0801;0,0446;0,0396;0,0218;0,0118;0,00847;0,442;0,207;1,5;0,722;0,614;0,408;0,315;0,29;9,72;0,0236;79,4;21,9;17,2;8,07;3,85;2,99;-3,11;-12,9;62,34;28,75;20,59;3,58;-6,85;-7,95
MarchmontGarden;MarchmontGarden3;343;68,51;63,44;74,89;71,61;70,43;67,84;65,9;65,41;66,51;61,56;74,27;70,39;68,94;65,2;63,38;62,97;56,31;51,29;67,15;60,9;59,26;54,52;52,43;52,24;13,2;0,0;18,3;12,0;9,15;8,13;7,93;1,52;0,0;2,62;1,87;1,77;1,51;1,36;1,3;0,0303;0,0139;0,104;0,0488;0,0427;0,0284;0,0198;0,018;0,159;0,0;1,3;0,431;0,292;0,0535;0,00472;0,0018;0,0241;0,0062;0,0801;0,0446;0,0396;0,0218;0,0118;0,00847;0,442;0,207;1,5;0,722;0,614;0,408;0,315;0,29;9,72;0,0236;79,4;21,9;17,2;8,07;3,85;2,99;-3,11;-12,9;62,34;28,75;20,59;3,58;-6,85;-7,95
MarchmontGarden;MarchmontGarden3;344;65,17;61,54;70,86;67,39;66,48;64,76;63,31;62,96;62,86;59,23;69,71;65,09;64,13;62,45;60,82;60,34;55,65;49,85;66,37;59,13;57,93;54,56;51,71;51,12;11,8;0,0;17,9;11,0;9,11;7,67;7,41;1,59;0,0;2,3;1,86;1,79;1,56;1,42;1,4;0,0281;0,0132;0,1;0,0405;0,0369;0,0268;0,0204;0,0189;0,134;0,0;0,913;0,364;0,265;0,0728;0,0142;0,0083;0,016;0,00425;0,0369;0,0313;0,0282;0,0141;0,00705;0,00609;0,385;0,203;0,811;0,562;0,501;0,376;0,291;0,273;8,99;0,191;49,7;19,5;15,9;8,03;3,86;3,01;-3,01;-13,96;58,06;27,89;19,61;0,82;-11,77;-12,31
MarchmontGarden;MarchmontGarden3;345;65,17;61,54;70,86;67,39;66,48;64,76;63,31;62,96;62,86;59,23;69,71;65,09;64,13;62,45;60,82;60,34;55,65;49,85;66,37;59,13;57,93;54,56;51,71;51,12;11,8;0,0;17,9;11,0;9,11;7,67;7,41;1,59;0,0;2,3;1,86;1,79;1,56;1,42;1,4;0,0281;0,0132;0,1;0,0405;0,0369;0,0268;0,0204;0,0189;0,134;0,0;0,913;0,364;0,265;0,0728;0,0142;0,0083;0,016;0,00425;0,0369;0,0313;0,0282;0,0141;0,00705;0,00609;0,385;0,203;0,811;0,562;0,501;0,376;0,291;0,273;8,99;0,191;49,7;19,5;15,9;8,03;3,86;3,01;-3,01;-13,96;58,06;27,89;19,61;0,82;-11,77;-12,31
MarchmontGarden;MarchmontGarden3;346;66,24;61,22;76,06;71,12;69,35;64,36;62,55;62,17;61,71;58,8;67,9;64,02;63,01;61,29;59,96;59,63;53,77;49,93;63,77;56,42;55,3;52,8;51,05;50,7;10,2;0,0;12,4;9,71;7,98;7,1;6,94;1,63;0,0;2,59;2,18;2,01;1,54;1,41;1,39;0,0265;0,0143;0,0502;0,0387;0,035;0,0255;0,0191;0,0179;0,0882;0,0;0,69;0,211;0,16;0,0387;0,00636;0,00251;0,0113;0,00413;0,0297;0,0241;0,0207;0,00977;0,0052;0,00474;0,346;0,206;1,08;0,519;0,445;0,335;0,271;0,258;6,64;0,208;35,3;14,5;11,5;5,79;2,64;2,05;-0,79;-16,4;61,0;27,6;19,25;-0,06;-14,71;-15,24
MarchmontGarden;MarchmontGarden3;333;70,18;65,93;75,96;72,58;71,92;69,93;68,02;67,51;66,69;61,93;74,85;68,96;68,14;66,1;64,55;64,16;55,39;50,31;65,29;59,51;57,81;53,65;51,73;51,38;11,8;0,0;17,2;10,9;8,87;7,82;7,56;1,57;0,0;2,5;1,88;1,78;1,54;1,42;1,38;0,0303;0,015;0,121;0,0571;0,0437;0,0271;0,0195;0,018;0,1;0,0;0,831;0,249;0,161;0,0374;0,00715;0,00351;0,0218;0,00535;0,0867;0,0706;0,0454;0,0192;0,00721;0,00602;0,43;0,238;1,05;0,813;0,683;0,379;0,289;0,268;9,14;0,0459;64,4;23,4;17,2;7,03;3,1;2,41;-5,14;-16,7;65,92;26,8;19,87;0,55;-14,69;-15,4
MarchmontGarden;MarchmontGarden3;334;66,98;62,23;73,96;69,51;68,79;66,52;64,72;64,31;63,46;59,6;68,74;66,3;65,32;62,92;61,36;60,96;54,66;50,21;64,91;59,32;56,99;53,13;51,05;50,81;10,8;0,0;17,7;9,98;8,36;7,47;7,31;1,59;0,0;2,94;1,82;1,71;1,57;1,49;1,47;0,027;0,0127;0,0693;0,0398;0,0359;0,026;0,0191;0,0176;0,0941;0,0;0,795;0,239;0,148;0,0272;0,00357;0,00116;0,0162;0,00387;0,0827;0,054;0,0354;0,0107;0,00593;0,00519;0,36;0,188;0,864;0,512;0,459;0,35;0,272;0,257;7,51;0,12;46,3;18,9;14,7;5,95;2,58;1,97;-6,26;-17,82;60,67;28,93;19,98;-3,02;-14,82;-15,74
MarchmontGarden;MarchmontGarden3;347;66,98;62,23;73,96;69,51;68,79;66,52;64,72;64,31;63,46;59,6;68,74;66,3;65,32;62,92;61,36;60,96;54,66;50,21;64,91;59,32;56,99;53,13;51,05;50,81;10,8;0,0;17,7;9,98;8,36;7,47;7,31;1,59;0,0;2,94;1,82;1,71;1,57;1,49;1,47;0,027;0,0127;0,0693;0,0398;0,0359;0,026;0,0191;0,0176;0,0941;0,0;0,795;0,239;0,148;0,0272;0,00357;0,00116;0,0162;0,00387;0,0827;0,054;0,0354;0,0107;0,00593;0,00519;0,36;0,188;0,864;0,512;0,459;0,35;0,272;0,257;7,51;0,12;46,3;18,9;14,7;5,95;2,58;1,97;-6,26;-17,82;60,67;28,93;19,98;-3,02;-14,82;-15,74
MarchmontGarden;MarchmontGarden4;348;68,82;63,37;76,18;71,45;70,69;68,22;66,48;65,84;64,99;59,53;73,0;68,02;66,85;64,19;62,62;62,07;50,79;48,13;59,26;53,97;52,34;49,94;48,81;48,59;8,51;0,0;12,9;8,1;7,15;6,57;6,45;1,65;0,0;2,84;2,08;1,94;1,59;1,44;1,41;0,024;0,0115;0,0526;0,0351;0,0319;0,0231;0,0172;0,0158;0,144;0,0;1,66;0,414;0,287;0,0637;0,0128;0,007;0,00957;0,00141;0,0739;0,0375;0,0243;0,00384;0,00255;0,00224;0,358;0,191;0,975;0,529;0,487;0,334;0,26;0,241;6,32;0,0;44,2;18,6;12,7;4,64;1,97;1,44;-5,12;-19,15;64,57;24,16;18,38;-6,6;-16,52;-17,62
MarchmontGarden;MarchmontGarden4;349;77,06;62,88;88,73;82,08;80,69;75,08;66,06;65,31;70,48;59,27;81,54;75,11;73,91;68,93;62,17;61,47;52,17;48,95;59,81;55,79;53,62;51,4;50,04;49,75;10,4;0,0;13,7;9,58;7,85;6,97;6,79;1,56;0,0;2,07;1,78;1,71;1,56;1,42;1,38;0,0239;0,0109;0,057;0,0351;0,0314;0,023;0,0174;0,0159;0,0471;0,0;0,142;0,0762;0,0549;0,0119;0,000634;0,0;0,0101;0,00213;0,0554;0,0239;0,0216;0,0076;0,00308;0,00256;0,343;0,227;0,745;0,51;0,427;0,325;0,269;0,254;5,08;0,0385;26,4;11,5;8,96;4,34;1,99;1,54;-1,79;-19,19;73,23;27,63;17,75;-5,52;-16,82;-17,52
MarchmontGarden;MarchmontGarden4;350;77,06;62,88;88,73;82,08;80,69;75,08;66,06;65,31;70,48;59,27;81,54;75,11;73,91;68,93;62,17;61,47;52,17;48,95;59,81;55,79;53,62;51,4;50,04;49,75;10,4;0,0;13,7;9,58;7,85;6,97;6,79;1,56;0,0;2,07;1,78;1,71;1,56;1,42;1,38;0,0239;0,0109;0,057;0,0351;0,0314;0,023;0,0174;0,0159;0,0471;0,0;0,142;0,0762;0,0549;0,0119;0,000634;0,0;0,0101;0,00213;0,0554;0,0239;0,0216;0,0076;0,00308;0,00256;0,343;0,227;0,745;0,51;0,427;0,325;0,269;0,254;5,08;0,0385;26,4;11,5;8,96;4,34;1,99;1,54;-1,79;-19,19;73,23;27,63;17,75;-5,52;-16,82;-17,52
MarchmontGarden;MarchmontGarden4;352;72,39;61,74;85,98;78,34;74,96;69,36;66,4;65,76;67,68;59,9;76,73;71,76;70,52;66,53;63,75;63,12;62,16;50,64;70,32;68,07;67,5;56,7;52,91;52,46;22,1;0,0;25,0;21,3;10,5;8,45;8,11;1,93;0,0;3,48;3,23;3,14;1,64;1,44;1,4;0,0324;0,0142;0,231;0,0618;0,0451;0,0282;0,0204;0,0188;0,306;0,0;1,91;1,0;0,756;0,11;0,01;0,00534;0,0248;0,00514;0,107;0,0913;0,0725;0,0133;0,0063;0,00569;0,365;0,155;1,15;0,628;0,542;0,325;0,243;0,22;10,0;0,0796;69,1;27,8;20,5;7,33;3,17;2,47;-1,23;-16,5;67,57;36,77;31,25;1,65;-13,59;-14,78
MarchmontGarden;MarchmontGarden4;353;72,39;61,74;85,98;78,34;74,96;69,36;66,4;65,76;67,68;59,9;76,73;71,76;70,52;66,53;63,75;63,12;62,16;50,64;70,32;68,07;67,5;56,7;52,91;52,46;22,1;0,0;25,0;21,3;10,5;8,45;8,11;1,93;0,0;3,48;3,23;3,14;1,64;1,44;1,4;0,0324;0,0142;0,231;0,0618;0,0451;0,0282;0,0204;0,0188;0,306;0,0;1,91;1,0;0,756;0,11;0,01;0,00534;0,0248;0,00514;0,107;0,0913;0,0725;0,0133;0,0063;0,00569;0,365;0,155;1,15;0,628;0,542;0,325;0,243;0,22;10,0;0,0796;69,1;27,8;20,5;7,33;3,17;2,47;-1,23;-16,5;67,57;36,77;31,25;1,65;-13,59;-14,78
MarchmontGarden;MarchmontGarden4;418;72,39;61,74;85,98;78,34;74,96;69,36;66,4;65,76;67,68;59,9;76,73;71,76;70,52;66,53;63,75;63,12;62,16;50,64;70,32;68,07;67,5;56,7;52,91;52,46;22,1;0,0;25,0;21,3;10,5;8,45;8,11;1,93;0,0;3,48;3,23;3,14;1,64;1,44;1,4;0,0324;0,0142;0,231;0,0618;0,0451;0,0282;0,0204;0,0188;0,306;0,0;1,91;1,0;0,756;0,11;0,01;0,00534;0,0248;0,00514;0,107;0,0913;0,0725;0,0133;0,0063;0,00569;0,365;0,155;1,15;0,628;0,542;0,325;0,243;0,22;10,0;0,0796;69,1;27,8;20,5;7,33;3,17;2,47;-1,23;-16,5;67,57;36,77;31,25;1,65;-13,59;-14,78
MarchmontGarden;MarchmontGarden4;419;72,39;61,74;85,98;78,34;74,96;69,36;66,4;65,76;67,68;59,9;76,73;71,76;70,52;66,53;63,75;63,12;62,16;50,64;70,32;68,07;67,5;56,7;52,91;52,46;22,1;0,0;25,0;21,3;10,5;8,45;8,11;1,93;0,0;3,48;3,23;3,14;1,64;1,44;1,4;0,0324;0,0142;0,231;0,0618;0,0451;0,0282;0,0204;0,0188;0,306;0,0;1,91;1,0;0,756;0,11;0,01;0,00534;0,0248;0,00514;0,107;0,0913;0,0725;0,0133;0,0063;0,00569;0,365;0,155;1,15;0,628;0,542;0,325;0,243;0,22;10,0;0,0796;69,1;27,8;20,5;7,33;3,17;2,47;-1,23;-16,5;67,57;36,77;31,25;1,65;-13,59;-14,78
MarchmontGarden;MarchmontGarden4;354;72,84;66,99;77,15;75,17;74,6;72,5;70,62;70,09;68,14;64,05;73,03;70,37;69,72;67,81;66,16;65,68;53,89;51,6;62,5;56,66;55,14;53,13;52,4;52,21;10,5;0,0;15,0;9,81;8,65;8,11;7,96;1,5;0,0;2,42;1,63;1,58;1,48;1,43;1,42;0,0277;0,0134;0,119;0,0398;0,0362;0,0266;0,0205;0,0189;0,0778;0,0;0,808;0,163;0,128;0,0433;0,0116;0,00705;0,00887;0,00191;0,0385;0,0331;0,0299;0,00442;0,00284;0,00253;0,31;0,18;0,885;0,477;0,414;0,287;0,234;0,221;5,22;0,075;55,7;11,7;8,88;4,33;2,06;1,56;-6,93;-18,17;69,07;27,79;18,86;-4,89;-15,66;-16,82
MarchmontGarden;MarchmontGarden4;355;74,47;68,87;81,91;77,75;76,74;73,76;71,61;71,08;68,99;64,97;73,81;71,11;70,57;68,72;66,99;66,49;55,36;51,75;64,62;60,08;57,96;53,53;52,67;52,55;12,8;0,0;16,8;11,8;9,2;8,59;8,45;1,67;0,0;3,22;2,57;2,02;1,57;1,5;1,48;0,0265;0,0127;0,0545;0,039;0,0356;0,0255;0,019;0,0174;0,142;0,0;1,2;0,732;0,242;0,084;0,0221;0,0132;0,00846;0,00315;0,0378;0,0207;0,0152;0,00589;0,00409;0,00367;0,3;0,19;0,673;0,519;0,402;0,281;0,228;0,216;5,84;0,0;50,8;13,9;10,5;4,77;2,21;1,64;-7,07;-18,09;70,35;28,69;22,5;-4,01;-15,31;-16,49
MarchmontGarden;MarchmontGarden4;356;77,74;66,39;91,5;82,41;80,7;75,06;69,78;68,87;69,47;60,88;78,87;74,94;73,63;66,88;63,57;63,07;59,53;48,7;70,93;66,46;64,02;54,1;50,52;50,1;18,2;0,0;24,4;16,2;8,89;7,09;6,84;1,44;0,0;2,52;1,8;1,67;1,41;1,24;1,17;0,0437;0,0114;0,586;0,129;0,0798;0,0289;0,0199;0,0183;0,214;0,0;0,942;0,564;0,456;0,0772;0,00669;0,00336;0,0135;0,00559;0,0314;0,0255;0,0205;0,012;0,00781;0,00718;0,422;0,226;1,82;0,799;0,617;0,367;0,293;0,276;7,15;0,0079;79,5;17,6;13,4;5,66;2,58;1,97;-1,0;-15,46;75,39;33,33;20,49;-0,12;-12,52;-13,2
MarchmontGarden;MarchmontGarden4;357;77,74;66,39;91,5;82,41;80,7;75,06;69,78;68,87;69,47;60,88;78,87;74,94;73,63;66,88;63,57;63,07;59,53;48,7;70,93;66,46;64,02;54,1;50,52;50,1;18,2;0,0;24,4;16,2;8,89;7,09;6,84;1,44;0,0;2,52;1,8;1,67;1,41;1,24;1,17;0,0437;0,0114;0,586;0,129;0,0798;0,0289;0,0199;0,0183;0,214;0,0;0,942;0,564;0,456;0,0772;0,00669;0,00336;0,0135;0,00559;0,0314;0,0255;0,0205;0,012;0,00781;0,00718;0,422;0,226;1,82;0,799;0,617;0,367;0,293;0,276;7,15;0,0079;79,5;17,6;13,4;5,66;2,58;1,97;-1,0;-15,46;75,39;33,33;20,49;-0,12;-12,52;-13,2
MarchmontGarden;MarchmontGarden4;420;77,74;66,39;91,5;82,41;80,7;75,06;69,78;68,87;69,47;60,88;78,87;74,94;73,63;66,88;63,57;63,07;59,53;48,7;70,93;66,46;64,02;54,1;50,52;50,1;18,2;0,0;24,4;16,2;8,89;7,09;6,84;1,44;0,0;2,52;1,8;1,67;1,41;1,24;1,17;0,0437;0,0114;0,586;0,129;0,0798;0,0289;0,0199;0,0183;0,214;0,0;0,942;0,564;0,456;0,0772;0,00669;0,00336;0,0135;0,00559;0,0314;0,0255;0,0205;0,012;0,00781;0,00718;0,422;0,226;1,82;0,799;0,617;0,367;0,293;0,276;7,15;0,0079;79,5;17,6;13,4;5,66;2,58;1,97;-1,0;-15,46;75,39;33,33;20,49;-0,12;-12,52;-13,2
MarchmontGarden;MarchmontGarden4;358;74,86;67,6;83,61;79,24;77,84;73,38;70,24;69,58;67,23;62,9;73,83;70,09;69,37;66,53;64,67;64,21;53,28;50,73;61,1;55,81;54,97;52,82;51,71;51,52;10,5;0,0;17,1;9,96;8,3;7,56;7,43;1,47;0,0;2,78;1,87;1,73;1,43;1,35;1,33;0,0278;0,0128;0,0692;0,041;0,0375;0,0265;0,0197;0,0178;0,0854;0,0;0,557;0,205;0,148;0,0371;0,00732;0,00434;0,00952;0,00308;0,0401;0,0243;0,0156;0,00817;0,00526;0,0048;0,39;0,23;1,09;0,607;0,523;0,361;0,289;0,275;6,54;0,0224;41,5;15,0;11,5;5,43;2,57;2,02;-2,36;-16,48;71,15;26,63;18,66;-0,21;-14,09;-14,54
MarchmontGarden;MarchmontGarden4;359;74,86;67,6;83,61;79,24;77,84;73,38;70,24;69,58;67,23;62,9;73,83;70,09;69,37;66,53;64,67;64,21;53,28;50,73;61,1;55,81;54,97;52,82;51,71;51,52;10,5;0,0;17,1;9,96;8,3;7,56;7,43;1,47;0,0;2,78;1,87;1,73;1,43;1,35;1,33;0,0278;0,0128;0,0692;0,041;0,0375;0,0265;0,0197;0,0178;0,0854;0,0;0,557;0,205;0,148;0,0371;0,00732;0,00434;0,00952;0,00308;0,0401;0,0243;0,0156;0,00817;0,00526;0,0048;0,39;0,23;1,09;0,607;0,523;0,361;0,289;0,275;6,54;0,0224;41,5;15,0;11,5;5,43;2,57;2,02;-2,36;-16,48;71,15;26,63;18,66;-0,21;-14,09;-14,54
MarchmontGarden;MarchmontGarden4;360;74,21;69,0;84,51;76,63;75,95;73,62;71,42;70,82;70,11;65,28;79,36;72,68;71,77;69,53;67,71;67,2;57,92;53,93;65,0;61,29;60,22;57,16;55,05;54,76;13,6;0,0;17,6;12,9;11,0;9,81;9,63;1,47;0,0;2,17;1,67;1,59;1,46;1,36;1,33;0,0343;0,0165;0,0834;0,0535;0,0467;0,0329;0,0241;0,0224;0,0898;0,0;0,542;0,213;0,159;0,0426;0,00727;0,00437;0,00727;0,00315;0,0182;0,012;0,0107;0,00689;0,00453;0,00376;0,33;0,195;1,26;0,454;0,407;0,305;0,25;0,237;6,11;0,116;52,6;12,7;10,4;5,38;2,49;2,0;-6,42;-18,09;70,43;28,66;21,57;-4,12;-15,44;-16,42
MarchmontGarden;MarchmontGarden4;362;70,65;64,98;75,38;73,11;72,57;70,34;68,05;67,1;68,4;62,33;73,77;71,22;70,66;67,92;65,69;64,7;57,81;50,8;62,8;61,54;59,87;57,04;54,7;52,33;14,3;0,0;16,7;13,9;11,6;9,11;8,03;1,57;0,0;2,23;1,84;1,81;1,63;1,25;1,22;0,0309;0,0129;0,134;0,0548;0,0433;0,0275;0,0202;0,0188;0,121;0,0;0,812;0,325;0,254;0,0444;0,00603;0,00239;0,00515;0,00229;0,0258;0,00988;0,00842;0,00416;0,00273;0,00249;0,307;0,181;0,726;0,45;0,38;0,292;0,241;0,227;5,61;0,165;32,9;11,4;9,38;4,99;2,43;1,93;-3,61;-19,01;62,75;31,19;24,11;-2,75;-15,52;-16,27
MarchmontGarden;MarchmontGarden4;363;70,29;65,62;78,6;72,62;71,93;69,82;68,05;67,58;65,94;62,09;69,67;67,71;67,28;65,78;64,27;63,86;53,36;49,57;66,3;57,14;55,47;51,9;50,72;50,55;10,9;0,0;21,3;10,0;7,91;7,2;7,08;1,47;0,0;2,64;1,84;1,73;1,41;1,33;1,31;0,0249;0,0134;0,134;0,0354;0,0321;0,0243;0,0182;0,0168;0,0897;0,0;0,844;0,28;0,16;0,0404;0,00924;0,00516;0,00712;0,00199;0,041;0,0292;0,0165;0,00369;0,00249;0,00218;0,38;0,223;2,56;0,549;0,48;0,348;0,284;0,272;6,37;0,0664;91,5;15,6;11,4;4,9;2,22;1,71;-4,86;-16,28;65,29;26,51;18,87;3,57;-11,87;-13,47
MarchmontGarden;MarchmontGarden4;364;70,29;65,62;78,6;72,62;71,93;69,82;68,05;67,58;65,94;62,09;69,67;67,71;67,28;65,78;64,27;63,86;53,36;49,57;66,3;57,14;55,47;51,9;50,72;50,55;10,9;0,0;21,3;10,0;7,91;7,2;7,08;1,47;0,0;2,64;1,84;1,73;1,41;1,33;1,31;0,0249;0,0134;0,134;0,0354;0,0321;0,0243;0,0182;0,0168;0,0897;0,0;0,844;0,28;0,16;0,0404;0,00924;0,00516;0,00712;0,00199;0,041;0,0292;0,0165;0,00369;0,00249;0,00218;0,38;0,223;2,56;0,549;0,48;0,348;0,284;0,272;6,37;0,0664;91,5;15,6;11,4;4,9;2,22;1,71;-4,86;-16,28;65,29;26,51;18,87;3,57;-11,87;-13,47
MarchmontGarden;MarchmontGarden4;365;78,62;71,36;88,57;83,98;80,81;76,89;74,55;73,84;70,59;66,11;76,35;73,18;72,47;70,09;68,25;67,79;54,63;51,95;58,31;56,42;55,94;54,47;52,95;52,66;10,4;0,0;13,2;10,0;8,8;7,81;7,61;1,41;0,0;2,19;1,62;1,56;1,38;1,27;1,25;0,0281;0,0132;0,0685;0,0409;0,0369;0,0274;0,0198;0,018;0,163;0,0;0,666;0,344;0,305;0,138;0,0533;0,0378;0,01;0,00499;0,0225;0,0187;0,0141;0,00914;0,0065;0,00572;0,349;0,199;0,933;0,518;0,457;0,331;0,265;0,248;6,55;0,227;34,3;13,1;11,0;5,79;2,82;2,22;-2,96;-16,36;74,02;27,8;17,53;-2,02;-12,7;-14,05
MarchmontGarden;MarchmontGarden4;366;65,48;61,04;71,41;67,62;67,02;65,16;63,56;63,14;62,73;58,93;70,89;64,89;64,12;62,34;60,95;60,56;53,71;49,85;66,49;56,52;54,59;52,68;51,27;50,89;10,1;0,0;21,0;9,54;8,46;7,55;7,33;1,81;0,0;3,06;2,29;2,18;1,77;1,51;1,48;0,0246;0,0124;0,0773;0,036;0,0326;0,0237;0,0173;0,016;0,0872;0,0;0,765;0,209;0,136;0,0367;0,00623;0,00327;0,0152;0,00449;0,124;0,0492;0,0252;0,0104;0,0056;0,00493;0,382;0,223;1,61;0,526;0,466;0,373;0,296;0,279;8,5;0,0971;92,9;17,4;14,4;7,26;3,34;2,57;-5,86;-17,73;60,31;27,86;19,71;-1,63;-16,38;-16,78
MarchmontGarden;MarchmontGarden4;367;65,48;61,04;71,41;67,62;67,02;65,16;63,56;63,14;62,73;58,93;70,89;64,89;64,12;62,34;60,95;60,56;53,71;49,85;66,49;56,52;54,59;52,68;51,27;50,89;10,1;0,0;21,0;9,54;8,46;7,55;7,33;1,81;0,0;3,06;2,29;2,18;1,77;1,51;1,48;0,0246;0,0124;0,0773;0,036;0,0326;0,0237;0,0173;0,016;0,0872;0,0;0,765;0,209;0,136;0,0367;0,00623;0,00327;0,0152;0,00449;0,124;0,0492;0,0252;0,0104;0,0056;0,00493;0,382;0,223;1,61;0,526;0,466;0,373;0,296;0,279;8,5;0,0971;92,9;17,4;14,4;7,26;3,34;2,57;-5,86;-17,73;60,31;27,86;19,71;-1,63;-16,38;-16,78
MarchmontGarden;MarchmontGarden4;368;70,37;66,59;74,63;72,77;71,99;70,05;68,35;67,91;66,63;63,0;71,64;69,37;68,51;66,13;64,81;64,53;55,0;51,14;63,31;58,58;57,38;53,92;52,23;51,95;11,3;0,0;15,5;10,8;8,97;7,99;7,83;1,46;0,0;2,48;1,71;1,63;1,43;1,31;1,25;0,0297;0,0129;0,0972;0,0469;0,0407;0,0275;0,0207;0,0192;0,0887;0,0;0,542;0,21;0,155;0,0399;0,00888;0,0041;0,0136;0,00382;0,0525;0,0411;0,0349;0,00709;0,00456;0,00437;0,373;0,205;0,974;0,567;0,503;0,346;0,277;0,255;7,01;0,055;48,1;18,0;13,3;5,57;2,76;2,14;-4,44;-18,15;65,85;28,29;20,14;-4,3;-15,71;-16,3
MarchmontGarden;MarchmontGarden4;369;65,02;60,38;73,43;68,15;67,19;64,16;62,21;61,83;61,98;57,92;71,78;65,36;63,84;61,16;59,35;59,03;55,66;49,7;67,58;60,68;58,79;53,5;50,89;50,58;12,5;0,0;18,6;11,5;8,38;7,26;7,11;1,68;0,0;2,59;2,14;1,99;1,64;1,48;1,44;0,0274;0,0105;0,147;0,0463;0,0375;0,025;0,018;0,0166;0,121;0,0;1,27;0,351;0,233;0,0439;0,00714;0,00316;0,0277;0,00661;0,125;0,103;0,0719;0,0181;0,00767;0,00701;0,47;0,246;1,31;0,738;0,658;0,436;0,319;0,296;10,2;0,233;71,3;24,8;20,1;8,14;3,35;2,58;-2,08;-17,13;57,91;30,02;22,41;-0,51;-14,45;-15,08
MarchmontGarden;MarchmontGarden4;416;65,02;60,38;73,43;68,15;67,19;64,16;62,21;61,83;61,98;57,92;71,78;65,36;63,84;61,16;59,35;59,03;55,66;49,7;67,58;60,68;58,79;53,5;50,89;50,58;12,5;0,0;18,6;11,5;8,38;7,26;7,11;1,68;0,0;2,59;2,14;1,99;1,64;1,48;1,44;0,0274;0,0105;0,147;0,0463;0,0375;0,025;0,018;0,0166;0,121;0,0;1,27;0,351;0,233;0,0439;0,00714;0,00316;0,0277;0,00661;0,125;0,103;0,0719;0,0181;0,00767;0,00701;0,47;0,246;1,31;0,738;0,658;0,436;0,319;0,296;10,2;0,233;71,3;24,8;20,1;8,14;3,35;2,58;-2,08;-17,13;57,91;30,02;22,41;-0,51;-14,45;-15,08
MarchmontGarden;MarchmontGarden4;417;74,63;67,93;80,28;77,67;76,95;74,07;71,51;70,8;68,78;63,67;75,05;71,19;70,61;68,42;66,33;65,89;54,56;52,48;58,36;56,4;55,9;54,39;53,49;53,29;10,6;0,0;12,2;10,3;9,43;8,85;8,7;1,65;0,0;2,2;1,87;1,78;1,63;1,55;1,53;0,0286;0,0134;0,0694;0,0431;0,0386;0,0275;0,02;0,0182;0,0841;0,0;0,491;0,183;0,148;0,0563;0,0123;0,0074;0,00985;0,00275;0,0271;0,0214;0,0191;0,00838;0,00398;0,0034;0,357;0,213;0,817;0,519;0,464;0,339;0,275;0,264;5,7;0,0;32,4;11,7;9,67;5,08;2,38;1,82;-7,56;-17,49;70,36;27,97;20,11;-1,33;-15,45;-16,2
MonumentoGaribaldi;MonumentoGaribaldi1;206;62,27;57,44;67,85;64,73;64,2;61,96;59,16;58,68;61,85;56,94;67,44;64,39;63,79;61,51;58,75;58,26;54,66;47,32;65,01;59,76;58,41;51,78;49,13;48,74;11,3;0,0;19,8;10,4;7,41;6,25;6,03;1,41;0,0;3,61;1,84;1,7;1,36;1,16;1,12;0,026;0,0108;0,125;0,0425;0,0376;0,0246;0,0172;0,0153;0,24;0,0;1,7;0,587;0,436;0,181;0,0629;0,0385;0,0344;0,00762;0,194;0,0954;0,0692;0,0239;0,0139;0,0112;0,481;0,225;1,79;1,08;0,736;0,418;0,297;0,273;11,4;0,136;78,4;28,1;21,9;8,79;3,95;2,99;-2,73;-9,5;55,63;31,49;19,16;9,87;-1,78;-3,57
MonumentoGaribaldi;MonumentoGaribaldi1;3;59,55;56,07;64,06;61,77;61,14;59,21;57,48;57,13;58,96;55,42;63,25;61,26;60,61;58,66;56,75;56,43;49,8;45,3;61,18;53,27;50,96;48,43;46,46;46,13;9,09;0,0;17,4;8,14;6,68;5,64;5,45;1,93;0,0;3,01;2,47;2,37;1,92;1,53;1,46;0,0219;0,0106;0,111;0,0369;0,0294;0,0202;0,0151;0,0141;0,109;0,0;0,43;0,222;0,194;0,0885;0,0181;0,0103;0,0107;0,00448;0,0215;0,0191;0,0168;0,00993;0,00651;0,00533;0,461;0,272;1,5;0,763;0,585;0,424;0,343;0,322;6,66;0,112;46,5;14,1;11,4;5,74;2,81;2,18;-9,08;-7,97;53,15;22,75;19,07;8,73;-5,73;-6,39
MonumentoGaribaldi;MonumentoGaribaldi1;4;56,24;53,33;63,43;58,61;57,78;55,8;54,67;54,36;55,54;52,63;61,76;58,08;57,19;54,97;53,82;53,53;50,35;45,05;61,17;53,52;52,12;48,96;47,1;46,63;7,82;0,0;15,9;7,32;6,06;5,25;5,04;1,72;0,0;2,95;2,17;2,02;1,68;1,46;1,41;0,026;0,0104;0,109;0,044;0,036;0,0237;0,0176;0,0161;0,104;0,0;0,691;0,26;0,181;0,0343;0,00592;0,00301;0,0163;0,00833;0,0736;0,0288;0,0249;0,0141;0,00966;0,00878;0,7;0,333;1,53;1,19;1,08;0,631;0,446;0,406;8,56;0,187;52,7;19,0;14,9;7,36;3,42;2,61;-3,62;-14,51;49,38;23,34;18,61;4,1;-8,99;-10,65
MonumentoGaribaldi;MonumentoGaribaldi1;5;56,24;53,33;63,43;58,61;57,78;55,8;54,67;54,36;55,54;52,63;61,76;58,08;57,19;54,97;53,82;53,53;50,35;45,05;61,17;53,52;52,12;48,96;47,1;46,63;7,82;0,0;15,9;7,32;6,06;5,25;5,04;1,72;0,0;2,95;2,17;2,02;1,68;1,46;1,41;0,026;0,0104;0,109;0,044;0,036;0,0237;0,0176;0,0161;0,104;0,0;0,691;0,26;0,181;0,0343;0,00592;0,00301;0,0163;0,00833;0,0736;0,0288;0,0249;0,0141;0,00966;0,00878;0,7;0,333;1,53;1,19;1,08;0,631;0,446;0,406;8,56;0,187;52,7;19,0;14,9;7,36;3,42;2,61;-3,62;-14,51;49,38;23,34;18,61;4,1;-8,99;-10,65
MonumentoGaribaldi;MonumentoGaribaldi1;203;58,36;54,45;63,95;60,95;60,3;57,77;55,98;55,56;57,43;53,58;63,02;60,06;59,52;56,85;55,05;54,64;53,03;45,38;62,05;57,27;56,36;51,37;47,12;46,73;10,4;0,0;15,3;9,47;6,77;5,35;5,1;1,72;0,0;3,11;2,27;2,14;1,66;1,41;1,36;0,0324;0,0127;0,17;0,0622;0,0516;0,0281;0,0191;0,0174;0,0711;0,0;0,519;0,166;0,11;0,0261;0,00346;0,000675;0,0392;0,00589;0,115;0,104;0,0858;0,0326;0,00936;0,00835;0,712;0,282;1,78;1,28;1,1;0,657;0,424;0,388;10,3;0,376;56,9;26,5;20,6;7,84;3,54;2,8;-2,02;-6,12;48,53;28,51;20,76;8,56;-3,32;-4,15
MonumentoGaribaldi;MonumentoGaribaldi1;6;63,31;59,89;68,44;65,04;64,5;63,15;61,72;61,4;62,3;58,43;65,75;63,71;63,41;62,26;60,66;60,18;50,6;46,91;62,28;53,51;52,33;49,56;48,11;47,87;8,49;0,0;15,8;7,93;6,61;5,93;5,79;1,31;0,0;2,45;1,72;1,57;1,26;1,12;1,09;0,0289;0,0135;0,119;0,0495;0,0398;0,0264;0,0191;0,0176;0,161;0,0;0,904;0,34;0,289;0,136;0,0245;0,014;0,0128;0,00458;0,0346;0,0286;0,0219;0,0115;0,00617;0,00576;0,595;0,252;1,67;1,14;0,982;0,533;0,344;0,315;7,28;0,373;48,9;18,0;13,7;5,76;2,7;2,08;-8,91;-13,23;56,9;24,42;15,66;1,55;-9,56;-10,97
MonumentoGaribaldi;MonumentoGaribaldi1;8;68,68;55,91;80,65;76,22;73,94;61,08;58,15;57,51;68,64;55,31;80,67;76,23;73,94;60,6;57,66;56,97;67,2;48,29;79,27;75,12;72,83;56,34;50,72;49,8;20,6;0,0;32,2;16,5;8,84;6,79;6,49;1,6;0,0;2,65;2,04;1,91;1,56;1,35;1,31;0,0329;0,0117;0,121;0,0628;0,0539;0,0283;0,0192;0,0174;0,216;0,0;1,71;0,646;0,481;0,139;0,0364;0,0227;0,0963;0,01;0,329;0,235;0,206;0,0787;0,0193;0,0135;0,457;0,197;1,06;0,701;0,629;0,43;0,316;0,287;15,8;0,358;120,0;56,2;34,1;9,99;4,65;3,7;-9,7;-16,64;58,41;38,36;26,23;0,76;-12,89;-13,91
MonumentoGaribaldi;MonumentoGaribaldi1;9;68,68;55,91;80,65;76,22;73,94;61,08;58,15;57,51;68,64;55,31;80,67;76,23;73,94;60,6;57,66;56,97;67,2;48,29;79,27;75,12;72,83;56,34;50,72;49,8;20,6;0,0;32,2;16,5;8,84;6,79;6,49;1,6;0,0;2,65;2,04;1,91;1,56;1,35;1,31;0,0329;0,0117;0,121;0,0628;0,0539;0,0283;0,0192;0,0174;0,216;0,0;1,71;0,646;0,481;0,139;0,0364;0,0227;0,0963;0,01;0,329;0,235;0,206;0,0787;0,0193;0,0135;0,457;0,197;1,06;0,701;0,629;0,43;0,316;0,287;15,8;0,358;120,0;56,2;34,1;9,99;4,65;3,7;-9,7;-16,64;58,41;38,36;26,23;0,76;-12,89;-13,91
MonumentoGaribaldi;MonumentoGaribaldi1;10;59,57;56,17;66,47;62,36;61,49;58,95;57,48;57,18;58,89;55,6;66,0;61,8;60,93;58,24;56,73;56,37;54,2;47,39;63,43;58,3;57,03;53,24;49,64;49,22;10,7;0,0;13,7;9,92;7,82;6,35;6,12;1,71;0,0;2,71;2,2;2,06;1,67;1,42;1,38;0,0253;0,013;0,0734;0,0396;0,0345;0,0243;0,0181;0,0163;0,185;0,0;1,45;0,559;0,367;0,0959;0,0176;0,0106;0,0172;0,00703;0,0359;0,0293;0,0256;0,0165;0,0108;0,00931;0,462;0,221;0,977;0,623;0,582;0,456;0,352;0,321;10,4;0,427;42,7;22,1;18,8;9,0;3,94;3,13;-2,79;-7,59;49,78;28,38;20,1;6,67;-5,42;-6,06
MonumentoGaribaldi;MonumentoGaribaldi1;202;66,96;59,74;71,7;69,52;69,18;66,99;61,77;61,15;65,85;58,77;70,36;68,59;68,24;65,66;60,89;60,23;59,79;49,92;67,1;63,47;62,9;58,49;53,67;52,52;14,5;0,0;17,9;13,9;10,8;7,77;7,17;1,42;0,0;2,39;1,8;1,71;1,38;1,19;1,16;0,0588;0,0143;0,243;0,13;0,109;0,0477;0,0264;0,0227;0,222;0,0;1,81;0,488;0,401;0,193;0,0469;0,0258;0,0133;0,00344;0,0747;0,0414;0,0271;0,00847;0,00502;0,0044;0,447;0,194;1,27;0,697;0,607;0,428;0,309;0,278;8,97;0,238;59,3;20,7;16,7;7,32;3,27;2,51;-1,38;-12,69;58,65;33,19;20,96;4,23;-9,5;-10,52
MonumentoGaribaldi;MonumentoGaribaldi1;14;62,0;55,69;70,2;66,38;64,81;60,8;58,2;57,64;61,68;55,26;70,19;66,23;64,63;60,37;57,67;57,11;59,2;49,75;68,58;65,04;62,45;56,98;52,74;52,19;14,5;0,0;21,7;13,0;9,8;7,72;7,36;1,88;0,0;3,04;2,45;2,3;1,82;1,56;1,51;0,0304;0,0149;0,123;0,0483;0,0419;0,0281;0,0207;0,0192;0,165;0,0;1,72;0,505;0,349;0,081;0,0158;0,00846;0,0365;0,00996;0,118;0,0958;0,0674;0,0306;0,0142;0,0126;0,498;0,247;1,23;0,766;0,672;0,479;0,352;0,326;13,4;0,488;68,7;29,1;24,3;11,4;5,09;3,96;-1,07;-1,95;49,0;32,26;26,68;11,91;0,34;-0,28
MonumentoGaribaldi;MonumentoGaribaldi1;211;62,0;55,69;70,2;66,38;64,81;60,8;58,2;57,64;61,68;55,26;70,19;66,23;64,63;60,37;57,67;57,11;59,2;49,75;68,58;65,04;62,45;56,98;52,74;52,19;14,5;0,0;21,7;13,0;9,8;7,72;7,36;1,88;0,0;3,04;2,45;2,3;1,82;1,56;1,51;0,0304;0,0149;0,123;0,0483;0,0419;0,0281;0,0207;0,0192;0,165;0,0;1,72;0,505;0,349;0,081;0,0158;0,00846;0,0365;0,00996;0,118;0,0958;0,0674;0,0306;0,0142;0,0126;0,498;0,247;1,23;0,766;0,672;0,479;0,352;0,326;13,4;0,488;68,7;29,1;24,3;11,4;5,09;3,96;-1,07;-1,95;49,0;32,26;26,68;11,91;0,34;-0,28
MonumentoGaribaldi;MonumentoGaribaldi1;212;63,53;56,42;71,82;67,01;65,7;62,47;60,37;59,1;61,46;54,15;69,4;64,22;63,47;60,84;57,99;56,67;51,23;46,5;62,21;54,25;53,12;50,13;48,06;47,69;8,57;0,0;13,7;8,05;6,65;5,68;5,46;1,39;0,0;2,23;1,76;1,63;1,36;1,19;1,15;0,027;0,0113;0,0844;0,0447;0,0362;0,0254;0,0183;0,0168;0,147;0,0;1,45;0,474;0,28;0,0629;0,0115;0,00637;0,0134;0,00422;0,0367;0,0276;0,0256;0,0124;0,00619;0,00567;0,443;0,232;1,09;0,798;0,705;0,391;0,294;0,277;7,23;0,255;37,7;16,2;13,2;6,09;2,83;2,25;-2,82;-16,78;54,96;25,24;17,1;-2,78;-14,82;-15,36
MonumentoGaribaldi;MonumentoGaribaldi1;19;56,82;52,49;63,98;59,84;59,03;56,07;53,92;53,63;55,81;51,63;63,57;58,78;57,64;55,13;53,1;52,72;52,77;46,12;62,06;56,96;55,8;51,01;47,99;47,57;9,08;0,0;12,1;8,43;6,45;5,34;5,16;1,63;0,0;2,53;1,97;1,88;1,6;1,42;1,38;0,0244;0,0118;0,113;0,0342;0,0317;0,0236;0,0175;0,0161;0,248;0,0;1,33;0,755;0,577;0,133;0,0239;0,0121;0,0314;0,00553;0,121;0,0918;0,0773;0,0191;0,00805;0,00706;0,445;0,241;1,25;0,687;0,58;0,416;0,32;0,299;8,39;0,374;40,0;17,9;14,9;7,34;3,25;2,5;-1,41;-15,81;45,93;29,56;17,52;0,8;-12,95;-13,64
MonumentoGaribaldi;MonumentoGaribaldi1;213;56,82;52,49;63,98;59,84;59,03;56,07;53,92;53,63;55,81;51,63;63,57;58,78;57,64;55,13;53,1;52,72;52,77;46,12;62,06;56,96;55,8;51,01;47,99;47,57;9,08;0,0;12,1;8,43;6,45;5,34;5,16;1,63;0,0;2,53;1,97;1,88;1,6;1,42;1,38;0,0244;0,0118;0,113;0,0342;0,0317;0,0236;0,0175;0,0161;0,248;0,0;1,33;0,755;0,577;0,133;0,0239;0,0121;0,0314;0,00553;0,121;0,0918;0,0773;0,0191;0,00805;0,00706;0,445;0,241;1,25;0,687;0,58;0,416;0,32;0,299;8,39;0,374;40,0;17,9;14,9;7,34;3,25;2,5;-1,41;-15,81;45,93;29,56;17,52;0,8;-12,95;-13,64
SanMarco;SanMarco1;36;72,43;67,75;79,42;75,98;74,93;71,42;69,81;69,44;72,15;67,32;79,22;75,77;74,68;71,07;69,48;69,07;69,12;61,13;75,49;72,86;71,76;68,13;66,06;64,91;27,0;0,0;32,7;25,1;20,7;18,1;17,2;1,97;0,0;3,03;2,22;2,17;1,96;1,78;1,74;0,0412;0,0177;0,136;0,062;0,056;0,0393;0,028;0,0253;0,375;0,0;1,55;0,856;0,702;0,32;0,114;0,0794;0,0148;0,00746;0,0541;0,0306;0,0203;0,0125;0,00912;0,0084;0,331;0,213;0,8;0,434;0,397;0,325;0,265;0,251;10,3;0,802;52,3;19,9;16,8;9,31;5,06;4,22;-1,48;-10,56;58,8;45,59;35,16;7,97;-7,96;-8,71
SanMarco;SanMarco1;37;72,43;67,75;79,42;75,98;74,93;71,42;69,81;69,44;72,15;67,32;79,22;75,77;74,68;71,07;69,48;69,07;69,12;61,13;75,49;72,86;71,76;68,13;66,06;64,91;27,0;0,0;32,7;25,1;20,7;18,1;17,2;1,97;0,0;3,03;2,22;2,17;1,96;1,78;1,74;0,0412;0,0177;0,136;0,062;0,056;0,0393;0,028;0,0253;0,375;0,0;1,55;0,856;0,702;0,32;0,114;0,0794;0,0148;0,00746;0,0541;0,0306;0,0203;0,0125;0,00912;0,0084;0,331;0,213;0,8;0,434;0,397;0,325;0,265;0,251;10,3;0,802;52,3;19,9;16,8;9,31;5,06;4,22;-1,48;-10,56;58,8;45,59;35,16;7,97;-7,96;-8,71
SanMarco;SanMarco1;38;72,43;67,75;79,42;75,98;74,93;71,42;69,81;69,44;72,15;67,32;79,22;75,77;74,68;71,07;69,48;69,07;69,12;61,13;75,49;72,86;71,76;68,13;66,06;64,91;27,0;0,0;32,7;25,1;20,7;18,1;17,2;1,97;0,0;3,03;2,22;2,17;1,96;1,78;1,74;0,0412;0,0177;0,136;0,062;0,056;0,0393;0,028;0,0253;0,375;0,0;1,55;0,856;0,702;0,32;0,114;0,0794;0,0148;0,00746;0,0541;0,0306;0,0203;0,0125;0,00912;0,0084;0,331;0,213;0,8;0,434;0,397;0,325;0,265;0,251;10,3;0,802;52,3;19,9;16,8;9,31;5,06;4,22;-1,48;-10,56;58,8;45,59;35,16;7,97;-7,96;-8,71
SanMarco;SanMarco1;39;72,43;67,75;79,42;75,98;74,93;71,42;69,81;69,44;72,15;67,32;79,22;75,77;74,68;71,07;69,48;69,07;69,12;61,13;75,49;72,86;71,76;68,13;66,06;64,91;27,0;0,0;32,7;25,1;20,7;18,1;17,2;1,97;0,0;3,03;2,22;2,17;1,96;1,78;1,74;0,0412;0,0177;0,136;0,062;0,056;0,0393;0,028;0,0253;0,375;0,0;1,55;0,856;0,702;0,32;0,114;0,0794;0,0148;0,00746;0,0541;0,0306;0,0203;0,0125;0,00912;0,0084;0,331;0,213;0,8;0,434;0,397;0,325;0,265;0,251;10,3;0,802;52,3;19,9;16,8;9,31;5,06;4,22;-1,48;-10,56;58,8;45,59;35,16;7,97;-7,96;-8,71
SanMarco;SanMarco1;43;70,41;67,32;76,51;72,18;71,63;70,21;68,52;68,18;70,16;67,0;76,4;72,01;71,37;69,96;68,23;67,89;65,73;61,32;73,78;68,09;67,43;65,2;63,0;62,5;20,2;0,0;30,0;19,4;16,9;14,9;14,5;1,74;0,0;2,71;2,06;1,96;1,7;1,55;1,52;0,0434;0,0194;0,211;0,0674;0,0584;0,0405;0,0295;0,0268;0,363;0,0;1,54;0,855;0,677;0,305;0,107;0,0796;0,0202;0,00974;0,0473;0,0342;0,0306;0,018;0,0117;0,0108;0,322;0,179;0,781;0,448;0,406;0,318;0,24;0,22;11,4;0,984;65,9;23,0;19,2;10,1;5,38;4,49;-1,47;-10,88;58,17;38,02;28,07;8,65;-8,73;-9,55
SanMarco;SanMarco1;44;70,41;67,32;76,51;72,18;71,63;70,21;68,52;68,18;70,16;67,0;76,4;72,01;71,37;69,96;68,23;67,89;65,73;61,32;73,78;68,09;67,43;65,2;63,0;62,5;20,2;0,0;30,0;19,4;16,9;14,9;14,5;1,74;0,0;2,71;2,06;1,96;1,7;1,55;1,52;0,0434;0,0194;0,211;0,0674;0,0584;0,0405;0,0295;0,0268;0,363;0,0;1,54;0,855;0,677;0,305;0,107;0,0796;0,0202;0,00974;0,0473;0,0342;0,0306;0,018;0,0117;0,0108;0,322;0,179;0,781;0,448;0,406;0,318;0,24;0,22;11,4;0,984;65,9;23,0;19,2;10,1;5,38;4,49;-1,47;-10,88;58,17;38,02;28,07;8,65;-8,73;-9,55
SanMarco;SanMarco1;45;70,41;67,32;76,51;72,18;71,63;70,21;68,52;68,18;70,16;67,0;76,4;72,01;71,37;69,96;68,23;67,89;65,73;61,32;73,78;68,09;67,43;65,2;63,0;62,5;20,2;0,0;30,0;19,4;16,9;14,9;14,5;1,74;0,0;2,71;2,06;1,96;1,7;1,55;1,52;0,0434;0,0194;0,211;0,0674;0,0584;0,0405;0,0295;0,0268;0,363;0,0;1,54;0,855;0,677;0,305;0,107;0,0796;0,0202;0,00974;0,0473;0,0342;0,0306;0,018;0,0117;0,0108;0,322;0,179;0,781;0,448;0,406;0,318;0,24;0,22;11,4;0,984;65,9;23,0;19,2;10,1;5,38;4,49;-1,47;-10,88;58,17;38,02;28,07;8,65;-8,73;-9,55
SanMarco;SanMarco1;46;70,41;67,32;76,51;72,18;71,63;70,21;68,52;68,18;70,16;67,0;76,4;72,01;71,37;69,96;68,23;67,89;65,73;61,32;73,78;68,09;67,43;65,2;63,0;62,5;20,2;0,0;30,0;19,4;16,9;14,9;14,5;1,74;0,0;2,71;2,06;1,96;1,7;1,55;1,52;0,0434;0,0194;0,211;0,0674;0,0584;0,0405;0,0295;0,0268;0,363;0,0;1,54;0,855;0,677;0,305;0,107;0,0796;0,0202;0,00974;0,0473;0,0342;0,0306;0,018;0,0117;0,0108;0,322;0,179;0,781;0,448;0,406;0,318;0,24;0,22;11,4;0,984;65,9;23,0;19,2;10,1;5,38;4,49;-1,47;-10,88;58,17;38,02;28,07;8,65;-8,73;-9,55
SanMarco;SanMarco1;47;70,41;67,32;76,51;72,18;71,63;70,21;68,52;68,18;70,16;67,0;76,4;72,01;71,37;69,96;68,23;67,89;65,73;61,32;73,78;68,09;67,43;65,2;63,0;62,5;20,2;0,0;30,0;19,4;16,9;14,9;14,5;1,74;0,0;2,71;2,06;1,96;1,7;1,55;1,52;0,0434;0,0194;0,211;0,0674;0,0584;0,0405;0,0295;0,0268;0,363;0,0;1,54;0,855;0,677;0,305;0,107;0,0796;0,0202;0,00974;0,0473;0,0342;0,0306;0,018;0,0117;0,0108;0,322;0,179;0,781;0,448;0,406;0,318;0,24;0,22;11,4;0,984;65,9;23,0;19,2;10,1;5,38;4,49;-1,47;-10,88;58,17;38,02;28,07;8,65;-8,73;-9,55
SanMarco;SanMarco1;53;71,4;67,82;76,24;74,24;73,47;70,9;69,22;68,84;71,27;67,31;76,18;74,17;73,37;70,75;69,01;68,63;67,28;62,01;74,38;70,96;69,36;66,4;64,28;63,78;23,2;0,0;32,0;22,0;18,8;16,5;15,9;1,8;0,0;3,3;2,11;1,99;1,76;1,64;1,6;0,0403;0,0189;0,135;0,0601;0,0543;0,0389;0,0286;0,0264;0,295;0,0;1,3;0,726;0,554;0,237;0,1;0,0672;0,0178;0,00747;0,0522;0,0356;0,0313;0,0167;0,0109;0,0096;0,337;0,184;0,761;0,508;0,449;0,325;0,252;0,238;12,1;1,04;57,4;26,2;21,2;10,1;5,43;4,41;-2,46;-9,26;59,1;40,4;29,74;9,91;-6,88;-7,53
SanMarco;SanMarco1;54;71,4;67,82;76,24;74,24;73,47;70,9;69,22;68,84;71,27;67,31;76,18;74,17;73,37;70,75;69,01;68,63;67,28;62,01;74,38;70,96;69,36;66,4;64,28;63,78;23,2;0,0;32,0;22,0;18,8;16,5;15,9;1,8;0,0;3,3;2,11;1,99;1,76;1,64;1,6;0,0403;0,0189;0,135;0,0601;0,0543;0,0389;0,0286;0,0264;0,295;0,0;1,3;0,726;0,554;0,237;0,1;0,0672;0,0178;0,00747;0,0522;0,0356;0,0313;0,0167;0,0109;0,0096;0,337;0,184;0,761;0,508;0,449;0,325;0,252;0,238;12,1;1,04;57,4;26,2;21,2;10,1;5,43;4,41;-2,46;-9,26;59,1;40,4;29,74;9,91;-6,88;-7,53
SanMarco;SanMarco1;55;71,4;67,82;76,24;74,24;73,47;70,9;69,22;68,84;71,27;67,31;76,18;74,17;73,37;70,75;69,01;68,63;67,28;62,01;74,38;70,96;69,36;66,4;64,28;63,78;23,2;0,0;32,0;22,0;18,8;16,5;15,9;1,8;0,0;3,3;2,11;1,99;1,76;1,64;1,6;0,0403;0,0189;0,135;0,0601;0,0543;0,0389;0,0286;0,0264;0,295;0,0;1,3;0,726;0,554;0,237;0,1;0,0672;0,0178;0,00747;0,0522;0,0356;0,0313;0,0167;0,0109;0,0096;0,337;0,184;0,761;0,508;0,449;0,325;0,252;0,238;12,1;1,04;57,4;26,2;21,2;10,1;5,43;4,41;-2,46;-9,26;59,1;40,4;29,74;9,91;-6,88;-7,53
SanMarco;SanMarco1;60;72,43;68,7;79,47;74,69;73,79;72,04;70,55;70,19;72,19;68,23;79,25;74,55;73,62;71,74;70,26;69,85;69,32;63,96;77,78;72,45;71,25;68,52;66,25;65,58;26,0;0,0;38,4;24,8;21,2;18,5;17,9;2,02;0,0;3,6;2,35;2,24;1,98;1,82;1,78;0,0397;0,017;0,0813;0,058;0,0527;0,0385;0,0284;0,0264;0,304;0,0;2,52;0,775;0,598;0,233;0,0789;0,0573;0,0171;0,00647;0,0611;0,0316;0,0271;0,0154;0,00962;0,00845;0,347;0,223;1,7;0,481;0,435;0,333;0,274;0,257;11,9;1,23;100,0;23,6;19,2;10,4;5,97;4,99;-1,13;-9,67;60,85;45,23;35,03;9,73;-6,71;-7,34
SanMarco;SanMarco1;61;72,43;68,7;79,47;74,69;73,79;72,04;70,55;70,19;72,19;68,23;79,25;74,55;73,62;71,74;70,26;69,85;69,32;63,96;77,78;72,45;71,25;68,52;66,25;65,58;26,0;0,0;38,4;24,8;21,2;18,5;17,9;2,02;0,0;3,6;2,35;2,24;1,98;1,82;1,78;0,0397;0,017;0,0813;0,058;0,0527;0,0385;0,0284;0,0264;0,304;0,0;2,52;0,775;0,598;0,233;0,0789;0,0573;0,0171;0,00647;0,0611;0,0316;0,0271;0,0154;0,00962;0,00845;0,347;0,223;1,7;0,481;0,435;0,333;0,274;0,257;11,9;1,23;100,0;23,6;19,2;10,4;5,97;4,99;-1,13;-9,67;60,85;45,23;35,03;9,73;-6,71;-7,34
SanMarco;SanMarco2;73;72,16;68,58;79,27;74,74;73,97;71,6;69,92;69,57;71,53;68,05;79,13;74,33;73,51;70,86;69,33;68,94;67,0;60,46;76,71;70,97;69,72;65,66;63,38;63,04;24,0;0,0;32,4;22,3;17,9;15,9;15,5;1,86;0,0;3,07;2,29;2,13;1,82;1,69;1,66;0,0477;0,0177;0,299;0,116;0,0767;0,0375;0,0269;0,0248;0,24;0,0;2,23;0,695;0,543;0,161;0,0434;0,0286;0,0319;0,00843;0,0775;0,0695;0,0617;0,0299;0,0133;0,0101;0,344;0,202;0,757;0,482;0,437;0,332;0,267;0,252;14,4;1,14;62,6;30,2;25,0;12,4;6,19;5,06;-1,56;-12,37;59,11;40,52;32,27;8,05;-10,4;-10,95
SanMarco;SanMarco2;76;70,27;65,89;77,28;72,96;72,37;69,65;67,98;67,56;69,89;65,52;77,23;72,8;72,16;69,15;67,52;67,06;65,72;58,36;74,28;70,22;69,31;63,95;60,79;60,26;21,6;0,0;30,2;20,4;16,4;13,8;13,3;1,92;0,0;4,05;2,66;2,45;1,8;1,6;1,56;0,0363;0,0148;0,16;0,0562;0,0481;0,0339;0,0243;0,0217;0,491;0,0;2,87;1,92;1,58;0,239;0,0473;0,0305;0,0259;0,00774;0,072;0,053;0,0494;0,0212;0,00979;0,00863;0,411;0,14;0,977;0,695;0,605;0,389;0,27;0,233;13,9;0,608;80,5;32,0;25,8;11,7;5,32;4,29;-2,16;1,31;59,22;37,02;29,79;13,72;5,58;4,34
SanMarco;SanMarco2;77;70,27;65,89;77,28;72,96;72,37;69,65;67,98;67,56;69,89;65,52;77,23;72,8;72,16;69,15;67,52;67,06;65,72;58,36;74,28;70,22;69,31;63,95;60,79;60,26;21,6;0,0;30,2;20,4;16,4;13,8;13,3;1,92;0,0;4,05;2,66;2,45;1,8;1,6;1,56;0,0363;0,0148;0,16;0,0562;0,0481;0,0339;0,0243;0,0217;0,491;0,0;2,87;1,92;1,58;0,239;0,0473;0,0305;0,0259;0,00774;0,072;0,053;0,0494;0,0212;0,00979;0,00863;0,411;0,14;0,977;0,695;0,605;0,389;0,27;0,233;13,9;0,608;80,5;32,0;25,8;11,7;5,32;4,29;-2,16;1,31;59,22;37,02;29,79;13,72;5,58;4,34
SanMarco;SanMarco2;80;73,29;65,55;85,18;78,89;76,74;70,82;66,99;66,6;72,16;64,99;85,1;76,99;75,43;69,42;66,36;66,0;68,16;58,77;84,46;73,6;69,52;61,73;60,04;59,75;25,2;0,0;49,9;20,8;14,6;13,3;13,0;1,77;0,0;2,8;2,23;2,09;1,72;1,58;1,55;0,0521;0,0169;0,504;0,145;0,0887;0,0355;0,0256;0,0234;0,178;0,0;2,45;0,568;0,356;0,0674;0,0104;0,00574;0,0548;0,00599;0,346;0,228;0,152;0,0191;0,00848;0,00735;0,464;0,241;1,89;0,839;0,653;0,407;0,315;0,287;14,3;0,362;101,0;41,8;30,9;9,49;4,49;3,61;-0,79;-9,32;63,02;41,62;33,55;8,89;-6,19;-7,26
SanMarco;SanMarco2;81;73,29;65,55;85,18;78,89;76,74;70,82;66,99;66,6;72,16;64,99;85,1;76,99;75,43;69,42;66,36;66,0;68,16;58,77;84,46;73,6;69,52;61,73;60,04;59,75;25,2;0,0;49,9;20,8;14,6;13,3;13,0;1,77;0,0;2,8;2,23;2,09;1,72;1,58;1,55;0,0521;0,0169;0,504;0,145;0,0887;0,0355;0,0256;0,0234;0,178;0,0;2,45;0,568;0,356;0,0674;0,0104;0,00574;0,0548;0,00599;0,346;0,228;0,152;0,0191;0,00848;0,00735;0,464;0,241;1,89;0,839;0,653;0,407;0,315;0,287;14,3;0,362;101,0;41,8;30,9;9,49;4,49;3,61;-0,79;-9,32;63,02;41,62;33,55;8,89;-6,19;-7,26
SanMarco;SanMarco2;82;72,68;69,13;80,51;76,41;75,22;71,44;70,17;69,92;71,38;68,17;78,17;74,33;73,33;70,62;69,49;69,19;64,58;60,68;74,33;67,52;66,6;63,82;61,82;61,37;20,3;0,0;27,2;19,4;16,9;15,0;14,5;1,78;0,0;2,55;2,04;1,96;1,76;1,61;1,57;0,0337;0,0165;0,0764;0,0474;0,044;0,033;0,0249;0,0228;0,182;0,0;1,23;0,576;0,384;0,129;0,0324;0,0203;0,0175;0,00511;0,0485;0,0331;0,0274;0,0166;0,00768;0,00619;0,357;0,211;0,697;0,501;0,45;0,344;0,281;0,27;11,3;0,427;51,8;23,7;19,8;9,92;5,05;4,15;-3,9;-11,51;64,49;37,88;30,64;6,76;-8,62;-9,67
SanMarco;SanMarco2;83;72,68;69,13;80,51;76,41;75,22;71,44;70,17;69,92;71,38;68,17;78,17;74,33;73,33;70,62;69,49;69,19;64,58;60,68;74,33;67,52;66,6;63,82;61,82;61,37;20,3;0,0;27,2;19,4;16,9;15,0;14,5;1,78;0,0;2,55;2,04;1,96;1,76;1,61;1,57;0,0337;0,0165;0,0764;0,0474;0,044;0,033;0,0249;0,0228;0,182;0,0;1,23;0,576;0,384;0,129;0,0324;0,0203;0,0175;0,00511;0,0485;0,0331;0,0274;0,0166;0,00768;0,00619;0,357;0,211;0,697;0,501;0,45;0,344;0,281;0,27;11,3;0,427;51,8;23,7;19,8;9,92;5,05;4,15;-3,9;-11,51;64,49;37,88;30,64;6,76;-8,62;-9,67
SanMarco;SanMarco2;84;74,64;69,41;83,5;78,21;76,88;73,64;71,36;70,92;72,53;68,45;80,6;75,61;74,58;71,7;70,08;69,67;64,24;61,49;69,7;66,09;65,47;63,96;62,7;62,41;19,3;0,0;25,3;18,7;17,0;15,7;15,2;1,76;0,0;2,32;1,99;1,91;1,75;1,64;1,61;0,0362;0,0194;0,0755;0,0542;0,0486;0,0351;0,0274;0,025;0,134;0,0;1,04;0,385;0,272;0,0754;0,0169;0,00997;0,00955;0,00479;0,0259;0,0176;0,0126;0,00858;0,00607;0,00556;0,364;0,222;0,825;0,503;0,452;0,354;0,277;0,26;8,89;0,9;38,7;16,9;14,4;8,05;4,48;3,61;-1,73;-10,26;66,33;37,56;28,13;6,33;-8,02;-8,64
SanMarco;SanMarco2;88;73,29;69,25;83,48;76,47;74,71;72,19;70,43;70,15;72,83;68,84;83,46;75,82;73,84;71,79;70,05;69,76;69,93;64,66;82,22;73,24;71,41;68,48;66,1;65,75;26,3;0,0;39,0;25,0;21,8;19,3;18,9;2,11;0,0;2,91;2,4;2,32;2,09;1,93;1,9;0,0377;0,0176;0,0993;0,058;0,0505;0,0362;0,0269;0,0247;0,277;0,0;2,11;0,722;0,564;0,209;0,064;0,0418;0,0255;0,00925;0,0903;0,0726;0,0549;0,0193;0,012;0,00991;0,343;0,213;0,889;0,471;0,422;0,332;0,269;0,255;12,5;1,07;97,4;27,1;20,9;10,2;5,63;4,64;-0,43;-8,15;58,75;44,64;36,71;9,67;-5,85;-6,47
PancrasLock;PancrasLock1;215;72,95;67,66;83,01;77,13;75,29;71,62;69,25;68,84;68,54;63,84;76,31;72,2;71,35;67,39;65,39;65,01;58,29;52,88;64,78;62,18;61,69;56,71;54,11;53,67;15,9;0,0;18,3;15,4;10,7;9,08;8,69;1,56;0,0;2,63;1,85;1,77;1,53;1,35;1,32;0,0287;0,0145;0,0677;0,0411;0,0373;0,0279;0,0213;0,0198;0,174;0,0;1,08;0,512;0,398;0,0858;0,0111;0,00631;0,0124;0,00272;0,112;0,067;0,0205;0,00618;0,00337;0,003;0,364;0,223;0,997;0,581;0,483;0,338;0,273;0,26;6,77;0,202;59,7;15,5;11,6;5,63;2,75;2,17;-1,3;-18,23;67,2;34,25;26,23;-3,56;-14,78;-16,15
PancrasLock;PancrasLock1;216;80,02;67,38;93,98;86,85;84,07;72,86;69,57;69,1;73,45;64,61;86,72;80,14;77,44;69,43;66,74;66,3;59,61;54,94;67,16;62,14;61,24;59,12;57,37;56,97;15,5;0,0;22,5;14,8;12,8;11,3;10,9;1,54;0,0;2,72;1,91;1,78;1,51;1,34;1,29;0,0298;0,0144;0,0757;0,0415;0,0386;0,0293;0,0217;0,02;0,164;0,0;0,873;0,422;0,332;0,106;0,016;0,00798;0,0153;0,00339;0,141;0,0636;0,0252;0,00884;0,00461;0,0039;0,362;0,218;0,957;0,544;0,483;0,339;0,275;0,261;7,51;0,00413;56,3;18,4;13,5;5,86;2,87;2,21;-1,42;-18,0;76,62;33,37;27,64;-0,74;-15,9;-16,71
PancrasLock;PancrasLock1;242;80,02;67,38;93,98;86,85;84,07;72,86;69,57;69,1;73,45;64,61;86,72;80,14;77,44;69,43;66,74;66,3;59,61;54,94;67,16;62,14;61,24;59,12;57,37;56,97;15,5;0,0;22,5;14,8;12,8;11,3;10,9;1,54;0,0;2,72;1,91;1,78;1,51;1,34;1,29;0,0298;0,0144;0,0757;0,0415;0,0386;0,0293;0,0217;0,02;0,164;0,0;0,873;0,422;0,332;0,106;0,016;0,00798;0,0153;0,00339;0,141;0,0636;0,0252;0,00884;0,00461;0,0039;0,362;0,218;0,957;0,544;0,483;0,339;0,275;0,261;7,51;0,00413;56,3;18,4;13,5;5,86;2,87;2,21;-1,42;-18,0;76,62;33,37;27,64;-0,74;-15,9;-16,71
PancrasLock;PancrasLock1;217;76,37;66,45;84,48;80,5;79,69;75,09;69,67;68,77;69,51;64,31;78,06;72,38;71,52;68,83;66,4;65,89;59,36;54,7;72,05;62,48;61,16;58,24;56,75;56,52;14,8;0,0;25,6;14,1;12,2;11,3;11,1;1,67;0,0;2,69;1,9;1,8;1,65;1,57;1,53;0,0353;0,0139;0,181;0,0877;0,044;0,0299;0,022;0,0204;0,148;0,0;1,25;0,439;0,22;0,0439;0,00555;0,00267;0,0173;0,00601;0,0546;0,0353;0,0292;0,0143;0,00786;0,00663;0,337;0,203;0,884;0,514;0,459;0,316;0,245;0,235;7,41;0,142;56,4;18,3;13,9;5,96;2,78;2,13;-1,07;-15,83;72,72;33,59;26,22;2,57;-11,97;-12,73
PancrasLock;PancrasLock1;239;76,37;66,45;84,48;80,5;79,69;75,09;69,67;68,77;69,51;64,31;78,06;72,38;71,52;68,83;66,4;65,89;59,36;54,7;72,05;62,48;61,16;58,24;56,75;56,52;14,8;0,0;25,6;14,1;12,2;11,3;11,1;1,67;0,0;2,69;1,9;1,8;1,65;1,57;1,53;0,0353;0,0139;0,181;0,0877;0,044;0,0299;0,022;0,0204;0,148;0,0;1,25;0,439;0,22;0,0439;0,00555;0,00267;0,0173;0,00601;0,0546;0,0353;0,0292;0,0143;0,00786;0,00663;0,337;0,203;0,884;0,514;0,459;0,316;0,245;0,235;7,41;0,142;56,4;18,3;13,9;5,96;2,78;2,13;-1,07;-15,83;72,72;33,59;26,22;2,57;-11,97;-12,73
PancrasLock;PancrasLock1;219;69,7;65,95;76,59;71,76;71,02;69,35;67,73;67,31;67,26;63,86;70,25;69,04;68,58;67,15;65,53;65,06;56,15;52,46;63,66;59,63;58,32;54,94;53,57;53,31;12,1;0,0;16,0;11,3;9,54;8,67;8,48;1,45;0,0;2,05;1,61;1,55;1,43;1,35;1,33;0,0285;0,0148;0,0609;0,0418;0,0374;0,0276;0,0207;0,0195;0,146;0,0;0,844;0,286;0,259;0,122;0,0238;0,0141;0,0108;0,00231;0,0386;0,0314;0,0249;0,00642;0,00337;0,0028;0,315;0,205;0,901;0,455;0,405;0,299;0,245;0,236;5,94;0,124;41,6;14,7;11,2;4,79;2,31;1,79;-10,31;-17,67;64,19;31,49;24,09;-4,05;-16,08;-16,51
PancrasLock;PancrasLock1;240;74,19;66,6;83,4;79,23;76,95;72,19;69,73;69,15;68,25;63,59;74,67;71,18;70,01;67,69;65,74;65,27;56,82;52,01;67,88;60,28;58,16;55,45;53,76;53,36;13,1;0,0;23,4;12,2;10,2;8,8;8,47;1,43;0,0;2,73;1,77;1,66;1,39;1,3;1,28;0,0289;0,013;0,0679;0,0418;0,0378;0,0281;0,0213;0,0197;0,118;0,0;0,719;0,327;0,232;0,0812;0,0253;0,0173;0,0106;0,00213;0,0629;0,0316;0,0216;0,00764;0,00324;0,00281;0,348;0,204;1,62;0,498;0,426;0,327;0,269;0,253;6,89;0,201;62,7;17,5;12,7;5,4;2,59;2,02;-0,98;-18,58;70,92;31,99;24,63;-3,08;-16,53;-16,99
PancrasLock;PancrasLock1;220;74,35;64,58;87,41;79,79;76,97;71,32;67,5;66,94;68,99;62,14;78,89;72,45;70,89;67,21;64,58;64,05;58,67;53,13;67,75;61,51;60,71;57,9;55,34;54,91;14,4;0,0;24,6;13,9;11,4;9,6;9,29;1,53;0,0;2,69;1,8;1,73;1,51;1,37;1,33;0,0303;0,0142;0,1;0,0438;0,0396;0,0293;0,022;0,0203;0,115;0,0;0,942;0,319;0,235;0,0626;0,0136;0,00746;0,0153;0,00258;0,162;0,0711;0,0306;0,00559;0,00328;0,00298;0,367;0,21;1,23;0,585;0,492;0,338;0,271;0,257;6,75;0,0668;66,3;14,6;11,0;5,48;2,75;2,18;-0,83;-16,65;69,81;34,21;26,16;-0,32;-15,25;-15,68
PancrasLock;PancrasLock1;232;74,35;64,58;87,41;79,79;76,97;71,32;67,5;66,94;68,99;62,14;78,89;72,45;70,89;67,21;64,58;64,05;58,67;53,13;67,75;61,51;60,71;57,9;55,34;54,91;14,4;0,0;24,6;13,9;11,4;9,6;9,29;1,53;0,0;2,69;1,8;1,73;1,51;1,37;1,33;0,0303;0,0142;0,1;0,0438;0,0396;0,0293;0,022;0,0203;0,115;0,0;0,942;0,319;0,235;0,0626;0,0136;0,00746;0,0153;0,00258;0,162;0,0711;0,0306;0,00559;0,00328;0,00298;0,367;0,21;1,23;0,585;0,492;0,338;0,271;0,257;6,75;0,0668;66,3;14,6;11,0;5,48;2,75;2,18;-0,83;-16,65;69,81;34,21;26,16;-0,32;-15,25;-15,68
PancrasLock;PancrasLock1;233;74,35;64,58;87,41;79,79;76,97;71,32;67,5;66,94;68,99;62,14;78,89;72,45;70,89;67,21;64,58;64,05;58,67;53,13;67,75;61,51;60,71;57,9;55,34;54,91;14,4;0,0;24,6;13,9;11,4;9,6;9,29;1,53;0,0;2,69;1,8;1,73;1,51;1,37;1,33;0,0303;0,0142;0,1;0,0438;0,0396;0,0293;0,022;0,0203;0,115;0,0;0,942;0,319;0,235;0,0626;0,0136;0,00746;0,0153;0,00258;0,162;0,0711;0,0306;0,00559;0,00328;0,00298;0,367;0,21;1,23;0,585;0,492;0,338;0,271;0,257;6,75;0,0668;66,3;14,6;11,0;5,48;2,75;2,18;-0,83;-16,65;69,81;34,21;26,16;-0,32;-15,25;-15,68
PancrasLock;PancrasLock1;234;74,35;64,58;87,41;79,79;76,97;71,32;67,5;66,94;68,99;62,14;78,89;72,45;70,89;67,21;64,58;64,05;58,67;53,13;67,75;61,51;60,71;57,9;55,34;54,91;14,4;0,0;24,6;13,9;11,4;9,6;9,29;1,53;0,0;2,69;1,8;1,73;1,51;1,37;1,33;0,0303;0,0142;0,1;0,0438;0,0396;0,0293;0,022;0,0203;0,115;0,0;0,942;0,319;0,235;0,0626;0,0136;0,00746;0,0153;0,00258;0,162;0,0711;0,0306;0,00559;0,00328;0,00298;0,367;0,21;1,23;0,585;0,492;0,338;0,271;0,257;6,75;0,0668;66,3;14,6;11,0;5,48;2,75;2,18;-0,83;-16,65;69,81;34,21;26,16;-0,32;-15,25;-15,68
PancrasLock;PancrasLock1;235;74,35;64,58;87,41;79,79;76,97;71,32;67,5;66,94;68,99;62,14;78,89;72,45;70,89;67,21;64,58;64,05;58,67;53,13;67,75;61,51;60,71;57,9;55,34;54,91;14,4;0,0;24,6;13,9;11,4;9,6;9,29;1,53;0,0;2,69;1,8;1,73;1,51;1,37;1,33;0,0303;0,0142;0,1;0,0438;0,0396;0,0293;0,022;0,0203;0,115;0,0;0,942;0,319;0,235;0,0626;0,0136;0,00746;0,0153;0,00258;0,162;0,0711;0,0306;0,00559;0,00328;0,00298;0,367;0,21;1,23;0,585;0,492;0,338;0,271;0,257;6,75;0,0668;66,3;14,6;11,0;5,48;2,75;2,18;-0,83;-16,65;69,81;34,21;26,16;-0,32;-15,25;-15,68
PancrasLock;PancrasLock1;236;74,35;64,58;87,41;79,79;76,97;71,32;67,5;66,94;68,99;62,14;78,89;72,45;70,89;67,21;64,58;64,05;58,67;53,13;67,75;61,51;60,71;57,9;55,34;54,91;14,4;0,0;24,6;13,9;11,4;9,6;9,29;1,53;0,0;2,69;1,8;1,73;1,51;1,37;1,33;0,0303;0,0142;0,1;0,0438;0,0396;0,0293;0,022;0,0203;0,115;0,0;0,942;0,319;0,235;0,0626;0,0136;0,00746;0,0153;0,00258;0,162;0,0711;0,0306;0,00559;0,00328;0,00298;0,367;0,21;1,23;0,585;0,492;0,338;0,271;0,257;6,75;0,0668;66,3;14,6;11,0;5,48;2,75;2,18;-0,83;-16,65;69,81;34,21;26,16;-0,32;-15,25;-15,68
PancrasLock;PancrasLock1;237;74,35;64,58;87,41;79,79;76,97;71,32;67,5;66,94;68,99;62,14;78,89;72,45;70,89;67,21;64,58;64,05;58,67;53,13;67,75;61,51;60,71;57,9;55,34;54,91;14,4;0,0;24,6;13,9;11,4;9,6;9,29;1,53;0,0;2,69;1,8;1,73;1,51;1,37;1,33;0,0303;0,0142;0,1;0,0438;0,0396;0,0293;0,022;0,0203;0,115;0,0;0,942;0,319;0,235;0,0626;0,0136;0,00746;0,0153;0,00258;0,162;0,0711;0,0306;0,00559;0,00328;0,00298;0,367;0,21;1,23;0,585;0,492;0,338;0,271;0,257;6,75;0,0668;66,3;14,6;11,0;5,48;2,75;2,18;-0,83;-16,65;69,81;34,21;26,16;-0,32;-15,25;-15,68
PancrasLock;PancrasLock1;243;74,35;64,58;87,41;79,79;76,97;71,32;67,5;66,94;68,99;62,14;78,89;72,45;70,89;67,21;64,58;64,05;58,67;53,13;67,75;61,51;60,71;57,9;55,34;54,91;14,4;0,0;24,6;13,9;11,4;9,6;9,29;1,53;0,0;2,69;1,8;1,73;1,51;1,37;1,33;0,0303;0,0142;0,1;0,0438;0,0396;0,0293;0,022;0,0203;0,115;0,0;0,942;0,319;0,235;0,0626;0,0136;0,00746;0,0153;0,00258;0,162;0,0711;0,0306;0,00559;0,00328;0,00298;0,367;0,21;1,23;0,585;0,492;0,338;0,271;0,257;6,75;0,0668;66,3;14,6;11,0;5,48;2,75;2,18;-0,83;-16,65;69,81;34,21;26,16;-0,32;-15,25;-15,68
PancrasLock;PancrasLock1;244;74,35;64,58;87,41;79,79;76,97;71,32;67,5;66,94;68,99;62,14;78,89;72,45;70,89;67,21;64,58;64,05;58,67;53,13;67,75;61,51;60,71;57,9;55,34;54,91;14,4;0,0;24,6;13,9;11,4;9,6;9,29;1,53;0,0;2,69;1,8;1,73;1,51;1,37;1,33;0,0303;0,0142;0,1;0,0438;0,0396;0,0293;0,022;0,0203;0,115;0,0;0,942;0,319;0,235;0,0626;0,0136;0,00746;0,0153;0,00258;0,162;0,0711;0,0306;0,00559;0,00328;0,00298;0,367;0,21;1,23;0,585;0,492;0,338;0,271;0,257;6,75;0,0668;66,3;14,6;11,0;5,48;2,75;2,18;-0,83;-16,65;69,81;34,21;26,16;-0,32;-15,25;-15,68
PancrasLock;PancrasLock1;246;74,35;64,58;87,41;79,79;76,97;71,32;67,5;66,94;68,99;62,14;78,89;72,45;70,89;67,21;64,58;64,05;58,67;53,13;67,75;61,51;60,71;57,9;55,34;54,91;14,4;0,0;24,6;13,9;11,4;9,6;9,29;1,53;0,0;2,69;1,8;1,73;1,51;1,37;1,33;0,0303;0,0142;0,1;0,0438;0,0396;0,0293;0,022;0,0203;0,115;0,0;0,942;0,319;0,235;0,0626;0,0136;0,00746;0,0153;0,00258;0,162;0,0711;0,0306;0,00559;0,00328;0,00298;0,367;0,21;1,23;0,585;0,492;0,338;0,271;0,257;6,75;0,0668;66,3;14,6;11,0;5,48;2,75;2,18;-0,83;-16,65;69,81;34,21;26,16;-0,32;-15,25;-15,68
PancrasLock;PancrasLock1;247;74,35;64,58;87,41;79,79;76,97;71,32;67,5;66,94;68,99;62,14;78,89;72,45;70,89;67,21;64,58;64,05;58,67;53,13;67,75;61,51;60,71;57,9;55,34;54,91;14,4;0,0;24,6;13,9;11,4;9,6;9,29;1,53;0,0;2,69;1,8;1,73;1,51;1,37;1,33;0,0303;0,0142;0,1;0,0438;0,0396;0,0293;0,022;0,0203;0,115;0,0;0,942;0,319;0,235;0,0626;0,0136;0,00746;0,0153;0,00258;0,162;0,0711;0,0306;0,00559;0,00328;0,00298;0,367;0,21;1,23;0,585;0,492;0,338;0,271;0,257;6,75;0,0668;66,3;14,6;11,0;5,48;2,75;2,18;-0,83;-16,65;69,81;34,21;26,16;-0,32;-15,25;-15,68
PancrasLock;PancrasLock1;248;74,35;64,58;87,41;79,79;76,97;71,32;67,5;66,94;68,99;62,14;78,89;72,45;70,89;67,21;64,58;64,05;58,67;53,13;67,75;61,51;60,71;57,9;55,34;54,91;14,4;0,0;24,6;13,9;11,4;9,6;9,29;1,53;0,0;2,69;1,8;1,73;1,51;1,37;1,33;0,0303;0,0142;0,1;0,0438;0,0396;0,0293;0,022;0,0203;0,115;0,0;0,942;0,319;0,235;0,0626;0,0136;0,00746;0,0153;0,00258;0,162;0,0711;0,0306;0,00559;0,00328;0,00298;0,367;0,21;1,23;0,585;0,492;0,338;0,271;0,257;6,75;0,0668;66,3;14,6;11,0;5,48;2,75;2,18;-0,83;-16,65;69,81;34,21;26,16;-0,32;-15,25;-15,68
PancrasLock;PancrasLock1;249;74,35;64,58;87,41;79,79;76,97;71,32;67,5;66,94;68,99;62,14;78,89;72,45;70,89;67,21;64,58;64,05;58,67;53,13;67,75;61,51;60,71;57,9;55,34;54,91;14,4;0,0;24,6;13,9;11,4;9,6;9,29;1,53;0,0;2,69;1,8;1,73;1,51;1,37;1,33;0,0303;0,0142;0,1;0,0438;0,0396;0,0293;0,022;0,0203;0,115;0,0;0,942;0,319;0,235;0,0626;0,0136;0,00746;0,0153;0,00258;0,162;0,0711;0,0306;0,00559;0,00328;0,00298;0,367;0,21;1,23;0,585;0,492;0,338;0,271;0,257;6,75;0,0668;66,3;14,6;11,0;5,48;2,75;2,18;-0,83;-16,65;69,81;34,21;26,16;-0,32;-15,25;-15,68
PancrasLock;PancrasLock1;250;74,35;64,58;87,41;79,79;76,97;71,32;67,5;66,94;68,99;62,14;78,89;72,45;70,89;67,21;64,58;64,05;58,67;53,13;67,75;61,51;60,71;57,9;55,34;54,91;14,4;0,0;24,6;13,9;11,4;9,6;9,29;1,53;0,0;2,69;1,8;1,73;1,51;1,37;1,33;0,0303;0,0142;0,1;0,0438;0,0396;0,0293;0,022;0,0203;0,115;0,0;0,942;0,319;0,235;0,0626;0,0136;0,00746;0,0153;0,00258;0,162;0,0711;0,0306;0,00559;0,00328;0,00298;0,367;0,21;1,23;0,585;0,492;0,338;0,271;0,257;6,75;0,0668;66,3;14,6;11,0;5,48;2,75;2,18;-0,83;-16,65;69,81;34,21;26,16;-0,32;-15,25;-15,68
PancrasLock;PancrasLock1;251;74,35;64,58;87,41;79,79;76,97;71,32;67,5;66,94;68,99;62,14;78,89;72,45;70,89;67,21;64,58;64,05;58,67;53,13;67,75;61,51;60,71;57,9;55,34;54,91;14,4;0,0;24,6;13,9;11,4;9,6;9,29;1,53;0,0;2,69;1,8;1,73;1,51;1,37;1,33;0,0303;0,0142;0,1;0,0438;0,0396;0,0293;0,022;0,0203;0,115;0,0;0,942;0,319;0,235;0,0626;0,0136;0,00746;0,0153;0,00258;0,162;0,0711;0,0306;0,00559;0,00328;0,00298;0,367;0,21;1,23;0,585;0,492;0,338;0,271;0,257;6,75;0,0668;66,3;14,6;11,0;5,48;2,75;2,18;-0,83;-16,65;69,81;34,21;26,16;-0,32;-15,25;-15,68
PancrasLock;PancrasLock1;252;74,35;64,58;87,41;79,79;76,97;71,32;67,5;66,94;68,99;62,14;78,89;72,45;70,89;67,21;64,58;64,05;58,67;53,13;67,75;61,51;60,71;57,9;55,34;54,91;14,4;0,0;24,6;13,9;11,4;9,6;9,29;1,53;0,0;2,69;1,8;1,73;1,51;1,37;1,33;0,0303;0,0142;0,1;0,0438;0,0396;0,0293;0,022;0,0203;0,115;0,0;0,942;0,319;0,235;0,0626;0,0136;0,00746;0,0153;0,00258;0,162;0,0711;0,0306;0,00559;0,00328;0,00298;0,367;0,21;1,23;0,585;0,492;0,338;0,271;0,257;6,75;0,0668;66,3;14,6;11,0;5,48;2,75;2,18;-0,83;-16,65;69,81;34,21;26,16;-0,32;-15,25;-15,68
PancrasLock;PancrasLock1;253;74,35;64,58;87,41;79,79;76,97;71,32;67,5;66,94;68,99;62,14;78,89;72,45;70,89;67,21;64,58;64,05;58,67;53,13;67,75;61,51;60,71;57,9;55,34;54,91;14,4;0,0;24,6;13,9;11,4;9,6;9,29;1,53;0,0;2,69;1,8;1,73;1,51;1,37;1,33;0,0303;0,0142;0,1;0,0438;0,0396;0,0293;0,022;0,0203;0,115;0,0;0,942;0,319;0,235;0,0626;0,0136;0,00746;0,0153;0,00258;0,162;0,0711;0,0306;0,00559;0,00328;0,00298;0,367;0,21;1,23;0,585;0,492;0,338;0,271;0,257;6,75;0,0668;66,3;14,6;11,0;5,48;2,75;2,18;-0,83;-16,65;69,81;34,21;26,16;-0,32;-15,25;-15,68
PancrasLock;PancrasLock1;254;74,35;64,58;87,41;79,79;76,97;71,32;67,5;66,94;68,99;62,14;78,89;72,45;70,89;67,21;64,58;64,05;58,67;53,13;67,75;61,51;60,71;57,9;55,34;54,91;14,4;0,0;24,6;13,9;11,4;9,6;9,29;1,53;0,0;2,69;1,8;1,73;1,51;1,37;1,33;0,0303;0,0142;0,1;0,0438;0,0396;0,0293;0,022;0,0203;0,115;0,0;0,942;0,319;0,235;0,0626;0,0136;0,00746;0,0153;0,00258;0,162;0,0711;0,0306;0,00559;0,00328;0,00298;0,367;0,21;1,23;0,585;0,492;0,338;0,271;0,257;6,75;0,0668;66,3;14,6;11,0;5,48;2,75;2,18;-0,83;-16,65;69,81;34,21;26,16;-0,32;-15,25;-15,68
PancrasLock;PancrasLock1;255;74,35;64,58;87,41;79,79;76,97;71,32;67,5;66,94;68,99;62,14;78,89;72,45;70,89;67,21;64,58;64,05;58,67;53,13;67,75;61,51;60,71;57,9;55,34;54,91;14,4;0,0;24,6;13,9;11,4;9,6;9,29;1,53;0,0;2,69;1,8;1,73;1,51;1,37;1,33;0,0303;0,0142;0,1;0,0438;0,0396;0,0293;0,022;0,0203;0,115;0,0;0,942;0,319;0,235;0,0626;0,0136;0,00746;0,0153;0,00258;0,162;0,0711;0,0306;0,00559;0,00328;0,00298;0,367;0,21;1,23;0,585;0,492;0,338;0,271;0,257;6,75;0,0668;66,3;14,6;11,0;5,48;2,75;2,18;-0,83;-16,65;69,81;34,21;26,16;-0,32;-15,25;-15,68
PancrasLock;PancrasLock1;256;74,35;64,58;87,41;79,79;76,97;71,32;67,5;66,94;68,99;62,14;78,89;72,45;70,89;67,21;64,58;64,05;58,67;53,13;67,75;61,51;60,71;57,9;55,34;54,91;14,4;0,0;24,6;13,9;11,4;9,6;9,29;1,53;0,0;2,69;1,8;1,73;1,51;1,37;1,33;0,0303;0,0142;0,1;0,0438;0,0396;0,0293;0,022;0,0203;0,115;0,0;0,942;0,319;0,235;0,0626;0,0136;0,00746;0,0153;0,00258;0,162;0,0711;0,0306;0,00559;0,00328;0,00298;0,367;0,21;1,23;0,585;0,492;0,338;0,271;0,257;6,75;0,0668;66,3;14,6;11,0;5,48;2,75;2,18;-0,83;-16,65;69,81;34,21;26,16;-0,32;-15,25;-15,68
PancrasLock;PancrasLock1;257;74,35;64,58;87,41;79,79;76,97;71,32;67,5;66,94;68,99;62,14;78,89;72,45;70,89;67,21;64,58;64,05;58,67;53,13;67,75;61,51;60,71;57,9;55,34;54,91;14,4;0,0;24,6;13,9;11,4;9,6;9,29;1,53;0,0;2,69;1,8;1,73;1,51;1,37;1,33;0,0303;0,0142;0,1;0,0438;0,0396;0,0293;0,022;0,0203;0,115;0,0;0,942;0,319;0,235;0,0626;0,0136;0,00746;0,0153;0,00258;0,162;0,0711;0,0306;0,00559;0,00328;0,00298;0,367;0,21;1,23;0,585;0,492;0,338;0,271;0,257;6,75;0,0668;66,3;14,6;11,0;5,48;2,75;2,18;-0,83;-16,65;69,81;34,21;26,16;-0,32;-15,25;-15,68
PancrasLock;PancrasLock1;258;74,35;64,58;87,41;79,79;76,97;71,32;67,5;66,94;68,99;62,14;78,89;72,45;70,89;67,21;64,58;64,05;58,67;53,13;67,75;61,51;60,71;57,9;55,34;54,91;14,4;0,0;24,6;13,9;11,4;9,6;9,29;1,53;0,0;2,69;1,8;1,73;1,51;1,37;1,33;0,0303;0,0142;0,1;0,0438;0,0396;0,0293;0,022;0,0203;0,115;0,0;0,942;0,319;0,235;0,0626;0,0136;0,00746;0,0153;0,00258;0,162;0,0711;0,0306;0,00559;0,00328;0,00298;0,367;0,21;1,23;0,585;0,492;0,338;0,271;0,257;6,75;0,0668;66,3;14,6;11,0;5,48;2,75;2,18;-0,83;-16,65;69,81;34,21;26,16;-0,32;-15,25;-15,68
PancrasLock;PancrasLock1;259;74,35;64,58;87,41;79,79;76,97;71,32;67,5;66,94;68,99;62,14;78,89;72,45;70,89;67,21;64,58;64,05;58,67;53,13;67,75;61,51;60,71;57,9;55,34;54,91;14,4;0,0;24,6;13,9;11,4;9,6;9,29;1,53;0,0;2,69;1,8;1,73;1,51;1,37;1,33;0,0303;0,0142;0,1;0,0438;0,0396;0,0293;0,022;0,0203;0,115;0,0;0,942;0,319;0,235;0,0626;0,0136;0,00746;0,0153;0,00258;0,162;0,0711;0,0306;0,00559;0,00328;0,00298;0,367;0,21;1,23;0,585;0,492;0,338;0,271;0,257;6,75;0,0668;66,3;14,6;11,0;5,48;2,75;2,18;-0,83;-16,65;69,81;34,21;26,16;-0,32;-15,25;-15,68
PancrasLock;PancrasLock1;260;74,35;64,58;87,41;79,79;76,97;71,32;67,5;66,94;68,99;62,14;78,89;72,45;70,89;67,21;64,58;64,05;58,67;53,13;67,75;61,51;60,71;57,9;55,34;54,91;14,4;0,0;24,6;13,9;11,4;9,6;9,29;1,53;0,0;2,69;1,8;1,73;1,51;1,37;1,33;0,0303;0,0142;0,1;0,0438;0,0396;0,0293;0,022;0,0203;0,115;0,0;0,942;0,319;0,235;0,0626;0,0136;0,00746;0,0153;0,00258;0,162;0,0711;0,0306;0,00559;0,00328;0,00298;0,367;0,21;1,23;0,585;0,492;0,338;0,271;0,257;6,75;0,0668;66,3;14,6;11,0;5,48;2,75;2,18;-0,83;-16,65;69,81;34,21;26,16;-0,32;-15,25;-15,68
PancrasLock;PancrasLock1;261;74,35;64,58;87,41;79,79;76,97;71,32;67,5;66,94;68,99;62,14;78,89;72,45;70,89;67,21;64,58;64,05;58,67;53,13;67,75;61,51;60,71;57,9;55,34;54,91;14,4;0,0;24,6;13,9;11,4;9,6;9,29;1,53;0,0;2,69;1,8;1,73;1,51;1,37;1,33;0,0303;0,0142;0,1;0,0438;0,0396;0,0293;0,022;0,0203;0,115;0,0;0,942;0,319;0,235;0,0626;0,0136;0,00746;0,0153;0,00258;0,162;0,0711;0,0306;0,00559;0,00328;0,00298;0,367;0,21;1,23;0,585;0,492;0,338;0,271;0,257;6,75;0,0668;66,3;14,6;11,0;5,48;2,75;2,18;-0,83;-16,65;69,81;34,21;26,16;-0,32;-15,25;-15,68
PancrasLock;PancrasLock1;221;79,34;64,93;91,28;85,78;83,25;75,39;70,16;68,88;74,34;62,32;82,89;79,89;78,73;69,56;65,83;64,3;57,42;53,56;64,39;59,93;59,34;56,72;55,02;54,72;14,2;0,0;17,9;13,6;11,2;9,72;9,33;1,63;0,0;2,27;1,94;1,86;1,62;1,46;1,42;0,0279;0,0128;0,0831;0,0403;0,0373;0,0268;0,0198;0,0185;0,24;0,0;1,29;0,846;0,556;0,0746;0,00963;0,00464;0,0107;0,00524;0,0218;0,018;0,0173;0,00987;0,0062;0,00563;0,352;0,203;0,672;0,55;0,478;0,337;0,265;0,253;6,38;0,178;35,8;13,5;10,7;5,6;2,77;2,17;-1,18;-18,0;76,88;33,21;24,62;-4,51;-14,73;-16,0
PancrasLock;PancrasLock1;238;79,34;64,93;91,28;85,78;83,25;75,39;70,16;68,88;74,34;62,32;82,89;79,89;78,73;69,56;65,83;64,3;57,42;53,56;64,39;59,93;59,34;56,72;55,02;54,72;14,2;0,0;17,9;13,6;11,2;9,72;9,33;1,63;0,0;2,27;1,94;1,86;1,62;1,46;1,42;0,0279;0,0128;0,0831;0,0403;0,0373;0,0268;0,0198;0,0185;0,24;0,0;1,29;0,846;0,556;0,0746;0,00963;0,00464;0,0107;0,00524;0,0218;0,018;0,0173;0,00987;0,0062;0,00563;0,352;0,203;0,672;0,55;0,478;0,337;0,265;0,253;6,38;0,178;35,8;13,5;10,7;5,6;2,77;2,17;-1,18;-18,0;76,88;33,21;24,62;-4,51;-14,73;-16,0
PancrasLock;PancrasLock1;222;74,69;64,83;85,74;79,63;77,56;72,92;68,47;67,58;68,25;62,06;75,9;72,63;71,03;67,09;64,18;63,56;56,13;52,63;65,5;59,72;58,7;54,87;53,24;53,08;12,4;0,0;17,4;11,6;9,61;8,38;8,21;1,67;0,0;2,48;1,98;1,91;1,69;1,42;1,4;0,0283;0,0123;0,0641;0,041;0,0369;0,0272;0,0204;0,0189;0,185;0,0;1,1;0,598;0,461;0,108;0,0166;0,00948;0,012;0,0022;0,055;0,0419;0,0281;0,00927;0,00324;0,00279;0,375;0,213;0,907;0,538;0,496;0,356;0,27;0,254;6,81;0,00429;50,9;17,7;13,8;5,16;2,33;1,78;-1,1;-18,18;70,37;30,31;22,51;-3,35;-15,7;-16,72
PancrasLock;PancrasLock1;224;72,15;64,29;81,69;76,99;75,22;70,04;67,05;66,46;68,24;61,63;75,08;72,66;71,3;66,59;64,07;63,51;58,29;53,86;63,8;62,39;61,23;56,96;54,78;54,61;16,5;0,0;19,5;14,9;10,7;9,18;8,99;1,53;0,0;2,47;1,92;1,78;1,48;1,38;1,36;0,0286;0,0147;0,065;0,0414;0,0375;0,0276;0,0213;0,0199;0,142;0,0;0,637;0,405;0,312;0,0816;0,0167;0,0108;0,00748;0,002;0,0286;0,02;0,017;0,00587;0,00273;0,00237;0,369;0,178;1,57;0,599;0,511;0,33;0,262;0,244;5,57;0,179;48,8;11,6;8,98;4,72;2,35;1,82;-6,2;-14,93;66,67;32,83;27,48;-2,58;-12,97;-13,47
PancrasLock;PancrasLock1;226;73,12;68,1;84,8;77,24;75,53;71,24;69,55;69,2;67,26;64,3;73,32;69,43;68,56;66,84;65,8;65,55;58,83;53,24;68,16;62,68;61,63;57,76;54,49;54,15;13,9;0,0;19,4;13,0;10,5;8,94;8,74;1,56;0,0;2,9;2,01;1,89;1,51;1,36;1,34;0,0357;0,0152;0,185;0,0773;0,0564;0,0298;0,0213;0,0198;0,149;0,0;1,0;0,426;0,308;0,0916;0,0206;0,0136;0,0357;0,00773;0,088;0,0717;0,0582;0,0329;0,0174;0,0111;0,451;0,224;1,0;0,713;0,634;0,429;0,303;0,285;13,9;0,0214;53,7;31,2;26,3;11,8;4,27;3,18;-5,39;-16,79;68,2;32,93;26,69;-1,69;-13,87;-14,84
PancrasLock;PancrasLock1;267;73,12;68,1;84,8;77,24;75,53;71,24;69,55;69,2;67,26;64,3;73,32;69,43;68,56;66,84;65,8;65,55;58,83;53,24;68,16;62,68;61,63;57,76;54,49;54,15;13,9;0,0;19,4;13,0;10,5;8,94;8,74;1,56;0,0;2,9;2,01;1,89;1,51;1,36;1,34;0,0357;0,0152;0,185;0,0773;0,0564;0,0298;0,0213;0,0198;0,149;0,0;1,0;0,426;0,308;0,0916;0,0206;0,0136;0,0357;0,00773;0,088;0,0717;0,0582;0,0329;0,0174;0,0111;0,451;0,224;1,0;0,713;0,634;0,429;0,303;0,285;13,9;0,0214;53,7;31,2;26,3;11,8;4,27;3,18;-5,39;-16,79;68,2;32,93;26,69;-1,69;-13,87;-14,84
PancrasLock;PancrasLock1;228;81,3;66,62;97,98;86,9;84,81;76,46;70,87;69,99;72,59;64,24;88,07;76,64;74,97;70,67;66,28;65,81;62,29;55,24;72,45;65,39;64,58;61,31;57,34;56,16;19,3;0,0;27,9;17,9;14,6;11,1;10,6;1,65;0,0;2,51;2,02;1,9;1,62;1,45;1,41;0,0314;0,0168;0,0787;0,0446;0,0407;0,0307;0,0229;0,021;0,111;0,0;0,72;0,289;0,206;0,0622;0,0139;0,00899;0,0267;0,00523;0,0866;0,0694;0,0596;0,0187;0,00782;0,00699;0,379;0,233;1,25;0,531;0,484;0,367;0,287;0,273;9,86;0,224;61,6;22,7;18,8;8,0;3,72;2,92;-1,15;-14,17;78,7;36,75;29,55;0,21;-11,61;-12,52
PancrasLock;PancrasLock1;263;81,3;66,62;97,98;86,9;84,81;76,46;70,87;69,99;72,59;64,24;88,07;76,64;74,97;70,67;66,28;65,81;62,29;55,24;72,45;65,39;64,58;61,31;57,34;56,16;19,3;0,0;27,9;17,9;14,6;11,1;10,6;1,65;0,0;2,51;2,02;1,9;1,62;1,45;1,41;0,0314;0,0168;0,0787;0,0446;0,0407;0,0307;0,0229;0,021;0,111;0,0;0,72;0,289;0,206;0,0622;0,0139;0,00899;0,0267;0,00523;0,0866;0,0694;0,0596;0,0187;0,00782;0,00699;0,379;0,233;1,25;0,531;0,484;0,367;0,287;0,273;9,86;0,224;61,6;22,7;18,8;8,0;3,72;2,92;-1,15;-14,17;78,7;36,75;29,55;0,21;-11,61;-12,52
PancrasLock;PancrasLock1;230;80,57;65,99;93,31;86,64;84,84;76,16;70,76;69,54;72,33;62,16;84,1;78,52;76,57;67,94;64,14;63,59;58,85;52,59;71,98;64,84;61,09;55,91;53,85;53,44;15,0;0,0;23,5;12,7;9,75;8,66;8,47;1,6;0,0;2,72;2,01;1,82;1,55;1,42;1,38;0,0285;0,00827;0,146;0,042;0,0381;0,0274;0,0192;0,0175;0,166;0,0;2,68;0,481;0,29;0,0488;0,00868;0,00366;0,0256;0,00445;0,124;0,0798;0,0573;0,0182;0,00658;0,00598;0,431;0,116;1,28;0,814;0,677;0,373;0,293;0,274;10,2;0,256;64,2;28,7;21,8;7,34;3,2;2,49;-3,34;-15,58;76,95;34,5;23,6;1,11;-12,81;-13,59
PancrasLock;PancrasLock1;266;80,57;65,99;93,31;86,64;84,84;76,16;70,76;69,54;72,33;62,16;84,1;78,52;76,57;67,94;64,14;63,59;58,85;52,59;71,98;64,84;61,09;55,91;53,85;53,44;15,0;0,0;23,5;12,7;9,75;8,66;8,47;1,6;0,0;2,72;2,01;1,82;1,55;1,42;1,38;0,0285;0,00827;0,146;0,042;0,0381;0,0274;0,0192;0,0175;0,166;0,0;2,68;0,481;0,29;0,0488;0,00868;0,00366;0,0256;0,00445;0,124;0,0798;0,0573;0,0182;0,00658;0,00598;0,431;0,116;1,28;0,814;0,677;0,373;0,293;0,274;10,2;0,256;64,2;28,7;21,8;7,34;3,2;2,49;-3,34;-15,58;76,95;34,5;23,6;1,11;-12,81;-13,59
PancrasLock;PancrasLock1;231;74,1;64,09;85,23;81,08;78,52;69,2;67,07;66,58;69,68;62,14;80,37;75,81;73,72;66,12;64,44;63,93;59,37;53,89;68,98;63,09;61,71;57,91;55,36;55,02;14,4;0,0;22,7;13,6;11,1;9,63;9,4;1,7;0,0;2,72;2,11;1,97;1,64;1,51;1,49;0,0293;0,0143;0,121;0,0454;0,039;0,0275;0,0205;0,0191;0,151;0,0;1,87;0,414;0,301;0,0668;0,0129;0,00849;0,0205;0,00749;0,0577;0,0416;0,0351;0,0181;0,00947;0,00803;0,408;0,184;0,875;0,605;0,555;0,386;0,305;0,281;11,0;0,411;87,1;26,6;21,5;9,09;4,0;3,1;-1,0;-12,48;68,03;33,56;25,1;4,21;-9,4;-10,41
PancrasLock;PancrasLock1;262;74,1;64,09;85,23;81,08;78,52;69,2;67,07;66,58;69,68;62,14;80,37;75,81;73,72;66,12;64,44;63,93;59,37;53,89;68,98;63,09;61,71;57,91;55,36;55,02;14,4;0,0;22,7;13,6;11,1;9,63;9,4;1,7;0,0;2,72;2,11;1,97;1,64;1,51;1,49;0,0293;0,0143;0,121;0,0454;0,039;0,0275;0,0205;0,0191;0,151;0,0;1,87;0,414;0,301;0,0668;0,0129;0,00849;0,0205;0,00749;0,0577;0,0416;0,0351;0,0181;0,00947;0,00803;0,408;0,184;0,875;0,605;0,555;0,386;0,305;0,281;11,0;0,411;87,1;26,6;21,5;9,09;4,0;3,1;-1,0;-12,48;68,03;33,56;25,1;4,21;-9,4;-10,41
PancrasLock;PancrasLock2;371;73,5;69,82;84,97;74,58;74,08;72,82;71,64;71,27;70,38;67,61;76,1;71,66;71,29;70,18;69,18;68,82;58,58;55,06;66,72;61,78;60,44;57,84;56,25;56,03;15,1;0,0;19,3;13,8;11,9;10,8;10,6;1,58;0,0;2,45;1,89;1,77;1,55;1,46;1,44;0,0296;0,0137;0,0733;0,043;0,0391;0,0288;0,0216;0,02;0,104;0,0;1,17;0,253;0,178;0,0546;0,0132;0,00771;0,014;0,00405;0,0479;0,0351;0,0299;0,00919;0,00518;0,00481;0,398;0,213;1,13;0,698;0,595;0,352;0,282;0,26;8,06;0,174;65,3;19,9;14,2;6,36;3,27;2,66;-7,35;-13,72;67,48;33,31;26,21;2,32;-9,4;-10,86
PancrasLock;PancrasLock2;409;72,01;67,7;77,38;74,18;73,61;71,72;69,91;69,48;69,16;64,87;76,9;71,09;70,61;68,88;67,19;66,75;60,09;52,95;74,1;65,6;62,69;57,84;54,74;54,1;15,1;0,0;26,2;14,1;11,3;9,27;8,93;1,6;0,0;2,98;2,1;1,96;1,55;1,29;1,24;0,028;0,0135;0,121;0,0409;0,0374;0,0269;0,0198;0,0181;0,19;0,0;2,07;0,581;0,399;0,106;0,0172;0,00829;0,0398;0,0069;0,232;0,144;0,0849;0,031;0,0145;0,0129;0,479;0,19;1,38;0,88;0,695;0,433;0,327;0,299;12,9;0,514;91,7;32,9;24,6;10,8;4,82;3,72;-5,9;-10,61;66,04;31,72;24,91;7,53;-8,51;-9,11
PancrasLock;PancrasLock2;372;78,29;71,17;87,57;81,11;80,08;78,2;73,76;72,98;75,2;68,71;80,24;77,46;77,13;75,52;70,74;70,25;63,25;58,62;70,88;67,27;65,83;61,92;60,22;59,66;21,4;0,0;30,6;19,5;15,9;13,9;13,4;1,76;0,0;3,08;2,26;2,09;1,7;1,55;1,53;0,0352;0,0186;0,106;0,0569;0,048;0,0327;0,0246;0,0228;0,0818;0,0;0,694;0,196;0,144;0,0394;0,00605;0,00165;0,0134;0,00312;0,0532;0,0461;0,0421;0,00724;0,00454;0,00401;0,448;0,215;1,39;0,965;0,785;0,359;0,277;0,261;8,1;0,0616;66,0;18,7;13,8;6,6;3,31;2,63;-8,63;-8,03;72,26;38,09;30,8;8,77;-3,97;-5,15
PancrasLock;PancrasLock2;373;78,29;71,17;87,57;81,11;80,08;78,2;73,76;72,98;75,2;68,71;80,24;77,46;77,13;75,52;70,74;70,25;63,25;58,62;70,88;67,27;65,83;61,92;60,22;59,66;21,4;0,0;30,6;19,5;15,9;13,9;13,4;1,76;0,0;3,08;2,26;2,09;1,7;1,55;1,53;0,0352;0,0186;0,106;0,0569;0,048;0,0327;0,0246;0,0228;0,0818;0,0;0,694;0,196;0,144;0,0394;0,00605;0,00165;0,0134;0,00312;0,0532;0,0461;0,0421;0,00724;0,00454;0,00401;0,448;0,215;1,39;0,965;0,785;0,359;0,277;0,261;8,1;0,0616;66,0;18,7;13,8;6,6;3,31;2,63;-8,63;-8,03;72,26;38,09;30,8;8,77;-3,97;-5,15
PancrasLock;PancrasLock2;411;71,43;64,11;82,18;75,61;74,18;69,84;66,85;65,95;65,52;62,04;73,9;68,8;67,51;64,69;63,22;62,97;59,02;54,4;71,32;62,18;60,41;57,18;55,39;55,08;14,2;0,0;23,3;12,8;10,5;9,37;9,14;1,74;0,0;2,8;2,06;1,96;1,7;1,58;1,55;0,0306;0,0149;0,19;0,0452;0,0403;0,029;0,0215;0,02;0,191;0,0;1,95;0,685;0,393;0,12;0,0354;0,0211;0,0135;0,005;0,0665;0,0359;0,0282;0,0102;0,006;0,00542;0,351;0,198;1,63;0,563;0,461;0,32;0,255;0,244;7,56;0,16;83,1;20,6;14,2;5,74;2,71;2,13;-1,8;-12,06;67,66;32,66;27,26;3,68;-8,3;-9,23
PancrasLock;PancrasLock2;413;70,12;64,76;79,58;72,89;72,1;69,67;67,17;66,52;67,56;63,27;75,54;70,26;69,79;67,07;65,1;64,66;59,28;55,97;67,92;61,61;61,0;58,55;57,14;56,8;14,1;0,0;21,2;13,6;11,8;10,7;10,5;1,44;0,0;2,21;1,71;1,61;1,42;1,29;1,26;0,0323;0,0172;0,0672;0,0482;0,043;0,0313;0,0236;0,0222;0,209;0,0;1,88;0,716;0,421;0,135;0,048;0,0308;0,00908;0,00232;0,0262;0,0207;0,0176;0,00697;0,00373;0,00314;0,319;0,198;1,08;0,438;0,394;0,3;0,244;0,231;7,41;0,13;41,3;16,4;13,0;6,3;3,05;2,34;-2,47;-15,9;62,32;32,04;24,61;-1,73;-13,12;-14,11
PancrasLock;PancrasLock2;374;80,4;66,46;91,36;84,87;83,99;79,17;71,11;69,57;74,55;63,45;81,15;78,92;78,13;73,27;65,85;65,1;62,43;56,56;74,45;67,26;64,44;60,21;57,56;57,25;18,5;0,0;31,7;17,3;13,7;11,8;11,5;1,77;0,0;2,53;2,03;1,97;1,78;1,55;1,5;0,0329;0,0145;0,101;0,0495;0,0447;0,0314;0,023;0,0213;0,164;0,0;1,84;0,602;0,331;0,0708;0,0186;0,0109;0,0163;0,00295;0,0659;0,0536;0,0372;0,0101;0,00487;0,00422;0,465;0,194;1,62;0,768;0,678;0,432;0,302;0,272;8,28;0,321;87,6;19,3;15,2;6,73;3,42;2,73;-1,82;-12,39;75,61;36,91;30,54;3,71;-8,44;-9,77
PancrasLock;PancrasLock2;414;80,4;66,46;91,36;84,87;83,99;79,17;71,11;69,57;74,55;63,45;81,15;78,92;78,13;73,27;65,85;65,1;62,43;56,56;74,45;67,26;64,44;60,21;57,56;57,25;18,5;0,0;31,7;17,3;13,7;11,8;11,5;1,77;0,0;2,53;2,03;1,97;1,78;1,55;1,5;0,0329;0,0145;0,101;0,0495;0,0447;0,0314;0,023;0,0213;0,164;0,0;1,84;0,602;0,331;0,0708;0,0186;0,0109;0,0163;0,00295;0,0659;0,0536;0,0372;0,0101;0,00487;0,00422;0,465;0,194;1,62;0,768;0,678;0,432;0,302;0,272;8,28;0,321;87,6;19,3;15,2;6,73;3,42;2,73;-1,82;-12,39;75,61;36,91;30,54;3,71;-8,44;-9,77
PancrasLock;PancrasLock2;375;67,72;64,39;78,11;69,6;69,22;67,41;65,98;65,58;66,03;62,79;77,91;67,86;67,54;65,67;64,09;63,81;59,16;54,35;76,67;60,45;59,81;57,34;56,12;55,53;12,5;0,0;35,5;12,3;10,9;9,95;9,74;1,48;0,0;2,5;1,7;1,65;1,47;1,31;1,28;0,0327;0,0158;0,118;0,0492;0,0439;0,0311;0,0229;0,0214;0,202;0,0;1,26;0,505;0,356;0,173;0,0838;0,0614;0,00655;0,00237;0,0245;0,018;0,0109;0,00484;0,00284;0,00252;0,319;0,189;2,63;0,445;0,377;0,288;0,232;0,219;5,78;0,0376;141,0;11,0;8,93;4,95;2,44;1,92;-2,15;-17,61;61,1;33,21;23,41;-1,12;-14,77;-15,67
PancrasLock;PancrasLock2;376;69,95;66,29;76,27;71,92;71,32;69,53;68,1;67,78;67,0;63,79;71,49;68,52;68,22;66,9;65,39;64,95;58,16;54,2;64,45;60,39;59,74;57,99;56,18;55,8;13,3;0,0;18,4;12,8;11,2;9,75;9,46;1,54;0,0;2,9;1,97;1,76;1,49;1,37;1,34;0,0319;0,0162;0,147;0,0468;0,042;0,0301;0,0228;0,0213;0,151;0,0;0,675;0,388;0,302;0,108;0,0248;0,0139;0,0101;0,0032;0,0467;0,0294;0,0194;0,00717;0,00426;0,00376;0,361;0,199;0,917;0,544;0,493;0,339;0,269;0,254;7,59;0,207;44,3;18,8;14,2;6,04;2,87;2,21;-3,99;-16,11;64,3;32,97;23,18;0,83;-12,87;-13,53
PancrasLock;PancrasLock2;397;69,95;66,29;76,27;71,92;71,32;69,53;68,1;67,78;67,0;63,79;71,49;68,52;68,22;66,9;65,39;64,95;58,16;54,2;64,45;60,39;59,74;57,99;56,18;55,8;13,3;0,0;18,4;12,8;11,2;9,75;9,46;1,54;0,0;2,9;1,97;1,76;1,49;1,37;1,34;0,0319;0,0162;0,147;0,0468;0,042;0,0301;0,0228;0,0213;0,151;0,0;0,675;0,388;0,302;0,108;0,0248;0,0139;0,0101;0,0032;0,0467;0,0294;0,0194;0,00717;0,00426;0,00376;0,361;0,199;0,917;0,544;0,493;0,339;0,269;0,254;7,59;0,207;44,3;18,8;14,2;6,04;2,87;2,21;-3,99;-16,11;64,3;32,97;23,18;0,83;-12,87;-13,53
PancrasLock;PancrasLock2;378;75,27;71,12;80,63;77,75;77,08;74,82;72,95;72,51;72,49;68,63;76,1;74,22;73,84;72,32;70,9;70,5;62,52;58,72;72,42;64,44;63,95;62,12;59,99;59,68;17,8;0,0;28,4;17,2;15,4;13,3;13,0;1,6;0,0;3,34;1,88;1,78;1,57;1,43;1,41;0,0328;0,0177;0,0659;0,0464;0,0428;0,0321;0,0243;0,0228;0,199;0,0;1,22;0,542;0,417;0,128;0,0307;0,0184;0,00669;0,00249;0,0304;0,014;0,0116;0,00608;0,00339;0,00289;0,395;0,217;1,39;0,679;0,573;0,36;0,279;0,261;7,22;0,333;65,9;14,0;11,4;6,41;3,3;2,66;-3,42;-13,61;70,65;36,81;29,68;3,32;-10,44;-11,58
PancrasLock;PancrasLock2;379;78,19;69,77;84,88;81,75;80,78;77,51;74,04;72,47;76,45;68,04;81,24;79,99;79,15;76,02;70,38;69,44;64,18;59,79;70,12;66,62;66,16;63,94;60,52;60,29;20,9;0,0;27,5;20,1;17,3;14,3;13,9;1,65;0,0;2,58;1,93;1,87;1,62;1,49;1,46;0,0347;0,0172;0,0721;0,049;0,0453;0,034;0,0254;0,0232;0,569;0,0;2,0;1,09;1,05;0,516;0,0408;0,022;0,00976;0,00363;0,0445;0,033;0,0203;0,00729;0,00438;0,00405;0,351;0,148;1,25;0,587;0,514;0,33;0,229;0,211;8,33;0,481;57,2;18,7;14,6;6,99;3,59;2,9;-7,31;-12,99;74,89;39,5;30,47;2,52;-11,53;-11,93
PancrasLock;PancrasLock2;401;78,19;69,77;84,88;81,75;80,78;77,51;74,04;72,47;76,45;68,04;81,24;79,99;79,15;76,02;70,38;69,44;64,18;59,79;70,12;66,62;66,16;63,94;60,52;60,29;20,9;0,0;27,5;20,1;17,3;14,3;13,9;1,65;0,0;2,58;1,93;1,87;1,62;1,49;1,46;0,0347;0,0172;0,0721;0,049;0,0453;0,034;0,0254;0,0232;0,569;0,0;2,0;1,09;1,05;0,516;0,0408;0,022;0,00976;0,00363;0,0445;0,033;0,0203;0,00729;0,00438;0,00405;0,351;0,148;1,25;0,587;0,514;0,33;0,229;0,211;8,33;0,481;57,2;18,7;14,6;6,99;3,59;2,9;-7,31;-12,99;74,89;39,5;30,47;2,52;-11,53;-11,93
PancrasLock;PancrasLock2;380;70,12;65,79;80,7;72,37;71,2;69,13;67,43;67,07;66,0;62,25;69,99;67,73;67,36;65,84;64,45;64,04;57,51;54,08;63,6;59,73;59,02;57,21;55,5;55,06;12,3;0,0;16,2;11,9;10,7;9,55;9,3;1,52;0,0;2,04;1,7;1,66;1,51;1,42;1,39;0,0313;0,0145;0,0706;0,0454;0,0422;0,0303;0,0227;0,021;0,0897;0,0;0,556;0,226;0,164;0,0558;0,0121;0,00727;0,00886;0,00357;0,0314;0,0262;0,0165;0,00635;0,00442;0,00405;0,36;0,22;0,793;0,559;0,491;0,334;0,27;0,259;6,03;0,181;35,0;12,0;9,96;5,29;2,79;2,17;-4,09;-16,76;64,43;30,35;21,39;-1,68;-13,54;-14,64
PancrasLock;PancrasLock2;398;70,12;65,79;80,7;72,37;71,2;69,13;67,43;67,07;66,0;62,25;69,99;67,73;67,36;65,84;64,45;64,04;57,51;54,08;63,6;59,73;59,02;57,21;55,5;55,06;12,3;0,0;16,2;11,9;10,7;9,55;9,3;1,52;0,0;2,04;1,7;1,66;1,51;1,42;1,39;0,0313;0,0145;0,0706;0,0454;0,0422;0,0303;0,0227;0,021;0,0897;0,0;0,556;0,226;0,164;0,0558;0,0121;0,00727;0,00886;0,00357;0,0314;0,0262;0,0165;0,00635;0,00442;0,00405;0,36;0,22;0,793;0,559;0,491;0,334;0,27;0,259;6,03;0,181;35,0;12,0;9,96;5,29;2,79;2,17;-4,09;-16,76;64,43;30,35;21,39;-1,68;-13,54;-14,64
PancrasLock;PancrasLock2;381;70,24;64,96;80,19;74,11;72,2;68,76;66,97;66,5;65,34;60,85;71,71;68,29;67,22;64,69;63,4;63,06;58,03;50,36;64,75;60,8;59,91;57,69;54,99;53,5;13,3;0,0;18,6;12,2;10,6;9,02;8,45;1,75;0,0;3,32;2,34;2,12;1,66;1,48;1,45;0,0278;0,0148;0,0931;0,0421;0,0373;0,0273;0,0203;0,0187;0,251;0,0;1,75;0,796;0,495;0,138;0,0219;0,0124;0,0218;0,00555;0,0438;0,038;0,0363;0,0222;0,00888;0,00852;0,447;0,201;1,56;0,739;0,638;0,409;0,303;0,276;10,3;0,487;53,9;23,8;19,6;8,4;3,7;2,9;-1,3;-11,03;66,15;33,33;24,72;7,1;-6,01;-7,49
PancrasLock;PancrasLock2;402;70,24;64,96;80,19;74,11;72,2;68,76;66,97;66,5;65,34;60,85;71,71;68,29;67,22;64,69;63,4;63,06;58,03;50,36;64,75;60,8;59,91;57,69;54,99;53,5;13,3;0,0;18,6;12,2;10,6;9,02;8,45;1,75;0,0;3,32;2,34;2,12;1,66;1,48;1,45;0,0278;0,0148;0,0931;0,0421;0,0373;0,0273;0,0203;0,0187;0,251;0,0;1,75;0,796;0,495;0,138;0,0219;0,0124;0,0218;0,00555;0,0438;0,038;0,0363;0,0222;0,00888;0,00852;0,447;0,201;1,56;0,739;0,638;0,409;0,303;0,276;10,3;0,487;53,9;23,8;19,6;8,4;3,7;2,9;-1,3;-11,03;66,15;33,33;24,72;7,1;-6,01;-7,49
PancrasLock;PancrasLock2;382;70,0;64,63;77,53;73,7;72,24;69,24;66,25;65,7;67,1;61,91;75,24;70,56;69,93;65,42;63,31;62,8;60,3;53,69;68,45;63,89;63,01;59,21;55,66;54,96;16,6;0,0;22,1;16,2;12,4;9,7;9,36;1,61;0,0;2,35;1,94;1,83;1,57;1,47;1,45;0,0302;0,0176;0,0818;0,044;0,0405;0,0291;0,0224;0,0207;0,102;0,0;0,526;0,27;0,196;0,0698;0,019;0,0114;0,0101;0,00277;0,0348;0,0261;0,0177;0,00789;0,00385;0,00341;0,449;0,218;1,71;0,931;0,768;0,347;0,267;0,255;7,39;0,179;63,1;18,2;13,5;5,91;2,83;2,21;-0,51;-8,47;63,66;33,99;28,09;6,52;-5,06;-5,8
PancrasLock;PancrasLock2;383;67,94;63,8;73,09;70,96;70,14;67,26;65,69;65,2;65,73;62,1;71,31;69,62;68,8;64,65;63,2;62,89;58,9;55,01;67,47;62,6;61,94;57,19;55,84;55,58;15,3;0,0;18,7;14,4;11,0;10,0;9,85;1,65;0,0;2,67;1,96;1,85;1,63;1,46;1,43;0,0291;0,0146;0,0696;0,0416;0,0384;0,028;0,0213;0,0197;0,171;0,0;0,913;0,478;0,386;0,0933;0,0163;0,00967;0,0131;0,00348;0,0714;0,04;0,0302;0,00922;0,00465;0,00422;0,329;0,189;1,21;0,498;0,435;0,31;0,25;0,237;7,71;0,133;51,9;18,2;14,5;6,23;3,02;2,38;-2,58;-15,56;61,72;32,46;26,94;0,24;-12,81;-13,71
PancrasLock;PancrasLock2;407;70,64;65,42;75,96;73,76;73,2;70,09;67,2;66,75;69,22;62,91;74,71;72,65;72,04;68,67;64,81;64,38;61,58;55,49;67,58;64,69;64,2;60,86;56,69;56,26;19,5;0,0;22,3;18,7;14,5;10,8;10,4;1,8;0,0;3,44;2,69;2,5;1,65;1,52;1,5;0,0305;0,0162;0,0781;0,0443;0,0406;0,0296;0,0227;0,021;0,123;0,0;1,2;0,356;0,254;0,0558;0,011;0,00655;0,00902;0,0028;0,0415;0,0245;0,0166;0,00645;0,00405;0,00347;0,34;0,222;0,916;0,481;0,413;0,321;0,275;0,267;7,51;0,204;64,1;14,9;12,2;6,5;3,28;2,68;-4,28;-17,31;61,58;34,49;30,58;2,65;-15,36;-15,89
PancrasLock;PancrasLock2;384;77,45;65,19;93,83;82,76;80,82;72,83;68,8;67,97;68,9;61,87;84,82;74,05;72,15;66,16;63,71;63,27;57,49;52,13;71,38;61,56;59,53;55,44;53,1;52,85;13,3;0,0;21,8;12,1;9,61;8,7;8,55;1,61;0,0;2,67;2,01;1,87;1,59;1,49;1,47;0,029;0,0135;0,115;0,0439;0,0389;0,0272;0,0197;0,0182;0,142;0,0;1,22;0,47;0,265;0,0831;0,0237;0,0143;0,0198;0,00494;0,0513;0,0438;0,0394;0,0152;0,0062;0,00526;0,5;0,194;1,33;1,01;0,799;0,435;0,294;0,263;9,06;0,0445;54,4;24,0;18,5;6,56;3,02;2,35;-1,35;-8,72;74,59;29,77;24,84;5,55;-5,27;-6,42
PancrasLock;PancrasLock2;385;69,18;64,62;77,36;73,14;71,52;68,06;66,52;66,12;65,99;62,95;70,21;67,93;67,45;65,69;64,42;64,11;59,01;54,44;67,47;63,17;61,76;57,76;55,55;55,18;14,5;0,0;21,2;13,6;11,1;9,74;9,51;1,63;0,0;2,69;1,97;1,88;1,6;1,48;1,46;0,0294;0,012;0,108;0,0444;0,0383;0,0283;0,0212;0,0193;0,197;0,0;1,91;0,648;0,457;0,0996;0,0215;0,0123;0,0208;0,0036;0,0822;0,0583;0,0508;0,0141;0,00523;0,00439;0,344;0,208;0,801;0,555;0,472;0,316;0,25;0,236;8,6;0,0292;63,5;21,1;15,3;6,71;3,19;2,47;-5,59;-16,37;61,88;34,93;28,08;-1,45;-13,93;-14,41
PancrasLock;PancrasLock2;387;74,81;68,91;83,92;78,69;77,47;73,42;70,97;70,51;71,15;67,74;76,24;73,61;72,84;70,71;69,28;68,94;64,72;60,01;71,07;68,93;67,24;63,42;60,98;60,74;22,9;0,0;26,8;21,8;17,9;14,1;13,7;2,19;0,0;3,36;3,1;2,94;2,14;1,53;1,49;0,0308;0,0146;0,0608;0,0432;0,0403;0,0296;0,023;0,0216;0,326;0,0;2,03;0,996;0,821;0,187;0,0629;0,0417;0,00881;0,00345;0,0536;0,046;0,0234;0,00483;0,00368;0,00358;0,337;0,216;0,809;0,553;0,444;0,31;0,261;0,25;7,24;0,362;50,7;16,8;11,0;6,1;3,28;2,71;-0,99;-18,25;68,84;38,21;34,01;3,32;-16,48;-17,09
PancrasLock;PancrasLock2;389;67,4;63,62;75,05;70,72;69,23;66,58;64,88;64,52;64,02;60,79;68,56;66,0;65,4;63,78;62,38;62,02;54,92;52,93;62,77;56,6;56,01;54,61;53,77;53,63;11,0;0,0;14,7;10,7;9,89;9,15;8,99;1,83;0,0;2,54;2,13;2,02;1,81;1,69;1,67;0,0248;0,012;0,0914;0,0345;0,0318;0,0242;0,0183;0,0169;0,116;0,0;0,786;0,401;0,23;0,072;0,0155;0,00949;0,00564;0,0024;0,0201;0,0126;0,011;0,00455;0,00293;0,00268;0,331;0,184;0,996;0,564;0,477;0,3;0,24;0,225;5,35;0,109;46,9;11,4;9,03;4,58;2,2;1,76;-6,23;-17,46;60,78;30,19;23,52;-0,01;-14,53;-15,8
PancrasLock;PancrasLock2;390;66,81;62,89;74,43;70,04;69,16;65,92;64,44;64,02;64,16;60,52;69,21;67,15;66,5;63,36;62,02;61,7;57,44;52,9;65,46;61,26;60,02;56,25;54,02;53,68;13,3;0,0;17,1;12,7;10,7;9,01;8,76;1,81;0,0;2,71;2,18;2,06;1,8;1,58;1,51;0,0274;0,0133;0,137;0,0493;0,0367;0,0262;0,0201;0,0185;0,23;0,0;1,13;0,571;0,45;0,166;0,0194;0,0129;0,0165;0,00319;0,0448;0,0396;0,0348;0,0128;0,00459;0,00432;0,337;0,176;0,802;0,487;0,442;0,328;0,249;0,233;8,72;0,388;54,3;19,4;16,0;7,2;3,49;2,75;-3,1;-17,63;58,73;31,27;24,11;-1,09;-15,7;-16,35
PancrasLock;PancrasLock2;392;72,82;66,18;79,13;75,44;74,84;72,69;69,52;68,76;71,12;64,27;75,5;73,4;72,95;71,19;67,37;66,46;59,4;54,59;70,29;61,73;60,88;58,88;56,51;55,76;15,6;0,0;24,2;14,9;13,1;10,9;10,4;1,6;0,0;2,66;1,95;1,75;1,58;1,5;1,49;0,031;0,0159;0,0986;0,0457;0,0404;0,0296;0,0224;0,0207;0,195;0,0;0,557;0,389;0,344;0,165;0,0439;0,0188;0,00929;0,00277;0,037;0,0288;0,0234;0,00574;0,00343;0,00324;0,443;0,22;1,57;1,14;0,866;0,325;0,259;0,248;7,09;0,366;77,6;16,2;11,9;5,82;2,96;2,36;-8,3;-16,05;66,94;34,29;27,36;1,66;-12,74;-13,61
PancrasLock;PancrasLock2;393;70,82;65,13;76,81;73,88;72,81;70,42;68,02;67,28;68,33;63,76;73,6;70,68;70,14;67,93;66,17;65,76;59,05;54,23;68,62;63,04;61,69;57,52;55,58;55,1;14,8;0,0;21,0;13,9;11,5;10,5;10,2;1,7;0,0;2,38;1,91;1,83;1,68;1,58;1,55;0,0282;0,0125;0,0675;0,0408;0,0371;0,0273;0,0204;0,0189;0,233;0,0;1,33;0,48;0,414;0,215;0,0664;0,0457;0,0293;0,00646;0,134;0,0794;0,0619;0,0178;0,00933;0,00828;0,33;0,153;1,13;0,547;0,434;0,299;0,239;0,228;9,69;0,44;79,2;24,8;18,6;7,52;3,57;2,75;-8,04;-17,58;65,37;33,2;24,92;-0,74;-14,42;-15,21
PancrasLock;PancrasLock2;405;70,82;65,13;76,81;73,88;72,81;70,42;68,02;67,28;68,33;63,76;73,6;70,68;70,14;67,93;66,17;65,76;59,05;54,23;68,62;63,04;61,69;57,52;55,58;55,1;14,8;0,0;21,0;13,9;11,5;10,5;10,2;1,7;0,0;2,38;1,91;1,83;1,68;1,58;1,55;0,0282;0,0125;0,0675;0,0408;0,0371;0,0273;0,0204;0,0189;0,233;0,0;1,33;0,48;0,414;0,215;0,0664;0,0457;0,0293;0,00646;0,134;0,0794;0,0619;0,0178;0,00933;0,00828;0,33;0,153;1,13;0,547;0,434;0,299;0,239;0,228;9,69;0,44;79,2;24,8;18,6;7,52;3,57;2,75;-8,04;-17,58;65,37;33,2;24,92;-0,74;-14,42;-15,21
PancrasLock;PancrasLock2;395;74,68;68,55;82,7;78,07;77,09;73,77;71,48;71,04;69,84;66,81;76,22;71,9;71,32;69,41;68,12;67,79;60,23;55,81;70,23;64,15;63,08;58,8;56,63;56,37;15,4;0,0;28,6;14,6;12,4;11,1;10,9;1,73;0,0;4,05;2,17;2,05;1,67;1,47;1,44;0,0313;0,0163;0,0818;0,0481;0,0423;0,0298;0,022;0,0204;0,238;0,0;1,68;0,839;0,591;0,135;0,0267;0,0169;0,0348;0,00529;0,102;0,0857;0,059;0,0392;0,0103;0,00821;0,385;0,164;1,24;0,775;0,607;0,351;0,248;0,212;11,5;0,519;85,6;28,8;22,4;8,66;4,03;3,14;-0,68;-10,19;70,3;33,31;27,54;9,42;-3,58;-5,25
RegentsParkFields;RegentsParkFields1;792;63,0;59,19;72,39;65,77;64,59;62,61;61,26;60,93;61,49;57,64;72,32;65,3;63,67;60,77;59,5;59,2;56,39;48,34;71,08;61,55;59,12;53,96;51,43;50,7;11,2;0,0;18,4;10,2;8,04;6,72;6,42;1,52;0,0;3,23;2,06;1,84;1,48;1,29;1,25;0,0277;0,011;0,145;0,0443;0,0374;0,0252;0,0182;0,0165;0,163;0,0;1,4;0,427;0,325;0,109;0,0282;0,0183;0,0376;0,00969;0,113;0,0767;0,0694;0,0348;0,016;0,0121;0,522;0,214;1,56;0,891;0,801;0,469;0,332;0,302;14,5;0,77;88,5;33,6;26,6;12,0;5,53;4,48;-1,6;-16,95;52,82;30,79;20,13;4,72;-13,13;-14,21
RegentsParkFields;RegentsParkFields1;793;63,0;59,19;72,39;65,77;64,59;62,61;61,26;60,93;61,49;57,64;72,32;65,3;63,67;60,77;59,5;59,2;56,39;48,34;71,08;61,55;59,12;53,96;51,43;50,7;11,2;0,0;18,4;10,2;8,04;6,72;6,42;1,52;0,0;3,23;2,06;1,84;1,48;1,29;1,25;0,0277;0,011;0,145;0,0443;0,0374;0,0252;0,0182;0,0165;0,163;0,0;1,4;0,427;0,325;0,109;0,0282;0,0183;0,0376;0,00969;0,113;0,0767;0,0694;0,0348;0,016;0,0121;0,522;0,214;1,56;0,891;0,801;0,469;0,332;0,302;14,5;0,77;88,5;33,6;26,6;12,0;5,53;4,48;-1,6;-16,95;52,82;30,79;20,13;4,72;-13,13;-14,21
RegentsParkFields;RegentsParkFields1;794;66,26;60,14;75,15;70,05;69,12;65,33;62,47;61,85;62,6;57,56;71,62;65,89;64,84;61,58;59,4;59,0;57,48;48,18;68,07;63,12;60,75;54,89;51,23;50,4;13,0;0,0;19,9;11,5;8,42;6,65;6,34;1,73;0,0;3,27;2,21;2,05;1,67;1,46;1,42;0,0254;0,01;0,0666;0,0389;0,0346;0,0238;0,0174;0,0161;0,205;0,0;1,49;0,652;0,461;0,13;0,0282;0,0173;0,0421;0,00911;0,104;0,0818;0,0722;0,0387;0,0177;0,0157;0,528;0,22;1,41;0,829;0,754;0,498;0,338;0,301;14,8;0,445;68,5;32,9;27,6;12,8;5,45;4,32;-1,03;-15,84;61,24;32,25;22,84;4,99;-12,51;-14,04
RegentsParkFields;RegentsParkFields1;795;66,26;60,14;75,15;70,05;69,12;65,33;62,47;61,85;62,6;57,56;71,62;65,89;64,84;61,58;59,4;59,0;57,48;48,18;68,07;63,12;60,75;54,89;51,23;50,4;13,0;0,0;19,9;11,5;8,42;6,65;6,34;1,73;0,0;3,27;2,21;2,05;1,67;1,46;1,42;0,0254;0,01;0,0666;0,0389;0,0346;0,0238;0,0174;0,0161;0,205;0,0;1,49;0,652;0,461;0,13;0,0282;0,0173;0,0421;0,00911;0,104;0,0818;0,0722;0,0387;0,0177;0,0157;0,528;0,22;1,41;0,829;0,754;0,498;0,338;0,301;14,8;0,445;68,5;32,9;27,6;12,8;5,45;4,32;-1,03;-15,84;61,24;32,25;22,84;4,99;-12,51;-14,04
RegentsParkFields;RegentsParkFields1;796;66,98;59,65;78,45;72,3;70,49;64,49;61,79;61,34;61,09;57,1;68,52;63,95;62,68;60,37;58,93;58,55;49,05;45,98;57,2;52,06;50,6;48,36;46,71;46,46;7,31;0,0;12,4;6,89;6,02;5,31;5,16;1,52;0,0;2,85;1,91;1,78;1,48;1,31;1,27;0,0235;0,0116;0,0534;0,0347;0,0311;0,0227;0,0169;0,0158;0,0883;0,0;1,21;0,179;0,118;0,0226;0,00262;0,000511;0,00726;0,00133;0,0202;0,0167;0,0139;0,00664;0,00277;0,00235;0,425;0,24;1,95;0,798;0,657;0,367;0,282;0,27;6,11;0,0504;62,1;15,3;11,0;4,68;2,08;1,54;-2,09;-18,21;62,23;25,17;15,74;-0,8;-15,41;-16,29
RegentsParkFields;RegentsParkFields1;797;66,98;59,65;78,45;72,3;70,49;64,49;61,79;61,34;61,09;57,1;68,52;63,95;62,68;60,37;58,93;58,55;49,05;45,98;57,2;52,06;50,6;48,36;46,71;46,46;7,31;0,0;12,4;6,89;6,02;5,31;5,16;1,52;0,0;2,85;1,91;1,78;1,48;1,31;1,27;0,0235;0,0116;0,0534;0,0347;0,0311;0,0227;0,0169;0,0158;0,0883;0,0;1,21;0,179;0,118;0,0226;0,00262;0,000511;0,00726;0,00133;0,0202;0,0167;0,0139;0,00664;0,00277;0,00235;0,425;0,24;1,95;0,798;0,657;0,367;0,282;0,27;6,11;0,0504;62,1;15,3;11,0;4,68;2,08;1,54;-2,09;-18,21;62,23;25,17;15,74;-0,8;-15,41;-16,29
RegentsParkFields;RegentsParkFields1;798;63,09;59,38;66,31;64,98;64,44;62,89;61,5;61,18;60,97;57,17;65,2;62,97;62,36;60,76;59,4;59,0;53,12;48,15;64,92;55,9;55,14;52,05;50,55;50,25;9,97;0,0;17,0;9,49;7,77;6,91;6,67;1,63;0,0;2,9;1,86;1,78;1,61;1,47;1,43;0,0247;0,0133;0,0942;0,0349;0,0318;0,0238;0,0182;0,0168;0,109;0,0;0,694;0,305;0,181;0,0389;0,0113;0,00729;0,0116;0,00219;0,0539;0,0315;0,0286;0,00797;0,00369;0,00277;0,49;0,258;2,17;1,02;0,758;0,405;0,318;0,297;6,72;0,0414;84,7;17,0;12,0;5,14;2,32;1,72;-5,5;-16,16;54,95;28,83;21,8;-1,52;-13,96;-14,7
RegentsParkFields;RegentsParkFields1;799;63,09;59,38;66,31;64,98;64,44;62,89;61,5;61,18;60,97;57,17;65,2;62,97;62,36;60,76;59,4;59,0;53,12;48,15;64,92;55,9;55,14;52,05;50,55;50,25;9,97;0,0;17,0;9,49;7,77;6,91;6,67;1,63;0,0;2,9;1,86;1,78;1,61;1,47;1,43;0,0247;0,0133;0,0942;0,0349;0,0318;0,0238;0,0182;0,0168;0,109;0,0;0,694;0,305;0,181;0,0389;0,0113;0,00729;0,0116;0,00219;0,0539;0,0315;0,0286;0,00797;0,00369;0,00277;0,49;0,258;2,17;1,02;0,758;0,405;0,318;0,297;6,72;0,0414;84,7;17,0;12,0;5,14;2,32;1,72;-5,5;-16,16;54,95;28,83;21,8;-1,52;-13,96;-14,7
RegentsParkFields;RegentsParkFields1;800;70,64;62,28;79,1;76,96;74,83;67,09;64,14;63,74;69,7;60,24;78,57;76,3;73,98;65,34;62,07;61,67;60,6;49,97;68,2;66,67;66,27;55,66;51,55;51,07;23,3;0,0;26,4;21,9;10,6;7,83;7,52;1,95;0,0;2,71;2,48;2,42;1,9;1,55;1,5;0,0282;0,0117;0,17;0,054;0,0454;0,0249;0,0178;0,0161;0,19;0,0;1,22;0,576;0,391;0,141;0,0415;0,0263;0,0104;0,00222;0,0476;0,0279;0,0248;0,00652;0,00386;0,00302;0,346;0,196;0,921;0,515;0,451;0,324;0,255;0,243;6,74;0,0252;37,3;15,4;12,2;5,56;2,7;2,11;-2,92;-14,57;66,23;34,38;30,81;7,43;-12,04;-12,9
RegentsParkFields;RegentsParkFields1;801;64,54;59,89;73,79;68,97;66,8;63,29;61,54;61,13;60,86;57,74;65,81;62,52;62,12;60,65;59,4;59,12;50,93;47,72;62,34;54,15;52,71;49,75;48,47;48,28;8,19;0,0;13,1;7,71;6,66;6,04;5,91;1,5;0,0;2,36;1,78;1,7;1,47;1,35;1,32;0,0237;0,0125;0,0663;0,0372;0,0321;0,0229;0,0175;0,0162;0,174;0,0;1,32;0,534;0,4;0,0758;0,0119;0,00584;0,012;0,00375;0,05;0,0364;0,027;0,00831;0,00467;0,00415;0,378;0,188;1,03;0,584;0,516;0,354;0,269;0,253;6,78;0,0319;51,2;17,1;12,8;5,42;2,44;1,92;-0,66;-18,04;58,45;26,7;19,38;-2,09;-15,74;-16,53
RegentsParkFields;RegentsParkFields1;804;64,62;60,44;77,31;67,81;66,44;63,9;62,41;62,04;61,91;58,2;67,81;64,71;63,65;61,59;60,02;59,57;55,41;47,9;65,43;60,91;58,74;52,84;50,31;49,77;11,8;0,0;16,7;10,6;8,0;6,93;6,67;1,78;0,0;3,46;2,25;2,08;1,73;1,52;1,48;0,0235;0,0102;0,0796;0,0349;0,0311;0,0225;0,016;0,0145;0,177;0,0;1,37;0,617;0,415;0,0968;0,0184;0,0111;0,0348;0,00744;0,101;0,0861;0,0762;0,028;0,0122;0,0111;0,51;0,164;1,42;0,874;0,773;0,477;0,302;0,281;11,9;0,306;71,0;31,6;24,3;9,01;3,45;2,65;-0,56;-14,45;56,36;28,38;21,79;6,01;-11,29;-12,58
RegentsParkFields;RegentsParkFields1;805;63,28;59,54;67,69;65,32;64,82;62,96;61,57;61,21;60,35;57,5;66,17;62,61;61,87;60,0;58,8;58,49;52,0;47,36;62,64;55,92;53,95;50,61;48,85;48,51;8,91;0,0;12,6;8,15;6,86;6,09;5,93;1,51;0,0;2,41;1,84;1,75;1,48;1,32;1,28;0,0231;0,0113;0,0482;0,033;0,0303;0,0223;0,0171;0,0159;0,137;0,0;1,02;0,395;0,288;0,0638;0,0104;0,00521;0,0123;0,00287;0,0448;0,0335;0,0257;0,00901;0,00399;0,00333;0,419;0,188;1,08;0,647;0,56;0,391;0,304;0,273;7,59;0,0484;46,1;18,0;14,0;6,14;2,76;2,11;-0,61;-18,53;54,43;27,11;16,69;-2,69;-16,77;-17,22
RegentsParkFields;RegentsParkFields1;806;63,72;58,81;72,93;67,46;66,33;62,58;60,9;60,47;60,3;56,87;65,82;62,89;62,09;59,78;58,4;58,04;53,13;46,92;63,31;59,01;57,15;49,82;48,32;47,95;9,67;0,0;14,6;8,64;6,73;5,91;5,73;1,62;0,0;2,59;2,01;1,87;1,6;1,39;1,35;0,0255;0,0106;0,135;0,0457;0,0351;0,0232;0,0172;0,0156;0,138;0,0;1,3;0,358;0,246;0,0386;0,00395;0,0017;0,0243;0,0047;0,126;0,0886;0,0557;0,0105;0,00588;0,00557;0,455;0,225;1,29;0,842;0,735;0,395;0,283;0,27;8,95;0,0501;53,1;23,8;18,3;6,75;2,87;2,19;-0,94;-19,82;56,74;26,67;18,33;-2,62;-17,0;-18,51
RegentsParkFields;RegentsParkFields1;807;66,86;60,2;78,52;71,72;70,3;63,94;61,88;61,46;61,72;57,99;67,55;64,66;63,85;61,05;59,59;59,28;51,96;48,59;59,57;54,6;53,88;51,3;49,83;49,52;9,34;0,0;12,6;8,82;7,65;6,89;6,71;1,7;0,0;2,27;1,9;1,86;1,69;1,56;1,54;0,0253;0,0133;0,117;0,0367;0,0329;0,0243;0,0181;0,0168;0,0919;0,0;1,18;0,197;0,126;0,0216;0,00294;0,000914;0,00789;0,0035;0,0217;0,0144;0,012;0,00726;0,00442;0,00403;0,378;0,244;1,31;0,547;0,481;0,356;0,293;0,281;5,8;0,0;31,2;12,5;9,94;5,07;2,42;1,84;-0,91;-18,92;62,07;27,07;20,69;-0,08;-14,03;-16,66
RegentsParkFields;RegentsParkFields1;808;66,86;60,2;78,52;71,72;70,3;63,94;61,88;61,46;61,72;57,99;67,55;64,66;63,85;61,05;59,59;59,28;51,96;48,59;59,57;54,6;53,88;51,3;49,83;49,52;9,34;0,0;12,6;8,82;7,65;6,89;6,71;1,7;0,0;2,27;1,9;1,86;1,69;1,56;1,54;0,0253;0,0133;0,117;0,0367;0,0329;0,0243;0,0181;0,0168;0,0919;0,0;1,18;0,197;0,126;0,0216;0,00294;0,000914;0,00789;0,0035;0,0217;0,0144;0,012;0,00726;0,00442;0,00403;0,378;0,244;1,31;0,547;0,481;0,356;0,293;0,281;5,8;0,0;31,2;12,5;9,94;5,07;2,42;1,84;-0,91;-18,92;62,07;27,07;20,69;-0,08;-14,03;-16,66
RegentsParkFields;RegentsParkFields1;809;64,99;60,19;71,94;67,9;67,16;64,24;62,09;61,6;62,34;57,75;69,16;65,91;64,75;61,3;59,53;59,19;53,4;45,92;62,08;58,57;57,65;49,88;46,76;46,47;13,1;0,0;16,4;12,1;6,96;5,6;5,43;1,61;0,0;2,53;2,07;1,99;1,56;1,33;1,3;0,0231;0,0118;0,0496;0,0322;0,0299;0,0227;0,0171;0,0159;0,0952;0,0;1,29;0,232;0,158;0,0383;0,00595;0,00273;0,00946;0,00235;0,0437;0,0267;0,0196;0,00735;0,00355;0,00296;0,374;0,199;1,37;0,624;0,525;0,33;0,265;0,252;6,49;0,0;37,1;16,8;12,7;5,11;2,15;1,58;-0,72;-19,86;56,66;28,37;22,17;-0,48;-16,96;-18,06
RegentsParkFields;RegentsParkFields1;810;64,99;60,19;71,94;67,9;67,16;64,24;62,09;61,6;62,34;57,75;69,16;65,91;64,75;61,3;59,53;59,19;53,4;45,92;62,08;58,57;57,65;49,88;46,76;46,47;13,1;0,0;16,4;12,1;6,96;5,6;5,43;1,61;0,0;2,53;2,07;1,99;1,56;1,33;1,3;0,0231;0,0118;0,0496;0,0322;0,0299;0,0227;0,0171;0,0159;0,0952;0,0;1,29;0,232;0,158;0,0383;0,00595;0,00273;0,00946;0,00235;0,0437;0,0267;0,0196;0,00735;0,00355;0,00296;0,374;0,199;1,37;0,624;0,525;0,33;0,265;0,252;6,49;0,0;37,1;16,8;12,7;5,11;2,15;1,58;-0,72;-19,86;56,66;28,37;22,17;-0,48;-16,96;-18,06
RegentsParkFields;RegentsParkFields1;811;87,09;74,73;94,12;92,31;91,53;85,52;78,8;77,68;83,22;72,05;89,82;87,89;86,79;82,27;75,22;74,33;73,79;61,68;82,1;78,97;78,12;71,12;63,97;63,39;44,9;0,0;52,1;42,7;25,1;15,7;15,1;1,72;0,0;2,9;2,53;2,43;1,58;1,2;1,18;0,0723;0,0241;0,229;0,152;0,125;0,0622;0,0394;0,0357;0,176;0,0;2,12;0,559;0,353;0,0719;0,0121;0,00593;0,0111;0,00364;0,0325;0,025;0,0217;0,00931;0,00473;0,00418;0,583;0,281;1,59;0,98;0,881;0,539;0,359;0,329;9,77;0,536;66,1;19,4;16,5;8,83;4,35;3,44;-3,47;-16,48;84,47;49,52;40,64;3,27;-14,04;-15,1
RegentsParkFields;RegentsParkFields1;812;75,94;70,97;80,57;78,85;78,17;75,34;73,3;72,75;71,83;68,18;75,99;74,22;73,58;71,51;69,8;69,41;61,84;57,54;66,56;64,36;63,85;61,44;59,42;59,05;14,6;0,0;18,6;14,1;12,6;11,4;11,1;1,24;0,0;2,59;1,64;1,47;1,19;1,08;1,07;0,0405;0,0185;0,116;0,0588;0,0536;0,0391;0,0289;0,0266;0,119;0,0;0,817;0,265;0,22;0,0737;0,0157;0,00995;0,0064;0,0031;0,0128;0,0116;0,0106;0,00611;0,00383;0,00336;0,622;0,235;2,17;1,3;1,03;0,525;0,323;0,301;7,99;0,345;66,7;18,6;14,3;6,55;3,16;2,49;-7,32;-12,93;72,08;36,27;22,21;3,1;-9,2;-10,13
RegentsParkFields;RegentsParkFields1;813;93,58;77,8;105,82;100,76;98,88;85,75;80,03;79,54;89,34;74,27;99,37;96,46;95,47;82,0;76,06;75,62;79,38;65,0;85,99;84,87;84,1;72,19;66,22;65,77;68,8;0,0;80,9;64,8;28,2;19,5;18,9;2,36;0,0;3,56;3,22;3,14;2,11;1,71;1,66;0,0505;0,0213;0,147;0,0896;0,0761;0,0457;0,0317;0,029;0,59;0,0;3,55;1,51;1,1;0,487;0,118;0,0755;0,0142;0,00524;0,0302;0,0268;0,0214;0,0142;0,00749;0,00596;0,429;0,281;0,731;0,619;0,556;0,411;0,337;0,328;12,2;1,37;52,5;22,5;19,7;11,2;5,76;4,79;-5,59;-18,05;87,81;54,52;43,68;14,35;-13,91;-15,28
RegentsParkFields;RegentsParkFields1;814;79,91;75,17;83,83;81,76;81,47;79,96;77,07;76,59;75,47;72,36;79,34;77,67;77,21;75,01;73,71;73,34;65,45;60,06;73,84;68,6;67,5;64,68;62,87;62,34;20,2;0,0;27,4;19,0;16,3;14,7;14,3;1,41;0,0;2,11;1,57;1,53;1,4;1,3;1,26;0,0547;0,0203;0,258;0,0942;0,0809;0,0499;0,034;0,0306;0,119;0,0;0,503;0,268;0,219;0,0821;0,0136;0,00688;0,0151;0,00496;0,0577;0,0425;0,0315;0,0114;0,00588;0,00543;0,417;0,215;1,54;0,764;0,64;0,357;0,288;0,273;7,75;0,289;60,2;16,2;13,1;6,92;3,66;2,92;-1,41;-16,32;75,5;39,37;26,82;1,31;-13,03;-14,19
RegentsParkFields;RegentsParkFields1;815;79,91;75,17;83,83;81,76;81,47;79,96;77,07;76,59;75,47;72,36;79,34;77,67;77,21;75,01;73,71;73,34;65,45;60,06;73,84;68,6;67,5;64,68;62,87;62,34;20,2;0,0;27,4;19,0;16,3;14,7;14,3;1,41;0,0;2,11;1,57;1,53;1,4;1,3;1,26;0,0547;0,0203;0,258;0,0942;0,0809;0,0499;0,034;0,0306;0,119;0,0;0,503;0,268;0,219;0,0821;0,0136;0,00688;0,0151;0,00496;0,0577;0,0425;0,0315;0,0114;0,00588;0,00543;0,417;0,215;1,54;0,764;0,64;0,357;0,288;0,273;7,75;0,289;60,2;16,2;13,1;6,92;3,66;2,92;-1,41;-16,32;75,5;39,37;26,82;1,31;-13,03;-14,19
RegentsParkFields;RegentsParkFields1;816;79,91;75,17;83,83;81,76;81,47;79,96;77,07;76,59;75,47;72,36;79,34;77,67;77,21;75,01;73,71;73,34;65,45;60,06;73,84;68,6;67,5;64,68;62,87;62,34;20,2;0,0;27,4;19,0;16,3;14,7;14,3;1,41;0,0;2,11;1,57;1,53;1,4;1,3;1,26;0,0547;0,0203;0,258;0,0942;0,0809;0,0499;0,034;0,0306;0,119;0,0;0,503;0,268;0,219;0,0821;0,0136;0,00688;0,0151;0,00496;0,0577;0,0425;0,0315;0,0114;0,00588;0,00543;0,417;0,215;1,54;0,764;0,64;0,357;0,288;0,273;7,75;0,289;60,2;16,2;13,1;6,92;3,66;2,92;-1,41;-16,32;75,5;39,37;26,82;1,31;-13,03;-14,19
RegentsParkFields;RegentsParkFields1;817;76,34;70,78;83,64;79,68;77,92;75,81;73,52;73,06;72,88;68,97;79,7;75,72;74,3;72,37;71,05;70,63;62,79;56,99;73,0;66,18;64,78;61,9;59,31;58,96;18,0;0,0;26,6;17,1;14,5;12,6;12,2;1,56;0,0;2,45;1,78;1,73;1,56;1,39;1,35;0,0433;0,0188;0,127;0,0698;0,0621;0,0401;0,029;0,0269;0,125;0,0;1,38;0,366;0,254;0,0598;0,00925;0,00443;0,0129;0,00313;0,0547;0,0365;0,0307;0,00917;0,00425;0,00378;0,404;0,236;1,05;0,604;0,545;0,379;0,297;0,278;8,64;0,197;60,6;19,2;14,8;7,24;3,64;2,95;-2,71;-13,14;69,98;38,3;26,06;2,57;-10,44;-11,78
RegentsParkFields;RegentsParkFields1;818;76,34;70,78;83,64;79,68;77,92;75,81;73,52;73,06;72,88;68,97;79,7;75,72;74,3;72,37;71,05;70,63;62,79;56,99;73,0;66,18;64,78;61,9;59,31;58,96;18,0;0,0;26,6;17,1;14,5;12,6;12,2;1,56;0,0;2,45;1,78;1,73;1,56;1,39;1,35;0,0433;0,0188;0,127;0,0698;0,0621;0,0401;0,029;0,0269;0,125;0,0;1,38;0,366;0,254;0,0598;0,00925;0,00443;0,0129;0,00313;0,0547;0,0365;0,0307;0,00917;0,00425;0,00378;0,404;0,236;1,05;0,604;0,545;0,379;0,297;0,278;8,64;0,197;60,6;19,2;14,8;7,24;3,64;2,95;-2,71;-13,14;69,98;38,3;26,06;2,57;-10,44;-11,78
RegentsParkFields;RegentsParkFields1;819;64,81;59,93;76,97;68,46;66,35;63,12;61,58;61,21;60,85;56,6;68,92;63,65;62,57;60,18;58,78;58,45;50,76;46,86;61,62;53,92;52,56;49,57;48,17;47,83;8,73;0,0;16,8;8,01;6,75;6,01;5,86;1,7;0,0;3,03;2,04;1,96;1,68;1,5;1,46;0,0229;0,011;0,0565;0,0345;0,0305;0,0218;0,0165;0,0152;0,102;0,0;0,815;0,276;0,195;0,0406;0,00712;0,00384;0,0203;0,00402;0,103;0,0637;0,0426;0,0142;0,00565;0,00515;0,464;0,146;1,75;0,951;0,756;0,395;0,287;0,267;7,96;0,161;74,7;20,2;15,4;6,21;2,7;2,09;-0,72;-14,33;58,31;26,1;18,3;1,76;-10,86;-12,15
RegentsParkFields;RegentsParkFields1;821;73,72;59,38;94,78;73,55;68,08;63,17;60,99;60,6;66,36;56,82;86,29;64,92;63,3;60,12;58,65;58,34;54,23;47,45;64,54;60,94;57,12;51,08;49,09;48,5;11,6;0,0;15,7;9,64;7,54;6,67;6,49;1,91;0,0;2,47;2,15;2,1;1,91;1,75;1,68;0,0242;0,012;0,0949;0,0414;0,0338;0,0221;0,0164;0,0151;0,143;0,0;1,52;0,354;0,208;0,0231;0,00228;0,000295;0,0236;0,00383;0,109;0,093;0,0513;0,0153;0,00629;0,00499;0,384;0,196;1,41;0,62;0,523;0,349;0,264;0,249;7,7;0,0;78,3;19,9;15,6;5,88;2,38;1,78;-0,94;-15,89;70,33;29,6;23,18;2,86;-13,61;-14,78
RegentsParkFields;RegentsParkFields1;822;73,72;59,38;94,78;73,55;68,08;63,17;60,99;60,6;66,36;56,82;86,29;64,92;63,3;60,12;58,65;58,34;54,23;47,45;64,54;60,94;57,12;51,08;49,09;48,5;11,6;0,0;15,7;9,64;7,54;6,67;6,49;1,91;0,0;2,47;2,15;2,1;1,91;1,75;1,68;0,0242;0,012;0,0949;0,0414;0,0338;0,0221;0,0164;0,0151;0,143;0,0;1,52;0,354;0,208;0,0231;0,00228;0,000295;0,0236;0,00383;0,109;0,093;0,0513;0,0153;0,00629;0,00499;0,384;0,196;1,41;0,62;0,523;0,349;0,264;0,249;7,7;0,0;78,3;19,9;15,6;5,88;2,38;1,78;-0,94;-15,89;70,33;29,6;23,18;2,86;-13,61;-14,78
RegentsParkFields;RegentsParkFields1;823;71,51;59,9;80,37;76,81;75,66;69,14;64,57;63,3;65,43;57,79;73,39;71,13;69,17;63,16;59,96;59,38;55,64;48,22;68,42;61,59;58,39;52,62;49,84;49,41;12,7;0,0;18,6;11,4;8,13;6,81;6,63;1,8;0,0;2,84;2,28;2,12;1,79;1,52;1,48;0,0261;0,0104;0,409;0,0393;0,0332;0,0233;0,0167;0,0152;0,141;0,0;0,824;0,381;0,28;0,0653;0,00811;0,00388;0,0286;0,00823;0,139;0,0886;0,0714;0,0218;0,0119;0,0102;0,401;0,197;1,41;0,676;0,581;0,352;0,273;0,255;10,1;0,173;87,1;24,9;19,6;7,97;3,24;2,54;-1,75;-8,37;66,36;29,22;22,68;5,75;-5,21;-6,07
RegentsParkFields;RegentsParkFields1;824;71,51;59,9;80,37;76,81;75,66;69,14;64,57;63,3;65,43;57,79;73,39;71,13;69,17;63,16;59,96;59,38;55,64;48,22;68,42;61,59;58,39;52,62;49,84;49,41;12,7;0,0;18,6;11,4;8,13;6,81;6,63;1,8;0,0;2,84;2,28;2,12;1,79;1,52;1,48;0,0261;0,0104;0,409;0,0393;0,0332;0,0233;0,0167;0,0152;0,141;0,0;0,824;0,381;0,28;0,0653;0,00811;0,00388;0,0286;0,00823;0,139;0,0886;0,0714;0,0218;0,0119;0,0102;0,401;0,197;1,41;0,676;0,581;0,352;0,273;0,255;10,1;0,173;87,1;24,9;19,6;7,97;3,24;2,54;-1,75;-8,37;66,36;29,22;22,68;5,75;-5,21;-6,07
RegentsParkFields;RegentsParkFields1;826;72,45;58,91;83,62;78,57;77,14;67,85;62,21;61,13;66,12;56,49;76,55;72,09;70,33;62,47;58,54;58,03;51,58;46,13;64,36;56,35;54,32;49,18;47,45;47,12;9,27;0,0;15,6;8,25;6,47;5,73;5,58;1,52;0,0;2,78;1,82;1,74;1,5;1,35;1,31;0,0226;0,0097;0,0704;0,0349;0,0306;0,0216;0,0161;0,0149;0,125;0,0;0,672;0,327;0,237;0,0385;0,00463;0,00204;0,0172;0,00311;0,117;0,0839;0,0498;0,00826;0,00479;0,00399;0,356;0,164;1,25;0,547;0,462;0,335;0,273;0,253;6,78;0,0;56,7;18,5;13,3;5,18;2,21;1,67;-1,71;-18,93;67,8;25,57;16,67;-2,83;-15,64;-16,82
RegentsParkFields;RegentsParkFields1;827;72,45;58,91;83,62;78,57;77,14;67,85;62,21;61,13;66,12;56,49;76,55;72,09;70,33;62,47;58,54;58,03;51,58;46,13;64,36;56,35;54,32;49,18;47,45;47,12;9,27;0,0;15,6;8,25;6,47;5,73;5,58;1,52;0,0;2,78;1,82;1,74;1,5;1,35;1,31;0,0226;0,0097;0,0704;0,0349;0,0306;0,0216;0,0161;0,0149;0,125;0,0;0,672;0,327;0,237;0,0385;0,00463;0,00204;0,0172;0,00311;0,117;0,0839;0,0498;0,00826;0,00479;0,00399;0,356;0,164;1,25;0,547;0,462;0,335;0,273;0,253;6,78;0,0;56,7;18,5;13,3;5,18;2,21;1,67;-1,71;-18,93;67,8;25,57;16,67;-2,83;-15,64;-16,82
RegentsParkFields;RegentsParkFields1;828;61,91;57,56;67,03;64,02;63,45;61,58;59,89;59,44;58,42;55,29;63,51;60,78;59,86;57,98;56,8;56,52;48,12;45,53;59,97;50,68;49,53;47,4;46,29;46,05;7,05;0,0;12,4;6,54;5,76;5,27;5,12;1,57;0,0;2,64;1,9;1,79;1,56;1,35;1,3;0,0229;0,0102;0,219;0,0333;0,0287;0,021;0,0151;0,0139;0,127;0,0;0,628;0,324;0,243;0,039;0,00415;0,00169;0,0106;0,00303;0,0349;0,0261;0,0233;0,00773;0,00403;0,00374;0,368;0,225;0,962;0,576;0,497;0,344;0,284;0,268;6,27;0,0983;49,7;15,7;11,9;5,1;2,29;1,68;-0,82;-20,0;53,86;23,6;15,38;-3,94;-18,37;-19,0
RegentsParkFields;RegentsParkFields1;829;61,91;57,56;67,03;64,02;63,45;61,58;59,89;59,44;58,42;55,29;63,51;60,78;59,86;57,98;56,8;56,52;48,12;45,53;59,97;50,68;49,53;47,4;46,29;46,05;7,05;0,0;12,4;6,54;5,76;5,27;5,12;1,57;0,0;2,64;1,9;1,79;1,56;1,35;1,3;0,0229;0,0102;0,219;0,0333;0,0287;0,021;0,0151;0,0139;0,127;0,0;0,628;0,324;0,243;0,039;0,00415;0,00169;0,0106;0,00303;0,0349;0,0261;0,0233;0,00773;0,00403;0,00374;0,368;0,225;0,962;0,576;0,497;0,344;0,284;0,268;6,27;0,0983;49,7;15,7;11,9;5,1;2,29;1,68;-0,82;-20,0;53,86;23,6;15,38;-3,94;-18,37;-19,0
RegentsParkFields;RegentsParkFields1;830;67,39;58,03;85,7;71,6;69,85;63,69;60,31;59,79;60,28;55,16;76,15;63,96;62,65;58,71;57,18;56,82;48,94;45,45;57,31;52,32;50,93;48,17;46,38;46,09;7,78;0,0;12,1;7,3;6,11;5,28;5,14;1,72;0,0;2,93;2,24;2,05;1,66;1,45;1,42;0,0214;0,0104;0,0476;0,031;0,0284;0,021;0,0154;0,0144;0,173;0,0;1,43;0,451;0,271;0,0298;0,00268;0,000434;0,00839;0,00304;0,0318;0,0238;0,0201;0,00585;0,00405;0,00362;0,397;0,202;1,16;0,57;0,531;0,377;0,289;0,268;5,5;0,0738;60,4;13,6;9,92;4,45;2,02;1,52;-1,71;-14,81;63,59;23,95;17,52;1,78;-10,24;-11,52
RegentsParkFields;RegentsParkFields1;831;67,39;58,03;85,7;71,6;69,85;63,69;60,31;59,79;60,28;55,16;76,15;63,96;62,65;58,71;57,18;56,82;48,94;45,45;57,31;52,32;50,93;48,17;46,38;46,09;7,78;0,0;12,1;7,3;6,11;5,28;5,14;1,72;0,0;2,93;2,24;2,05;1,66;1,45;1,42;0,0214;0,0104;0,0476;0,031;0,0284;0,021;0,0154;0,0144;0,173;0,0;1,43;0,451;0,271;0,0298;0,00268;0,000434;0,00839;0,00304;0,0318;0,0238;0,0201;0,00585;0,00405;0,00362;0,397;0,202;1,16;0,57;0,531;0,377;0,289;0,268;5,5;0,0738;60,4;13,6;9,92;4,45;2,02;1,52;-1,71;-14,81;63,59;23,95;17,52;1,78;-10,24;-11,52
RegentsParkFields;RegentsParkFields1;832;62,04;56,33;71,85;64,29;62,86;61,24;59,92;59,58;58,75;53,57;61,69;60,14;59,74;58,64;57,57;57,27;49,99;45,41;57,18;54,03;52,54;48,91;47,37;47,11;8,14;0,0;10,1;7,45;6,11;5,54;5,42;1,51;0,0;2,27;1,76;1,7;1,49;1,37;1,34;0,023;0,0112;0,0685;0,0343;0,0308;0,022;0,0166;0,0156;0,161;0,0;0,901;0,431;0,331;0,0442;0,0042;0,00157;0,0143;0,00315;0,042;0,0365;0,0297;0,0122;0,00532;0,0042;0,357;0,22;1,07;0,502;0,449;0,341;0,271;0,257;7,15;0,00326;34,4;16,6;13,5;5,97;2,49;1,94;-0,7;-19,86;55,12;25,76;18,63;-4,12;-17,17;-18,3
RegentsParkFields;RegentsParkFields1;833;62,04;56,33;71,85;64,29;62,86;61,24;59,92;59,58;58,75;53,57;61,69;60,14;59,74;58,64;57,57;57,27;49,99;45,41;57,18;54,03;52,54;48,91;47,37;47,11;8,14;0,0;10,1;7,45;6,11;5,54;5,42;1,51;0,0;2,27;1,76;1,7;1,49;1,37;1,34;0,023;0,0112;0,0685;0,0343;0,0308;0,022;0,0166;0,0156;0,161;0,0;0,901;0,431;0,331;0,0442;0,0042;0,00157;0,0143;0,00315;0,042;0,0365;0,0297;0,0122;0,00532;0,0042;0,357;0,22;1,07;0,502;0,449;0,341;0,271;0,257;7,15;0,00326;34,4;16,6;13,5;5,97;2,49;1,94;-0,7;-19,86;55,12;25,76;18,63;-4,12;-17,17;-18,3
RegentsParkFields;RegentsParkFields1;834;60,83;57,66;65,11;62,5;62,04;60,67;59,42;59,07;58,32;55,15;64,51;60,29;59,69;58,01;56,62;56,31;50,56;44,95;59,78;54,74;53,31;49,19;45,97;45,62;8,16;0,0;11,4;7,65;6,02;4,75;4,62;1,48;0,0;2,48;1,95;1,83;1,45;1,17;1,14;0,0251;0,00963;0,0789;0,0426;0,0341;0,0232;0,0172;0,0159;0,193;0,0;1,65;0,669;0,378;0,0399;0,00526;0,00278;0,0215;0,0037;0,0829;0,0624;0,0478;0,0147;0,00483;0,00462;0,554;0,214;1,31;0,949;0,822;0,515;0,346;0,31;7,4;0,0494;49,5;18,8;14,9;5,69;2,26;1,71;-2,43;-18,38;52,14;25,07;18,0;-0,47;-15,76;-16,65
RegentsParkFields;RegentsParkFields1;835;60,83;57,66;65,11;62,5;62,04;60,67;59,42;59,07;58,32;55,15;64,51;60,29;59,69;58,01;56,62;56,31;50,56;44,95;59,78;54,74;53,31;49,19;45,97;45,62;8,16;0,0;11,4;7,65;6,02;4,75;4,62;1,48;0,0;2,48;1,95;1,83;1,45;1,17;1,14;0,0251;0,00963;0,0789;0,0426;0,0341;0,0232;0,0172;0,0159;0,193;0,0;1,65;0,669;0,378;0,0399;0,00526;0,00278;0,0215;0,0037;0,0829;0,0624;0,0478;0,0147;0,00483;0,00462;0,554;0,214;1,31;0,949;0,822;0,515;0,346;0,31;7,4;0,0494;49,5;18,8;14,9;5,69;2,26;1,71;-2,43;-18,38;52,14;25,07;18,0;-0,47;-15,76;-16,65
RegentsParkFields;RegentsParkFields1;836;65,18;58,48;72,14;70,57;69,46;62,79;60,14;59,79;64,18;56,05;71,87;70,28;69,03;60,78;57,7;57,27;56,8;45,13;66,57;63,09;61,86;52,06;46,82;46,37;15,1;0,0;19,5;13,8;7,82;5,42;5,2;1,46;0,0;2,18;1,77;1,69;1,43;1,26;1,22;0,0334;0,0134;0,124;0,0621;0,0502;0,0303;0,0191;0,0174;0,0951;0,0;0,839;0,261;0,151;0,0295;0,00483;0,00221;0,0121;0,00293;0,0326;0,0304;0,0266;0,0095;0,004;0,00362;0,423;0,215;0,852;0,639;0,59;0,408;0,293;0,27;7,18;0,126;43,3;16,6;13,3;5,95;2,59;1,99;-0,98;-13,57;52,5;27,17;18,24;2,18;-8,76;-10,88
RegentsParkFields;RegentsParkFields1;837;65,18;58,48;72,14;70,57;69,46;62,79;60,14;59,79;64,18;56,05;71,87;70,28;69,03;60,78;57,7;57,27;56,8;45,13;66,57;63,09;61,86;52,06;46,82;46,37;15,1;0,0;19,5;13,8;7,82;5,42;5,2;1,46;0,0;2,18;1,77;1,69;1,43;1,26;1,22;0,0334;0,0134;0,124;0,0621;0,0502;0,0303;0,0191;0,0174;0,0951;0,0;0,839;0,261;0,151;0,0295;0,00483;0,00221;0,0121;0,00293;0,0326;0,0304;0,0266;0,0095;0,004;0,00362;0,423;0,215;0,852;0,639;0,59;0,408;0,293;0,27;7,18;0,126;43,3;16,6;13,3;5,95;2,59;1,99;-0,98;-13,57;52,5;27,17;18,24;2,18;-8,76;-10,88
RegentsParkFields;RegentsParkFields1;838;62,96;59,07;69,36;64,55;64,14;62,81;61,57;61,17;60,57;57,23;64,04;62,2;61,82;60,39;59,12;58,78;50,01;45,2;58,22;54,07;52,47;48,86;47,2;46,91;8,17;0,0;10,7;7,64;6,28;5,66;5,5;1,5;0,0;2,52;1,87;1,77;1,47;1,29;1,25;0,0242;0,0113;0,0709;0,0384;0,0328;0,0226;0,0166;0,0156;0,159;0,0;1,25;0,446;0,305;0,0494;0,00598;0,00287;0,0173;0,00275;0,0797;0,0584;0,0357;0,0114;0,00431;0,00378;0,387;0,202;1,14;0,675;0,561;0,359;0,278;0,257;7,22;0,0684;46,7;18,9;13,9;5,75;2,59;2,03;-5,78;-18,48;53,73;24,59;17,18;-3,65;-15,6;-16,44
RegentsParkFields;RegentsParkFields1;839;62,96;59,07;69,36;64,55;64,14;62,81;61,57;61,17;60,57;57,23;64,04;62,2;61,82;60,39;59,12;58,78;50,01;45,2;58,22;54,07;52,47;48,86;47,2;46,91;8,17;0,0;10,7;7,64;6,28;5,66;5,5;1,5;0,0;2,52;1,87;1,77;1,47;1,29;1,25;0,0242;0,0113;0,0709;0,0384;0,0328;0,0226;0,0166;0,0156;0,159;0,0;1,25;0,446;0,305;0,0494;0,00598;0,00287;0,0173;0,00275;0,0797;0,0584;0,0357;0,0114;0,00431;0,00378;0,387;0,202;1,14;0,675;0,561;0,359;0,278;0,257;7,22;0,0684;46,7;18,9;13,9;5,75;2,59;2,03;-5,78;-18,48;53,73;24,59;17,18;-3,65;-15,6;-16,44
RegentsParkFields;RegentsParkFields1;840;63,65;59,77;71,91;67,64;66,27;62,81;61,32;61,02;62,12;57,49;71,77;67,06;65,48;60,12;58,63;58,36;57,19;46,46;70,62;63,75;61,71;50,62;48,11;47,62;12,7;0,0;19,0;11,2;7,05;5,85;5,66;1,65;0,0;3,25;2,2;2,03;1,6;1,35;1,3;0,0256;0,0111;0,122;0,0443;0,0368;0,0229;0,0167;0,0154;0,211;0,0;1,5;0,622;0,459;0,115;0,0178;0,00978;0,0321;0,00318;0,0975;0,0918;0,0866;0,0229;0,00798;0,00568;0,441;0,185;1,11;0,677;0,606;0,421;0,314;0,287;12,0;0,413;68,7;34,6;25,2;8,56;3,71;2,89;-1,76;-17,28;54,47;28,97;21,05;2,62;-14,02;-15,03
RegentsParkFields;RegentsParkFields1;841;63,65;59,77;71,91;67,64;66,27;62,81;61,32;61,02;62,12;57,49;71,77;67,06;65,48;60,12;58,63;58,36;57,19;46,46;70,62;63,75;61,71;50,62;48,11;47,62;12,7;0,0;19,0;11,2;7,05;5,85;5,66;1,65;0,0;3,25;2,2;2,03;1,6;1,35;1,3;0,0256;0,0111;0,122;0,0443;0,0368;0,0229;0,0167;0,0154;0,211;0,0;1,5;0,622;0,459;0,115;0,0178;0,00978;0,0321;0,00318;0,0975;0,0918;0,0866;0,0229;0,00798;0,00568;0,441;0,185;1,11;0,677;0,606;0,421;0,314;0,287;12,0;0,413;68,7;34,6;25,2;8,56;3,71;2,89;-1,76;-17,28;54,47;28,97;21,05;2,62;-14,02;-15,03
RegentsParkFields;RegentsParkFields1;842;63,78;59,25;68,85;66,43;65,55;63,32;61,78;61,4;61,24;57,2;66,89;64,02;63,17;60,68;59,47;59,11;53,27;48,05;64,57;57,5;56,5;51,49;49,26;48,88;10,2;0,0;15,9;9,6;7,4;6,36;6,15;1,58;0,0;3,07;2,18;1,95;1,53;1,32;1,28;0,0278;0,012;0,183;0,0601;0,0398;0,023;0,0167;0,0156;0,147;0,0;0,827;0,411;0,29;0,0891;0,0173;0,00958;0,0242;0,00538;0,0758;0,0568;0,0542;0,0212;0,00781;0,00616;0,45;0,218;1,76;0,777;0,647;0,408;0,299;0,282;9,7;0,694;64,5;22,9;18,2;8,18;3,74;2,95;-0,51;-16,54;55,1;27,45;19,04;3,18;-12,44;-13,6
RegentsParkFields;RegentsParkFields1;843;64,62;60,42;73,68;67,67;66,59;63,9;62,22;61,7;61,71;57,48;73,55;64,01;62,88;60,72;59,26;58,92;55,81;47,57;70,88;59,91;57,29;52,47;50,0;49,4;10,7;0,0;24,3;9,68;7,58;6,59;6,37;1,6;0,0;4,14;1,98;1,86;1,57;1,37;1,32;0,0251;0,0104;0,0981;0,0402;0,0344;0,0231;0,0171;0,0153;0,215;0,0;1,52;0,577;0,46;0,139;0,0367;0,025;0,0319;0,00888;0,137;0,0779;0,0573;0,0265;0,0173;0,0134;0,471;0,191;1,2;0,831;0,728;0,415;0,309;0,281;10,9;0,465;73,7;26,0;19,9;8,93;4,0;3,11;-0,66;-16,4;58,5;30,95;22,54;5,78;-7,89;-9,7
RegentsParkFields;RegentsParkFields1;844;64,61;58,87;71,41;67,66;66,69;63,98;61,85;61,34;61,44;56,7;70,3;65,39;63,42;60,55;58,85;58,46;55,57;46,26;69,21;61,31;58,38;50,52;48,07;47,15;11,9;0,0;18,6;10,6;7,31;6,05;5,8;1,84;0,0;3,37;2,34;2,21;1,79;1,56;1,53;0,0221;0,00697;0,0974;0,0347;0,0287;0,0207;0,0154;0,0141;0,152;0,0;1,32;0,43;0,279;0,0573;0,00813;0,00379;0,0259;0,00237;0,153;0,102;0,0558;0,0111;0,0033;0,00291;0,35;0,143;0,868;0,597;0,499;0,318;0,243;0,226;8,67;0,068;61,3;26,5;18,7;5,93;2,26;1,63;-0,45;-16,67;56,58;31,19;22,55;6,25;-12,94;-14,65
RegentsParkFields;RegentsParkFields1;845;68,55;59,75;78,29;73,59;72,31;65,95;62,6;62,01;62,54;57,49;69,91;65,87;64,92;61,69;59,61;59,03;54,5;46,9;66,29;60,19;58,31;51,75;48,33;47,84;11,9;0,0;17,5;10,8;8,12;6,36;6,12;1,88;0,0;2,67;2,14;2,1;1,85;1,69;1,66;0,0242;0,0114;0,122;0,038;0,0326;0,0226;0,0162;0,0151;0,155;0,0;1,13;0,433;0,29;0,0464;0,00323;0,000752;0,018;0,00369;0,0611;0,054;0,0461;0,0078;0,00451;0,00421;0,338;0,155;0,91;0,518;0,471;0,319;0,236;0,212;7,66;0,0627;58,0;21,7;15,7;5,5;2,17;1,56;-1,35;-17,51;64,4;29,09;21,0;2,35;-13,81;-15,32
RegentsParkFields;RegentsParkFields1;850;71,65;61,0;81,12;76,43;75,25;69,87;64,57;63,64;65,43;57,91;75,16;69,99;68,65;63,27;60,18;59,67;56,77;47,8;71,41;63,68;57,13;51,63;49,71;49,43;11,3;0,0;22,5;9,58;7,53;6,64;6,47;1,78;0,0;2,87;2,1;1,99;1,77;1,56;1,52;0,0261;0,0116;0,13;0,0437;0,0352;0,0239;0,0176;0,0164;0,181;0,0;2,43;0,493;0,282;0,0577;0,008;0,00389;0,0244;0,00597;0,0705;0,0619;0,0528;0,0193;0,00873;0,00776;0,407;0,15;2,25;0,63;0,528;0,374;0,286;0,259;10,2;0,17;96,0;24,7;19,8;7,92;3,2;2,46;-1,63;-16,74;67,49;31,17;20,48;1,33;-14,09;-15,23
RegentsParkFields;RegentsParkFields1;851;66,63;60,19;82,84;70,36;68,41;63,46;61,44;61,08;62,02;57,08;73,96;66,1;64,64;60,31;58,64;58,34;56,2;46,93;69,69;62,24;60,13;51,31;48,59;48,06;11,6;0,0;22,4;10,0;7,14;6,04;5,84;1,65;0,0;2,49;2,02;1,92;1,62;1,45;1,4;0,0258;0,011;0,102;0,0453;0,0387;0,0233;0,0174;0,0157;0,148;0,0;1,71;0,408;0,282;0,0651;0,0108;0,0056;0,0307;0,00756;0,0795;0,0651;0,0554;0,0306;0,00979;0,00829;0,51;0,288;1,37;0,826;0,726;0,463;0,368;0,341;11,7;0,269;74,1;33,8;26,1;8,21;3,29;2,52;-0,7;-17,56;60,99;32,09;20,82;-0,15;-14,39;-15,87
RegentsParkFields;RegentsParkFields1;852;66,63;60,19;82,84;70,36;68,41;63,46;61,44;61,08;62,02;57,08;73,96;66,1;64,64;60,31;58,64;58,34;56,2;46,93;69,69;62,24;60,13;51,31;48,59;48,06;11,6;0,0;22,4;10,0;7,14;6,04;5,84;1,65;0,0;2,49;2,02;1,92;1,62;1,45;1,4;0,0258;0,011;0,102;0,0453;0,0387;0,0233;0,0174;0,0157;0,148;0,0;1,71;0,408;0,282;0,0651;0,0108;0,0056;0,0307;0,00756;0,0795;0,0651;0,0554;0,0306;0,00979;0,00829;0,51;0,288;1,37;0,826;0,726;0,463;0,368;0,341;11,7;0,269;74,1;33,8;26,1;8,21;3,29;2,52;-0,7;-17,56;60,99;32,09;20,82;-0,15;-14,39;-15,87
RegentsParkFields;RegentsParkFields1;853;69,29;60,46;80,77;76,38;73,8;64,22;62,29;61,9;64,17;58,4;74,85;70,66;67,34;61,53;59,83;59,47;51,89;47,85;62,88;54,83;54,04;50,99;49,03;48,67;9,16;0,0;14,5;8,7;7,3;6,53;6,38;1,67;0,0;2,91;2,01;1,88;1,66;1,46;1,43;0,0228;0,0119;0,0752;0,0349;0,0314;0,0217;0,0162;0,015;0,161;0,0;0,734;0,394;0,319;0,127;0,0349;0,0238;0,0197;0,00405;0,0713;0,0515;0,0452;0,0144;0,00579;0,00514;0,435;0,224;1,44;0,826;0,686;0,369;0,275;0,26;8,34;0,34;58,9;20,1;15,1;6,63;2,95;2,33;-1,36;-16,26;64,29;26,72;19,07;1,0;-12,88;-14,32
RegentsParkFields;RegentsParkFields1;854;69,29;60,46;80,77;76,38;73,8;64,22;62,29;61,9;64,17;58,4;74,85;70,66;67,34;61,53;59,83;59,47;51,89;47,85;62,88;54,83;54,04;50,99;49,03;48,67;9,16;0,0;14,5;8,7;7,3;6,53;6,38;1,67;0,0;2,91;2,01;1,88;1,66;1,46;1,43;0,0228;0,0119;0,0752;0,0349;0,0314;0,0217;0,0162;0,015;0,161;0,0;0,734;0,394;0,319;0,127;0,0349;0,0238;0,0197;0,00405;0,0713;0,0515;0,0452;0,0144;0,00579;0,00514;0,435;0,224;1,44;0,826;0,686;0,369;0,275;0,26;8,34;0,34;58,9;20,1;15,1;6,63;2,95;2,33;-1,36;-16,26;64,29;26,72;19,07;1,0;-12,88;-14,32
RegentsParkFields;RegentsParkFields1;855;69,29;60,46;80,77;76,38;73,8;64,22;62,29;61,9;64,17;58,4;74,85;70,66;67,34;61,53;59,83;59,47;51,89;47,85;62,88;54,83;54,04;50,99;49,03;48,67;9,16;0,0;14,5;8,7;7,3;6,53;6,38;1,67;0,0;2,91;2,01;1,88;1,66;1,46;1,43;0,0228;0,0119;0,0752;0,0349;0,0314;0,0217;0,0162;0,015;0,161;0,0;0,734;0,394;0,319;0,127;0,0349;0,0238;0,0197;0,00405;0,0713;0,0515;0,0452;0,0144;0,00579;0,00514;0,435;0,224;1,44;0,826;0,686;0,369;0,275;0,26;8,34;0,34;58,9;20,1;15,1;6,63;2,95;2,33;-1,36;-16,26;64,29;26,72;19,07;1,0;-12,88;-14,32
RegentsParkFields;RegentsParkFields1;856;64,08;60,35;68,66;66,39;65,8;63,67;62,22;61,84;61,89;57,46;68,25;65,3;64,19;61,03;59,54;59,17;55,99;47,51;66,43;61,13;59,65;53,4;49,77;48,95;12,6;0,0;17,4;11,3;8,01;6,5;6,29;1,74;0,0;3,13;2,31;2,13;1,7;1,4;1,34;0,0286;0,0117;0,113;0,0537;0,0437;0,0246;0,0177;0,016;0,185;0,0;1,32;0,472;0,368;0,122;0,026;0,0147;0,0418;0,0101;0,104;0,0858;0,0802;0,0341;0,0141;0,0128;0,64;0,291;2,2;1,17;1,01;0,571;0,385;0,357;13,9;0,389;92,1;33,7;26,0;11,7;4,6;3,41;-0,45;-13,76;54,87;28,15;23,58;6,4;-9,57;-11,19
RegentsParkFields;RegentsParkFields1;857;64,08;60,35;68,66;66,39;65,8;63,67;62,22;61,84;61,89;57,46;68,25;65,3;64,19;61,03;59,54;59,17;55,99;47,51;66,43;61,13;59,65;53,4;49,77;48,95;12,6;0,0;17,4;11,3;8,01;6,5;6,29;1,74;0,0;3,13;2,31;2,13;1,7;1,4;1,34;0,0286;0,0117;0,113;0,0537;0,0437;0,0246;0,0177;0,016;0,185;0,0;1,32;0,472;0,368;0,122;0,026;0,0147;0,0418;0,0101;0,104;0,0858;0,0802;0,0341;0,0141;0,0128;0,64;0,291;2,2;1,17;1,01;0,571;0,385;0,357;13,9;0,389;92,1;33,7;26,0;11,7;4,6;3,41;-0,45;-13,76;54,87;28,15;23,58;6,4;-9,57;-11,19
RegentsParkFields;RegentsParkFields1;858;64,08;60,35;68,66;66,39;65,8;63,67;62,22;61,84;61,89;57,46;68,25;65,3;64,19;61,03;59,54;59,17;55,99;47,51;66,43;61,13;59,65;53,4;49,77;48,95;12,6;0,0;17,4;11,3;8,01;6,5;6,29;1,74;0,0;3,13;2,31;2,13;1,7;1,4;1,34;0,0286;0,0117;0,113;0,0537;0,0437;0,0246;0,0177;0,016;0,185;0,0;1,32;0,472;0,368;0,122;0,026;0,0147;0,0418;0,0101;0,104;0,0858;0,0802;0,0341;0,0141;0,0128;0,64;0,291;2,2;1,17;1,01;0,571;0,385;0,357;13,9;0,389;92,1;33,7;26,0;11,7;4,6;3,41;-0,45;-13,76;54,87;28,15;23,58;6,4;-9,57;-11,19
RegentsParkFields;RegentsParkFields1;859;64,25;59,48;73,14;68,4;66,58;63,03;61,35;60,98;61,01;57,7;65,53;63,72;62,93;60,57;58,91;58,6;52,23;47,93;65,54;57,26;54,36;50,3;48,78;48,5;9,72;0,0;15,4;8,77;6,96;6,18;6,03;1,64;0,0;2,28;1,95;1,86;1,62;1,47;1,42;0,0234;0,0112;0,0828;0,0344;0,0309;0,0224;0,0166;0,0154;0,174;0,0;1,16;0,552;0,336;0,058;0,00594;0,00297;0,0128;0,00334;0,0809;0,0557;0,0368;0,00669;0,0039;0,00364;0,391;0,218;1,08;0,702;0,607;0,341;0,272;0,254;6,93;0,144;58,0;18,6;13,9;5,16;2,18;1,66;-0,69;-17,85;56,48;29,82;18,58;-1,4;-14,87;-16,16
RegentsParkFields;RegentsParkFields1;860;64,25;59,48;73,14;68,4;66,58;63,03;61,35;60,98;61,01;57,7;65,53;63,72;62,93;60,57;58,91;58,6;52,23;47,93;65,54;57,26;54,36;50,3;48,78;48,5;9,72;0,0;15,4;8,77;6,96;6,18;6,03;1,64;0,0;2,28;1,95;1,86;1,62;1,47;1,42;0,0234;0,0112;0,0828;0,0344;0,0309;0,0224;0,0166;0,0154;0,174;0,0;1,16;0,552;0,336;0,058;0,00594;0,00297;0,0128;0,00334;0,0809;0,0557;0,0368;0,00669;0,0039;0,00364;0,391;0,218;1,08;0,702;0,607;0,341;0,272;0,254;6,93;0,144;58,0;18,6;13,9;5,16;2,18;1,66;-0,69;-17,85;56,48;29,82;18,58;-1,4;-14,87;-16,16
RegentsParkFields;RegentsParkFields1;864;73,81;61,37;83,06;80,26;77,53;69,3;63,56;63,15;72,74;59,64;82,01;79,2;76,69;68,23;62,05;61,58;61,6;47,93;70,04;67,36;66,15;57,06;49,36;48,9;24,6;0,0;30,9;22,6;11,2;6,84;6,57;1,77;0,0;2,65;2,39;2,28;1,74;1,41;1,36;0,0373;0,0112;0,233;0,086;0,0662;0,0287;0,0179;0,0163;0,3;0,0;0,863;0,65;0,559;0,276;0,0807;0,057;0,00949;0,00181;0,0702;0,0237;0,0201;0,00669;0,00221;0,00202;0,314;0,151;1,34;0,487;0,425;0,296;0,214;0,199;6,64;0,0468;66,4;15,9;12,2;5,32;2,47;1,9;-7,77;-9,28;68,49;33,54;29,96;8,98;-6,03;-7,33
RegentsParkFields;RegentsParkFields2;865;67,04;61,79;77,17;70,99;69,36;65,96;64,1;63,66;64,36;60,12;73,45;66,67;66,17;63,47;62,16;61,84;56,43;49,8;71,46;62,03;59,45;53,15;50,86;50,55;14,8;0,0;32,3;12,6;8,81;7,51;7,27;1,89;0,0;3,73;2,72;2,45;1,81;1,47;1,44;0,0264;0,0116;0,127;0,0462;0,036;0,0238;0,0178;0,0165;0,0903;0,0;1,13;0,252;0,133;0,0411;0,00755;0,00364;0,0137;0,0019;0,103;0,0475;0,0354;0,00572;0,00251;0,00222;0,428;0,188;1,71;1,14;0,912;0,323;0,251;0,237;6,69;0,0;77,2;19,4;14,1;4,64;2,06;1,58;-5,29;-12,09;59,71;30,33;26,28;10,42;-7,58;-8,85
RegentsParkFields;RegentsParkFields2;866;67,04;61,79;77,17;70,99;69,36;65,96;64,1;63,66;64,36;60,12;73,45;66,67;66,17;63,47;62,16;61,84;56,43;49,8;71,46;62,03;59,45;53,15;50,86;50,55;14,8;0,0;32,3;12,6;8,81;7,51;7,27;1,89;0,0;3,73;2,72;2,45;1,81;1,47;1,44;0,0264;0,0116;0,127;0,0462;0,036;0,0238;0,0178;0,0165;0,0903;0,0;1,13;0,252;0,133;0,0411;0,00755;0,00364;0,0137;0,0019;0,103;0,0475;0,0354;0,00572;0,00251;0,00222;0,428;0,188;1,71;1,14;0,912;0,323;0,251;0,237;6,69;0,0;77,2;19,4;14,1;4,64;2,06;1,58;-5,29;-12,09;59,71;30,33;26,28;10,42;-7,58;-8,85
RegentsParkFields;RegentsParkFields2;869;63,52;60,04;73,68;66,18;64,5;62,4;61,29;61,06;60,41;58,29;64,14;62,2;61,68;60,13;59,14;58,94;51,13;47,43;59,75;55,63;53,95;49,24;48,35;48,18;8,67;0,0;11,5;7,84;6,13;5,49;5,37;1,31;0,0;2,35;1,65;1,56;1,29;1,1;1,07;0,0245;0,013;0,101;0,0359;0,0326;0,0237;0,0175;0,0163;0,136;0,0;1,0;0,348;0,226;0,0237;0,00256;0,000532;0,0135;0,00346;0,0375;0,0347;0,0305;0,0076;0,00403;0,00386;0,424;0,187;1,3;0,674;0,57;0,395;0,303;0,287;7,5;0,00675;52,0;19,7;14,3;5,65;2,48;1,91;-1,02;-19,84;57,08;24,43;15,6;-6,41;-17,84;-18,48
RegentsParkFields;RegentsParkFields2;870;72,62;60,57;84,2;78,94;76,65;68,68;63,1;62,62;65,6;57,93;76,72;72,0;69,26;62,13;59,87;59,51;50,19;48,41;59,33;52,51;51,5;49,71;49,06;48,87;8,2;0,0;13,1;7,86;7,05;6,61;6,49;1,64;0,0;2,4;1,84;1,78;1,64;1,5;1,48;0,0223;0,0117;0,0509;0,0322;0,0291;0,0216;0,0166;0,0156;0,0778;0,0;0,421;0,164;0,112;0,0161;0,00106;0,0;0,00722;0,00214;0,0395;0,0199;0,0122;0,00528;0,00295;0,00252;0,37;0,201;1,19;0,596;0,526;0,335;0,266;0,251;4,81;0,0;57,4;11,5;8,71;3,91;1,74;1,35;-1,24;-14,56;67,97;25,47;16,73;-0,63;-10,66;-13,19
RegentsParkFields;RegentsParkFields2;871;72,62;60,57;84,2;78,94;76,65;68,68;63,1;62,62;65,6;57,93;76,72;72,0;69,26;62,13;59,87;59,51;50,19;48,41;59,33;52,51;51,5;49,71;49,06;48,87;8,2;0,0;13,1;7,86;7,05;6,61;6,49;1,64;0,0;2,4;1,84;1,78;1,64;1,5;1,48;0,0223;0,0117;0,0509;0,0322;0,0291;0,0216;0,0166;0,0156;0,0778;0,0;0,421;0,164;0,112;0,0161;0,00106;0,0;0,00722;0,00214;0,0395;0,0199;0,0122;0,00528;0,00295;0,00252;0,37;0,201;1,19;0,596;0,526;0,335;0,266;0,251;4,81;0,0;57,4;11,5;8,71;3,91;1,74;1,35;-1,24;-14,56;67,97;25,47;16,73;-0,63;-10,66;-13,19
RegentsParkFields;RegentsParkFields2;872;69,11;59,63;81,76;73,83;72,72;65,27;61,66;61,27;62,34;57,7;72,03;66,48;64,99;60,89;59,34;59,03;52,05;47,05;64,96;56,51;54,02;49,5;48,02;47,68;9,21;0,0;14,0;7,99;6,68;5,97;5,84;1,58;0,0;2,54;1,96;1,86;1,55;1,32;1,27;0,0227;0,0109;0,0431;0,0327;0,0302;0,0221;0,0161;0,0147;0,149;0,0;1,6;0,403;0,239;0,0322;0,00394;0,0017;0,0125;0,00281;0,0847;0,0406;0,0286;0,00739;0,00379;0,00318;0,345;0,204;1,35;0,521;0,443;0,323;0,26;0,247;6,69;0,0375;49,2;17,4;12,6;5,26;2,28;1,7;-1,63;-15,3;64,78;28,81;16,42;-0,29;-12,09;-13,23
RegentsParkFields;RegentsParkFields2;873;69,11;59,63;81,76;73,83;72,72;65,27;61,66;61,27;62,34;57,7;72,03;66,48;64,99;60,89;59,34;59,03;52,05;47,05;64,96;56,51;54,02;49,5;48,02;47,68;9,21;0,0;14,0;7,99;6,68;5,97;5,84;1,58;0,0;2,54;1,96;1,86;1,55;1,32;1,27;0,0227;0,0109;0,0431;0,0327;0,0302;0,0221;0,0161;0,0147;0,149;0,0;1,6;0,403;0,239;0,0322;0,00394;0,0017;0,0125;0,00281;0,0847;0,0406;0,0286;0,00739;0,00379;0,00318;0,345;0,204;1,35;0,521;0,443;0,323;0,26;0,247;6,69;0,0375;49,2;17,4;12,6;5,26;2,28;1,7;-1,63;-15,3;64,78;28,81;16,42;-0,29;-12,09;-13,23
RegentsParkFields;RegentsParkFields2;874;66,39;62,06;72,99;69,66;68,71;65,51;64,1;63,68;64,19;60,0;72,45;67,79;66,05;63,62;61,64;61,25;55,63;49,86;71,03;61,94;56,16;52,94;51,43;50,84;11,4;0,0;23,2;10,3;8,49;7,4;7,17;1,52;0,0;2,97;1,78;1,68;1,48;1,36;1,31;0,0253;0,0114;0,0638;0,0362;0,0329;0,0245;0,0188;0,0174;0,159;0,0;0,994;0,449;0,319;0,0899;0,0156;0,00885;0,0194;0,00331;0,13;0,109;0,0635;0,00829;0,00415;0,00396;0,378;0,19;1,17;0,662;0,545;0,332;0,259;0,244;8,11;0,0404;63,0;25,8;16,5;5,92;2,62;1,95;-0,48;-18,8;57,22;30,19;21,38;0,77;-16,52;-17,31
RegentsParkFields;RegentsParkFields2;875;66,39;62,06;72,99;69,66;68,71;65,51;64,1;63,68;64,19;60,0;72,45;67,79;66,05;63,62;61,64;61,25;55,63;49,86;71,03;61,94;56,16;52,94;51,43;50,84;11,4;0,0;23,2;10,3;8,49;7,4;7,17;1,52;0,0;2,97;1,78;1,68;1,48;1,36;1,31;0,0253;0,0114;0,0638;0,0362;0,0329;0,0245;0,0188;0,0174;0,159;0,0;0,994;0,449;0,319;0,0899;0,0156;0,00885;0,0194;0,00331;0,13;0,109;0,0635;0,00829;0,00415;0,00396;0,378;0,19;1,17;0,662;0,545;0,332;0,259;0,244;8,11;0,0404;63,0;25,8;16,5;5,92;2,62;1,95;-0,48;-18,8;57,22;30,19;21,38;0,77;-16,52;-17,31
RegentsParkFields;RegentsParkFields2;876;71,33;62,2;82,14;77,1;75,55;68,15;63,81;63,26;66,68;60,37;74,89;71,01;69,46;65,47;62,04;61,65;62,89;52,81;73,31;68,61;66,96;60,05;54,56;54,09;18,5;0,0;25,8;16,8;12,2;9,29;9,0;1,96;0,0;2,72;2,29;2,21;1,96;1,73;1,65;0,0283;0,0138;0,0932;0,0426;0,0376;0,0271;0,0199;0,0181;0,319;0,0;2,09;0,952;0,714;0,192;0,034;0,0175;0,0263;0,00491;0,0694;0,0619;0,056;0,0227;0,00664;0,00549;0,416;0,248;1,25;0,694;0,603;0,368;0,293;0,282;11,4;0,398;56,1;26,2;21,2;9,7;4,39;3,44;-0,93;-9,81;66,22;38,71;28,25;7,81;-5,74;-7,43
RegentsParkFields;RegentsParkFields2;877;71,33;62,2;82,14;77,1;75,55;68,15;63,81;63,26;66,68;60,37;74,89;71,01;69,46;65,47;62,04;61,65;62,89;52,81;73,31;68,61;66,96;60,05;54,56;54,09;18,5;0,0;25,8;16,8;12,2;9,29;9,0;1,96;0,0;2,72;2,29;2,21;1,96;1,73;1,65;0,0283;0,0138;0,0932;0,0426;0,0376;0,0271;0,0199;0,0181;0,319;0,0;2,09;0,952;0,714;0,192;0,034;0,0175;0,0263;0,00491;0,0694;0,0619;0,056;0,0227;0,00664;0,00549;0,416;0,248;1,25;0,694;0,603;0,368;0,293;0,282;11,4;0,398;56,1;26,2;21,2;9,7;4,39;3,44;-0,93;-9,81;66,22;38,71;28,25;7,81;-5,74;-7,43
RegentsParkFields;RegentsParkFields2;878;63,11;59,86;71,47;64,66;64,26;62,88;61,83;61,51;60,78;57,76;65,07;62,18;61,78;60,63;59,65;59,42;51,79;48,68;62,76;53,5;52,52;51,04;50,06;49,85;8,76;0,0;13,5;8,31;7,42;6,88;6,76;1,58;0,0;2,61;2,01;1,77;1,54;1,42;1,4;0,0234;0,0115;0,0528;0,0326;0,0302;0,0228;0,0175;0,0158;0,121;0,0;1,72;0,3;0,176;0,0315;0,0052;0,00257;0,00634;0,00256;0,0193;0,0117;0,0107;0,00573;0,00314;0,00281;0,344;0,198;1,2;0,658;0,443;0,307;0,243;0,23;4,84;0,0;23,4;10,2;8,41;4,27;1,93;1,47;-3,02;-15,04;54,75;27,44;18,63;-0,67;-11,89;-12,93
RegentsParkFields;RegentsParkFields2;879;63,11;59,86;71,47;64,66;64,26;62,88;61,83;61,51;60,78;57,76;65,07;62,18;61,78;60,63;59,65;59,42;51,79;48,68;62,76;53,5;52,52;51,04;50,06;49,85;8,76;0,0;13,5;8,31;7,42;6,88;6,76;1,58;0,0;2,61;2,01;1,77;1,54;1,42;1,4;0,0234;0,0115;0,0528;0,0326;0,0302;0,0228;0,0175;0,0158;0,121;0,0;1,72;0,3;0,176;0,0315;0,0052;0,00257;0,00634;0,00256;0,0193;0,0117;0,0107;0,00573;0,00314;0,00281;0,344;0,198;1,2;0,658;0,443;0,307;0,243;0,23;4,84;0,0;23,4;10,2;8,41;4,27;1,93;1,47;-3,02;-15,04;54,75;27,44;18,63;-0,67;-11,89;-12,93
RegentsParkFields;RegentsParkFields2;880;63,98;60,08;71,23;67,76;66,58;63,16;61,55;61,24;61,84;58,19;66,57;64,81;63,83;61,34;59,82;59,5;52,48;49,66;60,04;54,85;53,91;51,91;50,7;50,39;9,58;0,0;12,4;9,18;8,19;7,42;7,2;1,74;0,0;3,06;2,07;1,97;1,75;1,4;1,33;0,0237;0,0126;0,0601;0,0342;0,031;0,0233;0,0174;0,0161;0,146;0,0;1,36;0,362;0,254;0,0312;0,00239;0,000217;0,00773;0,00308;0,0199;0,0158;0,0143;0,00699;0,00373;0,00346;0,323;0,206;0,764;0,493;0,413;0,306;0,242;0,23;5,78;0,0872;36,5;13,3;10,5;4,74;2,15;1,66;-0,45;-13,3;55,57;28,01;19,52;4,17;-8,65;-10,7
RegentsParkFields;RegentsParkFields2;881;63,98;60,08;71,23;67,76;66,58;63,16;61,55;61,24;61,84;58,19;66,57;64,81;63,83;61,34;59,82;59,5;52,48;49,66;60,04;54,85;53,91;51,91;50,7;50,39;9,58;0,0;12,4;9,18;8,19;7,42;7,2;1,74;0,0;3,06;2,07;1,97;1,75;1,4;1,33;0,0237;0,0126;0,0601;0,0342;0,031;0,0233;0,0174;0,0161;0,146;0,0;1,36;0,362;0,254;0,0312;0,00239;0,000217;0,00773;0,00308;0,0199;0,0158;0,0143;0,00699;0,00373;0,00346;0,323;0,206;0,764;0,493;0,413;0,306;0,242;0,23;5,78;0,0872;36,5;13,3;10,5;4,74;2,15;1,66;-0,45;-13,3;55,57;28,01;19,52;4,17;-8,65;-10,7
RegentsParkFields;RegentsParkFields2;882;63,98;60,08;71,23;67,76;66,58;63,16;61,55;61,24;61,84;58,19;66,57;64,81;63,83;61,34;59,82;59,5;52,48;49,66;60,04;54,85;53,91;51,91;50,7;50,39;9,58;0,0;12,4;9,18;8,19;7,42;7,2;1,74;0,0;3,06;2,07;1,97;1,75;1,4;1,33;0,0237;0,0126;0,0601;0,0342;0,031;0,0233;0,0174;0,0161;0,146;0,0;1,36;0,362;0,254;0,0312;0,00239;0,000217;0,00773;0,00308;0,0199;0,0158;0,0143;0,00699;0,00373;0,00346;0,323;0,206;0,764;0,493;0,413;0,306;0,242;0,23;5,78;0,0872;36,5;13,3;10,5;4,74;2,15;1,66;-0,45;-13,3;55,57;28,01;19,52;4,17;-8,65;-10,7
RegentsParkFields;RegentsParkFields2;883;65,96;61,53;76,04;69,27;68,17;64,9;63,1;62,7;62,54;59,22;70,23;64,55;63,85;62,18;60,71;60,36;52,08;49,35;63,44;53,92;53,08;51,35;50,19;49,97;8,91;0,0;15,2;8,63;7,71;7,11;6,99;1,73;0,0;2,65;1,97;1,91;1,72;1,54;1,5;0,0235;0,0101;0,122;0,0341;0,0304;0,0226;0,0169;0,0156;0,106;0,0;0,632;0,253;0,176;0,0268;0,00198;0,000382;0,0116;0,00199;0,0599;0,0427;0,0263;0,00782;0,00249;0,00232;0,318;0,178;0,931;0,459;0,401;0,303;0,248;0,235;5,67;0,0;39,3;14,1;10,9;4,42;1,87;1,41;-0,87;-19,32;58,89;26,94;18,77;-1,21;-16,8;-17,93
RegentsParkFields;RegentsParkFields2;884;65,96;61,53;76,04;69,27;68,17;64,9;63,1;62,7;62,54;59,22;70,23;64,55;63,85;62,18;60,71;60,36;52,08;49,35;63,44;53,92;53,08;51,35;50,19;49,97;8,91;0,0;15,2;8,63;7,71;7,11;6,99;1,73;0,0;2,65;1,97;1,91;1,72;1,54;1,5;0,0235;0,0101;0,122;0,0341;0,0304;0,0226;0,0169;0,0156;0,106;0,0;0,632;0,253;0,176;0,0268;0,00198;0,000382;0,0116;0,00199;0,0599;0,0427;0,0263;0,00782;0,00249;0,00232;0,318;0,178;0,931;0,459;0,401;0,303;0,248;0,235;5,67;0,0;39,3;14,1;10,9;4,42;1,87;1,41;-0,87;-19,32;58,89;26,94;18,77;-1,21;-16,8;-17,93
RegentsParkFields;RegentsParkFields2;885;62,44;59,22;68,69;64,32;63,83;62,16;60,81;60,5;60,46;57,36;67,44;62,56;62,03;60,06;58,77;58,5;49,84;47,8;56,51;51,27;50,88;49,55;48,65;48,49;7,29;0,0;8,78;7,09;6,31;5,83;5,73;1,38;0,0;2,3;1,57;1,52;1,36;1,25;1,23;0,0244;0,013;0,0499;0,0349;0,0321;0,0234;0,0179;0,0165;0,0517;0,0;0,745;0,0856;0,0577;0,011;0,000547;0,0;0,0025;0,00146;0,0105;0,00353;0,00305;0,00236;0,00191;0,0018;0,311;0,206;0,696;0,421;0,378;0,302;0,249;0,236;3,53;0,0;24,0;6,98;5,91;3,18;1,42;1,08;-2,68;-19,93;53,43;25,81;13,42;-6,25;-18,02;-18,77
RegentsParkFields;RegentsParkFields2;886;66,65;59,89;77,88;71,29;69,23;64,53;62,17;61,76;61,77;57,58;70,46;64,14;63,14;61,22;59,81;59,39;49,86;46,55;56,77;52,24;51,45;49,34;48,04;47,78;7,79;0,0;11,1;7,46;6,7;5,95;5,75;1,55;0,0;2,57;1,81;1,73;1,54;1,39;1,3;0,0245;0,0116;0,11;0,0363;0,0322;0,0232;0,0177;0,0164;0,063;0,0;0,62;0,0958;0,0639;0,012;0,00075;0,0;0,00601;0,0012;0,0195;0,0168;0,0139;0,00423;0,00201;0,00177;0,363;0,193;1,46;0,617;0,491;0,328;0,254;0,24;4,99;0,0;47,6;11,7;8,8;4,09;1,74;1,3;-0,74;-18,25;61,35;24,64;14,97;-1,36;-16,01;-16,94
RegentsParkFields;RegentsParkFields2;888;66,65;59,89;77,88;71,29;69,23;64,53;62,17;61,76;61,77;57,58;70,46;64,14;63,14;61,22;59,81;59,39;49,86;46,55;56,77;52,24;51,45;49,34;48,04;47,78;7,79;0,0;11,1;7,46;6,7;5,95;5,75;1,55;0,0;2,57;1,81;1,73;1,54;1,39;1,3;0,0245;0,0116;0,11;0,0363;0,0322;0,0232;0,0177;0,0164;0,063;0,0;0,62;0,0958;0,0639;0,012;0,00075;0,0;0,00601;0,0012;0,0195;0,0168;0,0139;0,00423;0,00201;0,00177;0,363;0,193;1,46;0,617;0,491;0,328;0,254;0,24;4,99;0,0;47,6;11,7;8,8;4,09;1,74;1,3;-0,74;-18,25;61,35;24,64;14,97;-1,36;-16,01;-16,94
RegentsParkFields;RegentsParkFields2;887;71,13;60,26;82,02;75,92;74,65;69,11;63,9;62,44;64,84;57,83;76,19;69,82;68,55;62,55;60,06;59,35;52,03;48,76;58,15;54,59;53,65;51,51;50,13;49,84;9,4;0,0;13,5;9,07;7,89;7,21;7,05;1,84;0,0;2,91;2,15;2,08;1,8;1,67;1,64;0,0231;0,011;0,096;0,0356;0,031;0,0221;0,0164;0,0151;0,169;0,0;1,5;0,414;0,238;0,0297;0,00264;0,000414;0,0141;0,00306;0,0636;0,0436;0,0283;0,0095;0,00469;0,00416;0,367;0,208;1,04;0,596;0,513;0,335;0,255;0,243;5,94;0,0203;39,4;14,6;11,5;4,64;2,12;1,62;-1,91;-17,16;67,25;26,47;20,29;2,16;-15,3;-16,02
RegentsParkFields;RegentsParkFields2;889;71,13;60,26;82,02;75,92;74,65;69,11;63,9;62,44;64,84;57,83;76,19;69,82;68,55;62,55;60,06;59,35;52,03;48,76;58,15;54,59;53,65;51,51;50,13;49,84;9,4;0,0;13,5;9,07;7,89;7,21;7,05;1,84;0,0;2,91;2,15;2,08;1,8;1,67;1,64;0,0231;0,011;0,096;0,0356;0,031;0,0221;0,0164;0,0151;0,169;0,0;1,5;0,414;0,238;0,0297;0,00264;0,000414;0,0141;0,00306;0,0636;0,0436;0,0283;0,0095;0,00469;0,00416;0,367;0,208;1,04;0,596;0,513;0,335;0,255;0,243;5,94;0,0203;39,4;14,6;11,5;4,64;2,12;1,62;-1,91;-17,16;67,25;26,47;20,29;2,16;-15,3;-16,02
RegentsParkFields;RegentsParkFields2;890;71,13;60,26;82,02;75,92;74,65;69,11;63,9;62,44;64,84;57,83;76,19;69,82;68,55;62,55;60,06;59,35;52,03;48,76;58,15;54,59;53,65;51,51;50,13;49,84;9,4;0,0;13,5;9,07;7,89;7,21;7,05;1,84;0,0;2,91;2,15;2,08;1,8;1,67;1,64;0,0231;0,011;0,096;0,0356;0,031;0,0221;0,0164;0,0151;0,169;0,0;1,5;0,414;0,238;0,0297;0,00264;0,000414;0,0141;0,00306;0,0636;0,0436;0,0283;0,0095;0,00469;0,00416;0,367;0,208;1,04;0,596;0,513;0,335;0,255;0,243;5,94;0,0203;39,4;14,6;11,5;4,64;2,12;1,62;-1,91;-17,16;67,25;26,47;20,29;2,16;-15,3;-16,02
RegentsParkFields;RegentsParkFields2;891;72,08;60,11;88,63;78,79;74,99;64,13;61,77;61,29;64,15;58,63;80,59;69,13;65,3;61,62;60,16;59,79;56,56;50,66;64,48;60,38;59,11;55,18;53,72;53,45;12,3;0,0;15,4;11,7;9,97;9,09;8,75;2,06;0,0;2,75;2,27;2,25;2,06;1,86;1,77;0,0233;0,0108;0,0681;0,0323;0,0299;0,0225;0,0172;0,0157;0,141;0,0;1,18;0,379;0,262;0,0338;0,00291;0,000387;0,0137;0,00269;0,0402;0,0368;0,0327;0,00984;0,00338;0,00304;0,32;0,186;0,865;0,482;0,412;0,305;0,243;0,231;7,85;0,0122;43,3;20,3;15,6;6,01;2,57;1,93;-1,73;-14,12;68,43;31,3;22,97;5,06;-12,01;-12,92
RegentsParkFields;RegentsParkFields2;892;63,28;58,7;71,35;66,06;65,11;62,86;61,22;60,7;60,99;57,43;66,12;62,79;62,2;60,76;59,25;58,91;53,03;49,32;63,25;56,13;55,17;52,21;50,37;50,1;9,9;0,0;13,0;9,43;8,37;7,1;6,96;1,81;0,0;2,42;2,12;2,08;1,81;1,54;1,5;0,0221;0,00976;0,0429;0,0307;0,0287;0,0217;0,0163;0,0151;0,125;0,0;1,38;0,308;0,209;0,0313;0,00356;0,00138;0,0102;0,00263;0,0518;0,0383;0,0269;0,0059;0,00339;0,00294;0,309;0,13;0,733;0,417;0,385;0,298;0,249;0,235;5,64;0,0132;37,5;15,0;11,2;4,6;2,07;1,59;-0,61;-18,09;54,21;27,07;19,55;0,47;-15,92;-17,12
RegentsParkFields;RegentsParkFields2;893;63,28;58,7;71,35;66,06;65,11;62,86;61,22;60,7;60,99;57,43;66,12;62,79;62,2;60,76;59,25;58,91;53,03;49,32;63,25;56,13;55,17;52,21;50,37;50,1;9,9;0,0;13,0;9,43;8,37;7,1;6,96;1,81;0,0;2,42;2,12;2,08;1,81;1,54;1,5;0,0221;0,00976;0,0429;0,0307;0,0287;0,0217;0,0163;0,0151;0,125;0,0;1,38;0,308;0,209;0,0313;0,00356;0,00138;0,0102;0,00263;0,0518;0,0383;0,0269;0,0059;0,00339;0,00294;0,309;0,13;0,733;0,417;0,385;0,298;0,249;0,235;5,64;0,0132;37,5;15,0;11,2;4,6;2,07;1,59;-0,61;-18,09;54,21;27,07;19,55;0,47;-15,92;-17,12
RegentsParkFields;RegentsParkFields2;894;65,91;60,51;76,63;70,19;68,91;64,35;62,25;61,8;61,47;58,07;67,08;63,8;63,11;61,3;59,95;59,6;52,37;47,69;61,37;55,72;54,37;51,61;49,2;48,79;9,98;0,0;13,3;9,37;7,85;6,62;6,44;1,81;0,0;2,75;2,36;2,2;1,8;1,43;1,38;0,0266;0,0121;0,116;0,0492;0,0399;0,0232;0,0172;0,0159;0,0749;0,0;0,62;0,118;0,0701;0,0119;0,0;0,0;0,0233;0,0025;0,118;0,0955;0,0485;0,0125;0,00342;0,00298;0,405;0,198;1,25;0,761;0,649;0,346;0,269;0,255;5,34;0,0;54,9;14,7;10,3;4,03;1,75;1,3;-0,73;-15,71;60,18;27,88;20,26;1,85;-12,38;-13,59
RegentsParkFields;RegentsParkFields2;895;75,98;61,88;85,57;80,81;79,5;74,11;69,6;68,05;69,41;58,64;77,95;74,21;72,92;67,74;63,81;62,83;49,62;47,45;54,44;51,78;51,12;49,2;48,43;48,27;8,13;0,0;9,77;7,76;6,74;6,13;6,01;1,45;0,0;1,85;1,66;1,6;1,44;1,31;1,27;0,0232;0,0102;0,0475;0,0337;0,0305;0,0227;0,0166;0,015;0,108;0,0;0,766;0,295;0,169;0,0281;0,00194;0,000199;0,00397;0,00167;0,0101;0,00813;0,00694;0,00345;0,00214;0,00192;0,327;0,201;0,834;0,589;0,446;0,303;0,247;0,235;3,86;0,0;18,3;7,91;6,52;3,48;1,55;1,13;-1,51;-17,25;71,02;25,88;15,02;-2,99;-15,16;-15,82
RegentsParkFields;RegentsParkFields2;896;75,98;61,88;85,57;80,81;79,5;74,11;69,6;68,05;69,41;58,64;77,95;74,21;72,92;67,74;63,81;62,83;49,62;47,45;54,44;51,78;51,12;49,2;48,43;48,27;8,13;0,0;9,77;7,76;6,74;6,13;6,01;1,45;0,0;1,85;1,66;1,6;1,44;1,31;1,27;0,0232;0,0102;0,0475;0,0337;0,0305;0,0227;0,0166;0,015;0,108;0,0;0,766;0,295;0,169;0,0281;0,00194;0,000199;0,00397;0,00167;0,0101;0,00813;0,00694;0,00345;0,00214;0,00192;0,327;0,201;0,834;0,589;0,446;0,303;0,247;0,235;3,86;0,0;18,3;7,91;6,52;3,48;1,55;1,13;-1,51;-17,25;71,02;25,88;15,02;-2,99;-15,16;-15,82
RegentsParkFields;RegentsParkFields2;897;75,98;61,88;85,57;80,81;79,5;74,11;69,6;68,05;69,41;58,64;77,95;74,21;72,92;67,74;63,81;62,83;49,62;47,45;54,44;51,78;51,12;49,2;48,43;48,27;8,13;0,0;9,77;7,76;6,74;6,13;6,01;1,45;0,0;1,85;1,66;1,6;1,44;1,31;1,27;0,0232;0,0102;0,0475;0,0337;0,0305;0,0227;0,0166;0,015;0,108;0,0;0,766;0,295;0,169;0,0281;0,00194;0,000199;0,00397;0,00167;0,0101;0,00813;0,00694;0,00345;0,00214;0,00192;0,327;0,201;0,834;0,589;0,446;0,303;0,247;0,235;3,86;0,0;18,3;7,91;6,52;3,48;1,55;1,13;-1,51;-17,25;71,02;25,88;15,02;-2,99;-15,16;-15,82
RegentsParkFields;RegentsParkFields2;898;66,21;59,2;77,33;71,07;69,62;64,07;61,32;60,8;60,94;57,48;69,84;63,52;62,66;60,47;59,13;58,78;51,1;48,6;60,44;54,3;53,05;50,18;49,33;49,18;8,52;0,0;13,8;7,99;6,88;6,34;6,23;1,53;0,0;2,22;1,81;1,74;1,52;1,35;1,33;0,0249;0,0115;0,131;0,04;0,0335;0,0234;0,0174;0,0159;0,0757;0,0;0,635;0,144;0,0811;0,0134;0,000572;0,0;0,0213;0,00181;0,188;0,138;0,0677;0,00496;0,00239;0,00219;0,437;0,203;1,89;1,02;0,695;0,355;0,273;0,26;5,18;0,0;68,6;14,4;10,4;3,88;1,74;1,29;-0,96;-19,23;62,0;25,76;16,03;-4,48;-16,67;-17,83
RegentsParkFields;RegentsParkFields2;899;65,43;59,83;72,9;69,56;68,41;64,03;61,64;61,26;60,2;57,74;64,71;62,08;61,57;60,09;59,05;58,74;51,21;48,55;55,5;53,23;52,48;50,89;49,83;49,6;8,95;0,0;11,1;8,64;7,58;6,59;6,42;1,8;0,0;2,39;2,19;2,15;1,85;1,44;1,4;0,0228;0,0106;0,0735;0,0335;0,0303;0,0219;0,0161;0,015;0,0631;0,0;0,417;0,0886;0,0475;0,00787;0,0;0,0;0,00609;0,0018;0,026;0,0202;0,0156;0,00362;0,00225;0,00216;0,342;0,199;0,738;0,53;0,448;0,32;0,266;0,255;4,05;0,0;29,7;8,86;6,98;3,52;1,57;1,15;-0,83;-17,01;60,21;26,45;18,87;1,07;-14,6;-15,57
RegentsParkFields;RegentsParkFields2;900;74,35;60,28;90,98;81,16;77,35;64,77;62,42;62,0;66,14;57,52;83,47;71,3;67,64;61,17;59,95;59,66;53,84;50,29;62,99;57,05;56,14;52,89;51,3;51,07;11,2;0,0;17,6;10,7;8,83;7,94;7,77;1,98;0,0;2,69;2,48;2,34;1,93;1,71;1,67;0,0235;0,0109;0,089;0,0355;0,0317;0,0224;0,0165;0,0152;0,0906;0,0;0,943;0,221;0,137;0,0246;0,00246;0,000521;0,0106;0,00239;0,0402;0,0289;0,0234;0,00629;0,00365;0,00307;0,324;0,152;1,19;0,467;0,415;0,307;0,249;0,234;6,21;0,0;40,4;14,9;11,8;5,02;2,3;1,72;-1,89;-13,68;70,65;28,81;21,05;5,35;-11,08;-12,44
RegentsParkFields;RegentsParkFields2;901;62,77;58,76;67,98;65,28;64,5;62,37;60,87;60,52;60,79;57,17;64,29;62,81;62,31;60,57;59,0;58,66;50,81;48,53;55,64;52,47;51,96;50,56;49,57;49,32;7,92;0,0;10,8;7,73;7,03;6,41;6,26;1,47;0,0;2,1;1,74;1,62;1,46;1,32;1,3;0,0248;0,0118;0,0594;0,0355;0,0323;0,0239;0,0185;0,017;0,0925;0,0;0,56;0,214;0,155;0,0248;0,00341;0,00102;0,00387;0,00172;0,0113;0,00792;0,00683;0,00321;0,00233;0,00208;0,336;0,194;1,46;0,624;0,482;0,299;0,24;0,229;3,82;0,0;41,8;7,59;6,29;3,43;1,52;1,1;-1,93;-19,12;53,15;26,08;15,08;-4,02;-16,28;-16,97
RegentsParkFields;RegentsParkFields2;903;70,64;60,02;83,99;77,16;74,32;66,02;62,22;61,61;63,6;55,13;76,7;68,55;66,14;60,95;59,2;58,79;51,43;47,99;59,46;54,66;53,31;50,47;49,16;48,95;8,99;0,0;12,0;8,45;7,03;6,36;6,22;1,56;0,0;2,53;1,83;1,72;1,55;1,41;1,38;0,0234;0,0114;0,0591;0,0335;0,0306;0,0229;0,0169;0,0157;0,139;0,0;1,39;0,403;0,231;0,0362;0,00533;0,00205;0,00856;0,00202;0,0398;0,0248;0,018;0,00643;0,00359;0,00262;0,353;0,202;1,11;0,517;0,459;0,332;0,265;0,253;5,51;0,0172;44,5;13,1;9,95;4,51;2,03;1,55;-1,85;-19,48;66,59;26,68;17,32;-2,83;-17,39;-18,2
RegentsParkFields;RegentsParkFields2;905;66,54;60,62;76,84;69,89;68,56;65,15;62,94;62,44;63,36;58,47;76,8;66,81;65,0;62,13;60,34;59,93;56,95;50,14;73,11;62,26;59,93;52,65;51,16;50,93;12,7;0,0;24,3;11,1;8,17;7,32;7,14;1,61;0,0;2,67;1,97;1,85;1,59;1,4;1,35;0,0246;0,00993;0,0746;0,0357;0,0325;0,0236;0,0179;0,0167;0,165;0,0;1,82;0,5;0,356;0,0844;0,0131;0,00667;0,0278;0,00411;0,131;0,11;0,0755;0,0185;0,00701;0,00595;0,361;0,178;1,52;0,655;0,566;0,316;0,24;0,219;9,11;0,353;93,2;25,6;18,6;6,88;3,06;2,35;-0,67;-17,14;60,5;29,09;20,43;-0,62;-13,85;-15,35
RegentsParkFields;RegentsParkFields2;906;66,9;59,82;77,25;73,44;70,97;64,1;61,94;61,4;62,79;56,92;71,85;68,12;65,74;60,82;59,1;58,68;52,24;46,46;65,37;57,87;54,87;49,8;47,9;47,68;10,8;0,0;17,8;9,35;6,68;5,75;5,6;1,56;0,0;2,65;2,04;1,92;1,52;1,27;1,24;0,026;0,0111;0,139;0,0422;0,035;0,0237;0,0177;0,0161;0,136;0,0;1,55;0,339;0,233;0,0299;0,0025;0,000567;0,0169;0,00254;0,0809;0,0573;0,0466;0,0103;0,00401;0,00351;0,365;0,185;0,978;0,58;0,491;0,339;0,267;0,244;6,7;0,0;55,5;18,4;14,0;4,99;2,19;1,63;-1,47;-16,33;60,5;27,35;20,29;0,1;-13,74;-14,69
RegentsParkFields;RegentsParkFields2;907;66,9;59,82;77,25;73,44;70,97;64,1;61,94;61,4;62,79;56,92;71,85;68,12;65,74;60,82;59,1;58,68;52,24;46,46;65,37;57,87;54,87;49,8;47,9;47,68;10,8;0,0;17,8;9,35;6,68;5,75;5,6;1,56;0,0;2,65;2,04;1,92;1,52;1,27;1,24;0,026;0,0111;0,139;0,0422;0,035;0,0237;0,0177;0,0161;0,136;0,0;1,55;0,339;0,233;0,0299;0,0025;0,000567;0,0169;0,00254;0,0809;0,0573;0,0466;0,0103;0,00401;0,00351;0,365;0,185;0,978;0,58;0,491;0,339;0,267;0,244;6,7;0,0;55,5;18,4;14,0;4,99;2,19;1,63;-1,47;-16,33;60,5;27,35;20,29;0,1;-13,74;-14,69
RegentsParkFields;RegentsParkFields2;908;66,9;59,82;77,25;73,44;70,97;64,1;61,94;61,4;62,79;56,92;71,85;68,12;65,74;60,82;59,1;58,68;52,24;46,46;65,37;57,87;54,87;49,8;47,9;47,68;10,8;0,0;17,8;9,35;6,68;5,75;5,6;1,56;0,0;2,65;2,04;1,92;1,52;1,27;1,24;0,026;0,0111;0,139;0,0422;0,035;0,0237;0,0177;0,0161;0,136;0,0;1,55;0,339;0,233;0,0299;0,0025;0,000567;0,0169;0,00254;0,0809;0,0573;0,0466;0,0103;0,00401;0,00351;0,365;0,185;0,978;0,58;0,491;0,339;0,267;0,244;6,7;0,0;55,5;18,4;14,0;4,99;2,19;1,63;-1,47;-16,33;60,5;27,35;20,29;0,1;-13,74;-14,69
RegentsParkJapan;RegentsParkJapan1;470;71,27;70,22;74,37;72,2;71,88;71,15;70,71;70,61;70,57;69,66;72,1;71,32;71,04;70,5;70,09;69,99;69,71;69,01;71,22;70,23;70,04;69,67;69,36;69,27;27,3;0,0;30,9;27,0;26,1;25,3;25,1;3,49;0,0;3,67;3,57;3,56;3,5;3,44;3,42;0,0335;0,0178;0,061;0,0466;0,0433;0,0327;0,025;0,023;0,0544;0,0;0,452;0,0689;0,0423;0,00775;0,0;0,0;0,00496;0,00265;0,0139;0,00939;0,00811;0,00465;0,00312;0,00297;0,32;0,219;0,425;0,376;0,366;0,32;0,27;0,26;6,52;0,395;34,9;11,5;10,0;6,09;3,53;2,91;-0,39;8,68;55,59;44,77;38,94;29,02;11,05;10,53
RegentsParkJapan;RegentsParkJapan1;473;71,27;70,22;74,37;72,2;71,88;71,15;70,71;70,61;70,57;69,66;72,1;71,32;71,04;70,5;70,09;69,99;69,71;69,01;71,22;70,23;70,04;69,67;69,36;69,27;27,3;0,0;30,9;27,0;26,1;25,3;25,1;3,49;0,0;3,67;3,57;3,56;3,5;3,44;3,42;0,0335;0,0178;0,061;0,0466;0,0433;0,0327;0,025;0,023;0,0544;0,0;0,452;0,0689;0,0423;0,00775;0,0;0,0;0,00496;0,00265;0,0139;0,00939;0,00811;0,00465;0,00312;0,00297;0,32;0,219;0,425;0,376;0,366;0,32;0,27;0,26;6,52;0,395;34,9;11,5;10,0;6,09;3,53;2,91;-0,39;8,68;55,59;44,77;38,94;29,02;11,05;10,53
RegentsParkJapan;RegentsParkJapan1;468;72,53;69,65;76,71;74,29;73,84;72,21;71,5;71,35;71,91;68,92;75,94;73,84;73,34;71,49;70,79;70,62;71,03;68,84;76,5;72,55;71,9;70,76;70,22;70,03;31,1;0,0;44,5;30,2;28,2;27,0;26,7;3,7;0,0;4,2;3,82;3,8;3,71;3,59;3,54;0,031;0,0155;0,061;0,0433;0,0397;0,0302;0,0234;0,0217;0,149;0,0;0,883;0,409;0,278;0,0444;0,00367;0,000375;0,0138;0,00478;0,0404;0,0334;0,0265;0,0131;0,00556;0,00496;0,302;0,187;0,998;0,378;0,363;0,292;0,24;0,224;8,24;0,77;54,5;17,1;13,9;7,29;3,84;3,05;-0,36;10,97;57,59;42,94;41,49;30,97;13,19;12,7
RegentsParkJapan;RegentsParkJapan1;467;67,86;62,42;84,98;71,63;68,9;64,99;63,88;63,61;63,43;61,16;75,45;65,55;64,24;62,65;61,98;61,8;59,74;58,07;62,92;60,71;60,32;59,62;59,15;58,96;15,0;0,0;19,3;14,7;14,0;13,4;13,3;2,72;0,0;3,11;2,82;2,8;2,73;2,62;2,58;0,0256;0,012;0,0643;0,0361;0,0329;0,0249;0,0188;0,0174;0,0824;0,0;0,724;0,158;0,0926;0,0122;0,0;0,0;0,00582;0,00192;0,0316;0,0148;0,0115;0,00418;0,00244;0,00234;0,31;0,211;0,685;0,397;0,368;0,306;0,256;0,243;5,12;0,0678;30,2;10,4;8,23;4,57;2,38;1,87;-1,43;-7,34;63,26;35,54;30,12;14,39;-4,63;-5,54
RegentsParkJapan;RegentsParkJapan1;437;70,64;69,23;71,77;71,19;71,06;70,65;70,16;69,91;70,0;68,53;70,99;70,53;70,41;70,01;69,51;69,24;69,29;68,12;70,11;69,74;69,66;69,29;68,91;68,61;26,5;0,0;28,1;26,2;25,3;24,3;24,0;3,48;0,0;3,68;3,58;3,56;3,49;3,41;3,39;0,0331;0,019;0,0647;0,046;0,0427;0,0321;0,0247;0,0229;0,0569;0,0;0,369;0,0977;0,0646;0,0129;0,0;0,0;0,0053;0,0027;0,0161;0,0101;0,00853;0,00419;0,00315;0,00294;0,309;0,222;0,433;0,369;0,355;0,309;0,265;0,255;6,45;0,596;23,8;11,6;9,97;6,03;3,3;2,72;-0,64;8,16;55,72;44,45;38,14;28,48;10,96;10,31
RegentsParkJapan;RegentsParkJapan1;449;70,64;69,23;71,77;71,19;71,06;70,65;70,16;69,91;70,0;68,53;70,99;70,53;70,41;70,01;69,51;69,24;69,29;68,12;70,11;69,74;69,66;69,29;68,91;68,61;26,5;0,0;28,1;26,2;25,3;24,3;24,0;3,48;0,0;3,68;3,58;3,56;3,49;3,41;3,39;0,0331;0,019;0,0647;0,046;0,0427;0,0321;0,0247;0,0229;0,0569;0,0;0,369;0,0977;0,0646;0,0129;0,0;0,0;0,0053;0,0027;0,0161;0,0101;0,00853;0,00419;0,00315;0,00294;0,309;0,222;0,433;0,369;0,355;0,309;0,265;0,255;6,45;0,596;23,8;11,6;9,97;6,03;3,3;2,72;-0,64;8,16;55,72;44,45;38,14;28,48;10,96;10,31
RegentsParkJapan;RegentsParkJapan1;438;68,24;65,34;77,56;72,2;70,55;66,96;66,15;65,97;67,44;64,51;77,52;71,85;70,12;65,89;65,16;65,03;65,52;62,63;75,94;70,22;68,52;63,67;63,09;63,0;23,1;0,0;34,4;20,7;18,1;17,3;17,1;2,9;0,0;3,68;3,03;2,99;2,91;2,81;2,77;0,0272;0,0104;0,0598;0,0387;0,0358;0,0267;0,0197;0,0182;0,236;0,0;2,33;0,716;0,356;0,0308;0,000904;0,0;0,0157;0,00196;0,0844;0,055;0,0361;0,0105;0,00301;0,00261;0,289;0,134;0,556;0,377;0,343;0,287;0,238;0,226;8,49;0,0745;67,8;25,0;16,3;6,3;3,0;2,4;-0,9;0,42;55,37;40,99;34,28;19,87;2,65;1,81
RegentsParkJapan;RegentsParkJapan1;440;68,24;65,34;77,56;72,2;70,55;66,96;66,15;65,97;67,44;64,51;77,52;71,85;70,12;65,89;65,16;65,03;65,52;62,63;75,94;70,22;68,52;63,67;63,09;63,0;23,1;0,0;34,4;20,7;18,1;17,3;17,1;2,9;0,0;3,68;3,03;2,99;2,91;2,81;2,77;0,0272;0,0104;0,0598;0,0387;0,0358;0,0267;0,0197;0,0182;0,236;0,0;2,33;0,716;0,356;0,0308;0,000904;0,0;0,0157;0,00196;0,0844;0,055;0,0361;0,0105;0,00301;0,00261;0,289;0,134;0,556;0,377;0,343;0,287;0,238;0,226;8,49;0,0745;67,8;25,0;16,3;6,3;3,0;2,4;-0,9;0,42;55,37;40,99;34,28;19,87;2,65;1,81
RegentsParkJapan;RegentsParkJapan1;441;68,24;65,34;77,56;72,2;70,55;66,96;66,15;65,97;67,44;64,51;77,52;71,85;70,12;65,89;65,16;65,03;65,52;62,63;75,94;70,22;68,52;63,67;63,09;63,0;23,1;0,0;34,4;20,7;18,1;17,3;17,1;2,9;0,0;3,68;3,03;2,99;2,91;2,81;2,77;0,0272;0,0104;0,0598;0,0387;0,0358;0,0267;0,0197;0,0182;0,236;0,0;2,33;0,716;0,356;0,0308;0,000904;0,0;0,0157;0,00196;0,0844;0,055;0,0361;0,0105;0,00301;0,00261;0,289;0,134;0,556;0,377;0,343;0,287;0,238;0,226;8,49;0,0745;67,8;25,0;16,3;6,3;3,0;2,4;-0,9;0,42;55,37;40,99;34,28;19,87;2,65;1,81
RegentsParkJapan;RegentsParkJapan1;447;68,24;65,34;77,56;72,2;70,55;66,96;66,15;65,97;67,44;64,51;77,52;71,85;70,12;65,89;65,16;65,03;65,52;62,63;75,94;70,22;68,52;63,67;63,09;63,0;23,1;0,0;34,4;20,7;18,1;17,3;17,1;2,9;0,0;3,68;3,03;2,99;2,91;2,81;2,77;0,0272;0,0104;0,0598;0,0387;0,0358;0,0267;0,0197;0,0182;0,236;0,0;2,33;0,716;0,356;0,0308;0,000904;0,0;0,0157;0,00196;0,0844;0,055;0,0361;0,0105;0,00301;0,00261;0,289;0,134;0,556;0,377;0,343;0,287;0,238;0,226;8,49;0,0745;67,8;25,0;16,3;6,3;3,0;2,4;-0,9;0,42;55,37;40,99;34,28;19,87;2,65;1,81
RegentsParkJapan;RegentsParkJapan1;423;66,41;61,26;74,63;69,35;68,21;65,55;64,18;63,89;63,64;60,26;67,49;65,21;64,55;63,45;62,6;62,35;60,06;59,07;62,22;60,72;60,53;60,0;59,58;59,44;15,5;0,0;18,0;15,3;14,5;13,9;13,7;2,79;0,0;2,98;2,89;2,88;2,81;2,7;2,62;0,0232;0,0131;0,0504;0,0319;0,0296;0,0224;0,0176;0,0166;0,0676;0,0;0,394;0,119;0,0752;0,0126;0,0;0,0;0,00584;0,00237;0,0184;0,0163;0,0114;0,00449;0,00304;0,00267;0,278;0,184;0,406;0,345;0,328;0,279;0,234;0,219;5,15;0,22;32,9;10,2;8,19;4,58;2,37;1,89;-0,33;-7,31;60,16;34,84;31,35;15,55;-4,45;-5,28
RegentsParkJapan;RegentsParkJapan1;424;70,91;69,47;77,82;72,41;71,73;70,6;70,05;69,94;69,61;68,81;71,18;70,16;70,01;69,55;69,24;69,15;68,93;68,3;69,9;69,24;69,15;68,92;68,69;68,64;26,0;0,0;27,7;25,8;25,0;24,3;24,1;3,57;0,0;3,75;3,65;3,63;3,58;3,51;3,49;0,0301;0,0156;0,0609;0,0407;0,0381;0,0297;0,0225;0,0208;0,0769;0,0;1,21;0,0762;0,0489;0,00869;0,0;0,0;0,0039;0,00207;0,0129;0,00677;0,00549;0,00379;0,00284;0,00263;0,312;0,212;0,436;0,371;0,358;0,311;0,266;0,253;5,94;0,435;23,0;9,88;8,89;5,76;3,23;2,67;-0,25;9,61;59,69;42,16;40,29;28,45;11,47;10,98
RegentsParkJapan;RegentsParkJapan1;425;69,69;68,37;75,57;71,69;70,4;69,25;68,88;68,78;68,4;67,38;70,28;68,92;68,74;68,35;68,04;67,96;67,43;66,71;68,48;67,75;67,67;67,43;67,18;67,1;23,4;0,0;24,7;23,2;22,5;21,8;21,6;3,31;0,0;3,68;3,39;3,37;3,31;3,25;3,23;0,0302;0,0158;0,0642;0,0428;0,039;0,0291;0,0227;0,0212;0,0397;0,0;0,224;0,05;0,0355;0,00733;0,0;0,0;0,00369;0,0025;0,0125;0,00483;0,00452;0,00348;0,00292;0,00281;0,311;0,219;0,451;0,376;0,358;0,308;0,269;0,256;5,63;0,26;18,0;9,55;8,54;5,43;2,95;2,37;-0,19;8,64;58,8;42,89;37,25;25,8;10,74;9,82
RegentsParkJapan;RegentsParkJapan1;426;75,39;68,39;82,85;79,78;78,59;74,0;70,74;70,12;70,48;67,12;76,88;74,01;73,04;69,61;67,91;67,64;66,28;65,42;67,2;66,72;66,6;66,26;65,96;65,88;22,7;0,0;25,2;22,4;21,6;20,9;20,7;3,31;0,0;3,51;3,4;3,38;3,31;3,23;3,21;0,028;0,0141;0,0584;0,0395;0,0364;0,0271;0,0208;0,0193;0,0828;0,0;0,547;0,121;0,0737;0,00813;0,0;0,0;0,00478;0,0024;0,0188;0,00993;0,00864;0,00389;0,00275;0,00259;0,328;0,246;0,449;0,381;0,368;0,327;0,286;0,278;5,48;0,2;27,3;9,9;8,48;5,25;2,89;2,39;-1,21;5,98;70,22;40,2;37,35;25,39;8,45;7,37
RegentsParkJapan;RegentsParkJapan1;446;69,05;66,76;75,4;71,29;70,36;68,51;67,53;67,34;68,02;65,87;75,22;70,83;69,6;67,18;66,52;66,41;65,54;64,96;67,75;66,13;65,85;65,47;65,21;65,15;22,7;0,0;27,9;21,8;20,6;19,9;19,7;3,32;0,0;3,55;3,41;3,4;3,34;3,23;3,13;0,0279;0,0142;0,0595;0,0391;0,0358;0,0272;0,0209;0,0194;0,127;0,0;0,973;0,293;0,16;0,0173;0,0;0,0;0,0047;0,00225;0,0186;0,0153;0,00912;0,00351;0,00282;0,00265;0,286;0,137;0,455;0,354;0,334;0,288;0,236;0,212;5,41;0,242;24,8;9,32;8,35;5,18;2,77;2,2;-1,01;0,47;58,43;38,27;36,28;23,16;5,38;3,84
RegentsParkJapan;RegentsParkJapan1;448;71,4;69,08;78,46;73,81;73,08;70,91;69,86;69,67;70,21;68,43;73,75;71,65;71,22;69,98;69,12;68,96;67,93;67,08;70,51;68,58;68,3;67,85;67,54;67,45;25,1;0,0;29,4;24,7;23,6;22,8;22,6;3,31;0,0;4,04;3,4;3,38;3,32;3,24;3,21;0,0304;0,0159;0,0611;0,0429;0,0395;0,0297;0,0224;0,021;0,0614;0,0;0,431;0,106;0,0707;0,0139;0,0;0,0;0,00637;0,00275;0,0551;0,0227;0,00696;0,00401;0,00313;0,00306;0,309;0,225;0,435;0,379;0,363;0,307;0,261;0,253;6,28;0,317;34,9;11,5;9,58;5,74;3,12;2,54;-2,4;8,95;61,83;43,42;37,61;26,6;11,0;10,21
RegentsParkJapan;RegentsParkJapan1;427;68,73;67,36;71,82;70,11;69,77;68,48;67,89;67,78;67,74;66,22;70,83;69,12;68,75;67,51;66,96;66,84;66,53;64,6;69,61;67,79;67,29;66,39;65,73;65,39;23,3;0,0;28,6;22,7;21,5;20,6;20,3;3,4;0,0;3,69;3,52;3,49;3,4;3,3;3,26;0,0278;0,0144;0,0833;0,0385;0,0356;0,0271;0,0206;0,0191;0,0813;0,0;0,541;0,178;0,115;0,023;0,00158;0,0;0,00826;0,00367;0,0231;0,0191;0,0161;0,00706;0,00454;0,00407;0,297;0,207;0,471;0,35;0,339;0,296;0,255;0,246;7,02;0,325;28,5;14,2;11,4;6,24;3,27;2,65;-1,53;2,41;56,27;39,42;37,21;24,91;6,98;5,15
RegentsParkJapan;RegentsParkJapan1;460;68,73;67,36;71,82;70,11;69,77;68,48;67,89;67,78;67,74;66,22;70,83;69,12;68,75;67,51;66,96;66,84;66,53;64,6;69,61;67,79;67,29;66,39;65,73;65,39;23,3;0,0;28,6;22,7;21,5;20,6;20,3;3,4;0,0;3,69;3,52;3,49;3,4;3,3;3,26;0,0278;0,0144;0,0833;0,0385;0,0356;0,0271;0,0206;0,0191;0,0813;0,0;0,541;0,178;0,115;0,023;0,00158;0,0;0,00826;0,00367;0,0231;0,0191;0,0161;0,00706;0,00454;0,00407;0,297;0,207;0,471;0,35;0,339;0,296;0,255;0,246;7,02;0,325;28,5;14,2;11,4;6,24;3,27;2,65;-1,53;2,41;56,27;39,42;37,21;24,91;6,98;5,15
RegentsParkJapan;RegentsParkJapan1;450;71,38;67,96;78,83;74,98;74,08;69,56;68,54;68,42;68,8;67,28;74,05;70,8;70,1;68,26;67,74;67,64;66,91;66,34;67,75;67,28;67,19;66,88;66,65;66,59;23,0;0,0;25,2;22,7;22,0;21,4;21,2;3,27;0,0;3,44;3,35;3,33;3,28;3,22;3,21;0,0292;0,0153;0,0581;0,0411;0,0377;0,0286;0,0212;0,0196;0,0428;0,0;0,267;0,0586;0,0435;0,0101;0,0;0,0;0,00415;0,0025;0,0138;0,00809;0,00683;0,00365;0,00275;0,00268;0,32;0,232;0,468;0,375;0,363;0,319;0,278;0,264;5,58;0,392;20,0;9,82;8,54;5,36;2,93;2,38;-0,58;3,27;63,76;41,63;37,88;25,41;6,25;5,58
RegentsParkJapan;RegentsParkJapan1;451;73,81;70,57;84,24;77,61;76,28;72,51;71,57;71,44;71,44;69,75;75,06;72,81;72,17;71,22;70,76;70,66;70,56;69,39;74,12;71,74;71,05;70,38;70,06;69,97;28,9;0,0;33,6;28,2;27,2;26,3;26,0;3,53;0,0;3,71;3,61;3,59;3,53;3,47;3,44;0,0341;0,0195;0,0739;0,0463;0,0429;0,0333;0,0259;0,0245;0,0755;0,0;0,661;0,122;0,0576;0,00937;0,0;0,0;0,00629;0,00284;0,0215;0,0149;0,011;0,00462;0,00337;0,00302;0,335;0,237;0,443;0,4;0,387;0,332;0,288;0,27;7,03;0,715;33,6;13,0;10,6;6,37;3,63;3,02;-0,72;11,56;67,55;45,74;40,36;28,79;13,71;12,8
RegentsParkJapan;RegentsParkJapan1;452;70,84;68,27;77,05;73,36;72,71;70,22;69,32;69,17;69,8;67,44;76,88;72,21;70,86;69,32;68,54;68,39;68,63;65,82;76,68;70,87;69,69;68,16;67,28;66,94;27,1;0,0;34,2;25,7;23,9;22,6;22,0;3,36;0,0;3,58;3,48;3,46;3,38;3,25;3,18;0,0322;0,0134;0,0663;0,0454;0,0417;0,0316;0,0239;0,0219;0,143;0,0;1,83;0,304;0,184;0,0185;0,0;0,0;0,016;0,00277;0,0483;0,0403;0,0343;0,0128;0,00396;0,00367;0,313;0,169;0,655;0,38;0,357;0,311;0,272;0,26;9,04;0,301;49,7;23,3;17,5;6,99;3,45;2,78;-0,17;7,76;58,13;43,76;38,09;26,44;10,31;9,55
RegentsParkJapan;RegentsParkJapan1;428;69,96;68,38;77,41;72,39;71,11;69,47;68,92;68,82;68,53;67,08;74,75;69,56;69,08;68,39;68,0;67,9;67,47;65,28;73,14;67,88;67,77;67,45;67,14;67,03;24,0;0,0;30,5;23,8;23,0;22,3;22,1;3,46;0,0;3,63;3,54;3,53;3,47;3,4;3,38;0,0298;0,0149;0,125;0,0421;0,0388;0,029;0,0215;0,0195;0,0402;0,0;0,187;0,0501;0,0369;0,00779;0,0;0,0;0,00758;0,00213;0,055;0,0315;0,0199;0,00387;0,00274;0,00242;0,32;0,22;1,26;0,422;0,368;0,313;0,276;0,267;5,95;0,0763;68,1;10,6;9,04;5,49;3,08;2,54;-0,25;6,02;60,19;40,52;38,48;26,48;8,53;7,61
RegentsParkJapan;RegentsParkJapan1;461;71,79;70,2;75,06;73,01;72,52;71,61;71,17;70,98;71,17;69,49;74,72;72,53;71,97;70,95;70,5;70,32;70,77;68,63;74,86;72,15;71,52;70,56;70,16;69,93;29,5;0,0;36,4;28,8;27,6;26,6;26,1;3,71;0,0;3,98;3,8;3,78;3,71;3,64;3,61;0,0325;0,0163;0,0719;0,0468;0,0427;0,0314;0,0243;0,0225;0,145;0,0;1,05;0,368;0,22;0,0193;0,0;0,0;0,0144;0,00291;0,0738;0,0582;0,0496;0,0118;0,00343;0,00326;0,321;0,222;1,14;0,385;0,366;0,322;0,273;0,261;7,78;0,526;77,0;17,2;14,0;6,54;3,68;3,01;-0,51;9,36;55,17;43,78;41,27;29,91;13,46;11,43
RegentsParkJapan;RegentsParkJapan1;462;69,4;67,99;75,08;70,45;70,0;69,22;68,77;68,67;68,52;67,35;71,21;69,18;68,96;68,44;68,08;67,99;67,2;66,46;67,83;67,55;67,47;67,19;66,94;66,87;23,5;0,0;24,9;23,2;22,5;21,8;21,6;3,24;0,0;3,39;3,31;3,3;3,24;3,18;3,17;0,0297;0,0157;0,0654;0,0422;0,0381;0,0291;0,0223;0,0208;0,0494;0,0;0,27;0,0777;0,0519;0,0106;0,0;0,0;0,00352;0,00228;0,0146;0,00462;0,00421;0,00341;0,00267;0,00253;0,312;0,227;0,414;0,37;0,36;0,311;0,265;0,256;5,51;0,457;16,6;9,38;8,4;5,3;2,95;2,38;-0,49;4,92;54,83;41,86;38,7;24,83;7,18;6,39
RegentsParkJapan;RegentsParkJapan1;429;69,46;68,8;70,38;69,92;69,8;69,42;69,15;69,08;68,8;68,1;69,66;69,29;69,14;68,76;68,49;68,43;67,83;67,29;68,54;68,17;68,1;67,82;67,54;67,48;24,3;0,0;25,8;24,1;23,4;22,7;22,5;3,38;0,0;3,56;3,46;3,44;3,39;3,33;3,32;0,0319;0,0158;0,0572;0,0442;0,0409;0,0313;0,0231;0,0218;0,0542;0,0;0,227;0,0959;0,0544;0,0106;0,0;0,0;0,00397;0,00232;0,0114;0,00901;0,00642;0,00336;0,00268;0,00246;0,307;0,221;0,406;0,368;0,35;0,305;0,268;0,257;5,73;0,446;16,8;9,86;8,75;5,54;2,91;2,31;-0,69;6,56;54,13;42,17;38,32;25,23;9,53;8,68
RegentsParkJapan;RegentsParkJapan1;463;71,4;70,43;77,96;72,3;71,69;71,16;70,86;70,76;70,52;69,73;71,83;70,98;70,84;70,49;70,22;70,14;70,07;69,32;70,93;70,45;70,35;70,04;69,81;69,73;27,5;0,0;29,9;27,3;26,5;25,7;25,5;3,54;0,0;3,73;3,62;3,6;3,54;3,49;3,47;0,0322;0,0164;0,0657;0,044;0,0409;0,0319;0,0234;0,022;0,0504;0,0;0,476;0,0631;0,0434;0,00941;0,0;0,0;0,00377;0,00245;0,0153;0,00536;0,0048;0,00363;0,00278;0,00264;0,327;0,221;0,458;0,382;0,369;0,328;0,286;0,276;6,07;0,293;16,6;10,1;9,08;5,89;3,32;2,7;-0,14;10,17;58,52;44,32;41,93;29,2;12,55;11,79
RegentsParkJapan;RegentsParkJapan1;465;69,17;67,39;74,12;71,0;70,46;68,75;68,0;67,84;67,96;66,22;73,85;69,97;68,83;67,6;67,02;66,89;66,21;63,77;72,98;68,24;67,07;65,73;65,27;65,11;23,2;0,0;29,6;22,2;20,7;19,9;19,7;3,14;0,0;3,45;3,24;3,21;3,14;3,07;3,04;0,0283;0,0143;0,0492;0,0393;0,0366;0,0276;0,0209;0,0197;0,118;0,0;1,75;0,228;0,113;0,0145;0,0;0,0;0,00724;0,00226;0,0226;0,018;0,0155;0,00574;0,00271;0,00242;0,291;0,199;0,42;0,356;0,338;0,289;0,244;0,233;6,8;0,374;40,0;15,3;11,3;5,71;2,95;2,4;-0,21;3,68;57,28;41,69;35,8;22,96;6,56;5,6
RegentsParkJapan;RegentsParkJapan1;464;71,34;68,18;79,78;75,26;74,23;69,5;68,75;68,63;68,72;67,45;71,32;69,97;69,62;68,5;67,94;67,83;67,37;66,18;70,16;68,34;68,19;67,17;66,74;66,62;24,3;0,0;26,8;23,9;22,6;21,7;21,5;3,27;0,0;3,55;3,42;3,38;3,27;3,19;3,17;0,0298;0,0157;0,0647;0,0409;0,0382;0,0293;0,022;0,0206;0,06;0,0;0,797;0,0832;0,0535;0,00943;0,0;0,0;0,0038;0,00258;0,0133;0,00585;0,00491;0,0036;0,00278;0,00267;0,311;0,216;0,428;0,369;0,354;0,312;0,265;0,253;5,77;0,378;20,6;9,72;8,65;5,56;3,05;2,49;-0,32;6,35;65,07;41,8;38,59;25,19;8,49;7,63
RegentsParkJapan;RegentsParkJapan1;430;72,31;70,42;76,72;74,38;73,65;71,83;71,08;70,92;71,32;69,7;75,65;73,15;72,53;70,85;70,26;70,13;69,59;68,95;70,29;69,95;69,87;69,59;69,3;69,23;27,5;0,0;29,2;27,2;26,3;25,4;25,2;3,56;0,0;3,75;3,64;3,62;3,56;3,51;3,49;0,0321;0,0149;0,0617;0,0445;0,0414;0,0316;0,0237;0,0217;0,0896;0,0;0,425;0,177;0,1;0,0113;0,0;0,0;0,00394;0,00241;0,0125;0,00534;0,00486;0,00381;0,00287;0,00271;0,3;0,191;0,435;0,361;0,345;0,3;0,255;0,241;5,99;0,106;15,2;9,95;8,96;5,82;3,26;2,64;-2,47;10,58;63,15;44,3;39,96;28,45;13,59;12,75
RegentsParkJapan;RegentsParkJapan1;466;68,82;67,43;70,42;69,75;69,53;68,71;68,15;68,01;67,91;66,61;69,69;68,73;68,55;67,83;67,32;67,2;65,91;64,24;67,5;66,4;66,26;65,9;65,53;65,44;22,2;0,0;24,9;22,0;21,2;20,5;20,3;3,29;0,0;3,54;3,38;3,36;3,3;3,23;3,2;0,0287;0,0144;0,0589;0,0408;0,0372;0,0279;0,021;0,0192;0,057;0,0;0,321;0,0904;0,0643;0,0128;0,0;0,0;0,00423;0,00215;0,0119;0,00747;0,00628;0,00368;0,00274;0,00249;0,301;0,201;0,45;0,363;0,346;0,299;0,254;0,242;5,62;0,354;22,1;9,99;8,78;5,3;2,84;2,33;-1,15;0,97;58,75;38,86;36,44;23,6;5,75;3,85
RegentsParkJapan;RegentsParkJapan1;431;69,29;68,17;71,0;69,98;69,81;69,25;68,79;68,66;68,55;67,47;70,65;69,19;69,0;68,51;68,11;68,0;67,25;66,35;69,26;67,68;67,54;67,22;66,92;66,82;23,0;0,0;25,2;22,8;22,0;21,3;21,1;3,14;0,0;3,3;3,21;3,2;3,14;3,08;3,06;0,0306;0,0146;0,0558;0,042;0,0388;0,0303;0,0226;0,0208;0,049;0,0;0,81;0,0562;0,037;0,00733;0,0;0,0;0,00385;0,00213;0,0128;0,00679;0,00513;0,00355;0,00285;0,00269;0,305;0,212;0,446;0,362;0,347;0,303;0,263;0,251;5,78;0,131;25,2;10,0;8,83;5,51;2,99;2,42;-0,63;5,69;56,0;42,91;36,81;23,82;7,54;6,72
RegentsParkJapan;RegentsParkJapan1;454;71,76;67,56;80,74;76,85;74,86;70,44;68,41;68,07;69,91;66,52;78,73;75,6;72,65;68,61;67,35;67,13;66,37;65,25;70,58;67,85;67,16;66,15;65,75;65,64;25,3;0,0;30,5;23,5;21,2;20,4;20,2;3,09;0,0;3,35;3,22;3,2;3,11;2,94;2,85;0,0305;0,0154;0,104;0,0464;0,0394;0,0297;0,0223;0,0207;0,104;0,0;0,632;0,236;0,137;0,0151;0,0;0,0;0,00553;0,00245;0,0204;0,0138;0,0117;0,00417;0,00276;0,00268;0,312;0,213;0,649;0,433;0,359;0,309;0,268;0,256;5,95;0,125;32,5;11,2;9,29;5,42;2,98;2,45;-0,32;4,54;63,26;41,67;35,59;23,28;6,49;5,73
RegentsParkJapan;RegentsParkJapan1;455;71,76;67,56;80,74;76,85;74,86;70,44;68,41;68,07;69,91;66,52;78,73;75,6;72,65;68,61;67,35;67,13;66,37;65,25;70,58;67,85;67,16;66,15;65,75;65,64;25,3;0,0;30,5;23,5;21,2;20,4;20,2;3,09;0,0;3,35;3,22;3,2;3,11;2,94;2,85;0,0305;0,0154;0,104;0,0464;0,0394;0,0297;0,0223;0,0207;0,104;0,0;0,632;0,236;0,137;0,0151;0,0;0,0;0,00553;0,00245;0,0204;0,0138;0,0117;0,00417;0,00276;0,00268;0,312;0,213;0,649;0,433;0,359;0,309;0,268;0,256;5,95;0,125;32,5;11,2;9,29;5,42;2,98;2,45;-0,32;4,54;63,26;41,67;35,59;23,28;6,49;5,73
RegentsParkJapan;RegentsParkJapan1;432;75,22;67,42;89,94;81,0;78,35;70,79;68,63;68,37;69,63;66,49;80,09;73,11;72,2;68,56;67,61;67,47;66,6;65,3;67,48;67,09;67,0;66,58;66,24;66,12;22,1;0,0;23,5;22,0;21,2;20,5;20,3;3,11;0,0;3,3;3,19;3,18;3,11;3,04;3,01;0,0298;0,0156;0,0618;0,0412;0,0377;0,0291;0,0225;0,021;0,0445;0,0;0,274;0,0602;0,0421;0,00784;0,0;0,0;0,00388;0,00227;0,0155;0,00724;0,00545;0,00348;0,00267;0,00251;0,316;0,217;0,441;0,382;0,368;0,313;0,27;0,256;5,48;0,0814;16,1;9,33;8,34;5,27;2,9;2,34;-1,33;1,51;71,0;42,36;35,78;23,21;4,41;3,85
RegentsParkJapan;RegentsParkJapan1;456;75,22;67,42;89,94;81,0;78,35;70,79;68,63;68,37;69,63;66,49;80,09;73,11;72,2;68,56;67,61;67,47;66,6;65,3;67,48;67,09;67,0;66,58;66,24;66,12;22,1;0,0;23,5;22,0;21,2;20,5;20,3;3,11;0,0;3,3;3,19;3,18;3,11;3,04;3,01;0,0298;0,0156;0,0618;0,0412;0,0377;0,0291;0,0225;0,021;0,0445;0,0;0,274;0,0602;0,0421;0,00784;0,0;0,0;0,00388;0,00227;0,0155;0,00724;0,00545;0,00348;0,00267;0,00251;0,316;0,217;0,441;0,382;0,368;0,313;0,27;0,256;5,48;0,0814;16,1;9,33;8,34;5,27;2,9;2,34;-1,33;1,51;71,0;42,36;35,78;23,21;4,41;3,85
RegentsParkJapan;RegentsParkJapan1;433;73,3;70,29;84,45;76,95;75,71;71,67;70,87;70,76;70,78;69,61;79,42;72,0;71,44;70,39;70,01;69,94;69,72;69,13;71,49;70,14;69,99;69,69;69,44;69,38;27,6;0,0;31,0;27,3;26,5;25,7;25,5;3,7;0,0;3,94;3,79;3,77;3,7;3,63;3,61;0,0314;0,0159;0,0627;0,0434;0,0402;0,0304;0,0238;0,0223;0,0554;0,0;0,388;0,0745;0,0453;0,00892;0,0;0,0;0,00389;0,00201;0,0123;0,00623;0,00517;0,00373;0,00285;0,00253;0,327;0,231;0,62;0,389;0,375;0,324;0,283;0,274;6,19;0,147;37,7;10,3;9,2;5,96;3,4;2,82;-0,72;11,41;66,06;43,4;40,14;30,02;12,4;12,0
RegentsParkJapan;RegentsParkJapan1;457;73,3;70,29;84,45;76,95;75,71;71,67;70,87;70,76;70,78;69,61;79,42;72,0;71,44;70,39;70,01;69,94;69,72;69,13;71,49;70,14;69,99;69,69;69,44;69,38;27,6;0,0;31,0;27,3;26,5;25,7;25,5;3,7;0,0;3,94;3,79;3,77;3,7;3,63;3,61;0,0314;0,0159;0,0627;0,0434;0,0402;0,0304;0,0238;0,0223;0,0554;0,0;0,388;0,0745;0,0453;0,00892;0,0;0,0;0,00389;0,00201;0,0123;0,00623;0,00517;0,00373;0,00285;0,00253;0,327;0,231;0,62;0,389;0,375;0,324;0,283;0,274;6,19;0,147;37,7;10,3;9,2;5,96;3,4;2,82;-0,72;11,41;66,06;43,4;40,14;30,02;12,4;12,0
RegentsParkJapan;RegentsParkJapan1;458;74,39;62,7;87,19;79,93;78,6;68,12;64,37;64,08;67,75;61,7;76,51;72,06;71,05;65,63;63,13;62,92;59,31;58,44;61,26;59,95;59,71;59,24;58,92;58,84;15,5;0,0;17,0;15,3;14,5;13,9;13,7;2,75;0,0;2,92;2,86;2,84;2,75;2,65;2,62;0,0262;0,0131;0,0783;0,0387;0,0351;0,0251;0,0186;0,017;0,0593;0,0;0,408;0,117;0,0858;0,025;0,00251;7,47e-05;0,00648;0,00231;0,0225;0,0155;0,0133;0,00439;0,00277;0,00266;0,31;0,198;0,541;0,426;0,382;0,302;0,246;0,234;4,61;0,0733;23,8;9,42;7,55;4,15;2,15;1,67;-1,92;-11,55;70,87;32,38;29,76;16,08;-8,3;-9,36
RegentsParkJapan;RegentsParkJapan1;459;74,39;62,7;87,19;79,93;78,6;68,12;64,37;64,08;67,75;61,7;76,51;72,06;71,05;65,63;63,13;62,92;59,31;58,44;61,26;59,95;59,71;59,24;58,92;58,84;15,5;0,0;17,0;15,3;14,5;13,9;13,7;2,75;0,0;2,92;2,86;2,84;2,75;2,65;2,62;0,0262;0,0131;0,0783;0,0387;0,0351;0,0251;0,0186;0,017;0,0593;0,0;0,408;0,117;0,0858;0,025;0,00251;7,47e-05;0,00648;0,00231;0,0225;0,0155;0,0133;0,00439;0,00277;0,00266;0,31;0,198;0,541;0,426;0,382;0,302;0,246;0,234;4,61;0,0733;23,8;9,42;7,55;4,15;2,15;1,67;-1,92;-11,55;70,87;32,38;29,76;16,08;-8,3;-9,36
RegentsParkJapan;RegentsParkJapan2;474;62,41;58,61;67,91;64,38;63,78;62,14;60,58;60,06;59,68;55,86;64,87;61,62;61,09;59,46;57,86;57,46;48,29;46,21;52,48;50,45;49,7;48,06;46,95;46,74;7,51;0,0;8,73;7,27;6,53;6,01;5,9;1,97;0,0;2,78;2,42;2,25;1,95;1,8;1,77;0,018;0,00904;0,0378;0,0251;0,0234;0,0176;0,0132;0,012;0,164;0,0;1,02;0,462;0,33;0,11;0,029;0,0178;0,0359;0,00329;0,139;0,106;0,0981;0,0193;0,0051;0,00426;0,449;0,211;1,02;0,753;0,663;0,416;0,286;0,265;9,39;0,147;45,9;23,8;19,4;7,13;2,81;2,08;-10,28;-18,05;55,16;22,6;18,64;-2,85;-14,73;-15,81
RegentsParkJapan;RegentsParkJapan2;507;63,31;60,05;68,6;65,21;64,73;63,01;61,64;61,29;60,97;58,04;64,46;63,04;62,5;60,66;59,31;58,96;47,72;44,67;59,3;50,21;49,07;47,48;46,04;45,75;7,17;0,0;14,3;6,73;6,0;5,48;5,3;1,74;0,0;3,07;2,47;2,32;1,62;1,44;1,4;0,0199;0,00955;0,0457;0,0281;0,026;0,0194;0,0147;0,0136;0,213;0,0;1,0;0,524;0,45;0,165;0,0375;0,0217;0,012;0,00325;0,0579;0,0501;0,0315;0,00658;0,00411;0,00383;0,402;0,225;1,18;0,604;0,55;0,37;0,291;0,277;7,15;0,0866;61,9;17,9;14,3;5,46;2,43;1,83;-10,04;-17,02;57,05;21,96;17,54;-1,4;-14,02;-14,74
RegentsParkJapan;RegentsParkJapan2;520;62,57;59,37;66,05;64,28;63,82;62,38;61,09;60,79;60,14;57,09;63,11;61,84;61,39;59,9;58,78;58,47;50,65;47,67;58,87;54,04;53,1;49,54;48,27;48,07;8,86;0,0;12,9;8,34;7,12;6,46;6,33;2,04;0,0;2,88;2,4;2,27;2,01;1,85;1,8;0,0182;0,00962;0,0482;0,0271;0,0243;0,0174;0,0134;0,0122;0,448;0,0;1,32;0,963;0,874;0,388;0,108;0,076;0,014;0,00702;0,0311;0,0223;0,0188;0,0135;0,00887;0,00781;0,353;0,185;0,682;0,478;0,454;0,344;0,268;0,246;7,81;0,212;54,7;18,5;14,3;6,71;2,94;2,23;-3,24;-17,65;56,12;24,41;20,05;-2,71;-14,37;-15,38
RegentsParkJapan;RegentsParkJapan2;477;62,06;59,19;67,04;63,64;63,23;61,91;60,68;60,39;59,77;56,6;63,23;61,31;60,97;59,66;58,46;57,97;49,03;46,89;54,77;50,73;50,25;48,8;47,6;47,43;7,93;0,0;9,92;7,71;7,0;6,38;6,23;2,0;0,0;2,84;2,3;2,18;1,96;1,84;1,81;0,0184;0,00911;0,0543;0,0266;0,0242;0,018;0,0135;0,0123;0,15;0,0;1,05;0,423;0,304;0,0829;0,0111;0,00482;0,0107;0,00282;0,0338;0,0252;0,0224;0,00841;0,00394;0,00349;0,331;0,173;0,748;0,512;0,42;0,313;0,254;0,239;6,28;0,00335;38,8;14,6;11,6;5,24;2,1;1,55;-4,62;-18,07;54,02;23,7;18,38;-1,87;-15,25;-16,24
RegentsParkJapan;RegentsParkJapan2;519;62,06;59,19;67,04;63,64;63,23;61,91;60,68;60,39;59,77;56,6;63,23;61,31;60,97;59,66;58,46;57,97;49,03;46,89;54,77;50,73;50,25;48,8;47,6;47,43;7,93;0,0;9,92;7,71;7,0;6,38;6,23;2,0;0,0;2,84;2,3;2,18;1,96;1,84;1,81;0,0184;0,00911;0,0543;0,0266;0,0242;0,018;0,0135;0,0123;0,15;0,0;1,05;0,423;0,304;0,0829;0,0111;0,00482;0,0107;0,00282;0,0338;0,0252;0,0224;0,00841;0,00394;0,00349;0,331;0,173;0,748;0,512;0,42;0,313;0,254;0,239;6,28;0,00335;38,8;14,6;11,6;5,24;2,1;1,55;-4,62;-18,07;54,02;23,7;18,38;-1,87;-15,25;-16,24
RegentsParkJapan;RegentsParkJapan2;478;63,25;59,42;71,34;65,36;64,71;62,95;61,48;61,11;60,56;56,93;64,06;62,29;61,79;60,38;59,12;58,69;50,6;49,64;58,77;51,37;51,11;50,52;50,14;50,05;8,53;0,0;13,1;8,4;8,02;7,69;7,6;2,4;0,0;2,61;2,49;2,47;2,4;2,33;2,3;0,018;0,00892;0,055;0,025;0,0233;0,0176;0,0131;0,0123;0,104;0,0;0,807;0,268;0,182;0,0328;0,00321;0,00105;0,00324;0,0015;0,00763;0,00551;0,00492;0,00309;0,00184;0,00172;0,289;0,176;1,64;0,358;0,337;0,276;0,235;0,225;3,78;0,0;62,0;7,67;6,34;3,27;1,5;1,12;-3,06;-18,23;55,55;25,55;21,25;4,29;-15,96;-16,73
RegentsParkJapan;RegentsParkJapan2;479;62,3;59,04;68,49;64,06;63,55;62,05;60,66;60,29;59,65;55,79;65,07;61,23;60,86;59,55;58,04;57,72;47,51;45,41;56,44;50,75;49,4;47,31;46,56;46,35;7,05;0,0;9,33;6,81;6,27;5,84;5,73;2,1;0,0;3,57;2,86;2,64;2,07;1,85;1,79;0,0173;0,00949;0,04;0,0245;0,0223;0,0167;0,0129;0,012;0,196;0,0;1,2;0,574;0,403;0,115;0,0211;0,0116;0,0139;0,00269;0,0456;0,0387;0,0327;0,00985;0,00409;0,00346;0,437;0,203;1,02;0,761;0,618;0,405;0,303;0,281;8,17;0,0948;36,2;19,3;15,6;6,83;2,66;1,99;-2,69;-20,42;54,12;21,95;17,86;-6,9;-18,38;-18,96
RegentsParkJapan;RegentsParkJapan2;521;62,33;58,64;66,04;64,21;63,76;62,12;60,62;60,3;59,99;56,45;63,85;61,67;61,26;59,81;58,39;58,01;50,7;47,9;61,34;53,64;52,37;49,65;48,57;48,38;8,54;0,0;14,3;8,14;7,33;6,83;6,72;2,2;0,0;3,35;2,66;2,47;2,17;2,07;2,03;0,0195;0,00977;0,0593;0,0328;0,0264;0,0181;0,0134;0,0122;0,226;0,0;2,12;0,71;0,508;0,11;0,0176;0,0119;0,0174;0,00291;0,051;0,041;0,0317;0,0152;0,0074;0,00536;0,419;0,234;1,42;0,623;0,557;0,394;0,308;0,288;9,66;0,177;55,7;22,4;18,7;8,02;3,04;2,31;-3,68;-14,98;57,43;25,88;20,98;0,94;-12,11;-12,83
RegentsParkJapan;RegentsParkJapan2;505;60,97;57,65;66,46;62,6;62,2;60,81;59,38;59,05;58,31;55,36;61,81;59,86;59,44;58,21;56,98;56,68;50,66;46,31;59,76;55,55;54,37;48,55;47,23;46,99;8,63;0,0;12,2;7,66;6,47;6,01;5,91;2,06;0,0;2,93;2,28;2,22;2,05;1,93;1,88;0,0197;0,00948;0,0487;0,0295;0,0263;0,019;0,0141;0,0129;0,174;0,0;1,4;0,551;0,379;0,0871;0,0191;0,0101;0,0777;0,00382;0,69;0,345;0,276;0,0154;0,00605;0,00526;0,415;0,203;0,953;0,617;0,55;0,394;0,294;0,276;11,3;0,0536;55,1;34,1;26,4;7,82;2,95;2,25;-2,95;-18,69;53,31;25,66;19,41;-2,2;-15,59;-16,88
RegentsParkJapan;RegentsParkJapan2;506;60,97;57,65;66,46;62,6;62,2;60,81;59,38;59,05;58,31;55,36;61,81;59,86;59,44;58,21;56,98;56,68;50,66;46,31;59,76;55,55;54,37;48,55;47,23;46,99;8,63;0,0;12,2;7,66;6,47;6,01;5,91;2,06;0,0;2,93;2,28;2,22;2,05;1,93;1,88;0,0197;0,00948;0,0487;0,0295;0,0263;0,019;0,0141;0,0129;0,174;0,0;1,4;0,551;0,379;0,0871;0,0191;0,0101;0,0777;0,00382;0,69;0,345;0,276;0,0154;0,00605;0,00526;0,415;0,203;0,953;0,617;0,55;0,394;0,294;0,276;11,3;0,0536;55,1;34,1;26,4;7,82;2,95;2,25;-2,95;-18,69;53,31;25,66;19,41;-2,2;-15,59;-16,88
RegentsParkJapan;RegentsParkJapan2;480;61,91;57,34;66,63;64,1;63,55;61,63;59,75;59,29;59,83;55,08;65,08;62,31;61,79;59,26;57,31;56,86;49,58;44,08;60,8;54,9;52,59;47,56;45,63;45,11;8,0;0,0;10,3;7,35;5,99;5,13;4,92;1,85;0,0;3,24;2,52;2,25;1,82;1,53;1,48;0,0184;0,00904;0,0545;0,0271;0,024;0,0177;0,0132;0,0121;0,228;0,0;1,8;0,665;0,483;0,125;0,0191;0,0103;0,014;0,00417;0,0279;0,0262;0,0226;0,0142;0,00668;0,00592;0,436;0,22;1,55;0,818;0,681;0,388;0,292;0,275;8,45;0,0;48,0;20,5;16,6;6,64;3,05;2,4;-8,17;-15,41;53,81;23,75;20,33;-2,16;-12,34;-13,13
RegentsParkJapan;RegentsParkJapan2;518;61,91;57,34;66,63;64,1;63,55;61,63;59,75;59,29;59,83;55,08;65,08;62,31;61,79;59,26;57,31;56,86;49,58;44,08;60,8;54,9;52,59;47,56;45,63;45,11;8,0;0,0;10,3;7,35;5,99;5,13;4,92;1,85;0,0;3,24;2,52;2,25;1,82;1,53;1,48;0,0184;0,00904;0,0545;0,0271;0,024;0,0177;0,0132;0,0121;0,228;0,0;1,8;0,665;0,483;0,125;0,0191;0,0103;0,014;0,00417;0,0279;0,0262;0,0226;0,0142;0,00668;0,00592;0,436;0,22;1,55;0,818;0,681;0,388;0,292;0,275;8,45;0,0;48,0;20,5;16,6;6,64;3,05;2,4;-8,17;-15,41;53,81;23,75;20,33;-2,16;-12,34;-13,13
RegentsParkJapan;RegentsParkJapan2;481;63,24;60,57;66,34;64,78;64,39;63,13;61,93;61,62;61,15;58,51;63,86;62,62;62,34;61,03;59,87;59,61;54,29;53,53;56,13;54,99;54,8;54,23;53,88;53,81;10,5;0,0;11,7;10,4;9,92;9,55;9,45;2,49;0,0;2,76;2,58;2,55;2,49;2,43;2,42;0,0207;0,0113;0,039;0,029;0,0265;0,0202;0,0152;0,014;0,0862;0,0;0,609;0,147;0,0966;0,0118;0,0;0,0;0,00253;0,00142;0,00909;0,00379;0,00328;0,00239;0,00191;0,00169;0,273;0,192;0,42;0,336;0,317;0,27;0,235;0,226;3,78;0,0;16,9;6,95;6,01;3,57;1,71;1,3;-3,82;-16,1;54,79;29,78;24,08;7,53;-14,43;-15,14
RegentsParkJapan;RegentsParkJapan2;482;62,29;57,51;66,34;64,17;63,7;62,12;60,67;60,32;60,12;55,15;64,12;61,97;61,52;59,95;58,49;58,14;49,4;47,81;59,03;51,32;50,43;48,88;48,35;48,24;7,7;0,0;9,87;7,5;7,04;6,68;6,58;2,18;0,0;3,73;2,54;2,32;2,16;2,08;2,06;0,0184;0,00946;0,0468;0,0264;0,0239;0,018;0,0134;0,0124;0,162;0,0;1,05;0,5;0,328;0,0629;0,00749;0,00401;0,00673;0,00182;0,0259;0,0163;0,0136;0,00528;0,00224;0,00208;0,36;0,169;1,02;0,601;0,504;0,333;0,252;0,237;6,05;0,189;56,2;15,5;11,5;4,58;2,01;1,53;-8,78;-13,29;57,03;24,39;19,31;1,33;-11,17;-11,82
RegentsParkJapan;RegentsParkJapan2;509;63,63;59,72;68,66;65,89;65,18;63,24;61,76;61,45;61,24;57,48;65,08;63,12;62,67;61,02;59,57;59,16;49,92;46,31;63,86;54,74;51,55;47,84;46,95;46,81;7,82;0,0;12,2;7,45;6,58;6,12;6,01;2,09;0,0;3,99;2,87;2,51;2,05;1,92;1,88;0,0177;0,00784;0,101;0,0266;0,0234;0,0166;0,0124;0,0113;0,193;0,0;1,08;0,61;0,416;0,11;0,0218;0,0127;0,00948;0,00107;0,0326;0,0243;0,0186;0,00735;0,00306;0,00218;0,455;0,22;1,34;0,964;0,736;0,372;0,28;0,264;7,78;0,0;69,5;21,9;15,9;5,67;2,22;1,71;-6,77;-15,64;57,13;23,59;21,11;-0,55;-13,11;-13,72
RegentsParkJapan;RegentsParkJapan2;510;63,63;59,72;68,66;65,89;65,18;63,24;61,76;61,45;61,24;57,48;65,08;63,12;62,67;61,02;59,57;59,16;49,92;46,31;63,86;54,74;51,55;47,84;46,95;46,81;7,82;0,0;12,2;7,45;6,58;6,12;6,01;2,09;0,0;3,99;2,87;2,51;2,05;1,92;1,88;0,0177;0,00784;0,101;0,0266;0,0234;0,0166;0,0124;0,0113;0,193;0,0;1,08;0,61;0,416;0,11;0,0218;0,0127;0,00948;0,00107;0,0326;0,0243;0,0186;0,00735;0,00306;0,00218;0,455;0,22;1,34;0,964;0,736;0,372;0,28;0,264;7,78;0,0;69,5;21,9;15,9;5,67;2,22;1,71;-6,77;-15,64;57,13;23,59;21,11;-0,55;-13,11;-13,72
RegentsParkJapan;RegentsParkJapan2;511;63,63;59,72;68,66;65,89;65,18;63,24;61,76;61,45;61,24;57,48;65,08;63,12;62,67;61,02;59,57;59,16;49,92;46,31;63,86;54,74;51,55;47,84;46,95;46,81;7,82;0,0;12,2;7,45;6,58;6,12;6,01;2,09;0,0;3,99;2,87;2,51;2,05;1,92;1,88;0,0177;0,00784;0,101;0,0266;0,0234;0,0166;0,0124;0,0113;0,193;0,0;1,08;0,61;0,416;0,11;0,0218;0,0127;0,00948;0,00107;0,0326;0,0243;0,0186;0,00735;0,00306;0,00218;0,455;0,22;1,34;0,964;0,736;0,372;0,28;0,264;7,78;0,0;69,5;21,9;15,9;5,67;2,22;1,71;-6,77;-15,64;57,13;23,59;21,11;-0,55;-13,11;-13,72
RegentsParkJapan;RegentsParkJapan2;484;63,81;60,21;71,51;65,63;65,13;63,64;62,17;61,86;61,99;58,49;71,26;64,15;63,49;61,7;60,11;59,8;53,22;48,68;71,44;54,98;54,02;51,78;50,25;49,98;9,9;0,0;25,2;9,54;8,43;7,6;7,41;2,1;0,0;3,14;2,47;2,37;2,08;1,86;1,74;0,0234;0,00976;0,184;0,0357;0,0313;0,0219;0,016;0,0148;0,216;0,0;1,21;0,553;0,431;0,138;0,0124;0,00607;0,0136;0,00505;0,0388;0,0301;0,0222;0,0118;0,0069;0,00585;0,443;0,204;2,76;0,723;0,653;0,399;0,287;0,263;9,06;0,0559;121,0;20,5;16,7;7,57;3,24;2,4;-3,19;-19,05;54,33;27,34;23,1;0,94;-16,8;-17,36
RegentsParkJapan;RegentsParkJapan2;514;62,48;58,91;67,69;64,81;63,98;62,17;60,78;60,39;60,46;57,1;65,48;62,91;62,08;60,07;58,75;58,44;52,97;46,01;64,68;58,34;56,44;50,56;47,53;47,14;9,62;0,0;14,4;8,99;7,04;6,14;5,96;2,22;0,0;4,72;3,1;2,89;2,16;1,73;1,69;0,0203;0,0102;0,0898;0,0336;0,0281;0,0187;0,014;0,0131;0,294;0,0;2,1;0,917;0,614;0,195;0,0323;0,0162;0,0248;0,00922;0,0631;0,045;0,0399;0,022;0,0119;0,0108;0,605;0,282;2,22;1,02;0,9;0,559;0,387;0,344;14,2;0,213;83,3;33,1;26,5;11,9;4,56;3,36;-5,98;-16,87;55,41;27,08;23,59;-1,61;-14,65;-15,56
RegentsParkJapan;RegentsParkJapan2;515;62,48;58,91;67,69;64,81;63,98;62,17;60,78;60,39;60,46;57,1;65,48;62,91;62,08;60,07;58,75;58,44;52,97;46,01;64,68;58,34;56,44;50,56;47,53;47,14;9,62;0,0;14,4;8,99;7,04;6,14;5,96;2,22;0,0;4,72;3,1;2,89;2,16;1,73;1,69;0,0203;0,0102;0,0898;0,0336;0,0281;0,0187;0,014;0,0131;0,294;0,0;2,1;0,917;0,614;0,195;0,0323;0,0162;0,0248;0,00922;0,0631;0,045;0,0399;0,022;0,0119;0,0108;0,605;0,282;2,22;1,02;0,9;0,559;0,387;0,344;14,2;0,213;83,3;33,1;26,5;11,9;4,56;3,36;-5,98;-16,87;55,41;27,08;23,59;-1,61;-14,65;-15,56
RegentsParkJapan;RegentsParkJapan2;485;64,93;60,85;69,33;67,17;66,55;64,67;62,96;62,48;63,22;58,23;68,05;65,51;64,98;62,95;61,08;60,48;51,3;44,98;59,86;55,66;54,66;49,87;46,87;46,26;9,43;0,0;13,9;8,72;6,95;5,77;5,49;1,94;0,0;3,33;2,75;2,49;1,87;1,47;1,4;0,0305;0,00885;0,261;0,106;0,0686;0,0195;0,0137;0,0124;0,244;0,0;2,36;0,662;0,483;0,17;0,0578;0,0385;0,0194;0,00416;0,0528;0,0449;0,0356;0,0181;0,00682;0,00564;0,531;0,206;1,56;1,05;0,872;0,444;0,311;0,294;11,1;0,00483;50,6;27,7;22,4;8,69;3,46;2,66;-9,47;-15,61;59,82;24,21;21,32;-0,92;-11,84;-12,81
RegentsParkJapan;RegentsParkJapan2;486;65,54;60,71;70,52;68,17;67,69;65,23;63,42;62,99;64,43;59,12;70,26;67,51;66,78;63,81;61,67;61,16;57,34;48,72;67,33;63,0;61,38;54,7;50,61;50,24;14,2;0,0;20,3;12,9;9,26;7,72;7,49;1,92;0,0;3,6;2,31;2,19;1,93;1,75;1,71;0,0302;0,00893;0,228;0,074;0,0551;0,0232;0,0154;0,0133;0,232;0,0;1,61;0,665;0,475;0,161;0,0425;0,0271;0,0468;0,0143;0,186;0,11;0,0674;0,0402;0,0231;0,018;0,425;0,126;1,69;0,732;0,595;0,388;0,247;0,217;15,4;0,0212;67,6;33,6;28,6;13,2;5,27;4,01;-5,01;-14,0;59,49;30,09;24,22;3,04;-12,02;-12,6
RegentsParkJapan;RegentsParkJapan2;523;67,07;60,89;71,87;69,45;68,93;66,73;64,37;63,88;64,34;58,7;68,37;66,84;66,31;64,04;61,37;60,92;52,07;46,99;64,83;56,48;54,91;49,99;48,28;47,99;10,0;0,0;15,3;9,0;7,68;6,9;6,74;2,03;0,0;3,42;2,7;2,47;1,97;1,84;1,8;0,0203;0,00913;0,164;0,0312;0,0266;0,0184;0,0137;0,0125;0,204;0,0;1,2;0,594;0,431;0,119;0,0175;0,00953;0,0156;0,00258;0,0462;0,0402;0,0343;0,0139;0,00456;0,00345;0,385;0,146;1,71;0,875;0,67;0,355;0,253;0,234;7,63;0,00201;58,0;18,1;14,8;6,14;2,71;2,05;-7,81;-13,26;62,79;27,62;20,98;3,97;-10,27;-11,11
RegentsParkJapan;RegentsParkJapan2;487;64,52;58,67;74,54;68,35;67,13;63,14;60,92;60,5;60,43;56,28;65,15;62,92;62,19;60,04;58,4;57,86;51,19;46,43;60,95;56,36;54,56;48,79;47,05;46,91;9,08;0,0;11,7;8,32;6,49;5,9;5,78;1,76;0,0;3,01;2,12;1,96;1,78;1,53;1,47;0,0206;0,00877;0,147;0,0336;0,028;0,019;0,0141;0,0131;0,17;0,0;0,991;0,443;0,346;0,0839;0,00922;0,00465;0,0214;0,00431;0,0541;0,047;0,0433;0,0194;0,00584;0,00488;0,363;0,152;0,901;0,563;0,49;0,336;0,26;0,239;8,14;0,151;46,8;22,8;17,6;6,15;2,45;1,86;-0,69;-19,55;58,68;23,0;17,4;-4,73;-15,76;-16,58
RegentsParkJapan;RegentsParkJapan2;488;62,96;59,0;67,62;65,26;64,65;62,58;60,98;60,61;61,0;57,07;66,65;63,49;62,76;60,49;58,94;58,6;49,13;46,67;57,98;51,03;50,28;48,73;47,89;47,65;8,09;0,0;10,9;7,75;7,05;6,58;6,45;2,07;0,0;3,08;2,35;2,17;2,06;1,96;1,92;0,019;0,00866;0,078;0,0277;0,0247;0,0181;0,0134;0,0124;0,139;0,0;0,75;0,372;0,282;0,0632;0,0077;0,0036;0,00749;0,00212;0,0201;0,0149;0,0114;0,00698;0,0037;0,00279;0,332;0,208;0,918;0,491;0,421;0,315;0,251;0,235;5,26;0,0;37,5;12,9;10,2;4,17;1,84;1,41;-6,48;-18,99;55,66;23,29;19,33;-0,81;-15,92;-16,92
RegentsParkJapan;RegentsParkJapan2;490;62,02;58,61;68,83;64,16;63,39;61,64;60,31;59,94;59,24;56,68;62,55;60,7;60,28;59,15;57,93;57,59;49,99;47,96;55,87;52,15;51,16;49,54;48,84;48,54;8,31;0,0;11,9;7,97;7,37;6,9;6,73;2,2;0,0;2,86;2,33;2,29;2,2;2,12;2,08;0,019;0,00871;0,0544;0,0271;0,0247;0,0184;0,0138;0,0128;0,124;0,0;0,936;0,319;0,21;0,0383;0,00494;0,00172;0,00961;0,00294;0,068;0,017;0,0139;0,00858;0,00406;0,00356;0,327;0,158;0,994;0,499;0,402;0,307;0,25;0,233;6,26;0,0352;38,3;13,8;11,4;5,28;2,44;1,85;-3,26;-17,86;53,19;25,36;20,05;1,53;-14,68;-15,58
RegentsParkJapan;RegentsParkJapan2;517;62,02;58,61;68,83;64,16;63,39;61,64;60,31;59,94;59,24;56,68;62,55;60,7;60,28;59,15;57,93;57,59;49,99;47,96;55,87;52,15;51,16;49,54;48,84;48,54;8,31;0,0;11,9;7,97;7,37;6,9;6,73;2,2;0,0;2,86;2,33;2,29;2,2;2,12;2,08;0,019;0,00871;0,0544;0,0271;0,0247;0,0184;0,0138;0,0128;0,124;0,0;0,936;0,319;0,21;0,0383;0,00494;0,00172;0,00961;0,00294;0,068;0,017;0,0139;0,00858;0,00406;0,00356;0,327;0,158;0,994;0,499;0,402;0,307;0,25;0,233;6,26;0,0352;38,3;13,8;11,4;5,28;2,44;1,85;-3,26;-17,86;53,19;25,36;20,05;1,53;-14,68;-15,58
RegentsParkJapan;RegentsParkJapan2;491;63,55;59,41;68,86;65,84;65,14;63,26;61,47;60,97;60,48;56,76;64,89;62,51;62,01;60,27;58,53;58,15;51,33;47,06;61,56;55,12;53,46;49,93;48,2;47,89;8,62;0,0;12,1;8,15;6,97;6,29;6,14;1,99;0,0;3,35;2,45;2,24;1,94;1,79;1,76;0,0188;0,00859;0,0487;0,028;0,0249;0,0182;0,0136;0,0127;0,2;0,0;1,81;0,643;0,386;0,115;0,0271;0,0165;0,0152;0,00436;0,0455;0,0374;0,0292;0,0125;0,00526;0,00473;0,331;0,157;1,09;0,522;0,434;0,322;0,244;0,227;8,13;0,174;44,5;19,3;15,2;6,61;2,78;2,09;-8,75;-18,78;56,03;25,81;20,45;-3,25;-14,7;-15,85
RegentsParkJapan;RegentsParkJapan2;492;61,02;56,71;73,98;62,62;62,1;60,4;58,89;58,51;59,15;55,07;73,8;60,75;60,23;58,28;56,71;56,39;54,41;45,85;74,54;52,49;51,04;48,01;46,96;46,68;7,45;0,0;23,5;7,13;6,42;5,84;5,69;1,89;0,0;3,21;2,17;2,03;1,87;1,76;1,73;0,0195;0,00969;0,107;0,0279;0,0256;0,0184;0,0137;0,0126;0,182;0,0;1,11;0,582;0,418;0,0698;0,0115;0,00678;0,0349;0,00359;0,176;0,117;0,0836;0,0205;0,0066;0,00457;0,364;0,156;1,74;0,562;0,509;0,324;0,249;0,235;8,62;0,0247;107,0;24,8;18,5;5,96;2,41;1,75;-2,48;-18,1;52,13;27,37;21,91;-0,59;-14,24;-14,97
RegentsParkJapan;RegentsParkJapan2;496;61,02;56,71;73,98;62,62;62,1;60,4;58,89;58,51;59,15;55,07;73,8;60,75;60,23;58,28;56,71;56,39;54,41;45,85;74,54;52,49;51,04;48,01;46,96;46,68;7,45;0,0;23,5;7,13;6,42;5,84;5,69;1,89;0,0;3,21;2,17;2,03;1,87;1,76;1,73;0,0195;0,00969;0,107;0,0279;0,0256;0,0184;0,0137;0,0126;0,182;0,0;1,11;0,582;0,418;0,0698;0,0115;0,00678;0,0349;0,00359;0,176;0,117;0,0836;0,0205;0,0066;0,00457;0,364;0,156;1,74;0,562;0,509;0,324;0,249;0,235;8,62;0,0247;107,0;24,8;18,5;5,96;2,41;1,75;-2,48;-18,1;52,13;27,37;21,91;-0,59;-14,24;-14,97
RegentsParkJapan;RegentsParkJapan2;493;62,21;58,16;66,87;64,11;63,59;62,0;60,53;60,06;59,56;56,23;66,16;61,19;60,8;59,4;57,94;57,54;49,87;46,47;59,47;53,91;51,97;48,84;47,36;47,04;8,25;0,0;11,1;7,76;6,75;6,09;5,96;1,93;0,0;2,67;2,17;2,08;1,93;1,77;1,72;0,019;0,00853;0,0723;0,0291;0,0256;0,0182;0,0137;0,0129;0,173;0,0;1,12;0,46;0,354;0,107;0,0193;0,0113;0,0218;0,00422;0,0804;0,064;0,0548;0,0129;0,00716;0,00579;0,388;0,21;0,797;0,566;0,521;0,368;0,281;0,26;8,82;0,351;56,4;21,7;16,6;7,15;3,12;2,34;-3,1;-19,2;54,07;23,95;18,72;-2,64;-16,4;-17,44
RegentsParkJapan;RegentsParkJapan2;494;62,21;58,16;66,87;64,11;63,59;62,0;60,53;60,06;59,56;56,23;66,16;61,19;60,8;59,4;57,94;57,54;49,87;46,47;59,47;53,91;51,97;48,84;47,36;47,04;8,25;0,0;11,1;7,76;6,75;6,09;5,96;1,93;0,0;2,67;2,17;2,08;1,93;1,77;1,72;0,019;0,00853;0,0723;0,0291;0,0256;0,0182;0,0137;0,0129;0,173;0,0;1,12;0,46;0,354;0,107;0,0193;0,0113;0,0218;0,00422;0,0804;0,064;0,0548;0,0129;0,00716;0,00579;0,388;0,21;0,797;0,566;0,521;0,368;0,281;0,26;8,82;0,351;56,4;21,7;16,6;7,15;3,12;2,34;-3,1;-19,2;54,07;23,95;18,72;-2,64;-16,4;-17,44
RegentsParkJapan;RegentsParkJapan2;497;61,28;56,81;65,05;63,03;62,59;61,1;59,67;59,31;58,68;55,52;62,31;60,12;59,76;58,6;57,32;57,02;50,36;48,21;60,38;52,24;51,34;49,88;48,84;48,66;8,21;0,0;13,7;7,91;7,18;6,73;6,61;2,1;0,0;3,03;2,39;2,27;2,1;1,92;1,85;0,02;0,0105;0,0506;0,0298;0,0266;0,0193;0,0142;0,0132;0,179;0,0;0,925;0,539;0,402;0,104;0,0191;0,0117;0,011;0,00568;0,0207;0,0193;0,0186;0,00931;0,00625;0,00602;0,357;0,2;1,19;0,503;0,438;0,338;0,265;0,239;7,4;0,119;63,3;16,8;13,3;6,1;2,64;2,03;-4,23;-15,53;54,41;24,57;20,72;0,14;-12,54;-13,17
RegentsParkJapan;RegentsParkJapan2;498;61,28;56,81;65,05;63,03;62,59;61,1;59,67;59,31;58,68;55,52;62,31;60,12;59,76;58,6;57,32;57,02;50,36;48,21;60,38;52,24;51,34;49,88;48,84;48,66;8,21;0,0;13,7;7,91;7,18;6,73;6,61;2,1;0,0;3,03;2,39;2,27;2,1;1,92;1,85;0,02;0,0105;0,0506;0,0298;0,0266;0,0193;0,0142;0,0132;0,179;0,0;0,925;0,539;0,402;0,104;0,0191;0,0117;0,011;0,00568;0,0207;0,0193;0,0186;0,00931;0,00625;0,00602;0,357;0,2;1,19;0,503;0,438;0,338;0,265;0,239;7,4;0,119;63,3;16,8;13,3;6,1;2,64;2,03;-4,23;-15,53;54,41;24,57;20,72;0,14;-12,54;-13,17
RegentsParkJapan;RegentsParkJapan2;495;62,74;56,6;75,22;65,12;64,28;62,17;60,68;60,2;60,79;54,76;74,87;63,57;62,52;59,87;57,96;57,38;55,42;47,25;75,77;52,84;50,64;48,94;48,14;47,91;8,37;0,0;29,1;8,0;7,15;6,62;6,47;2,15;0,0;3,6;2,55;2,34;2,12;2,0;1,96;0,0209;0,00869;0,712;0,0256;0,0231;0,0165;0,0126;0,0116;0,178;0,0;0,983;0,456;0,354;0,122;0,0242;0,0119;0,0128;0,00301;0,102;0,0536;0,0197;0,00726;0,00403;0,00372;0,413;0,183;3,42;0,687;0,614;0,337;0,245;0,231;7,33;0,0113;74,9;19,1;14,5;5,59;2,31;1,67;-6,71;-18,29;55,17;27,82;23,8;1,09;-14,59;-15,35
RegentsParkJapan;RegentsParkJapan2;508;62,74;56,6;75,22;65,12;64,28;62,17;60,68;60,2;60,79;54,76;74,87;63,57;62,52;59,87;57,96;57,38;55,42;47,25;75,77;52,84;50,64;48,94;48,14;47,91;8,37;0,0;29,1;8,0;7,15;6,62;6,47;2,15;0,0;3,6;2,55;2,34;2,12;2,0;1,96;0,0209;0,00869;0,712;0,0256;0,0231;0,0165;0,0126;0,0116;0,178;0,0;0,983;0,456;0,354;0,122;0,0242;0,0119;0,0128;0,00301;0,102;0,0536;0,0197;0,00726;0,00403;0,00372;0,413;0,183;3,42;0,687;0,614;0,337;0,245;0,231;7,33;0,0113;74,9;19,1;14,5;5,59;2,31;1,67;-6,71;-18,29;55,17;27,82;23,8;1,09;-14,59;-15,35
RegentsParkJapan;RegentsParkJapan2;524;65,15;61,14;74,01;68,56;67,0;64,1;62,55;62,22;64,06;59,42;73,87;67,41;66,13;62,8;60,88;60,53;53,23;48,63;62,61;56,57;55,59;51,87;50,05;49,74;9,79;0,0;14,4;9,1;7,84;7,05;6,89;1,53;0,0;2,11;1,81;1,74;1,51;1,33;1,29;0,0308;0,0127;0,0974;0,0561;0,0475;0,0278;0,0181;0,0162;0,165;0,0;0,937;0,439;0,326;0,119;0,0411;0,0284;0,0171;0,0078;0,0578;0,0369;0,0305;0,0144;0,00966;0,00913;0,397;0,245;0,683;0,552;0,513;0,381;0,298;0,284;8,32;0,0196;29,9;17,3;14,6;7,44;3,33;2,56;-16,91;-21,44;53,93;21,52;17,4;-9,04;-18,97;-19,55
RussellSq;RussellSq1;928;72,97;69,99;76,77;75,12;74,41;72,74;71,15;70,81;71,38;68,63;75,55;73,24;72,75;71,17;69,67;69,39;66,27;63,71;68,74;67,09;66,93;66,27;65,5;64,73;23,6;0,0;28,8;23,2;22,0;20,6;19,7;3,09;0,0;3,43;3,26;3,23;3,13;2,88;2,8;0,029;0,0142;0,0624;0,0399;0,0369;0,0286;0,0212;0,0193;0,0705;0,0;0,51;0,116;0,0774;0,0135;0,0;0,0;0,00442;0,00226;0,0138;0,00785;0,00631;0,00393;0,00301;0,00261;0,301;0,198;0,69;0,351;0,341;0,299;0,262;0,253;5,9;0,402;53,6;10,1;8,88;5,54;3,16;2,63;-5,4;8,32;64,23;41,8;37,54;25,3;11,82;9,77
RussellSq;RussellSq1;942;76,22;69,76;82,82;80,11;79,42;74,76;71,34;70,91;75,0;68,77;81,06;79,37;78,42;73,13;70,0;69,71;66,66;64,15;72,83;68,72;68,02;66,36;65,53;65,23;26,7;0,0;32,0;25,8;22,2;20,7;20,3;2,83;0,0;3,26;3,09;3,06;2,87;2,51;2,42;0,0325;0,0136;0,158;0,0512;0,0432;0,0296;0,021;0,0193;0,189;0,0;1,37;0,57;0,388;0,0632;0,0033;0,0;0,0117;0,00269;0,0615;0,0469;0,026;0,00707;0,00366;0,0033;0,3;0,197;0,458;0,371;0,353;0,299;0,249;0,234;8,08;0,464;60,8;18,7;13,9;6,67;3,54;2,9;-4,79;4,12;66,25;41,76;36,62;23,92;7,36;5,08
RussellSq;RussellSq1;914;71,37;68,1;74,79;73,37;72,89;71,25;69,21;68,88;69,57;66,79;72,72;71,35;70,93;69,6;67,62;67,35;66,04;64,27;68,37;66,96;66,74;65,97;65,33;65,12;22,6;0,0;24,7;22,2;20,9;19,8;19,5;3,1;0,0;3,41;3,25;3,22;3,1;3,01;2,97;0,0268;0,0133;0,0529;0,0386;0,0356;0,0262;0,0204;0,0188;0,0844;0,0;0,527;0,186;0,108;0,0149;0,0;0,0;0,00623;0,0028;0,0139;0,0108;0,00969;0,00567;0,00344;0,00327;0,296;0,189;0,411;0,362;0,345;0,295;0,252;0,24;6,55;0,26;35,3;11,9;10,0;6,06;3,37;2,77;-1,92;5,32;61,54;40,59;38,81;24,31;8,51;6,39
RussellSq;RussellSq1;952;73,36;69,44;81,18;76,82;75,06;73,13;71,25;70,88;71,45;68,12;75,44;73,59;73,11;71,12;69,42;69,07;66,54;62,64;71,3;68,23;67,87;66,44;64,81;64,38;24,6;0,0;28,5;23,9;21,6;19,6;19,0;2,99;0,0;3,56;3,21;3,16;3,0;2,78;2,68;0,028;0,0138;0,063;0,0395;0,0359;0,0273;0,0209;0,0196;0,143;0,0;0,827;0,394;0,296;0,0402;0,00277;0,0;0,0246;0,00401;0,0801;0,0608;0,0523;0,0188;0,00704;0,00581;0,292;0,144;0,43;0,362;0,349;0,295;0,231;0,217;9,07;0,528;54,8;21,5;17,3;7,24;3,75;2,99;-3,02;5,08;65,82;40,73;38,47;24,22;8,3;6,37
RussellSq;RussellSq1;943;72,33;69,88;76,11;73,98;73,53;72,1;70,92;70,68;70,71;68,54;74,08;72,2;71,91;70,51;69,5;69,3;66,64;65,19;73,07;68,1;67,34;66,44;65,95;65,81;23,1;0,0;26,8;22,7;21,5;20,5;20,2;3,08;0,0;3,38;3,2;3,18;3,09;2,98;2,93;0,0287;0,0141;0,12;0,0401;0,0364;0,0279;0,0217;0,0202;0,102;0,0;0,662;0,262;0,151;0,0215;0,0;0,0;0,0135;0,00326;0,0437;0,0391;0,0349;0,00833;0,00439;0,00408;0,303;0,194;0,53;0,374;0,351;0,3;0,26;0,248;7,86;0,345;57,2;18,6;13,3;6,41;3,45;2,78;-1,97;6,77;63,73;42,03;38,81;25,23;10,27;8,7
RussellSq;RussellSq1;948;75,4;72,75;80,54;77,25;76,7;75,2;73,95;73,59;74,04;71,22;77,31;75,72;75,34;73,88;72,52;72,2;70,89;67,73;72,19;71,56;71,41;70,93;70,34;70,14;30,7;0,0;32,6;30,3;28,7;27,1;26,6;3,62;0,0;3,86;3,74;3,72;3,63;3,53;3,5;0,0307;0,0165;0,0673;0,0435;0,0398;0,0302;0,0229;0,0213;0,0717;0,0;0,331;0,149;0,0945;0,0157;0,0;0,0;0,00495;0,00299;0,0162;0,0118;0,00922;0,00393;0,00325;0,00316;0,32;0,224;0,437;0,379;0,363;0,321;0,28;0,266;6,55;0,886;24,8;11,0;9,74;6,25;3,59;2,96;-4,27;14,29;66,52;45,01;42,97;32,64;17,5;15,59
RussellSq;RussellSq1;911;72,82;68,95;80,19;75,56;74,57;72,1;70,37;69,96;70,91;67,88;77,49;73,42;72,5;70,27;68,89;68,65;66,19;64,12;70,68;67,57;67,02;66,04;65,24;65,03;22,8;0,0;26,7;22,3;20,8;19,8;19,5;3,0;0,0;3,21;3,11;3,09;3,01;2,9;2,87;0,0279;0,0144;0,0537;0,0396;0,0359;0,0273;0,0207;0,019;0,0862;0,0;1,2;0,174;0,116;0,0216;0,00048;0,0;0,0131;0,00274;0,0338;0,0277;0,0215;0,0138;0,00375;0,00336;0,296;0,191;0,514;0,367;0,346;0,296;0,247;0,234;8,03;0,508;50,0;18,3;14,4;6,81;3,61;2,93;-3,96;5,02;66,94;41,05;37,98;23,99;8,12;6,46
RussellSq;RussellSq1;945;72,82;68,95;80,19;75,56;74,57;72,1;70,37;69,96;70,91;67,88;77,49;73,42;72,5;70,27;68,89;68,65;66,19;64,12;70,68;67,57;67,02;66,04;65,24;65,03;22,8;0,0;26,7;22,3;20,8;19,8;19,5;3,0;0,0;3,21;3,11;3,09;3,01;2,9;2,87;0,0279;0,0144;0,0537;0,0396;0,0359;0,0273;0,0207;0,019;0,0862;0,0;1,2;0,174;0,116;0,0216;0,00048;0,0;0,0131;0,00274;0,0338;0,0277;0,0215;0,0138;0,00375;0,00336;0,296;0,191;0,514;0,367;0,346;0,296;0,247;0,234;8,03;0,508;50,0;18,3;14,4;6,81;3,61;2,93;-3,96;5,02;66,94;41,05;37,98;23,99;8,12;6,46
RussellSq;RussellSq1;947;74,51;69,28;83,55;77,03;76,45;74,07;70,89;70,41;72,04;67,9;78,24;74,24;73,85;71,91;69,29;68,94;67,58;64,91;76,27;68,69;67,97;67,19;66,52;66,26;24,7;0,0;33,9;24,1;22,7;21,2;20,8;3,17;0,0;3,45;3,34;3,31;3,16;3,03;2,99;0,0291;0,0137;0,064;0,0408;0,0371;0,0285;0,0219;0,0204;0,0779;0,0;0,826;0,124;0,08;0,0187;0,0;0,0;0,00861;0,00305;0,0593;0,0433;0,012;0,00482;0,00358;0,00343;0,31;0,204;0,687;0,388;0,361;0,305;0,259;0,251;7,16;0,32;83,2;14,2;10,8;5,99;3,23;2,64;-3,37;8,21;68,31;42,54;38,48;26,74;11,3;9,31
RussellSq;RussellSq1;916;72,27;69,18;75,62;73,91;73,53;72,1;70,86;70,48;70,44;67,73;74,13;72,04;71,63;70,28;69,07;68,73;62,55;61,01;71,63;63,5;63,2;62,45;61,92;61,75;18,3;0,0;30,7;17,9;17,0;16,3;16,1;2,43;0,0;3,17;2,51;2,49;2,43;2,37;2,34;0,0272;0,0136;0,0812;0,0385;0,0351;0,0266;0,0203;0,019;0,0726;0,0;0,618;0,139;0,0869;0,0174;0,0;0,0;0,00811;0,00235;0,0523;0,0262;0,0142;0,0055;0,00302;0,00265;0,289;0,179;1,19;0,371;0,341;0,276;0,236;0,227;6,35;0,369;73,7;13,0;10,3;5,4;2,72;2,15;-4,4;-7,01;65,71;38,42;33,96;15,16;-3,17;-5,42
RussellSq;RussellSq1;946;72,27;69,18;75,62;73,91;73,53;72,1;70,86;70,48;70,44;67,73;74,13;72,04;71,63;70,28;69,07;68,73;62,55;61,01;71,63;63,5;63,2;62,45;61,92;61,75;18,3;0,0;30,7;17,9;17,0;16,3;16,1;2,43;0,0;3,17;2,51;2,49;2,43;2,37;2,34;0,0272;0,0136;0,0812;0,0385;0,0351;0,0266;0,0203;0,019;0,0726;0,0;0,618;0,139;0,0869;0,0174;0,0;0,0;0,00811;0,00235;0,0523;0,0262;0,0142;0,0055;0,00302;0,00265;0,289;0,179;1,19;0,371;0,341;0,276;0,236;0,227;6,35;0,369;73,7;13,0;10,3;5,4;2,72;2,15;-4,4;-7,01;65,71;38,42;33,96;15,16;-3,17;-5,42
RussellSq;RussellSq1;926;74,31;70,12;78,01;76,48;76,03;74,07;71,97;71,5;72,12;68,78;76,08;74,31;73,65;71,83;70,23;69,79;64,58;62,75;67,47;65,52;65,31;64,57;63,61;63,36;21,0;0,0;23,4;20,6;19,5;18,4;18,2;2,73;0,0;3,03;2,87;2,85;2,76;2,58;2,54;0,0279;0,0153;0,0549;0,0384;0,0358;0,0272;0,0208;0,019;0,126;0,0;0,723;0,315;0,236;0,0257;0,0;0,0;0,00712;0,00243;0,019;0,0149;0,0128;0,00663;0,00292;0,0026;0,303;0,224;0,471;0,36;0,347;0,301;0,261;0,251;6,66;0,528;35,9;14,0;11,0;5,83;3,08;2,53;-3,4;2,5;67,84;40,67;35,18;21,02;6,08;4,07
RussellSq;RussellSq1;930;73,56;69,59;79,69;75,75;75,16;73,22;71,63;71,24;71,63;68,52;77,09;73,91;72,96;71,34;69,91;69,6;63,94;61,13;72,13;66,52;65,47;63,32;62,29;61,94;21,8;0,0;27,8;20,6;18,7;17,2;16,9;2,58;0,0;3,11;2,75;2,72;2,62;2,35;2,3;0,0277;0,0155;0,0718;0,0384;0,0352;0,0271;0,0211;0,0195;0,0991;0,0;1,04;0,23;0,162;0,0279;0,0012;0,0;0,0112;0,00257;0,0395;0,0339;0,0281;0,00709;0,00313;0,00296;0,292;0,196;0,462;0,357;0,341;0,291;0,242;0,232;7,06;0,324;42,1;16,0;12,2;6,01;3,05;2,47;-5,66;-2,38;65,15;38,53;34,57;18,17;-1,13;-1,42
RussellSq;RussellSq1;927;72,9;69,42;81,57;74,94;74,29;72,51;70,95;70,63;70,78;67,2;74,6;72,52;72,14;70,51;69,28;69,02;65,48;63,68;67,06;66,24;66,08;65,56;64,43;64,17;22,2;0,0;24,3;21,9;20,8;19,5;19,1;3,01;0,0;3,28;3,13;3,11;3,02;2,87;2,82;0,0276;0,0146;0,0549;0,0387;0,0349;0,0267;0,0211;0,0196;0,0583;0,0;0,31;0,107;0,0676;0,0129;0,0;0,0;0,00486;0,00244;0,0132;0,0074;0,00647;0,00462;0,00342;0,00303;0,303;0,223;0,44;0,36;0,344;0,301;0,259;0,251;5,93;0,329;17,4;9,97;8,93;5,69;3,18;2,63;-1,97;4,96;64,71;40,55;37,31;24,36;8,82;6,09
RussellSq;RussellSq1;917;73,12;68,62;79,1;76,97;75,92;72,18;70,29;69,89;71,9;67,41;78,64;76,39;75,29;70,35;68,76;68,36;64,63;61,41;67,91;65,62;65,44;64,82;63,19;62,49;22,5;0,0;24,8;22,0;19,2;17,4;16,9;2,8;0,0;3,14;2,99;2,96;2,84;2,58;2,52;0,0266;0,0136;0,0519;0,0383;0,0351;0,0258;0,0194;0,0179;0,133;0,0;0,65;0,354;0,251;0,0532;0,00394;0,0005;0,00592;0,00277;0,0197;0,0151;0,00893;0,00482;0,00337;0,00317;0,288;0,188;0,445;0,355;0,339;0,285;0,239;0,229;6,01;0,164;33,3;11,3;9,55;5,54;2,92;2,37;-3,42;2,93;66,86;39,32;37,12;21,69;6,35;4,68
RussellSq;RussellSq1;953;74,04;69,17;83,76;76,79;75,92;73,54;70,84;70,39;71,6;68,03;76,57;74,03;73,31;71,27;69,37;68,94;65,64;63,15;69,84;67,55;66,59;65,61;64,91;64,27;22,3;0,0;26,3;21,7;20,3;19,2;18,8;2,79;0,0;3,06;2,93;2,91;2,81;2,67;2,61;0,0288;0,0152;0,103;0,0455;0,0381;0,0273;0,0214;0,0199;0,109;0,0;0,862;0,288;0,193;0,0391;0,00266;0,0;0,0196;0,00586;0,0884;0,0588;0,0338;0,0139;0,00808;0,00732;0,297;0,206;0,444;0,367;0,354;0,298;0,252;0,243;9,42;0,479;50,8;23,1;17,1;7,6;3,8;3,01;-1,63;3,68;67,48;40,36;38,42;21,85;6,92;5,6
RussellSq;RussellSq1;929;72,46;69,99;76,0;74,02;73,62;72,27;71,3;71,0;70,88;68,74;75,0;72,36;71,87;70,72;69,8;69,53;67,13;64,88;70,87;68,02;67,82;67,1;66,19;65,87;24,5;0,0;30,5;24,1;22,9;21,6;21,1;3,28;0,0;3,58;3,42;3,4;3,29;3,14;3,01;0,0286;0,016;0,102;0,0404;0,0368;0,0277;0,0211;0,0195;0,14;0,0;1,23;0,404;0,235;0,0401;0,00436;0,000507;0,0126;0,00308;0,0334;0,0227;0,0199;0,0123;0,0057;0,00489;0,308;0,18;0,452;0,371;0,357;0,308;0,26;0,25;8,49;0,409;43,4;19,4;15,3;7,08;3,5;2,85;-3,07;10,05;65,11;42,01;37,95;25,72;13,05;11,71
RussellSq;RussellSq1;954;73,09;70,24;76,94;74,68;74,36;72,96;71,63;71,38;71,32;68,74;74,2;72,81;72,39;71,24;70,02;69,77;66,46;65,1;71,72;67,1;66,82;66,39;65,98;65,77;23,0;0,0;27,0;22,6;21,7;20,9;20,6;3,05;0,0;3,43;3,16;3,13;3,06;2,98;2,95;0,0288;0,0157;0,193;0,0394;0,037;0,0275;0,021;0,0197;0,0629;0,0;0,838;0,131;0,0834;0,0159;0,0;0,0;0,0048;0,00252;0,0216;0,0121;0,00661;0,00384;0,00281;0,00267;0,309;0,203;0,503;0,371;0,356;0,307;0,262;0,252;6,15;0,829;52,3;10,9;9,18;5,68;3,26;2,72;-5,7;7,21;66,84;42,25;36,95;23,9;11,03;8,75
RussellSq;RussellSq1;918;74,55;70,84;80,3;76,61;75,93;74,31;72,74;72,36;73,46;69,56;80,17;75,86;75,01;73,05;71,4;70,95;69,75;67,02;78,18;73,05;71,62;68,73;67,67;67,47;30,2;0,0;38,0;28,9;25,9;23,8;23,3;3,31;0,0;3,67;3,48;3,45;3,32;3,16;3,11;0,0312;0,0153;0,151;0,0478;0,0422;0,0294;0,022;0,0201;0,162;0,0;1,36;0,5;0,362;0,064;0,00887;0,00267;0,0266;0,00444;0,0995;0,0621;0,0515;0,0241;0,00647;0,00534;0,323;0,187;0,601;0,408;0,387;0,323;0,264;0,24;12,0;0,857;70,7;29,7;24,0;9,2;4,5;3,64;-2,08;11,81;64,42;44,08;38,86;28,64;13,83;13,0
RussellSq;RussellSq1;936;74,46;71,6;83,18;76,7;76,1;73,85;72,62;72,38;72,59;69,94;77,21;74,89;74,15;72,1;71,14;70,92;68,54;65,41;70,63;69,61;69,27;68,46;67,82;67,53;28,0;0,0;31,0;27,3;25,3;24,0;23,5;3,48;0,0;3,77;3,64;3,61;3,5;3,32;3,22;0,0287;0,0148;0,0592;0,041;0,0377;0,0274;0,0211;0,0197;0,101;0,0;0,974;0,217;0,174;0,0275;0,00107;0,0;0,00666;0,00312;0,0181;0,0131;0,0113;0,00572;0,00376;0,00347;0,32;0,227;0,593;0,399;0,372;0,32;0,275;0,259;7,01;0,958;42,4;13,4;11,0;6,64;3,81;3,16;-1,34;11,1;65,16;43,17;39,11;30,22;13,45;12,4
RussellSq;RussellSq1;949;74,46;71,6;83,18;76,7;76,1;73,85;72,62;72,38;72,59;69,94;77,21;74,89;74,15;72,1;71,14;70,92;68,54;65,41;70,63;69,61;69,27;68,46;67,82;67,53;28,0;0,0;31,0;27,3;25,3;24,0;23,5;3,48;0,0;3,77;3,64;3,61;3,5;3,32;3,22;0,0287;0,0148;0,0592;0,041;0,0377;0,0274;0,0211;0,0197;0,101;0,0;0,974;0,217;0,174;0,0275;0,00107;0,0;0,00666;0,00312;0,0181;0,0131;0,0113;0,00572;0,00376;0,00347;0,32;0,227;0,593;0,399;0,372;0,32;0,275;0,259;7,01;0,958;42,4;13,4;11,0;6,64;3,81;3,16;-1,34;11,1;65,16;43,17;39,11;30,22;13,45;12,4
RussellSq;RussellSq1;925;71,69;69,11;74,44;73,16;72,8;71,6;70,37;70,04;70,3;67,78;72,76;71,65;71,34;70,22;69,04;68,79;66,25;65,09;68,83;67,04;66,75;66,16;65,69;65,53;23,0;0,0;25,2;22,7;21,6;20,6;20,3;3,29;0,0;3,59;3,42;3,4;3,3;3,19;3,13;0,0278;0,0156;0,0601;0,0377;0,0345;0,0272;0,0216;0,0202;0,0764;0,0;0,716;0,156;0,0991;0,019;0,000715;0,0;0,00462;0,00235;0,0151;0,00719;0,00648;0,00448;0,0031;0,00261;0,289;0,2;0,39;0,344;0,333;0,287;0,245;0,235;6,06;0,275;29,9;11,1;9,62;5,62;3,14;2,56;-2,58;4,98;63,73;40,03;37,64;26,84;8,31;6,44
RussellSq;RussellSq1;931;71,69;69,11;74,44;73,16;72,8;71,6;70,37;70,04;70,3;67,78;72,76;71,65;71,34;70,22;69,04;68,79;66,25;65,09;68,83;67,04;66,75;66,16;65,69;65,53;23,0;0,0;25,2;22,7;21,6;20,6;20,3;3,29;0,0;3,59;3,42;3,4;3,3;3,19;3,13;0,0278;0,0156;0,0601;0,0377;0,0345;0,0272;0,0216;0,0202;0,0764;0,0;0,716;0,156;0,0991;0,019;0,000715;0,0;0,00462;0,00235;0,0151;0,00719;0,00648;0,00448;0,0031;0,00261;0,289;0,2;0,39;0,344;0,333;0,287;0,245;0,235;6,06;0,275;29,9;11,1;9,62;5,62;3,14;2,56;-2,58;4,98;63,73;40,03;37,64;26,84;8,31;6,44
RussellSq;RussellSq1;937;71,69;69,11;74,44;73,16;72,8;71,6;70,37;70,04;70,3;67,78;72,76;71,65;71,34;70,22;69,04;68,79;66,25;65,09;68,83;67,04;66,75;66,16;65,69;65,53;23,0;0,0;25,2;22,7;21,6;20,6;20,3;3,29;0,0;3,59;3,42;3,4;3,3;3,19;3,13;0,0278;0,0156;0,0601;0,0377;0,0345;0,0272;0,0216;0,0202;0,0764;0,0;0,716;0,156;0,0991;0,019;0,000715;0,0;0,00462;0,00235;0,0151;0,00719;0,00648;0,00448;0,0031;0,00261;0,289;0,2;0,39;0,344;0,333;0,287;0,245;0,235;6,06;0,275;29,9;11,1;9,62;5,62;3,14;2,56;-2,58;4,98;63,73;40,03;37,64;26,84;8,31;6,44
RussellSq;RussellSq1;950;71,69;69,11;74,44;73,16;72,8;71,6;70,37;70,04;70,3;67,78;72,76;71,65;71,34;70,22;69,04;68,79;66,25;65,09;68,83;67,04;66,75;66,16;65,69;65,53;23,0;0,0;25,2;22,7;21,6;20,6;20,3;3,29;0,0;3,59;3,42;3,4;3,3;3,19;3,13;0,0278;0,0156;0,0601;0,0377;0,0345;0,0272;0,0216;0,0202;0,0764;0,0;0,716;0,156;0,0991;0,019;0,000715;0,0;0,00462;0,00235;0,0151;0,00719;0,00648;0,00448;0,0031;0,00261;0,289;0,2;0,39;0,344;0,333;0,287;0,245;0,235;6,06;0,275;29,9;11,1;9,62;5,62;3,14;2,56;-2,58;4,98;63,73;40,03;37,64;26,84;8,31;6,44
RussellSq;RussellSq1;932;74,25;70,47;84,07;76,5;75,88;73,51;71,9;71,5;72,78;69,1;83,97;74,88;73,83;71,65;70,42;70,14;69,23;63,8;84,41;72,23;68,42;66,22;65,25;64,85;26,0;0,0;41,3;23,7;21,3;19,8;19,4;2,94;0,0;3,65;3,16;3,1;2,93;2,79;2,75;0,0298;0,00956;0,0983;0,0483;0,0396;0,0277;0,0209;0,0191;0,231;0,0;4,15;0,657;0,291;0,0409;0,00629;0,00243;0,022;0,00413;0,0769;0,0609;0,0386;0,018;0,00641;0,00535;0,312;0,161;0,718;0,399;0,37;0,311;0,252;0,226;10,2;0,332;51,2;25,0;19,4;7,92;4,03;3,26;-2,7;3,48;66,0;42,62;38,85;22,73;6,25;4,32
RussellSq;RussellSq1;951;72,71;69,09;76,62;74,59;74,14;72,51;71,0;70,6;70,76;67,36;73,8;72,56;72,14;70,54;69,26;68,87;65,22;62,25;69,62;66,79;66,23;64,93;64,2;63,95;21,7;0,0;25,4;21,3;19,8;18,6;18,2;2,98;0,0;3,23;3,11;3,09;3,0;2,87;2,83;0,0265;0,0139;0,0564;0,0392;0,035;0,0254;0,0197;0,0184;0,16;0,0;1,31;0,35;0,166;0,0166;0,0;0,0;0,00896;0,00318;0,0264;0,0208;0,0168;0,0072;0,00376;0,00352;0,292;0,193;0,405;0,356;0,339;0,29;0,247;0,231;6,97;0,506;40,1;15,8;11,8;5,9;3,22;2,59;-5,43;4,1;65,53;40,25;35,93;24,35;7,35;5,06
RussellSq;RussellSq1;919;73,34;66,01;77,24;75,02;74,57;73,21;71,82;71,38;71,22;64,97;74,62;72,73;72,37;71,15;69,83;69,4;62,3;60,48;63,64;63,02;62,9;62,41;61,33;61,14;18,7;0,0;19,7;18,4;17,5;16,2;15,9;2,55;0,0;2,9;2,67;2,64;2,55;2,46;2,44;0,0286;0,0167;0,0582;0,0397;0,0371;0,0278;0,0212;0,02;0,0717;0,0;0,352;0,151;0,105;0,0221;0,00183;0,0;0,00374;0,00253;0,0123;0,00464;0,00438;0,00364;0,00286;0,00273;0,284;0,199;0,582;0,355;0,333;0,282;0,237;0,224;5,31;0,302;20,6;9,37;8,24;5,03;2,67;2,1;-4,4;-7,58;67,1;36,7;33,84;14,21;-3,99;-5,79
RussellSq;RussellSq1;933;73,37;68,96;84,77;76,39;75,04;72,4;70,41;70,06;70,92;67,39;76,96;73,37;72,68;70,36;68,67;68,31;63,26;61,02;66,27;64,59;64,4;63,11;62,22;61,89;19,9;0,0;22,5;19,6;17,9;16,9;16,5;2,66;0,0;2,85;2,78;2,76;2,67;2,57;2,55;0,0262;0,0132;0,0559;0,0362;0,0335;0,0258;0,0195;0,0181;0,0868;0,0;0,355;0,196;0,14;0,0225;0,00216;0,0;0,00603;0,00228;0,0192;0,0175;0,0161;0,00414;0,00294;0,00273;0,286;0,2;0,4;0,352;0,332;0,283;0,244;0,236;5,65;0,16;34,5;12,1;9,29;5,28;2,78;2,16;-5,15;-0,59;65,52;38,65;34,45;17,2;2,58;0,64
RussellSq;RussellSq1;939;71,49;69,18;74,52;73,09;72,69;71,28;70,22;70,0;70,1;68,03;74,16;71,53;71,21;69,93;68,94;68,78;66,35;64,75;70,62;66,98;66,82;66,36;65,78;65,41;23,0;0,0;27,9;22,6;21,5;20,6;20,3;3,09;0,0;3,36;3,23;3,2;3,1;2,98;2,93;0,0283;0,0143;0,0629;0,0396;0,0365;0,0275;0,0209;0,0194;0,0624;0,0;0,792;0,11;0,0739;0,0168;0,0;0,0;0,00887;0,00268;0,0309;0,0241;0,0205;0,00561;0,00329;0,00304;0,291;0,206;0,415;0,351;0,335;0,29;0,246;0,236;6,66;0,445;41,3;13,9;10,8;5,76;3,03;2,45;-2,81;6,56;61,73;41,14;38,67;24,67;10,32;7,9
RussellSq;RussellSq1;940;72,52;69,38;76,65;74,88;74,07;72,17;70,95;70,67;71,03;68,04;75,4;73,31;72,62;70,63;69,42;69,14;66,62;63,25;73,46;68,68;67,68;66,19;65,61;65,29;24,2;0,0;27,8;23,4;21,3;20,2;19,8;3,04;0,0;3,3;3,19;3,16;3,06;2,89;2,83;0,0272;0,0143;0,0702;0,0376;0,0355;0,0265;0,0202;0,0191;0,178;0,0;1,42;0,53;0,256;0,0192;0,0;0,0;0,00691;0,00229;0,0246;0,0153;0,0132;0,00496;0,0036;0,00317;0,287;0,119;0,545;0,36;0,343;0,289;0,232;0,211;6,52;0,634;33,5;12,4;10,1;5,88;3,2;2,61;-2,81;6,76;64,55;41,44;38,22;24,94;10,23;8,26
RussellSq;RussellSq1;944;72,52;69,38;76,65;74,88;74,07;72,17;70,95;70,67;71,03;68,04;75,4;73,31;72,62;70,63;69,42;69,14;66,62;63,25;73,46;68,68;67,68;66,19;65,61;65,29;24,2;0,0;27,8;23,4;21,3;20,2;19,8;3,04;0,0;3,3;3,19;3,16;3,06;2,89;2,83;0,0272;0,0143;0,0702;0,0376;0,0355;0,0265;0,0202;0,0191;0,178;0,0;1,42;0,53;0,256;0,0192;0,0;0,0;0,00691;0,00229;0,0246;0,0153;0,0132;0,00496;0,0036;0,00317;0,287;0,119;0,545;0,36;0,343;0,289;0,232;0,211;6,52;0,634;33,5;12,4;10,1;5,88;3,2;2,61;-2,81;6,76;64,55;41,44;38,22;24,94;10,23;8,26
RussellSq;RussellSq1;934;73,92;70,89;79,65;75,74;75,35;73,67;72,02;71,74;71,88;69,48;74,83;73,52;73,15;71,71;70,43;70,15;65,9;64,24;70,38;67,33;66,66;65,68;65,13;64,97;23,1;0,0;26,9;22,4;21,1;20,1;19,9;3,09;0,0;3,32;3,2;3,17;3,1;3,0;2,97;0,0273;0,0146;0,0964;0,0381;0,0351;0,0265;0,0201;0,0189;0,104;0,0;0,612;0,249;0,183;0,0308;0,00143;0,0;0,0106;0,00251;0,0422;0,0273;0,0202;0,00781;0,00384;0,00318;0,295;0,188;0,425;0,359;0,341;0,293;0,254;0,241;7,42;0,184;41,4;15,6;12,1;6,32;3,42;2,73;-4,83;6,75;67,22;40,82;37,1;25,9;10,55;8,17
RussellSq;RussellSq1;941;73,92;70,89;79,65;75,74;75,35;73,67;72,02;71,74;71,88;69,48;74,83;73,52;73,15;71,71;70,43;70,15;65,9;64,24;70,38;67,33;66,66;65,68;65,13;64,97;23,1;0,0;26,9;22,4;21,1;20,1;19,9;3,09;0,0;3,32;3,2;3,17;3,1;3,0;2,97;0,0273;0,0146;0,0964;0,0381;0,0351;0,0265;0,0201;0,0189;0,104;0,0;0,612;0,249;0,183;0,0308;0,00143;0,0;0,0106;0,00251;0,0422;0,0273;0,0202;0,00781;0,00384;0,00318;0,295;0,188;0,425;0,359;0,341;0,293;0,254;0,241;7,42;0,184;41,4;15,6;12,1;6,32;3,42;2,73;-4,83;6,75;67,22;40,82;37,1;25,9;10,55;8,17
RussellSq;RussellSq2;1037;75,58;71,95;82,27;77,24;76,86;75,33;73,63;73,28;74,33;71,06;79,56;76,3;75,94;73,9;72,46;72,1;68,66;65,49;75,65;70,8;69,74;68,25;67,05;66,8;28,2;0,0;37,7;27,3;24,6;22,7;22,3;2,78;0,0;3,5;3,01;2,98;2,83;2,47;2,37;0,0329;0,0144;0,113;0,0517;0,0447;0,0306;0,0226;0,0206;0,321;0,0;2,08;0,791;0,632;0,243;0,0291;0,0114;0,0143;0,0035;0,0353;0,0291;0,0247;0,014;0,00515;0,00427;0,272;0,138;0,459;0,371;0,345;0,279;0,198;0,186;8,78;0,554;46,8;19,0;15,4;7,65;4,01;3,2;-1,69;4,46;64,92;43,37;40,14;23,83;9,46;7,37
RussellSq;RussellSq2;1050;73,19;69,61;77,71;75,24;74,62;72,8;71,61;71,29;71,3;67,93;75,99;73,55;73,04;71,01;69,85;69,48;65,56;62,55;74,05;70,07;68,66;64,13;63,13;62,99;22,7;0,0;31,7;21,7;19,2;18,1;17,9;2,59;0,0;3,14;2,73;2,71;2,6;2,47;2,43;0,0299;0,0137;0,195;0,0438;0,0392;0,0282;0,0208;0,019;0,222;0,0;1,72;0,764;0,515;0,0735;0,00891;0,00358;0,0314;0,00327;0,118;0,0953;0,0821;0,018;0,00449;0,00407;0,322;0,183;0,573;0,46;0,426;0,311;0,255;0,242;12,0;0,53;72,0;32,5;24,8;8,82;3,94;3,07;-2,49;-3,63;65,14;39,67;35,42;18,22;-1,26;-2,55
RussellSq;RussellSq2;1061;73,19;69,61;77,71;75,24;74,62;72,8;71,61;71,29;71,3;67,93;75,99;73,55;73,04;71,01;69,85;69,48;65,56;62,55;74,05;70,07;68,66;64,13;63,13;62,99;22,7;0,0;31,7;21,7;19,2;18,1;17,9;2,59;0,0;3,14;2,73;2,71;2,6;2,47;2,43;0,0299;0,0137;0,195;0,0438;0,0392;0,0282;0,0208;0,019;0,222;0,0;1,72;0,764;0,515;0,0735;0,00891;0,00358;0,0314;0,00327;0,118;0,0953;0,0821;0,018;0,00449;0,00407;0,322;0,183;0,573;0,46;0,426;0,311;0,255;0,242;12,0;0,53;72,0;32,5;24,8;8,82;3,94;3,07;-2,49;-3,63;65,14;39,67;35,42;18,22;-1,26;-2,55
RussellSq;RussellSq2;1068;73,39;69,68;77,15;75,54;75,02;73,18;71,3;70,94;71,58;68,59;76,25;74,11;73,44;71,01;69,62;69,3;67,07;65,45;69,8;68,08;67,73;67,03;66,22;66,07;24,3;0,0;27,5;23,7;21,9;20,6;20,3;3,08;0,0;3,33;3,21;3,18;3,08;2,97;2,95;0,028;0,0153;0,0572;0,0405;0,0371;0,0273;0,0209;0,0194;0,121;0,0;0,859;0,279;0,204;0,0344;0,0016;0,0;0,00511;0,00242;0,0125;0,00854;0,00685;0,00507;0,00346;0,00315;0,309;0,232;0,434;0,362;0,35;0,309;0,267;0,258;6,18;0,574;26,9;10,8;9,43;5,84;3,24;2,68;-2,75;6,42;65,86;42,04;38,25;25,17;9,57;8,21
RussellSq;RussellSq2;1088;73,39;69,68;77,15;75,54;75,02;73,18;71,3;70,94;71,58;68,59;76,25;74,11;73,44;71,01;69,62;69,3;67,07;65,45;69,8;68,08;67,73;67,03;66,22;66,07;24,3;0,0;27,5;23,7;21,9;20,6;20,3;3,08;0,0;3,33;3,21;3,18;3,08;2,97;2,95;0,028;0,0153;0,0572;0,0405;0,0371;0,0273;0,0209;0,0194;0,121;0,0;0,859;0,279;0,204;0,0344;0,0016;0,0;0,00511;0,00242;0,0125;0,00854;0,00685;0,00507;0,00346;0,00315;0,309;0,232;0,434;0,362;0,35;0,309;0,267;0,258;6,18;0,574;26,9;10,8;9,43;5,84;3,24;2,68;-2,75;6,42;65,86;42,04;38,25;25,17;9,57;8,21
RussellSq;RussellSq2;1042;74,34;70,82;78,01;76,26;75,8;74,13;72,53;72,21;72,42;69,36;76,91;74,6;74,04;71,94;70,7;70,43;67,82;65,46;69,76;68,95;68,75;67,73;66,89;66,29;26,6;0,0;30,2;26,0;23,5;22,1;21,7;3,25;0,0;3,5;3,4;3,37;3,26;3,13;3,03;0,0292;0,0154;0,0688;0,0409;0,0376;0,0285;0,0215;0,0197;0,0741;0,0;0,857;0,149;0,0867;0,0151;0,0;0,0;0,00416;0,00266;0,0161;0,00565;0,00514;0,00387;0,00322;0,00295;0,313;0,224;0,583;0,376;0,356;0,31;0,274;0,265;5,95;0,473;26,6;10,1;9,02;5,72;3,18;2,59;-3,74;10,92;67,62;42,64;39,27;26,63;14,51;12,14
RussellSq;RussellSq2;1053;75,51;71,16;79,04;77,41;76,96;75,31;73,72;73,31;72,64;68,72;75,77;74,19;73,86;72,57;71,05;70,7;63,88;62,19;66,61;64,86;64,59;63,77;63,28;63,12;20,6;0,0;22,4;20,3;19,4;18,6;18,4;2,88;0,0;3,06;2,98;2,96;2,89;2,81;2,79;0,0292;0,0156;0,065;0,0401;0,0373;0,0285;0,0219;0,0204;0,089;0,0;0,566;0,191;0,145;0,0274;0,0;0,0;0,00385;0,00235;0,0151;0,00651;0,00558;0,00356;0,00264;0,00249;0,296;0,194;0,44;0,357;0,345;0,295;0,248;0,239;5,61;0,387;20,1;9,98;8,57;5,3;2,89;2,35;-5,83;-3,39;68,88;38,69;35,59;22,04;-1,48;-2,52
RussellSq;RussellSq2;1084;74,08;69,65;78,84;76,21;75,66;73,81;72,08;71,55;71,45;66,04;76,12;73,28;72,8;71,24;69,73;69,31;60,5;57,72;64,7;61,91;61,58;60,43;58,98;58,68;17,8;0,0;20,2;17,5;16,2;14,8;14,5;2,55;0,0;2,89;2,67;2,64;2,55;2,46;2,43;0,0277;0,0132;0,234;0,0409;0,0357;0,0253;0,0191;0,0176;0,112;0,0;0,602;0,25;0,183;0,0244;0,000452;0,0;0,0108;0,00225;0,0442;0,0343;0,028;0,00495;0,00265;0,00239;0,303;0,181;0,543;0,387;0,362;0,297;0,246;0,226;6,57;0,0835;38,0;17,0;11,9;5,22;2,59;2,05;-2,84;-6,16;67,07;35,45;29,41;17,2;-1,99;-4,77
RussellSq;RussellSq2;1085;74,08;69,65;78,84;76,21;75,66;73,81;72,08;71,55;71,45;66,04;76,12;73,28;72,8;71,24;69,73;69,31;60,5;57,72;64,7;61,91;61,58;60,43;58,98;58,68;17,8;0,0;20,2;17,5;16,2;14,8;14,5;2,55;0,0;2,89;2,67;2,64;2,55;2,46;2,43;0,0277;0,0132;0,234;0,0409;0,0357;0,0253;0,0191;0,0176;0,112;0,0;0,602;0,25;0,183;0,0244;0,000452;0,0;0,0108;0,00225;0,0442;0,0343;0,028;0,00495;0,00265;0,00239;0,303;0,181;0,543;0,387;0,362;0,297;0,246;0,226;6,57;0,0835;38,0;17,0;11,9;5,22;2,59;2,05;-2,84;-6,16;67,07;35,45;29,41;17,2;-1,99;-4,77
RussellSq;RussellSq2;1086;74,08;69,65;78,84;76,21;75,66;73,81;72,08;71,55;71,45;66,04;76,12;73,28;72,8;71,24;69,73;69,31;60,5;57,72;64,7;61,91;61,58;60,43;58,98;58,68;17,8;0,0;20,2;17,5;16,2;14,8;14,5;2,55;0,0;2,89;2,67;2,64;2,55;2,46;2,43;0,0277;0,0132;0,234;0,0409;0,0357;0,0253;0,0191;0,0176;0,112;0,0;0,602;0,25;0,183;0,0244;0,000452;0,0;0,0108;0,00225;0,0442;0,0343;0,028;0,00495;0,00265;0,00239;0,303;0,181;0,543;0,387;0,362;0,297;0,246;0,226;6,57;0,0835;38,0;17,0;11,9;5,22;2,59;2,05;-2,84;-6,16;67,07;35,45;29,41;17,2;-1,99;-4,77
RussellSq;RussellSq2;1062;74,76;70,68;78,27;76,79;76,44;74,5;72,72;72,2;73,32;69,25;76,95;75,69;75,15;73,01;71,1;70,68;66,28;63,62;72,0;69,09;68,14;65,65;64,38;64,2;25,5;0,0;29,2;24,5;21,5;19,9;19,5;2,67;0,0;3,08;2,89;2,84;2,67;2,51;2,47;0,0306;0,0152;0,113;0,0478;0,0409;0,0286;0,0209;0,0194;0,179;0,0;1,06;0,422;0,318;0,144;0,0323;0,0188;0,0212;0,00499;0,082;0,0604;0,039;0,016;0,00766;0,00622;0,332;0,208;0,562;0,407;0,388;0,329;0,277;0,259;10,1;0,511;57,6;22,8;17,9;8,54;4,3;3,51;-1,82;7,09;65,69;40,25;33,86;22,86;10,85;8,6
RussellSq;RussellSq2;1043;74,18;71,16;79,63;75,83;75,36;73,95;72,72;72,38;72,32;69,8;75,01;73,86;73,46;72,1;71,07;70,8;68,2;65,73;71,75;69,75;69,13;68,17;67,58;67,21;26,4;0,0;29,7;25,7;24,1;22,9;22,5;3,23;0,0;3,51;3,35;3,33;3,25;3,13;3,07;0,0286;0,015;0,086;0,0409;0,0374;0,0275;0,021;0,0198;0,0928;0,0;0,913;0,169;0,102;0,0165;0,0;0,0;0,00787;0,00318;0,0277;0,0218;0,0199;0,00531;0,00382;0,00348;0,305;0,196;0,48;0,366;0,354;0,305;0,26;0,245;7,72;0,229;38,7;17,0;12,5;6,61;3,58;2,94;-1,97;11,01;66,31;43,53;39,87;27,57;14,13;12,27
RussellSq;RussellSq2;1044;77,22;69,9;88,04;81,59;80,22;75,44;72,6;71,94;74,24;68,4;82,65;77,47;76,36;73,43;70,99;70,31;70,88;61,61;81,01;75,45;73,69;69,05;65,0;64,27;28,5;0,0;37,6;26,8;21,9;17,9;17,2;2,38;0,0;3,69;2,88;2,75;2,34;2,06;2,02;0,032;0,0147;0,0792;0,0463;0,0417;0,0308;0,0232;0,0218;0,599;0,0;3,66;1,57;1,18;0,466;0,125;0,0808;0,0391;0,0149;0,0968;0,0636;0,0535;0,0368;0,0252;0,0187;0,409;0,22;0,952;0,695;0,551;0,378;0,3;0,281;18,0;1,74;74,7;37,7;31,7;15,7;7,86;6,48;-0,7;-12,15;70,18;44,6;40,56;11,0;-9,1;-10,29
RussellSq;RussellSq2;1054;77,22;69,9;88,04;81,59;80,22;75,44;72,6;71,94;74,24;68,4;82,65;77,47;76,36;73,43;70,99;70,31;70,88;61,61;81,01;75,45;73,69;69,05;65,0;64,27;28,5;0,0;37,6;26,8;21,9;17,9;17,2;2,38;0,0;3,69;2,88;2,75;2,34;2,06;2,02;0,032;0,0147;0,0792;0,0463;0,0417;0,0308;0,0232;0,0218;0,599;0,0;3,66;1,57;1,18;0,466;0,125;0,0808;0,0391;0,0149;0,0968;0,0636;0,0535;0,0368;0,0252;0,0187;0,409;0,22;0,952;0,695;0,551;0,378;0,3;0,281;18,0;1,74;74,7;37,7;31,7;15,7;7,86;6,48;-0,7;-12,15;70,18;44,6;40,56;11,0;-9,1;-10,29
RussellSq;RussellSq2;1063;77,22;69,9;88,04;81,59;80,22;75,44;72,6;71,94;74,24;68,4;82,65;77,47;76,36;73,43;70,99;70,31;70,88;61,61;81,01;75,45;73,69;69,05;65,0;64,27;28,5;0,0;37,6;26,8;21,9;17,9;17,2;2,38;0,0;3,69;2,88;2,75;2,34;2,06;2,02;0,032;0,0147;0,0792;0,0463;0,0417;0,0308;0,0232;0,0218;0,599;0,0;3,66;1,57;1,18;0,466;0,125;0,0808;0,0391;0,0149;0,0968;0,0636;0,0535;0,0368;0,0252;0,0187;0,409;0,22;0,952;0,695;0,551;0,378;0,3;0,281;18,0;1,74;74,7;37,7;31,7;15,7;7,86;6,48;-0,7;-12,15;70,18;44,6;40,56;11,0;-9,1;-10,29
RussellSq;RussellSq2;1069;77,22;69,9;88,04;81,59;80,22;75,44;72,6;71,94;74,24;68,4;82,65;77,47;76,36;73,43;70,99;70,31;70,88;61,61;81,01;75,45;73,69;69,05;65,0;64,27;28,5;0,0;37,6;26,8;21,9;17,9;17,2;2,38;0,0;3,69;2,88;2,75;2,34;2,06;2,02;0,032;0,0147;0,0792;0,0463;0,0417;0,0308;0,0232;0,0218;0,599;0,0;3,66;1,57;1,18;0,466;0,125;0,0808;0,0391;0,0149;0,0968;0,0636;0,0535;0,0368;0,0252;0,0187;0,409;0,22;0,952;0,695;0,551;0,378;0,3;0,281;18,0;1,74;74,7;37,7;31,7;15,7;7,86;6,48;-0,7;-12,15;70,18;44,6;40,56;11,0;-9,1;-10,29
RussellSq;RussellSq2;1078;77,22;69,9;88,04;81,59;80,22;75,44;72,6;71,94;74,24;68,4;82,65;77,47;76,36;73,43;70,99;70,31;70,88;61,61;81,01;75,45;73,69;69,05;65,0;64,27;28,5;0,0;37,6;26,8;21,9;17,9;17,2;2,38;0,0;3,69;2,88;2,75;2,34;2,06;2,02;0,032;0,0147;0,0792;0,0463;0,0417;0,0308;0,0232;0,0218;0,599;0,0;3,66;1,57;1,18;0,466;0,125;0,0808;0,0391;0,0149;0,0968;0,0636;0,0535;0,0368;0,0252;0,0187;0,409;0,22;0,952;0,695;0,551;0,378;0,3;0,281;18,0;1,74;74,7;37,7;31,7;15,7;7,86;6,48;-0,7;-12,15;70,18;44,6;40,56;11,0;-9,1;-10,29
RussellSq;RussellSq2;1080;77,22;69,9;88,04;81,59;80,22;75,44;72,6;71,94;74,24;68,4;82,65;77,47;76,36;73,43;70,99;70,31;70,88;61,61;81,01;75,45;73,69;69,05;65,0;64,27;28,5;0,0;37,6;26,8;21,9;17,9;17,2;2,38;0,0;3,69;2,88;2,75;2,34;2,06;2,02;0,032;0,0147;0,0792;0,0463;0,0417;0,0308;0,0232;0,0218;0,599;0,0;3,66;1,57;1,18;0,466;0,125;0,0808;0,0391;0,0149;0,0968;0,0636;0,0535;0,0368;0,0252;0,0187;0,409;0,22;0,952;0,695;0,551;0,378;0,3;0,281;18,0;1,74;74,7;37,7;31,7;15,7;7,86;6,48;-0,7;-12,15;70,18;44,6;40,56;11,0;-9,1;-10,29
RussellSq;RussellSq2;1064;74,96;70,03;82,74;79,12;77,67;73,6;71,97;71,61;71,17;68,42;75,43;73,41;72,65;70,81;69,57;69,29;66,27;64,85;68,93;67,12;66,81;66,18;65,67;65,54;22,5;0,0;25,0;22,1;21,1;20,2;19,9;3,07;0,0;3,34;3,18;3,16;3,08;2,99;2,95;0,0278;0,0139;0,0513;0,0372;0,035;0,0276;0,0207;0,0193;0,0827;0,0;1,15;0,116;0,0797;0,0174;0,0;0,0;0,00484;0,00288;0,0121;0,00837;0,00784;0,00427;0,00309;0,00297;0,328;0,241;0,442;0,39;0,374;0,327;0,286;0,273;6,06;0,356;20,4;10,4;9,15;5,76;3,27;2,72;-0,98;5,43;69,77;41,29;38,73;24,68;9,15;6,74
RussellSq;RussellSq2;1070;74,96;70,03;82,74;79,12;77,67;73,6;71,97;71,61;71,17;68,42;75,43;73,41;72,65;70,81;69,57;69,29;66,27;64,85;68,93;67,12;66,81;66,18;65,67;65,54;22,5;0,0;25,0;22,1;21,1;20,2;19,9;3,07;0,0;3,34;3,18;3,16;3,08;2,99;2,95;0,0278;0,0139;0,0513;0,0372;0,035;0,0276;0,0207;0,0193;0,0827;0,0;1,15;0,116;0,0797;0,0174;0,0;0,0;0,00484;0,00288;0,0121;0,00837;0,00784;0,00427;0,00309;0,00297;0,328;0,241;0,442;0,39;0,374;0,327;0,286;0,273;6,06;0,356;20,4;10,4;9,15;5,76;3,27;2,72;-0,98;5,43;69,77;41,29;38,73;24,68;9,15;6,74
RussellSq;RussellSq2;1083;74,96;70,03;82,74;79,12;77,67;73,6;71,97;71,61;71,17;68,42;75,43;73,41;72,65;70,81;69,57;69,29;66,27;64,85;68,93;67,12;66,81;66,18;65,67;65,54;22,5;0,0;25,0;22,1;21,1;20,2;19,9;3,07;0,0;3,34;3,18;3,16;3,08;2,99;2,95;0,0278;0,0139;0,0513;0,0372;0,035;0,0276;0,0207;0,0193;0,0827;0,0;1,15;0,116;0,0797;0,0174;0,0;0,0;0,00484;0,00288;0,0121;0,00837;0,00784;0,00427;0,00309;0,00297;0,328;0,241;0,442;0,39;0,374;0,327;0,286;0,273;6,06;0,356;20,4;10,4;9,15;5,76;3,27;2,72;-0,98;5,43;69,77;41,29;38,73;24,68;9,15;6,74
RussellSq;RussellSq2;1045;73,36;68,56;77,21;75,17;74,84;73,25;71,33;70,7;71,6;66,74;75,82;73,48;73,0;71,5;69,49;68,85;62,28;59,85;66,62;63,88;63,63;62,17;60,64;60,36;18,6;0,0;23,5;18,2;16,8;15,2;14,9;2,27;0,0;2,5;2,35;2,33;2,27;2,21;2,19;0,0295;0,0161;0,0644;0,0415;0,0383;0,0285;0,022;0,0206;0,1;0,0;0,796;0,25;0,145;0,0203;0,00109;0,0;0,00442;0,00205;0,0206;0,0087;0,00725;0,00369;0,00248;0,00233;0,277;0,196;0,394;0,331;0,316;0,277;0,241;0,231;5,42;0,441;29,7;10,0;8,41;5,06;2,63;2,09;-6,2;-12,13;64,46;38,95;32,2;11,53;-8,09;-9,95
RussellSq;RussellSq2;1055;74,36;68,13;85,0;78,84;77,31;72,48;70,77;70,46;69,44;65,68;72,7;71,06;70,69;69,3;67,9;67,57;61,01;59,52;65,34;61,98;61,78;60,91;60,16;60,01;16,8;0,0;19,4;16,6;15,8;14,9;14,7;2,41;0,0;2,65;2,53;2,5;2,41;2,33;2,31;0,0283;0,0147;0,0495;0,0391;0,0361;0,0276;0,0209;0,0195;0,135;0,0;1,27;0,435;0,235;0,0335;0,00345;0,000462;0,005;0,00258;0,0119;0,00916;0,00852;0,00461;0,00328;0,00296;0,296;0,17;0,661;0,367;0,34;0,293;0,25;0,235;5,77;0,269;27,0;10,6;9,14;5,27;2,77;2,21;-1,01;-10,74;69,77;35,97;31,94;13,37;-8,02;-9,24
RussellSq;RussellSq2;1046;75,62;72,04;80,21;77,6;77,09;75,3;74,0;73,63;72,58;69,8;75,9;73,9;73,58;72,5;71,39;71,08;67,53;66,04;72,98;69,09;68,53;67,24;66,55;66,41;25,0;0,0;28,4;24,2;22,6;21,6;21,3;2,89;0,0;3,27;3,01;2,98;2,89;2,8;2,77;0,0309;0,0156;0,0951;0,0446;0,0409;0,0294;0,0227;0,0213;0,158;0,0;1,78;0,529;0,265;0,0432;0,00378;0,0;0,0156;0,00521;0,0311;0,0277;0,0258;0,0149;0,00795;0,00609;0,329;0,219;0,653;0,461;0,398;0,322;0,268;0,254;9,05;0,642;42,5;20,2;16,3;7,52;4,06;3,3;-0,52;5,19;68,32;42,69;39,84;22,69;8,01;6,07
RussellSq;RussellSq2;1071;74,53;70,36;81,3;77,01;75,97;74,25;72,88;72,53;72,31;69,05;76,79;73,87;73,51;72,13;71,01;70,73;66,25;63,98;69,81;67,61;67,17;66,22;64,78;64,56;22,9;0,0;26,1;22,5;21,2;19,8;19,4;2,8;0,0;3,08;2,94;2,91;2,81;2,67;2,62;0,0285;0,0154;0,0584;0,0402;0,0369;0,0276;0,0213;0,0198;0,129;0,0;1,45;0,292;0,164;0,031;0,00137;0,0;0,00605;0,00325;0,0136;0,00996;0,00884;0,00577;0,00406;0,00381;0,306;0,228;0,432;0,375;0,358;0,304;0,264;0,255;6,58;0,598;25,0;12,1;10,3;6,05;3,34;2,75;-6,17;4,79;66,6;41,76;38,4;22,51;8,32;6,01
RussellSq;RussellSq2;1047;72,62;69,39;76,67;74,41;73,94;72,43;71,05;70,68;70,66;67,87;73,51;72,17;71,75;70,54;69,37;69,04;61,61;58,99;66,04;63,44;62,91;61,36;59,95;59,64;17,2;0,0;19,9;16,8;15,6;14,6;14,4;2,09;0,0;2,52;2,18;2,15;2,09;2,04;2,02;0,0284;0,0151;0,055;0,0389;0,0361;0,0279;0,0214;0,0195;0,117;0,0;1,21;0,312;0,216;0,0488;0,00635;0,00254;0,0054;0,00284;0,0164;0,0117;0,00931;0,00463;0,00327;0,00307;0,278;0,195;0,38;0,337;0,319;0,275;0,238;0,228;6,03;0,488;25,2;12,0;9,93;5,4;2,79;2,26;-7,36;-18,09;64,09;38,31;30,26;6,94;-13,98;-15,85
RussellSq;RussellSq2;1072;75,31;70,38;82,1;78,33;77,72;74,5;72,36;71,89;71,89;67,71;79,32;74,56;73,82;71,25;69,63;69,21;66,05;61,34;78,46;71,36;68,38;64,7;62,95;62,42;23,6;0,0;36,3;22,3;19,6;17,8;17,3;2,84;0,0;3,31;3,01;2,96;2,85;2,68;2,64;0,0274;0,0138;0,0513;0,0388;0,0357;0,0268;0,0201;0,0187;0,216;0,0;2,32;0,65;0,375;0,0503;0,00284;4,98e-05;0,0208;0,003;0,107;0,0905;0,0767;0,00796;0,00462;0,00397;0,343;0,198;0,849;0,527;0,462;0,315;0,263;0,249;10,4;0,232;110,0;32,0;21,0;7,09;3,55;2,85;-2,82;0,85;67,83;40,95;37,14;19,97;4,19;2,61
RussellSq;RussellSq2;1048;73,35;69,77;81,35;76,96;75,36;72,47;70,88;70,62;72,22;68,57;81,14;76,29;74,19;71,05;69,7;69,43;70,26;64,24;81,95;75,51;72,82;67,79;66,45;66,07;29,0;0,0;36,1;26,6;22,3;20,7;20,2;2,99;0,0;3,62;3,13;3,1;3,0;2,87;2,81;0,0278;0,0118;0,0571;0,0403;0,0367;0,0273;0,0209;0,0192;0,563;0,0;3,86;2,07;1,45;0,0923;0,00676;0,00223;0,0134;0,00399;0,0621;0,0342;0,0292;0,0101;0,00526;0,0049;0,288;0,11;0,509;0,366;0,344;0,29;0,232;0,209;9,11;0,396;58,8;21,3;16,9;7,5;3,91;3,18;-1,64;4,62;64,94;44,48;40,48;23,99;7,56;6,09
RussellSq;RussellSq2;1057;75,27;70,59;81,1;78,11;77,48;74,67;72,53;72,06;72,32;68,0;78,11;74,86;74,35;71,84;70,06;69,6;63,45;60,23;69,11;65,26;64,81;63,37;61,29;61,06;19,7;0,0;25,8;19,1;17,5;15,7;15,4;2,26;0,0;3,24;2,38;2,34;2,25;2,18;2,16;0,0291;0,0143;0,0711;0,0403;0,038;0,0285;0,0214;0,0198;0,126;0,0;0,913;0,349;0,249;0,0512;0,0064;0,00205;0,00655;0,00289;0,0123;0,0101;0,00949;0,00615;0,00398;0,00328;0,295;0,19;0,636;0,359;0,343;0,293;0,246;0,232;6,91;0,247;38,9;13,3;11,1;6,25;3,41;2,74;-3,96;-12,73;68,19;40,01;33,32;10,39;-8,88;-11,26
RussellSq;RussellSq2;1049;74,9;72,0;78,21;76,75;76,25;74,71;73,23;72,92;73,43;70,52;77,62;75,48;74,9;73,17;71,7;71,45;68,18;66,15;75,44;70,13;69,3;67,74;66,95;66,76;26,6;0,0;33,0;25,9;24,2;22,8;22,5;3,32;0,0;3,59;3,46;3,44;3,33;3,19;3,14;0,0277;0,0143;0,0555;0,0391;0,0361;0,0268;0,0209;0,0192;0,149;0,0;1,52;0,393;0,264;0,0601;0,00841;0,00365;0,0134;0,00413;0,0344;0,0263;0,0223;0,012;0,00612;0,00474;0,293;0,167;0,394;0,355;0,344;0,292;0,243;0,228;8,66;0,532;47,5;20,1;15,2;7,12;3,91;3,28;-4,85;12,78;68,76;42,24;38,03;28,11;15,3;14,25
RussellSq;RussellSq2;1058;80,79;74,86;93,37;86,61;84,2;77,6;75,99;75,78;80,41;73,92;93,29;86,38;83,98;76,9;74,91;74,66;80,75;73,52;94,02;87,25;84,67;76,38;74,4;74,09;53,9;0,0;72,8;48,1;36,9;34,1;33,5;4,24;0,0;5,32;4,6;4,45;4,22;4,05;4,01;0,0315;0,00973;0,0633;0,0468;0,0426;0,031;0,0215;0,0186;0,894;0,0;8,13;3,83;2,22;0,153;0,00999;0,00284;0,0549;0,00594;0,174;0,14;0,117;0,0458;0,0147;0,012;0,353;0,118;0,745;0,486;0,446;0,348;0,265;0,22;18,6;1,24;92,6;45,8;37,8;14,3;5,73;4,65;-8,92;21,5;68,7;53,33;49,11;37,44;24,34;22,74
RussellSq;RussellSq2;1065;79,34;72,1;84,87;82,73;82,12;78,85;74,14;73,42;78,1;69,81;84,49;82,15;81,43;76,94;71,39;71,13;69,44;66,47;76,18;71,44;70,94;69,08;67,97;67,73;32,8;0,0;39,3;31,8;27,2;23,4;22,9;3,03;0,0;3,37;3,26;3,24;3,03;2,83;2,8;0,0316;0,015;0,0636;0,0442;0,041;0,031;0,0228;0,0213;0,289;0,0;1,56;0,86;0,655;0,134;0,0105;0,0055;0,00631;0,00318;0,0174;0,0152;0,0112;0,00542;0,00392;0,00353;0,311;0,207;0,482;0,378;0,361;0,309;0,264;0,252;7,47;0,731;67,2;13,4;11,5;6,96;4,01;3,32;-9,35;11,11;72,16;44,55;40,5;27,41;14,16;12,41
RussellSq;RussellSq2;1073;79,34;72,1;84,87;82,73;82,12;78,85;74,14;73,42;78,1;69,81;84,49;82,15;81,43;76,94;71,39;71,13;69,44;66,47;76,18;71,44;70,94;69,08;67,97;67,73;32,8;0,0;39,3;31,8;27,2;23,4;22,9;3,03;0,0;3,37;3,26;3,24;3,03;2,83;2,8;0,0316;0,015;0,0636;0,0442;0,041;0,031;0,0228;0,0213;0,289;0,0;1,56;0,86;0,655;0,134;0,0105;0,0055;0,00631;0,00318;0,0174;0,0152;0,0112;0,00542;0,00392;0,00353;0,311;0,207;0,482;0,378;0,361;0,309;0,264;0,252;7,47;0,731;67,2;13,4;11,5;6,96;4,01;3,32;-9,35;11,11;72,16;44,55;40,5;27,41;14,16;12,41
RussellSq;RussellSq2;1059;73,5;69,15;77,97;75,65;75,1;73,44;70,86;70,4;71,3;67,25;76,13;73,22;72,74;71,27;68,96;68,62;64,88;62,34;67,92;66,2;65,78;64,89;63,73;63,44;21,4;0,0;23,2;21,0;19,8;18,2;17,8;2,64;0,0;2,86;2,74;2,72;2,65;2,57;2,55;0,0282;0,016;0,0575;0,0394;0,0359;0,0275;0,0214;0,0199;0,115;0,0;1,13;0,298;0,205;0,0325;0,00312;0,0;0,00922;0,00466;0,0246;0,0208;0,0146;0,00738;0,00532;0,00507;0,294;0,186;0,432;0,36;0,343;0,292;0,254;0,247;7,15;0,225;35,0;14,3;11,7;6,4;3,32;2,65;-2,54;-1,84;65,7;39,92;36,72;19,7;1,61;-0,52
RussellSq;RussellSq2;1038;72,6;69,47;77,1;74,39;73,88;72,36;71,12;70,77;70,51;67,65;75,66;72,56;71,81;70,23;68,98;68,7;61,66;59,82;65,47;63,43;62,72;61,42;60,7;60,55;18,7;0,0;21,5;17,8;16,4;15,5;15,3;2,53;0,0;2,82;2,63;2,61;2,53;2,45;2,43;0,0255;0,0141;0,0495;0,0354;0,0326;0,0249;0,019;0,0174;0,101;0,0;0,76;0,247;0,157;0,0245;0,00127;0,0;0,00367;0,00241;0,0139;0,00529;0,00448;0,00357;0,00285;0,00268;0,281;0,205;0,427;0,339;0,326;0,279;0,24;0,233;5,37;0,175;23,0;9,5;8,24;5,1;2,74;2,18;-2,53;-6,41;67,06;36,56;33,11;16,13;-1,74;-4,92
RussellSq;RussellSq2;1081;72,6;69,47;77,1;74,39;73,88;72,36;71,12;70,77;70,51;67,65;75,66;72,56;71,81;70,23;68,98;68,7;61,66;59,82;65,47;63,43;62,72;61,42;60,7;60,55;18,7;0,0;21,5;17,8;16,4;15,5;15,3;2,53;0,0;2,82;2,63;2,61;2,53;2,45;2,43;0,0255;0,0141;0,0495;0,0354;0,0326;0,0249;0,019;0,0174;0,101;0,0;0,76;0,247;0,157;0,0245;0,00127;0,0;0,00367;0,00241;0,0139;0,00529;0,00448;0,00357;0,00285;0,00268;0,281;0,205;0,427;0,339;0,326;0,279;0,24;0,233;5,37;0,175;23,0;9,5;8,24;5,1;2,74;2,18;-2,53;-6,41;67,06;36,56;33,11;16,13;-1,74;-4,92
RussellSq;RussellSq2;1039;74,61;70,48;81,05;76,58;76,06;74,45;72,51;72,09;72,47;69,01;78,98;74,37;73,93;72,28;70,63;70,21;60,83;58,31;64,5;62,52;62,03;60,62;59,35;59,02;17,5;0,0;20,2;17,0;15,7;14,5;14,2;2,0;0,0;2,29;2,12;2,08;1,99;1,92;1,9;0,0279;0,0168;0,052;0,0383;0,0351;0,0272;0,0216;0,0202;0,133;0,0;1,16;0,346;0,265;0,0535;0,00769;0,00288;0,00678;0,00263;0,0235;0,0185;0,0112;0,00588;0,00369;0,0034;0,282;0,191;0,413;0,337;0,325;0,282;0,24;0,229;6,24;0,173;30,0;12,1;10,1;5,75;2,94;2,35;-2,17;-14,72;67,12;35,36;29,75;6,09;-11,63;-12,83
RussellSq;RussellSq2;1082;74,61;70,48;81,05;76,58;76,06;74,45;72,51;72,09;72,47;69,01;78,98;74,37;73,93;72,28;70,63;70,21;60,83;58,31;64,5;62,52;62,03;60,62;59,35;59,02;17,5;0,0;20,2;17,0;15,7;14,5;14,2;2,0;0,0;2,29;2,12;2,08;1,99;1,92;1,9;0,0279;0,0168;0,052;0,0383;0,0351;0,0272;0,0216;0,0202;0,133;0,0;1,16;0,346;0,265;0,0535;0,00769;0,00288;0,00678;0,00263;0,0235;0,0185;0,0112;0,00588;0,00369;0,0034;0,282;0,191;0,413;0,337;0,325;0,282;0,24;0,229;6,24;0,173;30,0;12,1;10,1;5,75;2,94;2,35;-2,17;-14,72;67,12;35,36;29,75;6,09;-11,63;-12,83
RussellSq;RussellSq2;1066;76,51;69,41;82,78;79,99;79,01;75,67;73,52;72,72;73,7;67,94;81,14;76,66;75,99;72,75;70,81;70,2;69,22;60,12;80,6;74,73;72,52;66,66;62,72;61,79;27,1;0,0;42,2;23,8;18,9;16,0;15,5;2,33;0,0;3,94;2,79;2,62;2,27;2,14;2,11;0,031;0,0148;0,321;0,0461;0,04;0,0281;0,0211;0,0196;0,486;0,0;2,92;1,38;1,02;0,355;0,0746;0,0436;0,0361;0,0086;0,104;0,0903;0,076;0,0311;0,0139;0,0118;0,343;0,155;0,622;0,492;0,45;0,331;0,259;0,246;15,4;1,07;68,9;34,3;28,0;13,0;6,0;4,73;-2,73;-10,6;68,72;43,06;38,65;11,05;-5,71;-7,58
RussellSq;RussellSq2;1074;76,51;69,41;82,78;79,99;79,01;75,67;73,52;72,72;73,7;67,94;81,14;76,66;75,99;72,75;70,81;70,2;69,22;60,12;80,6;74,73;72,52;66,66;62,72;61,79;27,1;0,0;42,2;23,8;18,9;16,0;15,5;2,33;0,0;3,94;2,79;2,62;2,27;2,14;2,11;0,031;0,0148;0,321;0,0461;0,04;0,0281;0,0211;0,0196;0,486;0,0;2,92;1,38;1,02;0,355;0,0746;0,0436;0,0361;0,0086;0,104;0,0903;0,076;0,0311;0,0139;0,0118;0,343;0,155;0,622;0,492;0,45;0,331;0,259;0,246;15,4;1,07;68,9;34,3;28,0;13,0;6,0;4,73;-2,73;-10,6;68,72;43,06;38,65;11,05;-5,71;-7,58
RussellSq;RussellSq2;1040;73,6;68,25;79,96;75,52;75,01;73,34;71,58;71,04;71,36;66,3;74,97;73,2;72,83;71,22;69,42;68,83;61,47;57,22;67,92;63,82;63,21;60,83;59,27;58,64;18,8;0,0;24,0;18,2;16,0;14,5;14,0;2,19;0,0;2,81;2,32;2,27;2,18;2,11;2,09;0,0277;0,0119;0,0773;0,0386;0,0352;0,0271;0,0206;0,0187;0,18;0,0;1,64;0,569;0,327;0,0386;0,00427;0,00104;0,00959;0,00199;0,0258;0,0175;0,0165;0,009;0,004;0,00316;0,289;0,083;0,523;0,385;0,349;0,287;0,231;0,219;7,39;0,417;32,0;15,3;12,9;6,5;3,31;2,66;-2,5;-14,86;64,92;36,18;30,86;11,24;-12,13;-13,45
RussellSq;RussellSq2;1051;73,6;68,25;79,96;75,52;75,01;73,34;71,58;71,04;71,36;66,3;74,97;73,2;72,83;71,22;69,42;68,83;61,47;57,22;67,92;63,82;63,21;60,83;59,27;58,64;18,8;0,0;24,0;18,2;16,0;14,5;14,0;2,19;0,0;2,81;2,32;2,27;2,18;2,11;2,09;0,0277;0,0119;0,0773;0,0386;0,0352;0,0271;0,0206;0,0187;0,18;0,0;1,64;0,569;0,327;0,0386;0,00427;0,00104;0,00959;0,00199;0,0258;0,0175;0,0165;0,009;0,004;0,00316;0,289;0,083;0,523;0,385;0,349;0,287;0,231;0,219;7,39;0,417;32,0;15,3;12,9;6,5;3,31;2,66;-2,5;-14,86;64,92;36,18;30,86;11,24;-12,13;-13,45
RussellSq;RussellSq2;1077;73,41;69,76;78,98;75,68;74,94;72,99;71,7;71,4;71,38;67,74;78,46;74,27;73,07;70,7;69,42;69,08;61,01;56,66;68,7;64,38;62,09;60,11;58,63;58,25;18,5;0,0;25,2;17,5;15,4;13,9;13,5;2,1;0,0;2,35;2,21;2,18;2,1;2,0;1,94;0,0282;0,0135;0,192;0,0432;0,0365;0,0265;0,0195;0,0182;0,112;0,0;0,777;0,321;0,215;0,0671;0,0134;0,00712;0,00453;0,00286;0,0249;0,00804;0,00576;0,00397;0,00329;0,00298;0,276;0,182;0,462;0,351;0,322;0,273;0,228;0,218;5,32;0,115;24,3;10,2;8,6;4,91;2,48;1,96;-4,16;-16,91;64,52;33,59;29,67;6,16;-12,16;-13,89
RussellSq;RussellSq2;1075;75,05;70,04;79,55;77,33;76,83;74,72;72,84;72,35;72,33;68,42;76,94;74,49;74,07;71,97;70,33;69,96;62,18;59,2;74,01;64,31;62,44;61,25;60,43;60,2;17,3;0,0;26,1;16,9;15,8;14,8;14,5;2,04;0,0;2,55;2,17;2,12;2,04;1,97;1,95;0,0285;0,0151;0,0578;0,0391;0,0367;0,0279;0,0215;0,0201;0,158;0,0;1,72;0,465;0,279;0,0466;0,00502;0,000914;0,00684;0,0026;0,0341;0,0188;0,0132;0,00479;0,00304;0,00281;0,295;0,202;0,454;0,384;0,358;0,291;0,248;0,235;6,66;0,166;53,6;12,8;10,2;5,77;3,17;2,56;-6,58;-14,48;67,83;39,22;30,58;7,25;-8,77;-11,94
RussellSq;RussellSq2;1041;73,81;68,88;81,02;77,14;76,0;72,98;71,12;70,77;70,55;66,91;75,77;72,8;71,92;70,17;69,0;68,7;61,17;58,66;67,34;64,0;62,83;60,67;59,51;59,27;17,6;0,0;23,1;17,0;15,1;14,1;13,9;2,07;0,0;2,83;2,23;2,19;2,08;1,94;1,92;0,0305;0,0131;0,159;0,0468;0,0392;0,0281;0,0207;0,0189;0,133;0,0;0,903;0,391;0,256;0,0537;0,00869;0,00385;0,00977;0,00449;0,0321;0,0218;0,0143;0,00952;0,00521;0,00501;0,319;0,204;1,39;0,436;0,396;0,308;0,256;0,241;8,1;0,769;48,3;17,0;14,1;7,01;3,6;2,88;-0,59;-11,53;66,1;36,52;30,02;11,53;-5,52;-7,54
RussellSq;RussellSq2;1052;73,81;68,88;81,02;77,14;76,0;72,98;71,12;70,77;70,55;66,91;75,77;72,8;71,92;70,17;69,0;68,7;61,17;58,66;67,34;64,0;62,83;60,67;59,51;59,27;17,6;0,0;23,1;17,0;15,1;14,1;13,9;2,07;0,0;2,83;2,23;2,19;2,08;1,94;1,92;0,0305;0,0131;0,159;0,0468;0,0392;0,0281;0,0207;0,0189;0,133;0,0;0,903;0,391;0,256;0,0537;0,00869;0,00385;0,00977;0,00449;0,0321;0,0218;0,0143;0,00952;0,00521;0,00501;0,319;0,204;1,39;0,436;0,396;0,308;0,256;0,241;8,1;0,769;48,3;17,0;14,1;7,01;3,6;2,88;-0,59;-11,53;66,1;36,52;30,02;11,53;-5,52;-7,54
RussellSq;RussellSq2;1079;73,81;68,88;81,02;77,14;76,0;72,98;71,12;70,77;70,55;66,91;75,77;72,8;71,92;70,17;69,0;68,7;61,17;58,66;67,34;64,0;62,83;60,67;59,51;59,27;17,6;0,0;23,1;17,0;15,1;14,1;13,9;2,07;0,0;2,83;2,23;2,19;2,08;1,94;1,92;0,0305;0,0131;0,159;0,0468;0,0392;0,0281;0,0207;0,0189;0,133;0,0;0,903;0,391;0,256;0,0537;0,00869;0,00385;0,00977;0,00449;0,0321;0,0218;0,0143;0,00952;0,00521;0,00501;0,319;0,204;1,39;0,436;0,396;0,308;0,256;0,241;8,1;0,769;48,3;17,0;14,1;7,01;3,6;2,88;-0,59;-11,53;66,1;36,52;30,02;11,53;-5,52;-7,54
RussellSq;RussellSq2;1067;73,54;68,28;84,54;76,31;75,03;72,68;70,17;69,7;70,42;65,42;78,07;72,8;72,36;69,98;67,74;67,38;62,09;56,15;70,68;66,71;65,37;60,27;57,58;57,26;18,7;0,0;24,8;17,1;13,5;12,2;11,9;1,93;0,0;2,74;2,25;2,13;1,9;1,81;1,77;0,0284;0,0115;0,142;0,0451;0,0373;0,0266;0,0194;0,018;0,291;0,0;2,13;0,84;0,666;0,132;0,0115;0,0043;0,0366;0,00698;0,103;0,0851;0,0651;0,0294;0,0102;0,00854;0,315;0,109;0,755;0,466;0,401;0,305;0,232;0,216;11,4;0,476;54,2;30,4;23,1;8,59;3,84;3,08;-2,36;-15,01;67,41;37,1;31,36;5,64;-10,96;-12,25
RussellSq;RussellSq2;1076;73,54;68,28;84,54;76,31;75,03;72,68;70,17;69,7;70,42;65,42;78,07;72,8;72,36;69,98;67,74;67,38;62,09;56,15;70,68;66,71;65,37;60,27;57,58;57,26;18,7;0,0;24,8;17,1;13,5;12,2;11,9;1,93;0,0;2,74;2,25;2,13;1,9;1,81;1,77;0,0284;0,0115;0,142;0,0451;0,0373;0,0266;0,0194;0,018;0,291;0,0;2,13;0,84;0,666;0,132;0,0115;0,0043;0,0366;0,00698;0,103;0,0851;0,0651;0,0294;0,0102;0,00854;0,315;0,109;0,755;0,466;0,401;0,305;0,232;0,216;11,4;0,476;54,2;30,4;23,1;8,59;3,84;3,08;-2,36;-15,01;67,41;37,1;31,36;5,64;-10,96;-12,25
RussellSq;RussellSq3;1154;74,77;70,63;82,34;77,42;76,45;74,29;72,66;72,25;71,43;68,69;76,17;73,05;72,54;71,28;70,08;69,78;65,69;61,03;72,92;67,45;66,71;65,5;63,95;63,15;22,3;0,0;29,9;21,8;20,4;18,7;17,9;2,83;0,0;3,19;3,0;2,97;2,86;2,67;2,63;0,0272;0,0137;0,06;0,0372;0,0343;0,0266;0,0204;0,0192;0,137;0,0;1,94;0,304;0,178;0,0323;0,00213;0,0;0,01;0,00297;0,0414;0,0338;0,0205;0,00818;0,00458;0,00413;0,312;0,176;0,522;0,383;0,364;0,314;0,258;0,238;7,65;0,387;60,6;17,4;13,7;6,33;3,32;2,68;-3,19;1,09;66,89;40,06;38,44;21,08;3,24;2,14
RussellSq;RussellSq3;1188;76,67;70,17;85,67;79,42;78,59;76,37;72,71;71,94;74,34;68,54;79,11;76,72;76,15;74,25;70,95;70,12;63,29;58,53;71,32;64,76;64,21;63,11;59,34;58,99;20,0;0,0;26,8;19,5;17,9;14,6;14,1;2,08;0,0;2,61;2,25;2,19;2,07;2,0;1,98;0,0303;0,0148;0,0794;0,0441;0,0401;0,0296;0,0211;0,0194;0,0976;0,0;0,9;0,218;0,131;0,0272;0,00121;0,0;0,00492;0,00201;0,0205;0,0134;0,0106;0,00354;0,00261;0,00244;0,28;0,157;0,496;0,351;0,334;0,277;0,237;0,227;5,85;0,365;31,4;11,0;9,24;5,25;2,8;2,22;-7,13;-17,86;69,13;39,18;33,06;6,15;-14,76;-16,0
RussellSq;RussellSq3;1215;76,67;70,17;85,67;79,42;78,59;76,37;72,71;71,94;74,34;68,54;79,11;76,72;76,15;74,25;70,95;70,12;63,29;58,53;71,32;64,76;64,21;63,11;59,34;58,99;20,0;0,0;26,8;19,5;17,9;14,6;14,1;2,08;0,0;2,61;2,25;2,19;2,07;2,0;1,98;0,0303;0,0148;0,0794;0,0441;0,0401;0,0296;0,0211;0,0194;0,0976;0,0;0,9;0,218;0,131;0,0272;0,00121;0,0;0,00492;0,00201;0,0205;0,0134;0,0106;0,00354;0,00261;0,00244;0,28;0,157;0,496;0,351;0,334;0,277;0,237;0,227;5,85;0,365;31,4;11,0;9,24;5,25;2,8;2,22;-7,13;-17,86;69,13;39,18;33,06;6,15;-14,76;-16,0
RussellSq;RussellSq3;1207;74,43;70,11;80,87;77,12;76,15;74,31;72,46;71,89;72,18;68,51;75,14;73,68;73,39;72,09;70,59;70,1;61,49;59,77;66,08;63,25;62,56;61,11;60,53;60,37;17,8;0,0;21,1;17,4;16,2;15,4;15,3;2,13;0,0;2,57;2,23;2,21;2,13;2,06;2,04;0,0281;0,0152;0,0696;0,0384;0,0355;0,0275;0,0214;0,0201;0,118;0,0;1,31;0,266;0,173;0,0398;0,00729;0,00331;0,00641;0,00248;0,0143;0,0109;0,0102;0,00594;0,00356;0,003;0,284;0,196;0,57;0,352;0,335;0,279;0,238;0,229;6,64;0,32;28,7;13,6;11,0;5,95;2,96;2,37;-4,63;-16,05;68,21;35,95;30,75;6,87;-13,48;-14,6
RussellSq;RussellSq3;1208;74,43;70,11;80,87;77,12;76,15;74,31;72,46;71,89;72,18;68,51;75,14;73,68;73,39;72,09;70,59;70,1;61,49;59,77;66,08;63,25;62,56;61,11;60,53;60,37;17,8;0,0;21,1;17,4;16,2;15,4;15,3;2,13;0,0;2,57;2,23;2,21;2,13;2,06;2,04;0,0281;0,0152;0,0696;0,0384;0,0355;0,0275;0,0214;0,0201;0,118;0,0;1,31;0,266;0,173;0,0398;0,00729;0,00331;0,00641;0,00248;0,0143;0,0109;0,0102;0,00594;0,00356;0,003;0,284;0,196;0,57;0,352;0,335;0,279;0,238;0,229;6,64;0,32;28,7;13,6;11,0;5,95;2,96;2,37;-4,63;-16,05;68,21;35,95;30,75;6,87;-13,48;-14,6
RussellSq;RussellSq3;1198;73,83;70,35;82,67;77,06;75,64;73,08;71,98;71,78;71,67;69,17;75,19;73,16;72,88;71,45;70,47;70,3;67,6;66,03;71,16;68,62;68,27;67,48;66,84;66,6;24,6;0,0;28,6;24,1;22,9;21,7;21,4;3,06;0,0;3,29;3,18;3,15;3,07;2,97;2,94;0,0288;0,0158;0,0553;0,0397;0,0362;0,0281;0,0219;0,0206;0,12;0,0;0,918;0,397;0,179;0,0343;0,00454;0,00101;0,00742;0,00326;0,0235;0,0216;0,0173;0,00492;0,00368;0,00357;0,314;0,223;0,429;0,381;0,361;0,313;0,27;0,255;7,01;0,631;28,9;12,9;10,7;6,46;3,67;2,95;-0,51;5,79;65,52;42,51;39,91;23,84;9,72;7,6
RussellSq;RussellSq3;1189;74,88;69,08;86,62;79,32;77,07;73,09;71,76;71,29;71,3;67,55;78,84;73,17;72,49;70,97;69,6;69,22;59,91;57,85;64,75;61,11;60,59;59,83;59,17;58,93;16,2;0,0;18,4;15,9;14,9;14,1;13,9;2,1;0,0;2,38;2,28;2,25;2,09;2,0;1,98;0,0285;0,0139;0,0927;0,0409;0,0369;0,0274;0,0205;0,0193;0,0919;0,0;0,505;0,189;0,119;0,0149;0,0;0,0;0,00542;0,00229;0,0187;0,0161;0,0116;0,00358;0,00253;0,00241;0,286;0,194;0,609;0,365;0,344;0,278;0,235;0,222;5,09;0,0;42,5;9,58;7,93;4,57;2,3;1,8;-0,69;-18,35;67,54;35,63;28,93;6,67;-15,46;-16,81
RussellSq;RussellSq3;1157;75,73;71,35;80,72;77,67;77,24;75,57;73,65;73,11;73,87;69,84;80,12;75,61;75,23;73,75;71,67;71,2;68,21;62,85;79,99;71,28;69,93;67,21;64,94;64,43;26,1;0,0;34,9;24,9;22,1;19,5;19,0;2,54;0,0;3,24;2,83;2,78;2,51;2,37;2,34;0,0318;0,0146;0,134;0,0459;0,0413;0,0308;0,0228;0,0207;0,319;0,0;2,99;1,32;0,892;0,0965;0,0106;0,00373;0,0145;0,00445;0,0332;0,0264;0,0245;0,0133;0,00654;0,0061;0,293;0,148;0,437;0,382;0,359;0,291;0,238;0,22;9,6;1,0;43,4;20,9;17,2;8,23;4,05;3,25;-2,49;0,17;66,21;44,22;38,47;18,55;2,67;1,63
RussellSq;RussellSq3;1158;75,73;71,35;80,72;77,67;77,24;75,57;73,65;73,11;73,87;69,84;80,12;75,61;75,23;73,75;71,67;71,2;68,21;62,85;79,99;71,28;69,93;67,21;64,94;64,43;26,1;0,0;34,9;24,9;22,1;19,5;19,0;2,54;0,0;3,24;2,83;2,78;2,51;2,37;2,34;0,0318;0,0146;0,134;0,0459;0,0413;0,0308;0,0228;0,0207;0,319;0,0;2,99;1,32;0,892;0,0965;0,0106;0,00373;0,0145;0,00445;0,0332;0,0264;0,0245;0,0133;0,00654;0,0061;0,293;0,148;0,437;0,382;0,359;0,291;0,238;0,22;9,6;1,0;43,4;20,9;17,2;8,23;4,05;3,25;-2,49;0,17;66,21;44,22;38,47;18,55;2,67;1,63
RussellSq;RussellSq3;1190;83,79;72,85;92,32;89,57;87,75;80,17;76,37;75,45;81,66;70,77;89,3;86,9;85,89;78,62;73,78;73,05;71,19;59,74;81,31;77,14;75,29;68,01;60,94;60,63;36,0;0,0;44,6;33,0;22,3;16,2;15,7;1,93;0,0;2,77;2,17;2,12;1,92;1,75;1,73;0,0909;0,016;0,594;0,288;0,221;0,0513;0,0267;0,0235;0,424;0,0;1,32;0,899;0,758;0,371;0,0182;0,0096;0,0158;0,00308;0,0398;0,0307;0,0256;0,0163;0,00418;0,00343;0,299;0,114;0,516;0,404;0,382;0,296;0,229;0,201;9,64;0,423;52,5;18,5;15,9;8,82;4,02;3,12;-6,28;-16,95;80,14;46,0;34,59;6,66;-14,02;-15,3
RussellSq;RussellSq3;1159;78,51;72,22;83,1;81,8;81,5;77,02;73,8;73,36;77,98;70,85;82,79;81,52;81,21;76,47;72,43;71,94;76,08;66,05;81,98;80,33;80,02;72,83;67,39;66,87;37,1;0,0;41,4;36,1;28,9;22,7;22,0;2,68;0,0;3,33;2,84;2,8;2,67;2,55;2,52;0,0449;0,0171;0,118;0,0796;0,0702;0,0402;0,025;0,0226;0,267;0,0;2,04;0,701;0,557;0,193;0,0261;0,0124;0,0495;0,0116;0,117;0,102;0,0925;0,0441;0,0216;0,0171;0,3;0,137;0,49;0,39;0,366;0,298;0,237;0,212;15,3;0,793;74,0;37,3;29,6;12,9;5,98;4,74;-2,46;-0,16;66,01;51,36;38,86;19,93;3,93;1,36
RussellSq;RussellSq3;1161;78,51;72,22;83,1;81,8;81,5;77,02;73,8;73,36;77,98;70,85;82,79;81,52;81,21;76,47;72,43;71,94;76,08;66,05;81,98;80,33;80,02;72,83;67,39;66,87;37,1;0,0;41,4;36,1;28,9;22,7;22,0;2,68;0,0;3,33;2,84;2,8;2,67;2,55;2,52;0,0449;0,0171;0,118;0,0796;0,0702;0,0402;0,025;0,0226;0,267;0,0;2,04;0,701;0,557;0,193;0,0261;0,0124;0,0495;0,0116;0,117;0,102;0,0925;0,0441;0,0216;0,0171;0,3;0,137;0,49;0,39;0,366;0,298;0,237;0,212;15,3;0,793;74,0;37,3;29,6;12,9;5,98;4,74;-2,46;-0,16;66,01;51,36;38,86;19,93;3,93;1,36
RussellSq;RussellSq3;1191;75,06;69,62;83,14;77,98;77,25;74,47;72,3;71,88;72,74;67,82;78,19;75,78;74,65;72,17;70,42;70,01;61,09;58,5;63,05;62,16;61,95;61,18;59,72;59,52;18,6;0,0;20,9;18,1;16,9;15,5;15,1;2,34;0,0;2,56;2,46;2,43;2,35;2,25;2,23;0,0268;0,0141;0,0549;0,0364;0,0338;0,0264;0,0204;0,0186;0,127;0,0;1,03;0,333;0,196;0,0218;0,000567;0,0;0,00388;0,00248;0,0129;0,00543;0,005;0,00375;0,00294;0,00286;0,271;0,182;0,395;0,333;0,315;0,27;0,23;0,216;5,25;0,0056;22,4;9,38;8,25;4,97;2,6;2,01;-3,69;-14,99;67,85;34,88;30,61;12,47;-11,58;-13,74
RussellSq;RussellSq3;1199;75,06;69,62;83,14;77,98;77,25;74,47;72,3;71,88;72,74;67,82;78,19;75,78;74,65;72,17;70,42;70,01;61,09;58,5;63,05;62,16;61,95;61,18;59,72;59,52;18,6;0,0;20,9;18,1;16,9;15,5;15,1;2,34;0,0;2,56;2,46;2,43;2,35;2,25;2,23;0,0268;0,0141;0,0549;0,0364;0,0338;0,0264;0,0204;0,0186;0,127;0,0;1,03;0,333;0,196;0,0218;0,000567;0,0;0,00388;0,00248;0,0129;0,00543;0,005;0,00375;0,00294;0,00286;0,271;0,182;0,395;0,333;0,315;0,27;0,23;0,216;5,25;0,0056;22,4;9,38;8,25;4,97;2,6;2,01;-3,69;-14,99;67,85;34,88;30,61;12,47;-11,58;-13,74
RussellSq;RussellSq3;1214;75,06;69,62;83,14;77,98;77,25;74,47;72,3;71,88;72,74;67,82;78,19;75,78;74,65;72,17;70,42;70,01;61,09;58,5;63,05;62,16;61,95;61,18;59,72;59,52;18,6;0,0;20,9;18,1;16,9;15,5;15,1;2,34;0,0;2,56;2,46;2,43;2,35;2,25;2,23;0,0268;0,0141;0,0549;0,0364;0,0338;0,0264;0,0204;0,0186;0,127;0,0;1,03;0,333;0,196;0,0218;0,000567;0,0;0,00388;0,00248;0,0129;0,00543;0,005;0,00375;0,00294;0,00286;0,271;0,182;0,395;0,333;0,315;0,27;0,23;0,216;5,25;0,0056;22,4;9,38;8,25;4,97;2,6;2,01;-3,69;-14,99;67,85;34,88;30,61;12,47;-11,58;-13,74
RussellSq;RussellSq3;1200;73,04;69,38;78,0;75,22;74,48;72,75;71,22;70,62;71,08;67,69;76,31;73,84;72,91;70,73;69,39;68,99;63,64;58,26;74,34;69,23;66,55;60,56;59,18;58,96;22,9;0,0;32,8;19,3;15,6;14,6;14,4;2,31;0,0;3,32;2,63;2,48;2,31;2,24;2,22;0,0253;0,0128;0,0566;0,0354;0,0323;0,0249;0,0186;0,0171;0,302;0,0;2,65;0,964;0,706;0,111;0,0182;0,0106;0,0233;0,00369;0,0707;0,0572;0,0507;0,0148;0,0063;0,00511;0,291;0,179;0,504;0,403;0,37;0,283;0,23;0,213;10,6;0,133;62,7;28,1;22,1;7,78;3,33;2,5;-4,87;-9,41;66,17;37,7;32,31;10,84;-5,13;-6,34
RussellSq;RussellSq3;1163;73,19;70,26;77,59;75,2;74,54;72,91;71,56;71,15;71,4;68,75;76,97;73,66;72,77;70,95;69,83;69,52;68,0;65,96;75,68;70,27;69,19;67,27;66,65;66,54;25,8;0,0;32,0;24,4;21,9;20,7;20,5;2,92;0,0;3,16;3,05;3,03;2,93;2,8;2,74;0,0289;0,0153;0,0598;0,0408;0,0377;0,0279;0,0213;0,0198;0,157;0,0;2,44;0,581;0,331;0,041;0,00709;0,00286;0,0134;0,00451;0,0349;0,0273;0,0219;0,0124;0,00606;0,00475;0,31;0,207;0,457;0,381;0,361;0,312;0,256;0,239;9,17;0,615;39,6;19,8;16,0;7,77;4,19;3,39;-2,56;3,63;64,33;42,81;40,03;22,1;5,65;4,79
RussellSq;RussellSq3;1166;73,96;70,67;78,18;75,8;75,35;73,77;72,29;71,98;72,49;69,57;77,73;74,22;73,74;72,33;70,95;70,68;68,79;65,32;78,4;71,93;70,71;67,71;66,69;66,48;26,2;0,0;34,5;25,2;22,5;21,2;20,8;2,82;0,0;3,66;2,96;2,91;2,81;2,73;2,7;0,03;0,0144;0,0769;0,0417;0,0389;0,0293;0,0218;0,0204;0,305;0,0;3,92;1,04;0,617;0,0728;0,0113;0,0041;0,0108;0,00436;0,0252;0,021;0,0184;0,00938;0,00534;0,00494;0,31;0,174;0,689;0,383;0,356;0,305;0,26;0,247;9,24;0,694;42,7;19,1;15,8;8,0;4,23;3,43;-3,37;2,48;65,31;43,34;41,05;20,55;5,2;3,73
RussellSq;RussellSq3;1192;74,67;70,28;79,0;77,14;76,58;74,2;72,3;71,85;72,56;68,75;77,12;74,81;74,32;72,12;70,53;70,17;61,2;58,13;67,05;64,15;63,38;60,32;59,02;58,76;18,4;0,0;22,5;17,8;15,0;13,8;13,6;1,87;0,0;2,37;2,0;1,96;1,86;1,79;1,77;0,0288;0,0147;0,0614;0,0404;0,0375;0,0281;0,0212;0,0196;0,118;0,0;1,01;0,321;0,182;0,0431;0,00576;0,00246;0,00696;0,00333;0,0234;0,0178;0,0143;0,00548;0,00414;0,00385;0,283;0,17;0,491;0,355;0,336;0,282;0,231;0,217;6,68;0,241;32,3;12,4;10,4;6,14;3,22;2,57;-2,53;-15,48;69,19;35,0;28,88;4,26;-13,11;-14,16
RussellSq;RussellSq3;1213;74,67;70,28;79,0;77,14;76,58;74,2;72,3;71,85;72,56;68,75;77,12;74,81;74,32;72,12;70,53;70,17;61,2;58,13;67,05;64,15;63,38;60,32;59,02;58,76;18,4;0,0;22,5;17,8;15,0;13,8;13,6;1,87;0,0;2,37;2,0;1,96;1,86;1,79;1,77;0,0288;0,0147;0,0614;0,0404;0,0375;0,0281;0,0212;0,0196;0,118;0,0;1,01;0,321;0,182;0,0431;0,00576;0,00246;0,00696;0,00333;0,0234;0,0178;0,0143;0,00548;0,00414;0,00385;0,283;0,17;0,491;0,355;0,336;0,282;0,231;0,217;6,68;0,241;32,3;12,4;10,4;6,14;3,22;2,57;-2,53;-15,48;69,19;35,0;28,88;4,26;-13,11;-14,16
RussellSq;RussellSq3;1217;74,67;70,28;79,0;77,14;76,58;74,2;72,3;71,85;72,56;68,75;77,12;74,81;74,32;72,12;70,53;70,17;61,2;58,13;67,05;64,15;63,38;60,32;59,02;58,76;18,4;0,0;22,5;17,8;15,0;13,8;13,6;1,87;0,0;2,37;2,0;1,96;1,86;1,79;1,77;0,0288;0,0147;0,0614;0,0404;0,0375;0,0281;0,0212;0,0196;0,118;0,0;1,01;0,321;0,182;0,0431;0,00576;0,00246;0,00696;0,00333;0,0234;0,0178;0,0143;0,00548;0,00414;0,00385;0,283;0,17;0,491;0,355;0,336;0,282;0,231;0,217;6,68;0,241;32,3;12,4;10,4;6,14;3,22;2,57;-2,53;-15,48;69,19;35,0;28,88;4,26;-13,11;-14,16
RussellSq;RussellSq3;1167;77,88;71,67;91,99;81,12;79,74;76,65;74,57;73,99;74,18;70,35;83,92;76,39;75,57;73,79;72,16;71,78;67,46;64,92;79,31;69,11;68,26;66,78;65,93;65,73;24,8;0,0;36,7;24,1;22,4;21,1;20,8;2,87;0,0;3,23;3,03;2,99;2,87;2,77;2,74;0,0299;0,0147;0,0618;0,0424;0,0384;0,0292;0,0222;0,0206;0,1;0,0;1,19;0,238;0,176;0,0329;0,00251;0,0;0,00916;0,00314;0,157;0,0125;0,0114;0,00571;0,00378;0,00357;0,327;0,207;0,633;0,473;0,385;0,317;0,269;0,256;7,52;0,403;81,0;14,6;11,8;6,5;3,57;2,94;-0,61;3,25;70,74;41,76;39,13;22,49;6,29;4,62
RussellSq;RussellSq3;1168;77,77;70,91;86,27;81,99;80,29;76,74;73,52;72,88;74,08;69,55;81,55;79,18;76,85;72,78;71,12;70,8;68,25;64,78;75,99;70,89;69,95;67,32;66,07;65,77;26,1;0,0;38,5;25,1;22,3;20,8;20,4;2,75;0,0;3,21;2,9;2,86;2,76;2,64;2,6;0,0313;0,0145;0,163;0,0471;0,0401;0,0284;0,0214;0,0195;0,167;0,0;1,3;0,53;0,324;0,0675;0,00798;0,00318;0,0219;0,00655;0,101;0,0725;0,04;0,0164;0,00755;0,00697;0,323;0,21;0,942;0,412;0,389;0,317;0,26;0,248;10,8;0,767;74,0;25,8;19,5;8,5;4,47;3,66;-0,49;-0,21;71,78;42,57;39,25;19,78;3,9;1,91
RussellSq;RussellSq3;1193;74,36;70,5;79,77;77,26;76,74;73,64;71,91;71,62;72,64;68,5;79,07;76,2;75,7;71,62;69,86;69,51;61,73;59,01;66,71;64,41;63,64;61,13;59,96;59,69;19,7;0,0;22,2;19,0;16,1;14,9;14,6;2,1;0,0;2,44;2,23;2,21;2,11;1,96;1,91;0,0311;0,015;0,0807;0,0468;0,0419;0,0298;0,0217;0,0202;0,187;0,0;1,66;0,589;0,362;0,0499;0,00887;0,004;0,00718;0,00332;0,0233;0,0115;0,00998;0,00649;0,00434;0,00392;0,275;0,167;0,405;0,352;0,331;0,273;0,226;0,214;6,74;0,25;42,2;12,9;10,8;6,16;3,16;2,56;-4,82;-17,7;67,26;35,35;29,45;8,88;-14,34;-15,83
RussellSq;RussellSq3;1202;74,36;70,5;79,77;77,26;76,74;73,64;71,91;71,62;72,64;68,5;79,07;76,2;75,7;71,62;69,86;69,51;61,73;59,01;66,71;64,41;63,64;61,13;59,96;59,69;19,7;0,0;22,2;19,0;16,1;14,9;14,6;2,1;0,0;2,44;2,23;2,21;2,11;1,96;1,91;0,0311;0,015;0,0807;0,0468;0,0419;0,0298;0,0217;0,0202;0,187;0,0;1,66;0,589;0,362;0,0499;0,00887;0,004;0,00718;0,00332;0,0233;0,0115;0,00998;0,00649;0,00434;0,00392;0,275;0,167;0,405;0,352;0,331;0,273;0,226;0,214;6,74;0,25;42,2;12,9;10,8;6,16;3,16;2,56;-4,82;-17,7;67,26;35,35;29,45;8,88;-14,34;-15,83
RussellSq;RussellSq3;1170;76,92;72,66;82,15;80,13;79,64;75,76;73,82;73,52;75,58;71,5;81,4;79,73;79,16;73,74;72,47;72,24;69,46;67,69;73,13;71,43;70,59;69,17;68,52;68,33;31,7;0,0;36,2;30,6;25,8;24,3;24,0;3,0;0,0;3,26;3,17;3,14;3,04;2,81;2,76;0,0352;0,0169;0,134;0,0634;0,0471;0,0315;0,0238;0,0219;0,128;0,0;0,811;0,354;0,243;0,0687;0,00845;0,00277;0,00636;0,00387;0,0152;0,0098;0,00879;0,00626;0,00421;0,00409;0,319;0,221;0,495;0,401;0,376;0,315;0,269;0,256;7,39;0,558;27,7;13,0;11,4;7,02;4,06;3,31;-4,39;6,79;66,26;44,46;41,6;25,29;9,58;8,21
RussellSq;RussellSq3;1203;72,65;69,43;76,96;74,43;73,92;72,45;71,21;70,87;70,86;67,99;74,76;72,73;72,2;70,6;69,34;69,06;62,1;59,95;67,15;64,54;63,97;61,61;60,6;60,4;19,4;0,0;23,0;18,7;17,1;16,1;15,8;2,5;0,0;3,57;3,02;2,72;2,45;2,36;2,34;0,0261;0,0131;0,0549;0,0369;0,0338;0,0255;0,0195;0,0182;0,123;0,0;1,16;0,331;0,22;0,0298;0,00372;0,000742;0,0083;0,00314;0,0367;0,0261;0,0194;0,00638;0,00401;0,00349;0,313;0,212;0,855;0,539;0,421;0,289;0,242;0,233;7,56;0,219;39,4;20,8;14,0;6,22;3,05;2,4;-3,55;-10,85;65,26;35,27;31,15;13,41;-8,23;-9,09
RussellSq;RussellSq3;1211;72,65;69,43;76,96;74,43;73,92;72,45;71,21;70,87;70,86;67,99;74,76;72,73;72,2;70,6;69,34;69,06;62,1;59,95;67,15;64,54;63,97;61,61;60,6;60,4;19,4;0,0;23,0;18,7;17,1;16,1;15,8;2,5;0,0;3,57;3,02;2,72;2,45;2,36;2,34;0,0261;0,0131;0,0549;0,0369;0,0338;0,0255;0,0195;0,0182;0,123;0,0;1,16;0,331;0,22;0,0298;0,00372;0,000742;0,0083;0,00314;0,0367;0,0261;0,0194;0,00638;0,00401;0,00349;0,313;0,212;0,855;0,539;0,421;0,289;0,242;0,233;7,56;0,219;39,4;20,8;14,0;6,22;3,05;2,4;-3,55;-10,85;65,26;35,27;31,15;13,41;-8,23;-9,09
RussellSq;RussellSq3;1212;72,65;69,43;76,96;74,43;73,92;72,45;71,21;70,87;70,86;67,99;74,76;72,73;72,2;70,6;69,34;69,06;62,1;59,95;67,15;64,54;63,97;61,61;60,6;60,4;19,4;0,0;23,0;18,7;17,1;16,1;15,8;2,5;0,0;3,57;3,02;2,72;2,45;2,36;2,34;0,0261;0,0131;0,0549;0,0369;0,0338;0,0255;0,0195;0,0182;0,123;0,0;1,16;0,331;0,22;0,0298;0,00372;0,000742;0,0083;0,00314;0,0367;0,0261;0,0194;0,00638;0,00401;0,00349;0,313;0,212;0,855;0,539;0,421;0,289;0,242;0,233;7,56;0,219;39,4;20,8;14,0;6,22;3,05;2,4;-3,55;-10,85;65,26;35,27;31,15;13,41;-8,23;-9,09
RussellSq;RussellSq3;1171;73,39;69,02;83,41;76,11;74,83;72,56;70,83;70,44;71,1;67,6;76,98;73,24;72,64;70,77;69,19;68,83;63,05;59,47;70,29;65,84;64,83;62,4;60,94;60,69;19,6;0,0;26,0;18,7;16,4;15,0;14,7;1,98;0,0;2,71;2,2;2,09;1,96;1,87;1,85;0,0317;0,0143;0,108;0,049;0,0426;0,0297;0,022;0,0203;0,154;0,0;1,38;0,435;0,305;0,0951;0,0174;0,00935;0,0193;0,00895;0,0655;0,0398;0,0284;0,0172;0,0113;0,00978;0,369;0,182;0,953;0,669;0,562;0,327;0,252;0,234;10,5;0,529;50,0;22,7;18,6;8,95;4,5;3,6;-3,91;-10,93;65,4;36,78;31,56;7,83;-7,84;-8,85
RussellSq;RussellSq3;1172;73,39;69,02;83,41;76,11;74,83;72,56;70,83;70,44;71,1;67,6;76,98;73,24;72,64;70,77;69,19;68,83;63,05;59,47;70,29;65,84;64,83;62,4;60,94;60,69;19,6;0,0;26,0;18,7;16,4;15,0;14,7;1,98;0,0;2,71;2,2;2,09;1,96;1,87;1,85;0,0317;0,0143;0,108;0,049;0,0426;0,0297;0,022;0,0203;0,154;0,0;1,38;0,435;0,305;0,0951;0,0174;0,00935;0,0193;0,00895;0,0655;0,0398;0,0284;0,0172;0,0113;0,00978;0,369;0,182;0,953;0,669;0,562;0,327;0,252;0,234;10,5;0,529;50,0;22,7;18,6;8,95;4,5;3,6;-3,91;-10,93;65,4;36,78;31,56;7,83;-7,84;-8,85
RussellSq;RussellSq3;1173;73,39;69,02;83,41;76,11;74,83;72,56;70,83;70,44;71,1;67,6;76,98;73,24;72,64;70,77;69,19;68,83;63,05;59,47;70,29;65,84;64,83;62,4;60,94;60,69;19,6;0,0;26,0;18,7;16,4;15,0;14,7;1,98;0,0;2,71;2,2;2,09;1,96;1,87;1,85;0,0317;0,0143;0,108;0,049;0,0426;0,0297;0,022;0,0203;0,154;0,0;1,38;0,435;0,305;0,0951;0,0174;0,00935;0,0193;0,00895;0,0655;0,0398;0,0284;0,0172;0,0113;0,00978;0,369;0,182;0,953;0,669;0,562;0,327;0,252;0,234;10,5;0,529;50,0;22,7;18,6;8,95;4,5;3,6;-3,91;-10,93;65,4;36,78;31,56;7,83;-7,84;-8,85
RussellSq;RussellSq3;1174;73,39;69,02;83,41;76,11;74,83;72,56;70,83;70,44;71,1;67,6;76,98;73,24;72,64;70,77;69,19;68,83;63,05;59,47;70,29;65,84;64,83;62,4;60,94;60,69;19,6;0,0;26,0;18,7;16,4;15,0;14,7;1,98;0,0;2,71;2,2;2,09;1,96;1,87;1,85;0,0317;0,0143;0,108;0,049;0,0426;0,0297;0,022;0,0203;0,154;0,0;1,38;0,435;0,305;0,0951;0,0174;0,00935;0,0193;0,00895;0,0655;0,0398;0,0284;0,0172;0,0113;0,00978;0,369;0,182;0,953;0,669;0,562;0,327;0,252;0,234;10,5;0,529;50,0;22,7;18,6;8,95;4,5;3,6;-3,91;-10,93;65,4;36,78;31,56;7,83;-7,84;-8,85
RussellSq;RussellSq3;1194;73,39;69,02;83,41;76,11;74,83;72,56;70,83;70,44;71,1;67,6;76,98;73,24;72,64;70,77;69,19;68,83;63,05;59,47;70,29;65,84;64,83;62,4;60,94;60,69;19,6;0,0;26,0;18,7;16,4;15,0;14,7;1,98;0,0;2,71;2,2;2,09;1,96;1,87;1,85;0,0317;0,0143;0,108;0,049;0,0426;0,0297;0,022;0,0203;0,154;0,0;1,38;0,435;0,305;0,0951;0,0174;0,00935;0,0193;0,00895;0,0655;0,0398;0,0284;0,0172;0,0113;0,00978;0,369;0,182;0,953;0,669;0,562;0,327;0,252;0,234;10,5;0,529;50,0;22,7;18,6;8,95;4,5;3,6;-3,91;-10,93;65,4;36,78;31,56;7,83;-7,84;-8,85
RussellSq;RussellSq3;1204;73,39;69,02;83,41;76,11;74,83;72,56;70,83;70,44;71,1;67,6;76,98;73,24;72,64;70,77;69,19;68,83;63,05;59,47;70,29;65,84;64,83;62,4;60,94;60,69;19,6;0,0;26,0;18,7;16,4;15,0;14,7;1,98;0,0;2,71;2,2;2,09;1,96;1,87;1,85;0,0317;0,0143;0,108;0,049;0,0426;0,0297;0,022;0,0203;0,154;0,0;1,38;0,435;0,305;0,0951;0,0174;0,00935;0,0193;0,00895;0,0655;0,0398;0,0284;0,0172;0,0113;0,00978;0,369;0,182;0,953;0,669;0,562;0,327;0,252;0,234;10,5;0,529;50,0;22,7;18,6;8,95;4,5;3,6;-3,91;-10,93;65,4;36,78;31,56;7,83;-7,84;-8,85
RussellSq;RussellSq3;1210;73,39;69,02;83,41;76,11;74,83;72,56;70,83;70,44;71,1;67,6;76,98;73,24;72,64;70,77;69,19;68,83;63,05;59,47;70,29;65,84;64,83;62,4;60,94;60,69;19,6;0,0;26,0;18,7;16,4;15,0;14,7;1,98;0,0;2,71;2,2;2,09;1,96;1,87;1,85;0,0317;0,0143;0,108;0,049;0,0426;0,0297;0,022;0,0203;0,154;0,0;1,38;0,435;0,305;0,0951;0,0174;0,00935;0,0193;0,00895;0,0655;0,0398;0,0284;0,0172;0,0113;0,00978;0,369;0,182;0,953;0,669;0,562;0,327;0,252;0,234;10,5;0,529;50,0;22,7;18,6;8,95;4,5;3,6;-3,91;-10,93;65,4;36,78;31,56;7,83;-7,84;-8,85
RussellSq;RussellSq3;1216;73,39;69,02;83,41;76,11;74,83;72,56;70,83;70,44;71,1;67,6;76,98;73,24;72,64;70,77;69,19;68,83;63,05;59,47;70,29;65,84;64,83;62,4;60,94;60,69;19,6;0,0;26,0;18,7;16,4;15,0;14,7;1,98;0,0;2,71;2,2;2,09;1,96;1,87;1,85;0,0317;0,0143;0,108;0,049;0,0426;0,0297;0,022;0,0203;0,154;0,0;1,38;0,435;0,305;0,0951;0,0174;0,00935;0,0193;0,00895;0,0655;0,0398;0,0284;0,0172;0,0113;0,00978;0,369;0,182;0,953;0,669;0,562;0,327;0,252;0,234;10,5;0,529;50,0;22,7;18,6;8,95;4,5;3,6;-3,91;-10,93;65,4;36,78;31,56;7,83;-7,84;-8,85
RussellSq;RussellSq3;1175;74,25;70,03;79,33;77,01;76,07;73,72;72,21;71,88;72,81;68,77;78,22;75,68;74,6;72,27;70,67;70,27;63,53;59,65;74,34;66,97;65,47;62,39;60,66;60,36;20,1;0,0;28,4;18,9;16,5;15,1;14,9;1,94;0,0;2,43;2,04;2,01;1,94;1,88;1,86;0,0307;0,0142;0,0977;0,044;0,0395;0,0294;0,0219;0,0203;0,266;0,0;1,85;0,741;0,576;0,185;0,0404;0,0225;0,0236;0,00651;0,0795;0,0628;0,0542;0,0155;0,00881;0,00832;0,278;0,152;0,686;0,398;0,351;0,267;0,213;0,195;10,0;0,632;60,9;22,9;17,5;8,26;4,33;3,51;-6,49;-13,72;66,39;37,65;30,07;7,26;-10,04;-11,45
RussellSq;RussellSq3;1176;74,25;70,03;79,33;77,01;76,07;73,72;72,21;71,88;72,81;68,77;78,22;75,68;74,6;72,27;70,67;70,27;63,53;59,65;74,34;66,97;65,47;62,39;60,66;60,36;20,1;0,0;28,4;18,9;16,5;15,1;14,9;1,94;0,0;2,43;2,04;2,01;1,94;1,88;1,86;0,0307;0,0142;0,0977;0,044;0,0395;0,0294;0,0219;0,0203;0,266;0,0;1,85;0,741;0,576;0,185;0,0404;0,0225;0,0236;0,00651;0,0795;0,0628;0,0542;0,0155;0,00881;0,00832;0,278;0,152;0,686;0,398;0,351;0,267;0,213;0,195;10,0;0,632;60,9;22,9;17,5;8,26;4,33;3,51;-6,49;-13,72;66,39;37,65;30,07;7,26;-10,04;-11,45
RussellSq;RussellSq3;1177;74,25;70,03;79,33;77,01;76,07;73,72;72,21;71,88;72,81;68,77;78,22;75,68;74,6;72,27;70,67;70,27;63,53;59,65;74,34;66,97;65,47;62,39;60,66;60,36;20,1;0,0;28,4;18,9;16,5;15,1;14,9;1,94;0,0;2,43;2,04;2,01;1,94;1,88;1,86;0,0307;0,0142;0,0977;0,044;0,0395;0,0294;0,0219;0,0203;0,266;0,0;1,85;0,741;0,576;0,185;0,0404;0,0225;0,0236;0,00651;0,0795;0,0628;0,0542;0,0155;0,00881;0,00832;0,278;0,152;0,686;0,398;0,351;0,267;0,213;0,195;10,0;0,632;60,9;22,9;17,5;8,26;4,33;3,51;-6,49;-13,72;66,39;37,65;30,07;7,26;-10,04;-11,45
RussellSq;RussellSq3;1195;74,25;70,03;79,33;77,01;76,07;73,72;72,21;71,88;72,81;68,77;78,22;75,68;74,6;72,27;70,67;70,27;63,53;59,65;74,34;66,97;65,47;62,39;60,66;60,36;20,1;0,0;28,4;18,9;16,5;15,1;14,9;1,94;0,0;2,43;2,04;2,01;1,94;1,88;1,86;0,0307;0,0142;0,0977;0,044;0,0395;0,0294;0,0219;0,0203;0,266;0,0;1,85;0,741;0,576;0,185;0,0404;0,0225;0,0236;0,00651;0,0795;0,0628;0,0542;0,0155;0,00881;0,00832;0,278;0,152;0,686;0,398;0,351;0,267;0,213;0,195;10,0;0,632;60,9;22,9;17,5;8,26;4,33;3,51;-6,49;-13,72;66,39;37,65;30,07;7,26;-10,04;-11,45
RussellSq;RussellSq3;1205;74,25;70,03;79,33;77,01;76,07;73,72;72,21;71,88;72,81;68,77;78,22;75,68;74,6;72,27;70,67;70,27;63,53;59,65;74,34;66,97;65,47;62,39;60,66;60,36;20,1;0,0;28,4;18,9;16,5;15,1;14,9;1,94;0,0;2,43;2,04;2,01;1,94;1,88;1,86;0,0307;0,0142;0,0977;0,044;0,0395;0,0294;0,0219;0,0203;0,266;0,0;1,85;0,741;0,576;0,185;0,0404;0,0225;0,0236;0,00651;0,0795;0,0628;0,0542;0,0155;0,00881;0,00832;0,278;0,152;0,686;0,398;0,351;0,267;0,213;0,195;10,0;0,632;60,9;22,9;17,5;8,26;4,33;3,51;-6,49;-13,72;66,39;37,65;30,07;7,26;-10,04;-11,45
RussellSq;RussellSq3;1209;74,25;70,03;79,33;77,01;76,07;73,72;72,21;71,88;72,81;68,77;78,22;75,68;74,6;72,27;70,67;70,27;63,53;59,65;74,34;66,97;65,47;62,39;60,66;60,36;20,1;0,0;28,4;18,9;16,5;15,1;14,9;1,94;0,0;2,43;2,04;2,01;1,94;1,88;1,86;0,0307;0,0142;0,0977;0,044;0,0395;0,0294;0,0219;0,0203;0,266;0,0;1,85;0,741;0,576;0,185;0,0404;0,0225;0,0236;0,00651;0,0795;0,0628;0,0542;0,0155;0,00881;0,00832;0,278;0,152;0,686;0,398;0,351;0,267;0,213;0,195;10,0;0,632;60,9;22,9;17,5;8,26;4,33;3,51;-6,49;-13,72;66,39;37,65;30,07;7,26;-10,04;-11,45
RussellSq;RussellSq3;1178;75,15;70,79;80,35;77,96;77,03;74,57;73,0;72,69;73,68;70,13;80,21;76,54;75,66;73,09;71,23;70,92;68,26;64,69;76,41;71,73;70,6;67,22;65,59;65,39;28,1;0,0;35,8;26,5;22,6;20,7;20,3;2,71;0,0;3,13;2,88;2,85;2,74;2,49;2,44;0,0278;0,0141;0,0713;0,0408;0,0367;0,0271;0,0204;0,0187;0,223;0,0;1,81;0,715;0,507;0,0796;0,0112;0,00503;0,0207;0,00678;0,0522;0,0419;0,0315;0,0195;0,0107;0,00933;0,292;0,145;0,497;0,391;0,364;0,291;0,23;0,209;11,5;0,565;58,0;26,7;21,7;9,22;4,31;3,54;-1,87;2,1;65,71;42,32;38,38;21,14;4,77;3,48
RussellSq;RussellSq3;1206;75,15;70,79;80,35;77,96;77,03;74,57;73,0;72,69;73,68;70,13;80,21;76,54;75,66;73,09;71,23;70,92;68,26;64,69;76,41;71,73;70,6;67,22;65,59;65,39;28,1;0,0;35,8;26,5;22,6;20,7;20,3;2,71;0,0;3,13;2,88;2,85;2,74;2,49;2,44;0,0278;0,0141;0,0713;0,0408;0,0367;0,0271;0,0204;0,0187;0,223;0,0;1,81;0,715;0,507;0,0796;0,0112;0,00503;0,0207;0,00678;0,0522;0,0419;0,0315;0,0195;0,0107;0,00933;0,292;0,145;0,497;0,391;0,364;0,291;0,23;0,209;11,5;0,565;58,0;26,7;21,7;9,22;4,31;3,54;-1,87;2,1;65,71;42,32;38,38;21,14;4,77;3,48
RussellSq;RussellSq3;1179;74,91;70,6;83,13;79,08;77,04;73,89;72,3;71,89;72,06;69,38;76,57;74,07;73,37;71,73;70,64;70,36;67,88;66,33;70,55;68,46;68,32;67,91;67,35;67,23;24,6;0,0;27,2;24,3;23,2;22,2;21,9;3,04;0,0;3,35;3,16;3,13;3,03;2,95;2,92;0,0291;0,0147;0,0539;0,0407;0,0371;0,0282;0,022;0,0203;0,0576;0,0;0,331;0,115;0,0751;0,022;0,00203;0,0;0,00586;0,0026;0,0168;0,0111;0,00953;0,00524;0,00349;0,00329;0,321;0,239;0,426;0,382;0,366;0,32;0,273;0,264;6,47;0,584;42,8;11,3;9,78;5,99;3,42;2,78;-0,74;5,35;67,17;43,15;39,98;23,68;7,27;6,45
RussellSq;RussellSq3;1180;74,91;70,6;83,13;79,08;77,04;73,89;72,3;71,89;72,06;69,38;76,57;74,07;73,37;71,73;70,64;70,36;67,88;66,33;70,55;68,46;68,32;67,91;67,35;67,23;24,6;0,0;27,2;24,3;23,2;22,2;21,9;3,04;0,0;3,35;3,16;3,13;3,03;2,95;2,92;0,0291;0,0147;0,0539;0,0407;0,0371;0,0282;0,022;0,0203;0,0576;0,0;0,331;0,115;0,0751;0,022;0,00203;0,0;0,00586;0,0026;0,0168;0,0111;0,00953;0,00524;0,00349;0,00329;0,321;0,239;0,426;0,382;0,366;0,32;0,273;0,264;6,47;0,584;42,8;11,3;9,78;5,99;3,42;2,78;-0,74;5,35;67,17;43,15;39,98;23,68;7,27;6,45
RussellSq;RussellSq3;1181;80,69;70,81;91,3;86,27;83,85;77,81;72,69;72,2;74,3;67,61;82,54;79,27;77,74;71,84;69,64;69,24;61,75;60,34;66,97;62,92;62,44;61,58;60,89;60,74;18,3;0,0;21,0;17,9;17,0;16,2;16,0;2,6;0,0;2,85;2,72;2,69;2,6;2,51;2,49;0,0266;0,0145;0,0583;0,0366;0,0338;0,0263;0,0197;0,0184;0,0909;0,0;1,16;0,191;0,106;0,0162;0,000304;0,0;0,00546;0,0024;0,022;0,0114;0,00933;0,00477;0,00321;0,00292;0,296;0,214;0,422;0,367;0,351;0,294;0,245;0,235;5,79;0,238;28,7;10,7;9,21;5,34;2,79;2,25;-0,86;-6,02;76,45;37,94;31,57;17,74;-2,62;-4,67
RussellSq;RussellSq3;1182;80,69;70,81;91,3;86,27;83,85;77,81;72,69;72,2;74,3;67,61;82,54;79,27;77,74;71,84;69,64;69,24;61,75;60,34;66,97;62,92;62,44;61,58;60,89;60,74;18,3;0,0;21,0;17,9;17,0;16,2;16,0;2,6;0,0;2,85;2,72;2,69;2,6;2,51;2,49;0,0266;0,0145;0,0583;0,0366;0,0338;0,0263;0,0197;0,0184;0,0909;0,0;1,16;0,191;0,106;0,0162;0,000304;0,0;0,00546;0,0024;0,022;0,0114;0,00933;0,00477;0,00321;0,00292;0,296;0,214;0,422;0,367;0,351;0,294;0,245;0,235;5,79;0,238;28,7;10,7;9,21;5,34;2,79;2,25;-0,86;-6,02;76,45;37,94;31,57;17,74;-2,62;-4,67
RussellSq;RussellSq3;1196;80,69;70,81;91,3;86,27;83,85;77,81;72,69;72,2;74,3;67,61;82,54;79,27;77,74;71,84;69,64;69,24;61,75;60,34;66,97;62,92;62,44;61,58;60,89;60,74;18,3;0,0;21,0;17,9;17,0;16,2;16,0;2,6;0,0;2,85;2,72;2,69;2,6;2,51;2,49;0,0266;0,0145;0,0583;0,0366;0,0338;0,0263;0,0197;0,0184;0,0909;0,0;1,16;0,191;0,106;0,0162;0,000304;0,0;0,00546;0,0024;0,022;0,0114;0,00933;0,00477;0,00321;0,00292;0,296;0,214;0,422;0,367;0,351;0,294;0,245;0,235;5,79;0,238;28,7;10,7;9,21;5,34;2,79;2,25;-0,86;-6,02;76,45;37,94;31,57;17,74;-2,62;-4,67
RussellSq;RussellSq3;1183;75,3;71,77;80,34;78,06;77,3;74,74;73,18;72,91;74,27;70,67;79,95;77,37;76,59;73,52;71,91;71,67;69,42;66,42;76,05;70,63;70,16;69,28;68,07;67,56;28,5;0,0;36,2;27,9;25,9;23,8;23,0;3,08;0,0;3,38;3,25;3,22;3,1;2,94;2,87;0,0301;0,0151;0,12;0,0413;0,0384;0,0291;0,0226;0,0208;0,15;0,0;1,03;0,478;0,314;0,0566;0,0111;0,00556;0,0163;0,00455;0,0824;0,0501;0,0319;0,0118;0,00559;0,00486;0,309;0,201;0,5;0,382;0,358;0,306;0,261;0,249;8,76;0,178;50,4;18,4;14,4;7,6;4,15;3,41;-2,85;8,33;64,58;44,34;41,31;25,18;10,35;9,15
RussellSq;RussellSq3;1184;75,3;71,77;80,34;78,06;77,3;74,74;73,18;72,91;74,27;70,67;79,95;77,37;76,59;73,52;71,91;71,67;69,42;66,42;76,05;70,63;70,16;69,28;68,07;67,56;28,5;0,0;36,2;27,9;25,9;23,8;23,0;3,08;0,0;3,38;3,25;3,22;3,1;2,94;2,87;0,0301;0,0151;0,12;0,0413;0,0384;0,0291;0,0226;0,0208;0,15;0,0;1,03;0,478;0,314;0,0566;0,0111;0,00556;0,0163;0,00455;0,0824;0,0501;0,0319;0,0118;0,00559;0,00486;0,309;0,201;0,5;0,382;0,358;0,306;0,261;0,249;8,76;0,178;50,4;18,4;14,4;7,6;4,15;3,41;-2,85;8,33;64,58;44,34;41,31;25,18;10,35;9,15
RussellSq;RussellSq3;1197;73,44;69,95;78,09;76,01;75,3;72,92;71,34;70,96;70,95;67,92;74,8;73,07;72,41;70,6;69,34;68,98;62,01;58,93;71,4;65,29;64,14;60,47;59,43;59,31;17,9;0,0;26,8;17,1;15,8;15,0;14,8;2,45;0,0;2,79;2,54;2,52;2,45;2,38;2,36;0,0311;0,0151;0,225;0,0544;0,0416;0,0271;0,0204;0,0186;0,243;0,0;2,29;0,951;0,512;0,0545;0,00613;0,00137;0,0161;0,00407;0,059;0,037;0,0309;0,0121;0,0053;0,00483;0,278;0,18;0,471;0,351;0,331;0,279;0,225;0,216;8,28;0,186;54,6;20,7;15,6;6,39;3,0;2,36;-3,91;-14,62;66,46;37,88;29,76;13,85;-10,32;-13,13
RussellSq;RussellSq3;1185;73,36;69,12;78,73;75,87;75,17;72,9;71,25;70,82;70,47;67,17;74,68;72,75;72,03;70,06;68,79;68,51;61,2;59,02;67,79;63,98;62,7;60,57;59,68;59,5;17,9;0,0;22,5;17,3;15,7;14,9;14,7;2,32;0,0;2,59;2,42;2,4;2,32;2,22;2,18;0,0269;0,0136;0,136;0,0406;0,0356;0,0245;0,019;0,0177;0,114;0,0;1,04;0,306;0,204;0,0333;0,00418;0,00119;0,0114;0,00338;0,0488;0,0331;0,0267;0,0084;0,00449;0,00398;0,281;0,168;0,515;0,358;0,333;0,276;0,232;0,219;7,42;0,364;51,1;17,2;13,0;6,13;3,05;2,35;-2,92;-11,52;66,07;33,73;30,85;12,0;-8,91;-10,18
RussellSq;RussellSq3;1186;73,36;69,12;78,73;75,87;75,17;72,9;71,25;70,82;70,47;67,17;74,68;72,75;72,03;70,06;68,79;68,51;61,2;59,02;67,79;63,98;62,7;60,57;59,68;59,5;17,9;0,0;22,5;17,3;15,7;14,9;14,7;2,32;0,0;2,59;2,42;2,4;2,32;2,22;2,18;0,0269;0,0136;0,136;0,0406;0,0356;0,0245;0,019;0,0177;0,114;0,0;1,04;0,306;0,204;0,0333;0,00418;0,00119;0,0114;0,00338;0,0488;0,0331;0,0267;0,0084;0,00449;0,00398;0,281;0,168;0,515;0,358;0,333;0,276;0,232;0,219;7,42;0,364;51,1;17,2;13,0;6,13;3,05;2,35;-2,92;-11,52;66,07;33,73;30,85;12,0;-8,91;-10,18
RussellSq;RussellSq3;1187;73,36;69,12;78,73;75,87;75,17;72,9;71,25;70,82;70,47;67,17;74,68;72,75;72,03;70,06;68,79;68,51;61,2;59,02;67,79;63,98;62,7;60,57;59,68;59,5;17,9;0,0;22,5;17,3;15,7;14,9;14,7;2,32;0,0;2,59;2,42;2,4;2,32;2,22;2,18;0,0269;0,0136;0,136;0,0406;0,0356;0,0245;0,019;0,0177;0,114;0,0;1,04;0,306;0,204;0,0333;0,00418;0,00119;0,0114;0,00338;0,0488;0,0331;0,0267;0,0084;0,00449;0,00398;0,281;0,168;0,515;0,358;0,333;0,276;0,232;0,219;7,42;0,364;51,1;17,2;13,0;6,13;3,05;2,35;-2,92;-11,52;66,07;33,73;30,85;12,0;-8,91;-10,18
StPaulsCross;StPaulsCross1;1134;69,92;64,52;80,63;73,77;72,51;68,34;66,4;66,02;69,44;63,64;80,63;73,58;72,24;67,51;65,31;64,92;65,24;55,87;78,29;70,59;69,21;61,32;57,1;56,75;22,6;0,0;31,4;20,1;13,5;10,9;10,5;1,82;0,0;4,01;2,37;2,16;1,77;1,47;1,43;0,0549;0,0157;0,5;0,168;0,115;0,0353;0,023;0,0212;0,205;0,0;2,18;0,665;0,409;0,0661;0,00885;0,00338;0,0528;0,00384;0,127;0,109;0,0983;0,0478;0,0139;0,00472;0,477;0,204;1,41;0,821;0,712;0,446;0,288;0,269;16,4;0,184;98,7;42,8;34,1;12,6;4,57;3,48;-2,0;-9,34;60,79;37,55;29,55;10,65;-6,4;-7,38
StPaulsCross;StPaulsCross1;959;69,92;64,52;80,63;73,77;72,51;68,34;66,4;66,02;69,44;63,64;80,63;73,58;72,24;67,51;65,31;64,92;65,24;55,87;78,29;70,59;69,21;61,32;57,1;56,75;22,6;0,0;31,4;20,1;13,5;10,9;10,5;1,82;0,0;4,01;2,37;2,16;1,77;1,47;1,43;0,0549;0,0157;0,5;0,168;0,115;0,0353;0,023;0,0212;0,205;0,0;2,18;0,665;0,409;0,0661;0,00885;0,00338;0,0528;0,00384;0,127;0,109;0,0983;0,0478;0,0139;0,00472;0,477;0,204;1,41;0,821;0,712;0,446;0,288;0,269;16,4;0,184;98,7;42,8;34,1;12,6;4,57;3,48;-2,0;-9,34;60,79;37,55;29,55;10,65;-6,4;-7,38
StPaulsCross;StPaulsCross1;1135;73,36;63,35;84,14;79,23;77,49;70,31;65,28;64,71;70,04;61,72;80,14;75,48;73,94;67,51;63,75;63,26;59,11;54,29;72,6;62,96;61,1;57,55;55,52;55,16;15,2;0,0;24,4;14,4;11,5;9,84;9,61;1,83;0,0;2,86;2,16;2,08;1,81;1,63;1,58;0,0305;0,0141;0,188;0,0452;0,0402;0,0284;0,0209;0,0195;0,109;0,0;0,99;0,245;0,166;0,0257;0,0025;0,000396;0,0175;0,00496;0,0575;0,0488;0,0326;0,0133;0,00682;0,00606;0,431;0,208;1,53;0,803;0,669;0,374;0,287;0,269;8,83;0,15;67,5;19,9;16,6;7,17;3,19;2,48;-0,61;-10,35;66,21;31,98;24,05;7,63;-6,99;-7,82
StPaulsCross;StPaulsCross1;1136;73,36;63,35;84,14;79,23;77,49;70,31;65,28;64,71;70,04;61,72;80,14;75,48;73,94;67,51;63,75;63,26;59,11;54,29;72,6;62,96;61,1;57,55;55,52;55,16;15,2;0,0;24,4;14,4;11,5;9,84;9,61;1,83;0,0;2,86;2,16;2,08;1,81;1,63;1,58;0,0305;0,0141;0,188;0,0452;0,0402;0,0284;0,0209;0,0195;0,109;0,0;0,99;0,245;0,166;0,0257;0,0025;0,000396;0,0175;0,00496;0,0575;0,0488;0,0326;0,0133;0,00682;0,00606;0,431;0,208;1,53;0,803;0,669;0,374;0,287;0,269;8,83;0,15;67,5;19,9;16,6;7,17;3,19;2,48;-0,61;-10,35;66,21;31,98;24,05;7,63;-6,99;-7,82
StPaulsCross;StPaulsCross1;1137;73,36;63,35;84,14;79,23;77,49;70,31;65,28;64,71;70,04;61,72;80,14;75,48;73,94;67,51;63,75;63,26;59,11;54,29;72,6;62,96;61,1;57,55;55,52;55,16;15,2;0,0;24,4;14,4;11,5;9,84;9,61;1,83;0,0;2,86;2,16;2,08;1,81;1,63;1,58;0,0305;0,0141;0,188;0,0452;0,0402;0,0284;0,0209;0,0195;0,109;0,0;0,99;0,245;0,166;0,0257;0,0025;0,000396;0,0175;0,00496;0,0575;0,0488;0,0326;0,0133;0,00682;0,00606;0,431;0,208;1,53;0,803;0,669;0,374;0,287;0,269;8,83;0,15;67,5;19,9;16,6;7,17;3,19;2,48;-0,61;-10,35;66,21;31,98;24,05;7,63;-6,99;-7,82
StPaulsCross;StPaulsCross1;1138;68,43;63,74;76,92;72,09;71,08;67,19;65,07;64,79;67,53;62,85;76,68;71,22;70,31;66,21;64,07;63,83;61,64;56,07;74,1;67,02;65,31;58,96;56,91;56,68;18,2;0,0;30,8;16,4;12,3;10,8;10,6;1,76;0,0;3,21;2,15;2,04;1,72;1,56;1,52;0,0346;0,0168;0,167;0,0618;0,0482;0,0309;0,0235;0,0215;0,136;0,0;1,39;0,366;0,228;0,0457;0,00527;0,00196;0,0228;0,00379;0,122;0,0946;0,0592;0,0176;0,00482;0,00436;0,424;0,221;2,02;0,702;0,583;0,382;0,278;0,263;10,7;0,0715;81,0;28,8;22,2;7,65;3,46;2,75;-3,88;-12,51;61,16;35,06;27,67;7,44;-9,68;-10,18
StPaulsCross;StPaulsCross1;1139;68,43;63,74;76,92;72,09;71,08;67,19;65,07;64,79;67,53;62,85;76,68;71,22;70,31;66,21;64,07;63,83;61,64;56,07;74,1;67,02;65,31;58,96;56,91;56,68;18,2;0,0;30,8;16,4;12,3;10,8;10,6;1,76;0,0;3,21;2,15;2,04;1,72;1,56;1,52;0,0346;0,0168;0,167;0,0618;0,0482;0,0309;0,0235;0,0215;0,136;0,0;1,39;0,366;0,228;0,0457;0,00527;0,00196;0,0228;0,00379;0,122;0,0946;0,0592;0,0176;0,00482;0,00436;0,424;0,221;2,02;0,702;0,583;0,382;0,278;0,263;10,7;0,0715;81,0;28,8;22,2;7,65;3,46;2,75;-3,88;-12,51;61,16;35,06;27,67;7,44;-9,68;-10,18
StPaulsCross;StPaulsCross1;964;69,62;64,99;74,54;72,54;71,83;69,1;66,79;66,31;67,62;63,91;73,04;70,37;69,64;67,14;65,19;64,84;58,75;55,57;68,83;62,04;60,38;57,65;56,33;56,16;14,1;0,0;23,2;13,1;11,3;10,3;10,1;1,61;0,0;2,54;1,86;1,76;1,59;1,47;1,45;0,0326;0,014;0,152;0,0503;0,0434;0,0306;0,0225;0,0208;0,0912;0,0;0,622;0,233;0,152;0,0243;0,00214;0,0;0,0112;0,00254;0,0507;0,0359;0,0277;0,0065;0,0032;0,00292;0,325;0,212;0,628;0,467;0,4;0,313;0,266;0,252;7,14;0,1;59,5;17,6;13,2;5,65;2,77;2,19;-3,0;-14,53;61,05;32,53;23,91;1,24;-12,02;-12,69
StPaulsCross;StPaulsCross1;965;69,62;64,99;74,54;72,54;71,83;69,1;66,79;66,31;67,62;63,91;73,04;70,37;69,64;67,14;65,19;64,84;58,75;55,57;68,83;62,04;60,38;57,65;56,33;56,16;14,1;0,0;23,2;13,1;11,3;10,3;10,1;1,61;0,0;2,54;1,86;1,76;1,59;1,47;1,45;0,0326;0,014;0,152;0,0503;0,0434;0,0306;0,0225;0,0208;0,0912;0,0;0,622;0,233;0,152;0,0243;0,00214;0,0;0,0112;0,00254;0,0507;0,0359;0,0277;0,0065;0,0032;0,00292;0,325;0,212;0,628;0,467;0,4;0,313;0,266;0,252;7,14;0,1;59,5;17,6;13,2;5,65;2,77;2,19;-3,0;-14,53;61,05;32,53;23,91;1,24;-12,02;-12,69
StPaulsCross;StPaulsCross1;1140;69,6;63,93;83,74;74,19;72,45;68,03;65,62;65,29;67,56;62,81;80,57;71,67;69,91;66,16;64,15;63,77;58,84;55,42;65,35;61,89;61,0;58,16;56,17;55,98;15,0;0,0;20,7;14,4;11,8;10,4;10,2;1,83;0,0;3,48;2,16;2,03;1,79;1,66;1,65;0,0305;0,014;0,094;0,0456;0,0396;0,0297;0,0222;0,0207;0,0916;0,0;1,07;0,179;0,112;0,0183;0,000455;0,0;0,0104;0,00293;0,0298;0,0228;0,0195;0,00883;0,00382;0,0034;0,435;0,206;1,31;0,839;0,651;0,378;0,281;0,264;7,66;0,0836;64,9;19,1;14,4;5,99;2,88;2,28;-5,01;-11,04;61,73;33,77;25,51;8,49;-7,12;-7,89
StPaulsCross;StPaulsCross1;1141;67,91;64,5;73,03;70,18;69,67;67,51;66,06;65,7;66,68;63,62;70,94;68,79;68,27;66,31;64,98;64,67;59,21;56,8;65,61;61,54;60,75;58,9;57,68;57,45;14,3;0,0;22,4;13,6;11,9;11,1;10,8;1,63;0,0;2,93;1,96;1,83;1,61;1,49;1,46;0,0321;0,0152;0,0915;0,0482;0,0435;0,0306;0,0227;0,0211;0,205;0,0;1,29;0,605;0,438;0,109;0,0134;0,00719;0,01;0,00281;0,0442;0,0367;0,0197;0,00759;0,00373;0,00332;0,357;0,197;1,01;0,571;0,487;0,335;0,258;0,241;7,18;0,286;66,3;15,7;12,6;6,11;3,03;2,4;-5,18;-13,8;61,67;33,41;24,87;3,24;-11,07;-11,79
StPaulsCross;StPaulsCross1;1142;68,24;64,3;73,44;71,22;70,42;67,84;66,25;65,9;67,34;63,42;73,19;70,69;69,72;66,6;64,97;64,64;61,87;55,6;70,3;66,55;65,08;60,15;56,7;56,41;18,4;0,0;23,7;17,0;12,9;10,7;10,4;1,89;0,0;3,43;2,37;2,18;1,82;1,63;1,58;0,0348;0,015;0,29;0,0562;0,0458;0,0299;0,0217;0,0198;0,154;0,0;1,17;0,51;0,323;0,0513;0,00674;0,00302;0,0305;0,00396;0,0861;0,0629;0,0574;0,0291;0,00709;0,00425;0,506;0,246;1,29;0,927;0,776;0,447;0,326;0,302;13,9;0,189;66,8;35,3;28,1;10,7;4,31;3,34;-3,49;-6,5;60,58;34,22;28,11;10,51;-1,9;-3,38
StPaulsCross;StPaulsCross1;972;68,24;64,3;73,44;71,22;70,42;67,84;66,25;65,9;67,34;63,42;73,19;70,69;69,72;66,6;64,97;64,64;61,87;55,6;70,3;66,55;65,08;60,15;56,7;56,41;18,4;0,0;23,7;17,0;12,9;10,7;10,4;1,89;0,0;3,43;2,37;2,18;1,82;1,63;1,58;0,0348;0,015;0,29;0,0562;0,0458;0,0299;0,0217;0,0198;0,154;0,0;1,17;0,51;0,323;0,0513;0,00674;0,00302;0,0305;0,00396;0,0861;0,0629;0,0574;0,0291;0,00709;0,00425;0,506;0,246;1,29;0,927;0,776;0,447;0,326;0,302;13,9;0,189;66,8;35,3;28,1;10,7;4,31;3,34;-3,49;-6,5;60,58;34,22;28,11;10,51;-1,9;-3,38
StPaulsCross;StPaulsCross1;1144;68,46;64,75;75,95;71,63;70,53;67,83;66,2;65,82;67,54;63,75;75,55;71,09;69,74;66,69;65,11;64,74;60,12;56,31;68,19;63,07;61,82;59,43;57,83;57,53;16,0;0,0;20,5;14,8;12,6;11,2;10,9;1,69;0,0;3,27;2,09;1,95;1,64;1,54;1,51;0,0327;0,0166;0,103;0,0481;0,0424;0,0312;0,0235;0,0219;0,134;0,0;1,39;0,431;0,265;0,0522;0,00714;0,00259;0,0145;0,00523;0,0509;0,0378;0,0303;0,012;0,00736;0,00677;0,395;0,212;1,01;0,655;0,557;0,367;0,275;0,252;9,47;0,371;68,2;23,7;16,9;7,61;3,67;2,89;-2,93;-12,96;58,42;34,02;25,92;6,55;-9,4;-10,57
StPaulsCross;StPaulsCross1;1146;66,97;63,44;71,86;69,3;68,67;66,51;65,1;64,82;66,01;62,45;71,64;68,65;67,82;65,42;64,05;63,75;60,52;55,7;68,67;64,18;63,0;59,56;57,44;57,02;15,5;0,0;23,2;14,5;12,4;10,8;10,4;1,62;0,0;3,2;1,86;1,78;1,6;1,47;1,44;0,0365;0,0156;0,38;0,0507;0,0432;0,031;0,0237;0,0221;0,203;0,0;1,22;0,694;0,489;0,0733;0,0121;0,0065;0,0119;0,00374;0,04;0,0331;0,026;0,00874;0,00505;0,00463;0,385;0,185;2,08;0,64;0,526;0,337;0,262;0,247;7,99;0,31;102,0;17,7;13,7;6,76;3,49;2,81;-2,29;-13,29;57,77;34,88;25,69;4,88;-10,32;-11,77
StPaulsCross;StPaulsCross1;1147;66,97;63,44;71,86;69,3;68,67;66,51;65,1;64,82;66,01;62,45;71,64;68,65;67,82;65,42;64,05;63,75;60,52;55,7;68,67;64,18;63,0;59,56;57,44;57,02;15,5;0,0;23,2;14,5;12,4;10,8;10,4;1,62;0,0;3,2;1,86;1,78;1,6;1,47;1,44;0,0365;0,0156;0,38;0,0507;0,0432;0,031;0,0237;0,0221;0,203;0,0;1,22;0,694;0,489;0,0733;0,0121;0,0065;0,0119;0,00374;0,04;0,0331;0,026;0,00874;0,00505;0,00463;0,385;0,185;2,08;0,64;0,526;0,337;0,262;0,247;7,99;0,31;102,0;17,7;13,7;6,76;3,49;2,81;-2,29;-13,29;57,77;34,88;25,69;4,88;-10,32;-11,77
StPaulsCross;StPaulsCross1;976;67,21;63,35;76,11;72,03;69,43;65,85;64,73;64,44;65,84;62,61;73,89;70,06;67,95;64,76;63,71;63,43;59,75;56,17;66,62;63,43;62,37;58,66;57,17;56,79;15,4;0,0;19,8;14,6;12,0;10,9;10,7;1,75;0,0;2,56;2,05;1,93;1,71;1,61;1,58;0,0307;0,0158;0,0724;0,0436;0,0401;0,0296;0,0228;0,0212;0,215;0,0;1,39;0,72;0,504;0,0664;0,00876;0,004;0,0104;0,00458;0,0401;0,0307;0,018;0,00869;0,00532;0,005;0,345;0,166;0,956;0,501;0,452;0,33;0,265;0,239;7,46;0,455;41,9;17,7;13,3;6,18;3,1;2,47;-1,61;-11,4;57,74;33,46;25,43;4,36;-9,11;-9,69
StPaulsCross;StPaulsCross1;977;67,21;63,35;76,11;72,03;69,43;65,85;64,73;64,44;65,84;62,61;73,89;70,06;67,95;64,76;63,71;63,43;59,75;56,17;66,62;63,43;62,37;58,66;57,17;56,79;15,4;0,0;19,8;14,6;12,0;10,9;10,7;1,75;0,0;2,56;2,05;1,93;1,71;1,61;1,58;0,0307;0,0158;0,0724;0,0436;0,0401;0,0296;0,0228;0,0212;0,215;0,0;1,39;0,72;0,504;0,0664;0,00876;0,004;0,0104;0,00458;0,0401;0,0307;0,018;0,00869;0,00532;0,005;0,345;0,166;0,956;0,501;0,452;0,33;0,265;0,239;7,46;0,455;41,9;17,7;13,3;6,18;3,1;2,47;-1,61;-11,4;57,74;33,46;25,43;4,36;-9,11;-9,69
StPaulsCross;StPaulsCross1;1148;68,41;64,96;72,83;70,86;70,09;68,0;66,48;66,18;66,97;63,99;72,35;69,21;68,46;66,63;65,34;65,04;59,87;57,33;70,59;61,34;60,69;59,29;58,24;57,95;14,6;0,0;21,7;14,0;12,8;11,9;11,7;1,86;0,0;3,89;2,2;2,09;1,8;1,62;1,6;0,0302;0,0144;0,0777;0,0429;0,0394;0,0296;0,0219;0,0204;0,103;0,0;1,48;0,232;0,14;0,0244;0,00285;0,0;0,0102;0,00219;0,0463;0,0379;0,0287;0,00555;0,00341;0,00309;0,378;0,196;1,19;0,789;0,59;0,322;0,245;0,233;7,28;0,176;70,9;18,7;11,6;5,76;2,83;2,21;-5,21;-5,09;60,58;34,84;25,61;11,25;-0,47;-1,72
StPaulsCross;StPaulsCross1;1149;68,41;64,96;72,83;70,86;70,09;68,0;66,48;66,18;66,97;63,99;72,35;69,21;68,46;66,63;65,34;65,04;59,87;57,33;70,59;61,34;60,69;59,29;58,24;57,95;14,6;0,0;21,7;14,0;12,8;11,9;11,7;1,86;0,0;3,89;2,2;2,09;1,8;1,62;1,6;0,0302;0,0144;0,0777;0,0429;0,0394;0,0296;0,0219;0,0204;0,103;0,0;1,48;0,232;0,14;0,0244;0,00285;0,0;0,0102;0,00219;0,0463;0,0379;0,0287;0,00555;0,00341;0,00309;0,378;0,196;1,19;0,789;0,59;0,322;0,245;0,233;7,28;0,176;70,9;18,7;11,6;5,76;2,83;2,21;-5,21;-5,09;60,58;34,84;25,61;11,25;-0,47;-1,72
StPaulsCross;StPaulsCross1;1150;70,29;64,61;83,07;75,47;71,77;67,31;65,76;65,46;69,9;63,78;83,03;75,33;71,31;66,26;64,75;64,5;65,95;57,21;80,45;71,53;67,09;60,1;58,19;57,91;22,4;0,0;46,5;18,9;13,1;11,7;11,5;1,78;0,0;3,01;2,21;2,06;1,71;1,6;1,57;0,0442;0,0166;0,391;0,103;0,0696;0,0337;0,0237;0,0218;0,136;0,0;1,13;0,374;0,256;0,0309;0,00335;0,000337;0,0289;0,00299;0,216;0,138;0,122;0,00921;0,00403;0,00358;0,47;0,217;1,74;0,976;0,762;0,377;0,28;0,268;10,8;0,158;110,0;35,7;21,0;7,13;3,38;2,71;-0,47;-10,52;56,82;39,62;32,26;9,43;-7,92;-8,61
StPaulsCross;StPaulsCross1;1132;68,34;65,11;77,41;71,34;70,4;67,6;66,22;65,94;67,68;64,34;77,35;70,83;69,82;66,86;65,51;65,23;63,34;58,82;75,56;67,48;65,98;61,88;60,25;59,78;18,4;0,0;34,2;16,9;13,9;12,7;12,4;1,74;0,0;3,1;2,13;1,99;1,69;1,56;1,53;0,0412;0,0179;0,757;0,0683;0,0487;0,0337;0,025;0,0232;0,136;0,0;0,942;0,365;0,264;0,0733;0,0118;0,00632;0,0247;0,00556;0,111;0,0835;0,0608;0,0126;0,00741;0,00659;0,392;0,219;1,2;0,683;0,578;0,35;0,266;0,249;11,7;0,776;83,6;31,0;24,1;8,52;3,99;3,21;-2,33;-13,82;57,29;37,52;28,77;4,92;-11,95;-12,48
StPaulsCross;StPaulsCross1;980;68,08;64,52;76,19;71,06;69,97;67,44;66,1;65,73;67,11;63,84;74,4;69,8;68,63;66,54;65,39;65,0;63,18;59,72;70,38;66,3;65,31;62,32;61,05;60,79;17,9;0,0;22,9;16,9;14,6;13,4;13,1;1,84;0,0;2,93;2,1;2,03;1,82;1,7;1,68;0,035;0,0154;0,148;0,0519;0,0461;0,0331;0,0249;0,0229;0,192;0,0;1,79;0,694;0,405;0,0741;0,0135;0,0064;0,0118;0,004;0,0485;0,0387;0,0212;0,00932;0,00569;0,0049;0,334;0,182;0,799;0,456;0,408;0,326;0,257;0,239;8,09;0,318;42,5;16,4;13,1;7,22;3,84;3,15;-0,9;-11,81;56,82;38,39;28,08;6,11;-9,5;-10,09
StPaulsCross;StPaulsCross1;1131;67,05;64,53;71,89;68,91;68,39;66,81;65,69;65,38;66,11;63,49;71,53;68,13;67,49;65,82;64,71;64,39;60,63;57,67;68,92;63,22;62,17;59,96;58,88;58,62;15,8;0,0;21,0;14,9;12,8;11,8;11,6;1,72;0,0;2,96;2,09;1,96;1,68;1,54;1,5;0,0332;0,0174;0,087;0,0491;0,0442;0,0319;0,0237;0,022;0,129;0,0;0,898;0,378;0,248;0,0459;0,00801;0,00415;0,0109;0,00374;0,0367;0,0343;0,0282;0,00817;0,00466;0,00423;0,393;0,222;1,34;0,682;0,571;0,353;0,274;0,254;8,22;0,51;62,7;18,5;14,9;6,84;3,52;2,85;-3,72;-13,11;57,33;35,73;28,23;2,39;-10,76;-11,34
StPaulsCross;StPaulsCross1;1128;75,21;67,91;88,6;79,37;77,47;72,14;69,59;69,04;74,91;67,17;88,57;79,2;77,21;71,62;68,86;68,42;73,1;62,15;86,72;78,12;75,94;68,85;64,56;63,95;34,2;0,0;62,1;29,0;20,2;15,9;15,3;2,19;0,0;4,15;2,95;2,7;2,12;1,79;1,74;0,039;0,0211;0,165;0,0619;0,0525;0,0362;0,0267;0,0249;0,445;0,0;3,95;1,23;0,895;0,306;0,0739;0,0462;0,065;0,0245;0,199;0,142;0,115;0,0577;0,0299;0,0288;0,458;0,22;1,2;0,71;0,637;0,429;0,317;0,29;22,3;2,32;91,2;48,5;39,6;19,5;8,68;6,99;-1,13;-8,1;63,12;47,64;40,0;14,34;-5,49;-6,07
StPaulsCross;StPaulsCross1;988;75,21;67,91;88,6;79,37;77,47;72,14;69,59;69,04;74,91;67,17;88,57;79,2;77,21;71,62;68,86;68,42;73,1;62,15;86,72;78,12;75,94;68,85;64,56;63,95;34,2;0,0;62,1;29,0;20,2;15,9;15,3;2,19;0,0;4,15;2,95;2,7;2,12;1,79;1,74;0,039;0,0211;0,165;0,0619;0,0525;0,0362;0,0267;0,0249;0,445;0,0;3,95;1,23;0,895;0,306;0,0739;0,0462;0,065;0,0245;0,199;0,142;0,115;0,0577;0,0299;0,0288;0,458;0,22;1,2;0,71;0,637;0,429;0,317;0,29;22,3;2,32;91,2;48,5;39,6;19,5;8,68;6,99;-1,13;-8,1;63,12;47,64;40,0;14,34;-5,49;-6,07
StPaulsCross;StPaulsCross1;1133;66,68;64,12;74,42;68,78;67,86;66,3;65,09;64,84;65,36;63,33;68,78;66,93;66,54;65,16;64,13;63,89;59,5;57,45;64,25;61,22;60,75;59,17;58,37;58,17;13,9;0,0;20,3;13,3;12,2;11,4;11,2;1,63;0,0;2,89;1,82;1,75;1,61;1,53;1,5;0,0318;0,0171;0,0568;0,0443;0,0414;0,0311;0,0234;0,0215;0,0694;0,0;0,479;0,17;0,109;0,0284;0,00508;0,00194;0,00537;0,00263;0,0136;0,0094;0,00785;0,00501;0,00335;0,003;0,318;0,193;0,969;0,429;0,382;0,303;0,256;0,241;5,96;0,269;47,0;11,1;9,5;5,36;2,86;2,28;-1,75;-14,42;55,88;33,68;25,54;1,73;-12,54;-13,09
StPaulsCross;StPaulsCross1;1130;68,33;65,86;73,59;70,12;69,51;68,08;67,09;66,73;67,37;65,11;73,49;69,13;68,48;67,09;66,16;65,91;62,44;59,29;71,55;65,01;63,79;61,85;60,56;60,31;16,9;0,0;23,7;16,1;14,2;13,0;12,7;1,76;0,0;2,83;2,09;1,98;1,74;1,61;1,58;0,0343;0,0165;0,0728;0,0473;0,0443;0,0335;0,0249;0,0228;0,0927;0,0;0,843;0,229;0,16;0,0446;0,00949;0,00458;0,0163;0,00501;0,0634;0,0541;0,0391;0,0122;0,00644;0,00587;0,368;0,217;1,26;0,667;0,533;0,337;0,268;0,252;10,2;0,301;59,2;23,5;18,3;8,22;4,16;3,29;-1,12;-12,53;58,68;36,62;28,75;5,27;-9,99;-10,79
StPaulsCross;StPaulsCross1;993;68,35;65,36;71,44;70,14;69,74;68,1;66,78;66,46;67,41;64,6;70,65;69,24;68,93;67,09;65,86;65,52;61,45;58,6;66,77;64,23;63,32;60,7;59,65;59,38;16,7;0,0;20,7;15,7;13,5;12,3;12,1;1,67;0,0;2,74;2,0;1,88;1,63;1,51;1,48;0,0327;0,0168;0,0963;0,0479;0,0416;0,0319;0,0248;0,0233;0,106;0,0;0,732;0,283;0,191;0,0438;0,00561;0,00227;0,0116;0,00342;0,0547;0,0435;0,0243;0,00701;0,00432;0,00384;0,369;0,208;1,32;0,614;0,502;0,335;0,261;0,246;8,3;0,654;68,1;19,3;14,2;6,83;3,52;2,83;-2,94;-12,73;59,19;36,08;26,9;7,51;-9,54;-10,11
StPaulsCross;StPaulsCross1;1126;70,09;66,22;75,49;73,19;72,41;69,13;67,59;67,35;69,36;65,49;75,23;72,38;71,67;68,37;66,88;66,58;62,52;59,04;72,71;65,58;64,15;61,46;60,02;59,81;17,6;0,0;25,0;16,8;14,3;13,0;12,8;1,6;0,0;2,46;1,83;1,72;1,58;1,48;1,45;0,0343;0,0172;0,0694;0,0494;0,0452;0,033;0,0251;0,0231;0,131;0,0;0,984;0,399;0,258;0,0407;0,0066;0,00256;0,014;0,00269;0,071;0,0583;0,0445;0,0067;0,00383;0,00335;0,353;0,178;1,61;0,506;0,449;0,329;0,252;0,239;7,99;0,111;55,4;19,9;13,8;6,39;3,26;2,67;-3,54;-15,77;61,07;35,61;27,93;2,3;-13,71;-14,3
StPaulsCross;StPaulsCross1;995;69,8;65,98;76,96;72,94;71,98;69,16;67,46;67,14;68,66;65,28;76,3;72,3;70,81;68,06;66,54;66,23;63,69;59,78;73,44;68,33;65,98;62,39;60,91;60,55;19,3;0,0;28,9;17,5;14,9;13,6;13,3;1,84;0,0;2,86;2,18;2,03;1,8;1,7;1,67;0,0366;0,0167;0,217;0,0579;0,0491;0,0342;0,0254;0,0231;0,159;0,0;1,63;0,454;0,296;0,0744;0,0138;0,00781;0,0269;0,00483;0,148;0,104;0,0703;0,0167;0,00854;0,00721;0,38;0,149;1,14;0,625;0,501;0,351;0,283;0,267;10,9;0,718;65,2;27,6;19,3;8,51;4,46;3,64;-1,71;-11,73;59,51;37,29;28,92;7,58;-8,79;-9,57
StPaulsCross;StPaulsCross1;996;69,8;65,98;76,96;72,94;71,98;69,16;67,46;67,14;68,66;65,28;76,3;72,3;70,81;68,06;66,54;66,23;63,69;59,78;73,44;68,33;65,98;62,39;60,91;60,55;19,3;0,0;28,9;17,5;14,9;13,6;13,3;1,84;0,0;2,86;2,18;2,03;1,8;1,7;1,67;0,0366;0,0167;0,217;0,0579;0,0491;0,0342;0,0254;0,0231;0,159;0,0;1,63;0,454;0,296;0,0744;0,0138;0,00781;0,0269;0,00483;0,148;0,104;0,0703;0,0167;0,00854;0,00721;0,38;0,149;1,14;0,625;0,501;0,351;0,283;0,267;10,9;0,718;65,2;27,6;19,3;8,51;4,46;3,64;-1,71;-11,73;59,51;37,29;28,92;7,58;-8,79;-9,57
StPaulsCross;StPaulsCross1;1127;70,96;66,07;81,27;74,33;72,55;69,79;67,89;67,36;70,5;65,16;81,25;74,13;72,18;69,17;67,19;66,64;66,69;60,49;78,66;70,4;68,55;64,6;62,44;62,07;23,4;0,0;41,2;21,5;16,8;14,6;14,1;1,97;0,0;3,97;2,64;2,41;1,89;1,68;1,64;0,0385;0,0186;0,221;0,059;0,0499;0,0353;0,0269;0,0251;0,186;0,0;1,22;0,535;0,407;0,103;0,0182;0,00997;0,0361;0,00609;0,16;0,101;0,0713;0,0277;0,00881;0,00755;0,434;0,185;1,85;0,768;0,608;0,377;0,276;0,256;15,1;0,685;119,0;35,1;27,4;12,3;5,25;4,32;-1,2;-6,63;57,87;38,21;33,38;12,37;-4,37;-5,14
StPaulsCross;StPaulsCross1;1000;69,85;66,1;78,34;73,02;71,81;68,89;67,35;67,04;69,25;65,28;78,25;72,65;71,3;68,14;66,54;66,21;64,53;59,45;76,02;68,2;66,96;62,66;60,74;60,35;20,2;0,0;34,5;18,7;15,2;13,5;13,1;1,85;0,0;4,03;2,37;2,17;1,8;1,61;1,57;0,0356;0,0165;0,0911;0,0534;0,0479;0,0344;0,0252;0,0235;0,149;0,0;1,08;0,427;0,334;0,0715;0,0115;0,00588;0,0255;0,00557;0,0771;0,0675;0,0522;0,0197;0,00874;0,00763;0,476;0,221;1,45;0,794;0,671;0,432;0,326;0,307;12,8;0,898;85,0;28,8;23,6;10,2;5,04;4,15;-1,47;-5,68;58,47;37,66;29,58;12,69;-3,13;-3,82
StPaulsCross;StPaulsCross1;1125;69,85;66,1;78,34;73,02;71,81;68,89;67,35;67,04;69,25;65,28;78,25;72,65;71,3;68,14;66,54;66,21;64,53;59,45;76,02;68,2;66,96;62,66;60,74;60,35;20,2;0,0;34,5;18,7;15,2;13,5;13,1;1,85;0,0;4,03;2,37;2,17;1,8;1,61;1,57;0,0356;0,0165;0,0911;0,0534;0,0479;0,0344;0,0252;0,0235;0,149;0,0;1,08;0,427;0,334;0,0715;0,0115;0,00588;0,0255;0,00557;0,0771;0,0675;0,0522;0,0197;0,00874;0,00763;0,476;0,221;1,45;0,794;0,671;0,432;0,326;0,307;12,8;0,898;85,0;28,8;23,6;10,2;5,04;4,15;-1,47;-5,68;58,47;37,66;29,58;12,69;-3,13;-3,82
StPaulsCross;StPaulsCross1;1151;68,2;65,36;73,97;71,46;69,45;67,61;66,57;66,31;67,49;64,68;73,84;71,0;68,69;66,8;65,78;65,51;63,27;58,52;71,27;67,9;65,18;62,06;60,19;59,74;19,0;0,0;23,8;16,8;14,1;12,7;12,4;1,74;0,0;2,67;2,02;1,91;1,72;1,59;1,56;0,0354;0,0135;0,139;0,0528;0,0466;0,0332;0,0241;0,0222;0,179;0,0;1,32;0,594;0,383;0,0822;0,0134;0,00726;0,0199;0,00433;0,0972;0,0731;0,0515;0,011;0,00625;0,00506;0,362;0,193;1,28;0,562;0,468;0,341;0,272;0,252;9,94;0,506;56,0;22,2;17,0;8,41;4,29;3,44;-2,27;-9,15;57,21;36,83;28,86;6,05;-7,1;-7,76
StPaulsCross;StPaulsCross1;1006;70,34;65,97;78,56;73,77;72,88;69,39;67,08;66,82;68,62;65,06;78,53;71,15;70,52;67,77;66,12;65,84;63,81;59,38;76,3;67,56;65,93;62,35;60,49;60,08;20,1;0,0;28,1;17,6;14,8;13,2;12,9;1,93;0,0;3,72;2,45;2,23;1,87;1,71;1,68;0,0326;0,0156;0,0663;0,0461;0,0425;0,0318;0,0238;0,0218;0,162;0,0;2,07;0,502;0,342;0,0731;0,0141;0,00761;0,0267;0,00459;0,15;0,102;0,0697;0,0133;0,00622;0,00585;0,359;0,202;0,871;0,599;0,506;0,329;0,259;0,245;11,2;0,658;57,1;28,9;23,0;8,8;4,33;3,44;-0,38;-9,77;60,69;36,93;29,97;10,84;-6,39;-7,2
StPaulsCross;StPaulsCross1;1007;68,54;65,21;76,15;71,52;70,37;67,89;66,4;66,05;67,49;64,52;73,66;70,24;69,39;66,92;65,62;65,26;62,52;57,76;70,77;66,11;64,6;61,6;59,97;59,52;17,7;0,0;23,3;16,5;14,4;12,9;12,5;1,83;0,0;2,54;2,06;2,01;1,87;1,65;1,6;0,0337;0,0172;0,0904;0,0493;0,0449;0,0322;0,024;0,0221;0,125;0,0;0,862;0,346;0,218;0,0495;0,00803;0,004;0,0133;0,00468;0,038;0,0314;0,0267;0,0107;0,00505;0,00487;0,373;0,194;1,02;0,594;0,509;0,343;0,279;0,259;9,06;0,453;60,9;18,8;15,5;7,72;3,9;3,19;-1,55;-10,03;57,99;37,13;28,25;6,9;-7,43;-8,15
StPaulsCross;StPaulsCross1;1124;68,09;63,46;74,35;71,29;70,28;67,45;65,77;65,31;67,44;62,82;74,19;70,97;69,89;66,63;64,8;64,35;63,46;58,17;72,53;68,38;66,63;61,66;59,7;59,22;19,2;0,0;28,4;17,8;13,9;12,2;11,8;1,73;0,0;2,57;2,11;2,0;1,68;1,57;1,55;0,0346;0,0177;0,129;0,0524;0,0446;0,0325;0,0248;0,023;0,142;0,0;1,18;0,441;0,275;0,0693;0,0137;0,00739;0,0221;0,00389;0,106;0,0703;0,0447;0,0141;0,00652;0,00542;0,392;0,219;1,23;0,65;0,561;0,355;0,269;0,254;11,0;0,684;59,0;29,7;21,2;8,23;4,01;3,22;-1,84;-13,51;56,68;37,13;29,69;5,14;-10,22;-11,1
StPaulsCross;StPaulsCross1;1122;68,99;65,78;74,69;71,24;70,39;68,68;67,3;66,86;68,28;65,05;74,44;70,63;69,67;67,9;66,47;66,02;64,17;60,19;72,93;67,03;66,26;63,44;61,66;61,12;19,2;0,0;27,3;18,1;15,7;14,1;13,7;1,89;0,0;2,99;2,21;2,07;1,86;1,72;1,69;0,034;0,0173;0,0695;0,0485;0,0439;0,0327;0,0255;0,0242;0,166;0,0;1,01;0,491;0,381;0,0833;0,017;0,0101;0,0176;0,0066;0,0523;0,0359;0,0274;0,015;0,00892;0,00828;0,415;0,213;1,22;0,706;0,613;0,379;0,284;0,267;11,4;0,343;57,2;25,6;20,9;9,61;4,95;4,03;-2,67;-11,67;59,72;37,73;31,09;6,5;-8,35;-9,32
StPaulsCross;StPaulsCross1;1010;68,18;64,19;74,43;71,79;70,45;67,42;66,11;65,68;67,25;63,45;73,84;70,91;69,67;66,41;65,16;64,77;61,79;57,37;72,12;64,71;63,25;60,46;58,95;58,59;16,7;0,0;27,2;15,6;13,1;11,9;11,6;1,77;0,0;2,75;2,17;2,0;1,72;1,59;1,56;0,034;0,0179;0,0843;0,052;0,0462;0,0324;0,0237;0,0218;0,151;0,0;2,32;0,348;0,243;0,0503;0,00874;0,005;0,0134;0,00398;0,0423;0,032;0,0262;0,0102;0,00478;0,00427;0,387;0,127;0,821;0,599;0,535;0,364;0,281;0,263;9,23;0,234;47,6;22,7;17,7;7,28;3,65;2,87;-3,36;-11,27;59,23;35,47;29,03;7,3;-7,29;-8,53
StPaulsCross;StPaulsCross1;1013;68,06;64,88;77,4;70,82;69,86;67,34;66,21;65,88;67,38;64,07;77,33;70,41;69,22;66,44;65,34;65,01;62,61;58,01;73,9;67,01;64,84;60,96;59,32;59,04;17,7;0,0;25,8;16,4;13,4;12,1;11,8;1,82;0,0;3,05;2,18;2,06;1,78;1,61;1,58;0,0329;0,017;0,0853;0,0489;0,0441;0,0316;0,0234;0,0215;0,204;0,0;1,88;0,749;0,407;0,0586;0,00901;0,00405;0,0278;0,00406;0,134;0,12;0,0705;0,0189;0,00578;0,00537;0,416;0,197;1,19;0,628;0,568;0,386;0,297;0,273;11,7;0,473;62,9;28,9;22,7;9,27;4,45;3,6;-2,52;-11,51;60,27;36,76;27,12;7,8;-8,82;-9,53
StPaulsCross;StPaulsCross1;1121;70,21;64,43;77,61;73,69;72,71;69,38;66,76;66,12;69,72;63,87;77,41;73,21;72,39;68,77;66,03;65,24;67,08;59,5;75,73;72,67;70,72;64,79;60,64;60,31;21,1;0,0;29,7;20,2;16,1;13,0;12,5;1,81;0,0;3,18;2,16;2,02;1,78;1,62;1,59;0,0433;0,0196;0,144;0,0746;0,0626;0,0398;0,0278;0,0256;0,189;0,0;1,61;0,513;0,382;0,109;0,0136;0,00723;0,0216;0,00655;0,0598;0,0514;0,0433;0,0201;0,0119;0,00812;0,426;0,17;1,33;0,685;0,609;0,385;0,292;0,27;11,3;0,93;73,9;24,7;20,1;9,53;4,74;3,82;-1,98;-10,1;57,97;44,33;28,22;7,62;-6,41;-7,41
StPaulsCross;StPaulsCross1;1026;67,84;64,29;72,85;70,17;69,75;67,29;66,05;65,75;67,11;63,51;72,73;69,65;69,12;66,55;65,07;64,8;62,37;57,1;69,42;66,26;65,23;61,32;58,89;58,37;17,9;0,0;22,3;16,9;13,7;11,9;11,5;1,69;0,0;3,0;1,97;1,89;1,66;1,51;1,48;0,034;0,0161;0,073;0,049;0,0444;0,0331;0,0246;0,0227;0,221;0,0;2,28;0,658;0,449;0,109;0,0153;0,00886;0,0153;0,00572;0,0338;0,0271;0,023;0,0142;0,00841;0,00708;0,412;0,217;1,07;0,638;0,556;0,384;0,293;0,275;10,7;1,04;54,0;23,7;19,5;9,28;4,73;3,81;-2,26;-11,03;59,11;37,52;28,34;6,7;-8,19;-9,11
StPaulsCross;StPaulsCross1;1113;67,22;63,96;71,96;69,6;68,89;66,85;65,33;65,08;66,41;62,93;71,71;69,0;68,3;66,01;64,3;63,99;61,4;56,84;67,99;64,51;63,65;60,83;58,26;57,72;16,6;0,0;21,2;15,7;13,1;11,3;11,0;1,68;0,0;2,66;1,99;1,88;1,64;1,5;1,47;0,0372;0,0169;0,155;0,0641;0,0511;0,0333;0,025;0,0231;0,126;0,0;0,836;0,331;0,234;0,0683;0,0102;0,00462;0,0153;0,00407;0,054;0,0308;0,0254;0,0141;0,00613;0,00472;0,482;0,204;1,56;1,0;0,859;0,386;0,295;0,278;9,86;0,425;58,0;22,3;17,2;8,63;4,25;3,37;-1,23;-11,24;55,45;35,16;26,4;5,46;-8,08;-8,91
StPaulsCross;StPaulsCross1;1117;66,08;62,79;70,69;68,06;67,44;65,74;64,56;64,23;65,22;61,88;70,42;67,53;66,72;64,79;63,5;63,25;60,53;56,6;67,26;64,01;62,69;59,67;57,69;57,35;15,6;0,0;21,5;14,6;12,3;10,9;10,6;1,74;0,0;3,07;2,07;1,98;1,72;1,54;1,5;0,0313;0,0144;0,072;0,0442;0,0404;0,0308;0,0226;0,0205;0,155;0,0;1,16;0,454;0,329;0,0796;0,0152;0,00927;0,0173;0,00477;0,0536;0,0406;0,0318;0,0153;0,00708;0,00537;0,379;0,217;1,2;0,606;0,519;0,356;0,269;0,252;9,84;0,44;43,5;22,6;18,5;8,18;3,92;3,19;-1,24;-11,03;56,44;34,74;26,15;7,15;-7,92;-8,78
StPaulsCross;StPaulsCross1;1029;69,23;64,6;74,68;71,47;71,0;68,99;66,46;65,82;68,31;63,88;73,46;70,71;70,16;67,95;65,48;64,98;62,34;57,01;71,1;65,84;64,56;61,67;58,4;57,93;18,1;0,0;26,0;17,1;14,4;11,9;11,6;1,81;0,0;3,44;2,26;2,1;1,76;1,61;1,58;0,0335;0,0176;0,172;0,0495;0,0436;0,0319;0,0235;0,0221;0,12;0,0;1,34;0,295;0,211;0,0548;0,00766;0,00347;0,0209;0,0044;0,0756;0,0566;0,0463;0,0143;0,00636;0,00502;0,456;0,223;1,39;0,856;0,725;0,397;0,296;0,273;11,4;0,864;72,9;28,7;22,1;8,64;4,07;3,24;-3,13;-5,59;59,6;35,18;30,25;11,02;-1,85;-3,09
StPaulsCross;StPaulsCross1;1030;69,23;64,6;74,68;71,47;71,0;68,99;66,46;65,82;68,31;63,88;73,46;70,71;70,16;67,95;65,48;64,98;62,34;57,01;71,1;65,84;64,56;61,67;58,4;57,93;18,1;0,0;26,0;17,1;14,4;11,9;11,6;1,81;0,0;3,44;2,26;2,1;1,76;1,61;1,58;0,0335;0,0176;0,172;0,0495;0,0436;0,0319;0,0235;0,0221;0,12;0,0;1,34;0,295;0,211;0,0548;0,00766;0,00347;0,0209;0,0044;0,0756;0,0566;0,0463;0,0143;0,00636;0,00502;0,456;0,223;1,39;0,856;0,725;0,397;0,296;0,273;11,4;0,864;72,9;28,7;22,1;8,64;4,07;3,24;-3,13;-5,59;59,6;35,18;30,25;11,02;-1,85;-3,09
StPaulsCross;StPaulsCross1;1112;68,6;64,73;73,16;71,17;70,61;68,06;66,26;65,85;67,64;63,74;72,21;70,33;69,65;67,08;65,27;64,82;61,63;57,5;69,66;65,04;63,99;60,74;59,0;58,49;16,5;0,0;22,4;15,6;13,7;12,1;11,8;1,75;0,0;3,19;2,09;1,97;1,71;1,59;1,56;0,0332;0,0165;0,0743;0,0467;0,0426;0,0327;0,0244;0,0221;0,124;0,0;1,83;0,337;0,217;0,0452;0,00777;0,00404;0,00963;0,00339;0,0271;0,0221;0,0189;0,0083;0,00432;0,00403;0,403;0,226;1,77;0,579;0,523;0,367;0,279;0,263;8,72;0,654;73,8;19,4;15,1;7,29;3,71;2,97;-3,6;-10,65;58,56;36,14;27,28;8,38;-6,82;-7,89
StPaulsCross;StPaulsCross1;1114;68,6;64,73;73,16;71,17;70,61;68,06;66,26;65,85;67,64;63,74;72,21;70,33;69,65;67,08;65,27;64,82;61,63;57,5;69,66;65,04;63,99;60,74;59,0;58,49;16,5;0,0;22,4;15,6;13,7;12,1;11,8;1,75;0,0;3,19;2,09;1,97;1,71;1,59;1,56;0,0332;0,0165;0,0743;0,0467;0,0426;0,0327;0,0244;0,0221;0,124;0,0;1,83;0,337;0,217;0,0452;0,00777;0,00404;0,00963;0,00339;0,0271;0,0221;0,0189;0,0083;0,00432;0,00403;0,403;0,226;1,77;0,579;0,523;0,367;0,279;0,263;8,72;0,654;73,8;19,4;15,1;7,29;3,71;2,97;-3,6;-10,65;58,56;36,14;27,28;8,38;-6,82;-7,89
StPaulsCross;StPaulsCross1;1116;65,99;62,83;72,35;68,14;67,39;65,61;64,45;64,1;64,66;61,98;69,71;66,43;65,73;64,42;63,38;63,12;58,58;55,73;66,77;60,51;60,07;58,04;56,89;56,64;13,4;0,0;17,5;12,9;11,5;10,6;10,4;1,75;0,0;3,13;2,03;1,93;1,72;1,6;1,58;0,0296;0,0149;0,0628;0,0412;0,0386;0,0287;0,0219;0,0204;0,0935;0,0;1,02;0,231;0,149;0,0333;0,00483;0,00206;0,00803;0,0038;0,0289;0,0163;0,0131;0,00628;0,00461;0,00406;0,373;0,236;0,921;0,563;0,501;0,351;0,283;0,264;7,37;0,518;60,8;15,2;11,8;6,37;3,3;2,57;-2,29;-9,72;56,91;31,58;23,04;5,92;-7,65;-8,43
StPaulsCross;StPaulsCross1;1031;71,25;64,31;80,27;75,63;74,52;69,22;66,05;65,57;70,05;63,52;78,92;74,45;73,3;68,05;64,92;64,5;61,04;56,63;67,82;64,29;63,32;60,3;57,88;57,4;17,2;0,0;22,6;16,4;13,4;11,4;11,0;1,72;0,0;2,49;1,98;1,9;1,7;1,56;1,52;0,033;0,0142;0,0961;0,0496;0,0441;0,0318;0,0232;0,0209;0,256;0,0;1,42;0,735;0,549;0,134;0,0182;0,0113;0,0129;0,00233;0,0499;0,0413;0,0315;0,0086;0,00401;0,00264;0,33;0,192;0,69;0,513;0,441;0,309;0,242;0,221;8,34;0,387;55,7;18,8;15,1;6,88;3,47;2,78;-5,31;-13,5;64,38;35,16;26,95;3,46;-11,79;-12,34
StPaulsCross;StPaulsCross1;1115;71,25;64,31;80,27;75,63;74,52;69,22;66,05;65,57;70,05;63,52;78,92;74,45;73,3;68,05;64,92;64,5;61,04;56,63;67,82;64,29;63,32;60,3;57,88;57,4;17,2;0,0;22,6;16,4;13,4;11,4;11,0;1,72;0,0;2,49;1,98;1,9;1,7;1,56;1,52;0,033;0,0142;0,0961;0,0496;0,0441;0,0318;0,0232;0,0209;0,256;0,0;1,42;0,735;0,549;0,134;0,0182;0,0113;0,0129;0,00233;0,0499;0,0413;0,0315;0,0086;0,00401;0,00264;0,33;0,192;0,69;0,513;0,441;0,309;0,242;0,221;8,34;0,387;55,7;18,8;15,1;6,88;3,47;2,78;-5,31;-13,5;64,38;35,16;26,95;3,46;-11,79;-12,34
StPaulsCross;StPaulsCross1;1032;69,33;65,63;72,89;71,57;71,07;68,98;67,16;66,78;68,06;64,36;71,8;70,31;69,85;67,65;65,93;65,61;60,08;56,95;65,63;62,3;61,66;59,67;58,11;57,76;15,3;0,0;21,3;14,8;12,9;11,6;11,3;1,67;0,0;3,44;2,13;1,97;1,61;1,46;1,43;0,0332;0,0163;0,066;0,0475;0,0435;0,0325;0,0241;0,0221;0,0889;0,0;0,555;0,215;0,152;0,0389;0,0059;0,00277;0,00844;0,00312;0,0206;0,0187;0,0164;0,00722;0,00392;0,00331;0,381;0,213;1,19;0,679;0,545;0,337;0,263;0,247;8,24;0,59;62,3;19,5;14,8;6,61;3,24;2,61;-4,26;-9,06;62,68;33,42;26,38;9,26;-4,21;-5,53
StPaulsCross;StPaulsCross1;1033;68,85;64,57;73,63;71,33;70,75;68,43;66,49;66,13;67,63;63,7;72,12;70,34;69,6;67,23;65,22;64,87;61,67;56,75;69,11;64,64;63,47;61,06;58,52;57,97;16,4;0,0;21,2;15,5;13,4;11,6;11,2;1,65;0,0;2,53;2,09;1,95;1,6;1,45;1,42;0,0329;0,0187;0,135;0,0464;0,0426;0,0319;0,024;0,0222;0,131;0,0;1,25;0,347;0,256;0,0624;0,0102;0,00566;0,0207;0,00365;0,0857;0,0668;0,0475;0,0127;0,00517;0,00464;0,385;0,226;1,04;0,574;0,503;0,362;0,287;0,269;9,77;0,68;67,3;23,0;18,6;7,86;3,96;3,18;-3,14;-11,75;61,25;35,03;25,97;4,46;-8,0;-9,02
StPaulsCross;StPaulsCross1;1034;68,85;64,57;73,63;71,33;70,75;68,43;66,49;66,13;67,63;63,7;72,12;70,34;69,6;67,23;65,22;64,87;61,67;56,75;69,11;64,64;63,47;61,06;58,52;57,97;16,4;0,0;21,2;15,5;13,4;11,6;11,2;1,65;0,0;2,53;2,09;1,95;1,6;1,45;1,42;0,0329;0,0187;0,135;0,0464;0,0426;0,0319;0,024;0,0222;0,131;0,0;1,25;0,347;0,256;0,0624;0,0102;0,00566;0,0207;0,00365;0,0857;0,0668;0,0475;0,0127;0,00517;0,00464;0,385;0,226;1,04;0,574;0,503;0,362;0,287;0,269;9,77;0,68;67,3;23,0;18,6;7,86;3,96;3,18;-3,14;-11,75;61,25;35,03;25,97;4,46;-8,0;-9,02
StPaulsCross;StPaulsCross1;1152;68,6;63,82;73,32;71,2;70,59;68,25;66,29;65,88;67,63;62,84;72,74;70,59;69,83;67,05;65,1;64,69;59,0;55,77;62,85;61,2;60,63;58,65;57,29;56,96;14,8;0,0;19,1;14,2;12,3;10,9;10,6;1,56;0,0;2,15;1,74;1,69;1,55;1,44;1,41;0,0311;0,0159;0,0825;0,0439;0,0406;0,0306;0,0226;0,0209;0,137;0,0;1,11;0,378;0,291;0,0588;0,00904;0,00418;0,00555;0,00287;0,0161;0,0134;0,0088;0,00498;0,00319;0,00302;0,32;0,21;0,813;0,493;0,407;0,302;0,252;0,238;6,49;0,263;32,8;12,5;10,5;5,87;3,12;2,48;-3,24;-17,76;59,86;33,33;25,13;-2,9;-16,15;-16,46
StPaulsCross;StPaulsCross1;1035;68,78;63,98;76,0;73,52;71,58;67,11;65,62;65,39;68,16;63,2;75,77;73,19;71,03;66,22;64,61;64,29;62,62;56,97;72,02;68,57;65,45;59,85;57,9;57,68;20,9;0,0;30,4;18,1;13,1;11,6;11,3;1,73;0,0;2,6;2,03;1,95;1,71;1,51;1,48;0,0345;0,0161;0,1;0,0533;0,0473;0,0332;0,0246;0,0227;0,0804;0,0;0,575;0,159;0,115;0,0236;0,00333;0,000696;0,0101;0,00316;0,0367;0,0275;0,0172;0,0085;0,00439;0,0038;0,376;0,227;1,06;0,561;0,493;0,357;0,285;0,267;8,23;0,437;41,9;18,0;14,2;7,03;3,47;2,76;-2,27;-12,12;58,03;36,59;26,12;5,84;-9,1;-9,9
StPaulsCross;StPaulsCross1;1153;68,78;63,98;76,0;73,52;71,58;67,11;65,62;65,39;68,16;63,2;75,77;73,19;71,03;66,22;64,61;64,29;62,62;56,97;72,02;68,57;65,45;59,85;57,9;57,68;20,9;0,0;30,4;18,1;13,1;11,6;11,3;1,73;0,0;2,6;2,03;1,95;1,71;1,51;1,48;0,0345;0,0161;0,1;0,0533;0,0473;0,0332;0,0246;0,0227;0,0804;0,0;0,575;0,159;0,115;0,0236;0,00333;0,000696;0,0101;0,00316;0,0367;0,0275;0,0172;0,0085;0,00439;0,0038;0,376;0,227;1,06;0,561;0,493;0,357;0,285;0,267;8,23;0,437;41,9;18,0;14,2;7,03;3,47;2,76;-2,27;-12,12;58,03;36,59;26,12;5,84;-9,1;-9,9
SanMarco;SanMarco3;94;76,62;72,63;85,23;81,49;78,27;75,15;73,64;73,28;76,4;72,28;85,21;81,45;78,1;74,9;73,24;72,91;74,09;67,89;83,82;79,73;76,23;72,03;69,9;69,44;38,2;0,0;53,7;31,3;25,5;22,7;22,1;2,19;0,0;4,05;2,74;2,48;2,12;1,98;1,95;0,0533;0,0234;0,339;0,107;0,0706;0,0462;0,0336;0,0308;0,304;0,0;2,3;0,779;0,59;0,228;0,0759;0,0535;0,0354;0,0108;0,183;0,114;0,0678;0,0283;0,0131;0,0123;0,398;0,247;1,29;0,644;0,525;0,364;0,302;0,285;17,1;1,53;104,0;43,4;32,4;13,6;7,22;6,13;-1,01;-5,58;61,97;49,26;40,27;14,32;-3,38;-3,92
SanMarco;SanMarco3;100;75,78;72,44;82,52;78,56;77,48;75,3;73,69;73,31;75,47;72,27;82,5;78,08;77,24;75,04;73,42;73,08;72,98;68,92;81,85;75,66;74,97;72,31;70,27;69,95;32,4;0,0;38,6;30,5;26,0;23,3;22,8;2,18;0,0;2,94;2,53;2,43;2,15;2,01;1,99;0,0451;0,0208;0,115;0,0677;0,0603;0,0437;0,0319;0,0296;0,338;0,0;4,62;0,867;0,655;0,239;0,0666;0,0477;0,0279;0,0122;0,0643;0,0548;0,0499;0,0239;0,015;0,0139;0,36;0,21;0,904;0,509;0,456;0,345;0,279;0,263;15,2;1,02;57,5;30,0;24,7;13,6;7,58;6,34;-0,58;-4,05;60,48;47,5;36,52;14,19;-1,48;-2,16
SanMarco;SanMarco3;101;75,78;72,44;82,52;78,56;77,48;75,3;73,69;73,31;75,47;72,27;82,5;78,08;77,24;75,04;73,42;73,08;72,98;68,92;81,85;75,66;74,97;72,31;70,27;69,95;32,4;0,0;38,6;30,5;26,0;23,3;22,8;2,18;0,0;2,94;2,53;2,43;2,15;2,01;1,99;0,0451;0,0208;0,115;0,0677;0,0603;0,0437;0,0319;0,0296;0,338;0,0;4,62;0,867;0,655;0,239;0,0666;0,0477;0,0279;0,0122;0,0643;0,0548;0,0499;0,0239;0,015;0,0139;0,36;0,21;0,904;0,509;0,456;0,345;0,279;0,263;15,2;1,02;57,5;30,0;24,7;13,6;7,58;6,34;-0,58;-4,05;60,48;47,5;36,52;14,19;-1,48;-2,16
SanMarco;SanMarco3;109;75,42;72,43;81,3;78,03;77,39;75,2;73,47;73,11;75,31;72,29;81,29;77,93;77,29;75,1;73,34;72,98;73,17;68,78;79,63;76,02;75,36;72,77;70,6;70,17;32,8;0,0;47,2;31,2;26,6;23,7;23,1;2,21;0,0;3,78;2,58;2,48;2,18;2,05;2,01;0,0464;0,0235;0,103;0,0662;0,0614;0,0451;0,0337;0,0309;0,371;0,0;3,14;1,0;0,76;0,268;0,0825;0,0577;0,0289;0,0119;0,0748;0,0599;0,0495;0,0278;0,0161;0,0151;0,381;0,203;0,839;0,612;0,527;0,355;0,288;0,267;16,0;2,64;62,3;31,2;26,4;14,3;7,78;6,49;-0,48;-4,96;59,29;47,21;38,56;14,52;-2,34;-3,15
SanMarco;SanMarco3;116;75,92;71,49;84,29;78,6;77,9;75,31;73,03;72,68;75,77;71,28;84,27;78,46;77,79;75,13;72,83;72,49;73,46;67,87;83,54;76,39;75,85;72,61;69,87;69,21;33,2;0,0;47,7;32,0;26,7;22,8;21,9;2,16;0,0;3,29;2,48;2,38;2,14;1,99;1,95;0,0486;0,0219;0,479;0,0679;0,0614;0,0444;0,0334;0,0309;0,391;0,0;2,87;0,975;0,764;0,289;0,0824;0,059;0,0237;0,00702;0,0765;0,0503;0,0385;0,0206;0,0115;0,00954;0,347;0,202;0,702;0,463;0,42;0,34;0,281;0,262;13,8;1,69;59,5;26,7;22,0;12,5;7,48;6,24;-0,81;-5,65;60,41;48,8;39,58;12,41;-3,92;-4,45
SanMarco;SanMarco3;117;79,08;71,81;86,97;83,19;82,26;77,85;74,41;73,63;78,96;71,43;86,97;83,14;82,14;77,67;74,19;73,27;77,06;66,93;84,59;81,8;80,58;75,25;71,01;69,4;44,9;0,0;57,5;41,6;30,3;24,0;22,5;2,37;0,0;4,01;3,01;2,82;2,3;2,02;1,95;0,0794;0,0229;0,515;0,227;0,149;0,0549;0,0346;0,0318;0,445;0,0;2,6;1,19;0,938;0,334;0,089;0,0638;0,0817;0,0177;0,229;0,171;0,13;0,0758;0,0407;0,0269;0,438;0,235;1,09;0,691;0,603;0,403;0,315;0,286;24,3;2,11;86,6;50,5;42,9;21,4;9,59;7,75;-5,94;-3,9;62,31;52,53;44,89;18,9;-0,52;-1,9
SanMarco;SanMarco3;118;79,08;71,81;86,97;83,19;82,26;77,85;74,41;73,63;78,96;71,43;86,97;83,14;82,14;77,67;74,19;73,27;77,06;66,93;84,59;81,8;80,58;75,25;71,01;69,4;44,9;0,0;57,5;41,6;30,3;24,0;22,5;2,37;0,0;4,01;3,01;2,82;2,3;2,02;1,95;0,0794;0,0229;0,515;0,227;0,149;0,0549;0,0346;0,0318;0,445;0,0;2,6;1,19;0,938;0,334;0,089;0,0638;0,0817;0,0177;0,229;0,171;0,13;0,0758;0,0407;0,0269;0,438;0,235;1,09;0,691;0,603;0,403;0,315;0,286;24,3;2,11;86,6;50,5;42,9;21,4;9,59;7,75;-5,94;-3,9;62,31;52,53;44,89;18,9;-0,52;-1,9
SanMarco;SanMarco3;119;79,08;71,81;86,97;83,19;82,26;77,85;74,41;73,63;78,96;71,43;86,97;83,14;82,14;77,67;74,19;73,27;77,06;66,93;84,59;81,8;80,58;75,25;71,01;69,4;44,9;0,0;57,5;41,6;30,3;24,0;22,5;2,37;0,0;4,01;3,01;2,82;2,3;2,02;1,95;0,0794;0,0229;0,515;0,227;0,149;0,0549;0,0346;0,0318;0,445;0,0;2,6;1,19;0,938;0,334;0,089;0,0638;0,0817;0,0177;0,229;0,171;0,13;0,0758;0,0407;0,0269;0,438;0,235;1,09;0,691;0,603;0,403;0,315;0,286;24,3;2,11;86,6;50,5;42,9;21,4;9,59;7,75;-5,94;-3,9;62,31;52,53;44,89;18,9;-0,52;-1,9
SanMarco;SanMarco3;120;79,08;71,81;86,97;83,19;82,26;77,85;74,41;73,63;78,96;71,43;86,97;83,14;82,14;77,67;74,19;73,27;77,06;66,93;84,59;81,8;80,58;75,25;71,01;69,4;44,9;0,0;57,5;41,6;30,3;24,0;22,5;2,37;0,0;4,01;3,01;2,82;2,3;2,02;1,95;0,0794;0,0229;0,515;0,227;0,149;0,0549;0,0346;0,0318;0,445;0,0;2,6;1,19;0,938;0,334;0,089;0,0638;0,0817;0,0177;0,229;0,171;0,13;0,0758;0,0407;0,0269;0,438;0,235;1,09;0,691;0,603;0,403;0,315;0,286;24,3;2,11;86,6;50,5;42,9;21,4;9,59;7,75;-5,94;-3,9;62,31;52,53;44,89;18,9;-0,52;-1,9
SanMarco;SanMarco3;121;79,08;71,81;86,97;83,19;82,26;77,85;74,41;73,63;78,96;71,43;86,97;83,14;82,14;77,67;74,19;73,27;77,06;66,93;84,59;81,8;80,58;75,25;71,01;69,4;44,9;0,0;57,5;41,6;30,3;24,0;22,5;2,37;0,0;4,01;3,01;2,82;2,3;2,02;1,95;0,0794;0,0229;0,515;0,227;0,149;0,0549;0,0346;0,0318;0,445;0,0;2,6;1,19;0,938;0,334;0,089;0,0638;0,0817;0,0177;0,229;0,171;0,13;0,0758;0,0407;0,0269;0,438;0,235;1,09;0,691;0,603;0,403;0,315;0,286;24,3;2,11;86,6;50,5;42,9;21,4;9,59;7,75;-5,94;-3,9;62,31;52,53;44,89;18,9;-0,52;-1,9
StPaulsRow;StPaulsRow1;1098;82,27;70,09;96,06;88,06;85,72;78,92;73,01;72,21;73,74;66,86;87,35;78,49;76,78;71,25;69,08;68,72;60,98;58,5;66,99;63,25;62,48;60,55;59,48;59,25;16,1;0,0;25,2;15,3;13,7;12,6;12,3;1,64;0,0;2,87;2,0;1,87;1,6;1,46;1,43;0,0341;0,0162;0,105;0,0498;0,0448;0,0335;0,0255;0,0238;0,0951;0,0;0,783;0,242;0,159;0,047;0,00718;0,00358;0,0115;0,00417;0,0304;0,0237;0,0202;0,00996;0,00571;0,00496;0,458;0,26;2,49;0,956;0,647;0,425;0,338;0,322;9,3;0,492;91,4;19,3;15,8;8,08;4,12;3,28;-1,75;-10,62;79,36;35,45;25,61;11,01;-4,95;-6,83
StPaulsRow;StPaulsRow1;957;82,27;70,09;96,06;88,06;85,72;78,92;73,01;72,21;73,74;66,86;87,35;78,49;76,78;71,25;69,08;68,72;60,98;58,5;66,99;63,25;62,48;60,55;59,48;59,25;16,1;0,0;25,2;15,3;13,7;12,6;12,3;1,64;0,0;2,87;2,0;1,87;1,6;1,46;1,43;0,0341;0,0162;0,105;0,0498;0,0448;0,0335;0,0255;0,0238;0,0951;0,0;0,783;0,242;0,159;0,047;0,00718;0,00358;0,0115;0,00417;0,0304;0,0237;0,0202;0,00996;0,00571;0,00496;0,458;0,26;2,49;0,956;0,647;0,425;0,338;0,322;9,3;0,492;91,4;19,3;15,8;8,08;4,12;3,28;-1,75;-10,62;79,36;35,45;25,61;11,01;-4,95;-6,83
StPaulsRow;StPaulsRow1;1097;72,36;68,41;81,37;74,59;73,89;71,98;70,51;70,17;69,85;66,67;75,01;71,92;71,19;69,62;68,18;67,85;62,59;58,55;70,03;65,59;64,6;61,78;60,07;59,7;17,6;0,0;24,2;16,4;14,4;12,8;12,4;1,64;0,0;2,8;1,98;1,84;1,6;1,48;1,45;0,0352;0,0188;0,108;0,0526;0,0464;0,0336;0,0248;0,0233;0,149;0,0;1,49;0,426;0,309;0,0757;0,0129;0,00702;0,0134;0,00495;0,0325;0,0254;0,0226;0,012;0,00703;0,00615;0,442;0,185;1,6;0,798;0,653;0,389;0,304;0,282;9,42;0,306;62,2;21,8;17,1;7,73;4,0;3,25;-0,43;-12,3;63,78;35,21;28,22;4,39;-6,98;-10,73
StPaulsRow;StPaulsRow1;960;72,36;68,41;81,37;74,59;73,89;71,98;70,51;70,17;69,85;66,67;75,01;71,92;71,19;69,62;68,18;67,85;62,59;58,55;70,03;65,59;64,6;61,78;60,07;59,7;17,6;0,0;24,2;16,4;14,4;12,8;12,4;1,64;0,0;2,8;1,98;1,84;1,6;1,48;1,45;0,0352;0,0188;0,108;0,0526;0,0464;0,0336;0,0248;0,0233;0,149;0,0;1,49;0,426;0,309;0,0757;0,0129;0,00702;0,0134;0,00495;0,0325;0,0254;0,0226;0,012;0,00703;0,00615;0,442;0,185;1,6;0,798;0,653;0,389;0,304;0,282;9,42;0,306;62,2;21,8;17,1;7,73;4,0;3,25;-0,43;-12,3;63,78;35,21;28,22;4,39;-6,98;-10,73
StPaulsRow;StPaulsRow1;962;75,43;68,74;86,39;79,98;78,77;74,1;71,62;70,94;71,42;67,14;79,15;73,96;73,19;70,85;69,06;68,7;65,31;60,38;70,28;69,17;68,0;64,3;62,14;61,55;21,5;0,0;26,5;20,1;16,5;14,5;14,0;1,66;0,0;2,62;2,01;1,89;1,62;1,49;1,46;0,0393;0,0157;0,141;0,0617;0,0542;0,0372;0,0269;0,0244;0,312;0,0;1,56;1,04;0,829;0,151;0,0263;0,0165;0,0148;0,00464;0,0549;0,0389;0,0239;0,0128;0,00639;0,00596;0,363;0,117;1,1;0,602;0,479;0,347;0,235;0,194;9,2;0,83;63,7;18,6;15,0;8,07;4,3;3,53;-1,08;-14,2;70,09;38,48;28,84;3,44;-11,17;-12,53
StPaulsRow;StPaulsRow1;968;71,3;67,99;76,54;72,98;72,53;71,09;69,95;69,59;69,21;66,37;75,83;71,09;70,32;68,99;67,9;67,59;62,83;59,24;72,29;66,82;65,28;61,93;60,7;60,39;17,9;0,0;26,1;16,7;14,4;13,2;12,8;1,67;0,0;2,41;1,95;1,87;1,65;1,49;1,46;0,0356;0,0168;0,109;0,0529;0,048;0,0339;0,0252;0,0231;0,191;0,0;1,7;0,59;0,41;0,0524;0,00567;0,00202;0,0182;0,00492;0,063;0,0472;0,0376;0,0139;0,0072;0,00571;0,411;0,239;1,72;0,615;0,542;0,389;0,311;0,295;9,8;0,928;71,7;22,5;18,2;8,34;4,4;3,59;-2,88;-11,29;63,31;37,16;27,57;5,63;-8,38;-9,67
StPaulsRow;StPaulsRow1;1102;78,43;68,63;94,42;83,51;81,24;75,24;70,65;69,91;71,91;66,1;87,83;74,9;73,85;70,09;67,84;67,33;62,56;59,75;68,13;65,22;64,54;62,09;60,57;60,36;17,6;0,0;20,9;16,8;14,6;13,2;12,9;1,68;0,0;2,42;1,97;1,85;1,64;1,53;1,51;0,0353;0,0178;0,149;0,0492;0,0452;0,0343;0,0264;0,0245;0,0956;0,0;1,17;0,241;0,164;0,0402;0,00702;0,00291;0,00891;0,0042;0,0237;0,0177;0,0122;0,00798;0,00576;0,00513;0,393;0,257;0,953;0,569;0,511;0,368;0,305;0,287;8,2;0,448;40,0;16,9;13,5;7,18;3,86;3,11;-2,3;-14,43;74,08;36,33;27,51;3,21;-11,61;-12,58
StPaulsRow;StPaulsRow1;969;78,43;68,63;94,42;83,51;81,24;75,24;70,65;69,91;71,91;66,1;87,83;74,9;73,85;70,09;67,84;67,33;62,56;59,75;68,13;65,22;64,54;62,09;60,57;60,36;17,6;0,0;20,9;16,8;14,6;13,2;12,9;1,68;0,0;2,42;1,97;1,85;1,64;1,53;1,51;0,0353;0,0178;0,149;0,0492;0,0452;0,0343;0,0264;0,0245;0,0956;0,0;1,17;0,241;0,164;0,0402;0,00702;0,00291;0,00891;0,0042;0,0237;0,0177;0,0122;0,00798;0,00576;0,00513;0,393;0,257;0,953;0,569;0,511;0,368;0,305;0,287;8,2;0,448;40,0;16,9;13,5;7,18;3,86;3,11;-2,3;-14,43;74,08;36,33;27,51;3,21;-11,61;-12,58
StPaulsRow;StPaulsRow1;1101;81,19;70,16;92,47;86,19;84,2;78,69;74,44;73,26;74,76;67,15;85,17;79,63;77,92;72,59;68,6;68,16;62,84;59,64;71,69;65,87;64,24;61,73;60,57;60,18;18,0;0,0;25,6;16,4;14,2;13,0;12,7;1,58;0,0;2,97;1,9;1,76;1,54;1,44;1,41;0,0359;0,018;0,0855;0,0522;0,0464;0,0351;0,0267;0,0244;0,119;0,0;2,03;0,293;0,194;0,0415;0,00596;0,00286;0,0118;0,00455;0,035;0,0279;0,0215;0,0101;0,00589;0,00521;0,401;0,231;1,09;0,619;0,521;0,378;0,312;0,289;8,63;0,466;56,5;19,8;14,6;7,52;3,81;3,06;-1,51;-14,45;76,86;37,69;27,21;2,42;-11,97;-12,86
StPaulsRow;StPaulsRow1;971;74,99;68,52;84,7;80,54;78,99;72,36;70,21;69,74;69,26;64,6;78,71;72,38;71,47;68,4;67,1;66,74;61,86;57,97;68,59;64,84;63,56;61,2;60,01;59,66;16,0;0,0;19,6;15,2;13,6;12,5;12,2;1,59;0,0;2,31;1,83;1,75;1,57;1,46;1,43;0,035;0,0178;0,0957;0,051;0,0457;0,0341;0,025;0,0233;0,116;0,0;0,972;0,375;0,212;0,0438;0,00805;0,00437;0,0119;0,00398;0,0357;0,0304;0,0228;0,00942;0,00644;0,00486;0,416;0,27;1,09;0,601;0,542;0,394;0,313;0,299;8,52;0,448;41,5;17,6;14,3;7,48;4,0;3,21;-1,53;-17,1;70,7;35,6;26,44;0,71;-14,39;-15,4
StPaulsRow;StPaulsRow1;973;74,84;68,99;83,25;78,92;77,54;73,41;71,5;70,99;70,79;67,29;78,43;73,23;72,39;70,49;69,11;68,73;65,21;60,09;76,76;69,41;67,58;63,98;62,09;61,7;20,4;0,0;28,4;19,2;16,1;14,3;13,9;1,74;0,0;2,66;2,08;2,0;1,7;1,54;1,5;0,044;0,0186;0,277;0,0758;0,0603;0,039;0,0279;0,0259;0,161;0,0;1,08;0,444;0,34;0,0898;0,0144;0,00723;0,0279;0,00655;0,0937;0,0891;0,0588;0,0228;0,00905;0,00824;0,415;0,252;0,843;0,58;0,532;0,394;0,327;0,31;12,6;0,892;57,1;26,6;22,4;10,9;5,26;4,31;-0,54;-10,86;69,76;39,82;31,0;5,39;-7,53;-8,58
StPaulsRow;StPaulsRow1;1100;75,03;68,61;87,78;79,39;78,16;72,86;70,04;69,63;69,42;65,82;75,68;72,03;71,25;68,99;67,37;66,93;63,34;59,34;70,41;67,56;66,09;62,12;60,38;60,11;19,4;0,0;25,9;17,6;14,4;13,0;12,7;1,66;0,0;3,1;2,05;1,91;1,61;1,46;1,43;0,0371;0,0182;0,142;0,057;0,0489;0,0352;0,0258;0,0241;0,264;0,0;1,57;0,967;0,698;0,0782;0,0109;0,00492;0,0144;0,00586;0,0448;0,026;0,0233;0,0137;0,00746;0,00682;0,424;0,188;1,57;0,798;0,652;0,378;0,278;0,254;9,42;0,362;61,8;21,7;17,1;7,73;3,96;3,17;-0,99;-9,47;71,37;37,12;27,18;6,61;-6,29;-7,21
StPaulsRow;StPaulsRow1;1094;74,72;68,63;85,03;79,28;77,89;72,82;70,36;69,97;70,27;65,97;78,11;72,67;71,9;69,83;68,1;67,6;63,05;58,76;69,5;66,6;65,54;62,04;60,21;59,83;18,2;0,0;22,6;17,2;14,4;12,9;12,6;1,61;0,0;3,23;1,87;1,79;1,59;1,46;1,44;0,0369;0,0172;0,0839;0,0543;0,049;0,0355;0,0268;0,0247;0,308;0,0;1,72;1,24;0,802;0,104;0,0142;0,00616;0,0115;0,00445;0,0277;0,0229;0,0206;0,01;0,00566;0,00533;0,366;0,141;1,21;0,578;0,49;0,353;0,26;0,228;8,18;0,5;52,5;16,7;13,8;7,13;3,57;2,89;-0,68;-13,48;68,4;37,35;26,57;5,29;-8,39;-10,61
StPaulsRow;StPaulsRow1;974;74,72;68,63;85,03;79,28;77,89;72,82;70,36;69,97;70,27;65,97;78,11;72,67;71,9;69,83;68,1;67,6;63,05;58,76;69,5;66,6;65,54;62,04;60,21;59,83;18,2;0,0;22,6;17,2;14,4;12,9;12,6;1,61;0,0;3,23;1,87;1,79;1,59;1,46;1,44;0,0369;0,0172;0,0839;0,0543;0,049;0,0355;0,0268;0,0247;0,308;0,0;1,72;1,24;0,802;0,104;0,0142;0,00616;0,0115;0,00445;0,0277;0,0229;0,0206;0,01;0,00566;0,00533;0,366;0,141;1,21;0,578;0,49;0,353;0,26;0,228;8,18;0,5;52,5;16,7;13,8;7,13;3,57;2,89;-0,68;-13,48;68,4;37,35;26,57;5,29;-8,39;-10,61
StPaulsRow;StPaulsRow1;975;74,72;68,63;85,03;79,28;77,89;72,82;70,36;69,97;70,27;65,97;78,11;72,67;71,9;69,83;68,1;67,6;63,05;58,76;69,5;66,6;65,54;62,04;60,21;59,83;18,2;0,0;22,6;17,2;14,4;12,9;12,6;1,61;0,0;3,23;1,87;1,79;1,59;1,46;1,44;0,0369;0,0172;0,0839;0,0543;0,049;0,0355;0,0268;0,0247;0,308;0,0;1,72;1,24;0,802;0,104;0,0142;0,00616;0,0115;0,00445;0,0277;0,0229;0,0206;0,01;0,00566;0,00533;0,366;0,141;1,21;0,578;0,49;0,353;0,26;0,228;8,18;0,5;52,5;16,7;13,8;7,13;3,57;2,89;-0,68;-13,48;68,4;37,35;26,57;5,29;-8,39;-10,61
StPaulsRow;StPaulsRow1;1089;74,29;68,07;83,76;79,24;77,53;72,3;69,68;69,29;69,81;66,01;76,47;73,18;72,03;69,07;67,46;67,18;63,34;60,11;75,32;66,04;64,41;62,53;61,26;60,86;18,2;0,0;40,1;16,8;14,8;13,6;13,2;1,66;0,0;3,54;2,05;1,92;1,64;1,53;1,5;0,0376;0,0175;0,129;0,0533;0,0489;0,0369;0,0267;0,0244;0,132;0,0;1,4;0,399;0,259;0,0504;0,00869;0,00433;0,0158;0,00538;0,0717;0,0599;0,0417;0,0101;0,00647;0,00591;0,422;0,234;1,82;0,735;0,59;0,376;0,306;0,292;9,74;0,475;106,0;25,2;18,6;7,69;4,08;3,34;-1,19;-11,24;69,35;36,49;28,58;9,15;-1,5;-5,87
StPaulsRow;StPaulsRow1;978;74,29;68,07;83,76;79,24;77,53;72,3;69,68;69,29;69,81;66,01;76,47;73,18;72,03;69,07;67,46;67,18;63,34;60,11;75,32;66,04;64,41;62,53;61,26;60,86;18,2;0,0;40,1;16,8;14,8;13,6;13,2;1,66;0,0;3,54;2,05;1,92;1,64;1,53;1,5;0,0376;0,0175;0,129;0,0533;0,0489;0,0369;0,0267;0,0244;0,132;0,0;1,4;0,399;0,259;0,0504;0,00869;0,00433;0,0158;0,00538;0,0717;0,0599;0,0417;0,0101;0,00647;0,00591;0,422;0,234;1,82;0,735;0,59;0,376;0,306;0,292;9,74;0,475;106,0;25,2;18,6;7,69;4,08;3,34;-1,19;-11,24;69,35;36,49;28,58;9,15;-1,5;-5,87
StPaulsRow;StPaulsRow1;1099;75,84;69,02;85,42;80,46;79,16;74,38;70,49;70,15;72,99;67,71;80,47;77,32;75,59;71,96;68,87;68,58;66,88;61,44;75,89;71,66;70,08;64,94;62,41;62,15;23,1;0,0;31,9;21,5;17,2;14,9;14,6;1,67;0,0;2,87;1,98;1,87;1,64;1,51;1,47;0,0459;0,0195;0,188;0,0847;0,0671;0,0414;0,03;0,0276;0,24;0,0;1,44;0,798;0,497;0,116;0,0146;0,0072;0,0256;0,00555;0,0896;0,078;0,0661;0,0149;0,00655;0,00617;0,47;0,179;1,41;0,794;0,682;0,422;0,335;0,315;11,2;0,741;77,7;26,4;19,9;9,06;4,67;3,79;-0,62;-10,92;68,97;40,89;30,0;6,56;-7,07;-8,35
StPaulsRow;StPaulsRow1;979;77,38;70,19;90,89;82,88;79,49;73,89;71,85;71,5;71,1;67,5;80,78;73,18;72,36;70,4;69,1;68,72;63,16;60,77;70,64;65,82;64,9;62,66;61,56;61,34;17,9;0,0;25,5;17,2;15,2;14,1;13,8;1,66;0,0;2,74;1,98;1,87;1,63;1,49;1,46;0,0366;0,019;0,0965;0,0544;0,0486;0,0355;0,0271;0,0252;0,125;0,0;0,954;0,338;0,241;0,0485;0,00763;0,00352;0,0097;0,00346;0,0282;0,0245;0,0157;0,00821;0,00459;0,00426;0,391;0,245;0,795;0,536;0,493;0,379;0,303;0,288;8,8;0,478;53,4;18,1;14,7;7,64;4,05;3,29;-1,27;-12,71;74,18;37,83;27,1;5,85;-9,08;-10,41
StPaulsRow;StPaulsRow1;981;77,38;70,19;90,89;82,88;79,49;73,89;71,85;71,5;71,1;67,5;80,78;73,18;72,36;70,4;69,1;68,72;63,16;60,77;70,64;65,82;64,9;62,66;61,56;61,34;17,9;0,0;25,5;17,2;15,2;14,1;13,8;1,66;0,0;2,74;1,98;1,87;1,63;1,49;1,46;0,0366;0,019;0,0965;0,0544;0,0486;0,0355;0,0271;0,0252;0,125;0,0;0,954;0,338;0,241;0,0485;0,00763;0,00352;0,0097;0,00346;0,0282;0,0245;0,0157;0,00821;0,00459;0,00426;0,391;0,245;0,795;0,536;0,493;0,379;0,303;0,288;8,8;0,478;53,4;18,1;14,7;7,64;4,05;3,29;-1,27;-12,71;74,18;37,83;27,1;5,85;-9,08;-10,41
StPaulsRow;StPaulsRow1;982;78,38;69,06;90,72;83,94;81,62;74,31;71,35;70,53;73,49;66,34;83,16;78,88;76,87;70,99;68,25;67,85;62,91;60,3;66,41;64,57;64,09;62,77;61,43;61,12;17,7;0,0;23,0;16,9;15,2;13,8;13,4;1,65;0,0;2,93;1,94;1,85;1,62;1,49;1,46;0,0363;0,0189;0,0801;0,0541;0,0478;0,0349;0,0263;0,0247;0,0792;0,0;0,373;0,188;0,134;0,037;0,00684;0,00241;0,0113;0,0052;0,0446;0,0309;0,0158;0,00883;0,00637;0,00586;0,411;0,261;1,03;0,624;0,528;0,386;0,316;0,3;8,39;0,746;54,5;17,2;13,5;7,45;4,01;3,31;-0,94;-13,63;75,34;36,48;27,52;3,81;-10,32;-11,63
StPaulsRow;StPaulsRow1;1106;74,93;69,7;84,96;78,22;76,93;74,05;71,46;70,97;73,65;68,13;84,95;76,84;75,86;72,67;69,34;69,02;71,47;63,41;83,06;75,46;74,17;70,42;64,96;64,38;30,4;0,0;40,5;28,4;22,7;17,0;16,5;2,22;0,0;3,66;2,81;2,63;2,21;1,81;1,76;0,0387;0,0171;0,0883;0,0548;0,0512;0,0376;0,0284;0,0262;0,413;0,0;2,47;1,34;0,929;0,265;0,0434;0,0254;0,0357;0,00547;0,0857;0,0727;0,0666;0,0344;0,0105;0,00737;0,429;0,202;0,829;0,6;0,541;0,422;0,327;0,305;16,5;1,1;74,4;35,7;29,6;14,2;6,27;5,02;-0,32;-4,45;64,81;47,21;37,57;14,38;-1,81;-3,02
StPaulsRow;StPaulsRow1;984;74,93;69,7;84,96;78,22;76,93;74,05;71,46;70,97;73,65;68,13;84,95;76,84;75,86;72,67;69,34;69,02;71,47;63,41;83,06;75,46;74,17;70,42;64,96;64,38;30,4;0,0;40,5;28,4;22,7;17,0;16,5;2,22;0,0;3,66;2,81;2,63;2,21;1,81;1,76;0,0387;0,0171;0,0883;0,0548;0,0512;0,0376;0,0284;0,0262;0,413;0,0;2,47;1,34;0,929;0,265;0,0434;0,0254;0,0357;0,00547;0,0857;0,0727;0,0666;0,0344;0,0105;0,00737;0,429;0,202;0,829;0,6;0,541;0,422;0,327;0,305;16,5;1,1;74,4;35,7;29,6;14,2;6,27;5,02;-0,32;-4,45;64,81;47,21;37,57;14,38;-1,81;-3,02
StPaulsRow;StPaulsRow1;1107;74,45;68,16;85,56;80,34;77,74;72,38;70,37;69,86;71,51;66,16;82,18;75,24;72,77;69,96;68,56;68,06;68,21;60,26;81,51;72,09;68,23;64,15;62,55;62,05;24,5;0,0;37,3;20,0;16,4;14,7;14,2;1,85;0,0;2,82;2,32;2,19;1,79;1,63;1,59;0,0375;0,0186;0,272;0,055;0,048;0,0358;0,0267;0,0247;0,269;0,0;3,54;0,588;0,445;0,127;0,0221;0,0117;0,0148;0,0052;0,0412;0,0323;0,0241;0,0133;0,00722;0,0064;0,392;0,219;1,12;0,54;0,489;0,377;0,302;0,287;10,7;0,611;71,6;22,4;17,8;9,45;4,87;4,04;-0,64;-10,31;67,68;42,74;31,68;7,11;-7,19;-8,87
StPaulsRow;StPaulsRow1;985;74,45;68,16;85,56;80,34;77,74;72,38;70,37;69,86;71,51;66,16;82,18;75,24;72,77;69,96;68,56;68,06;68,21;60,26;81,51;72,09;68,23;64,15;62,55;62,05;24,5;0,0;37,3;20,0;16,4;14,7;14,2;1,85;0,0;2,82;2,32;2,19;1,79;1,63;1,59;0,0375;0,0186;0,272;0,055;0,048;0,0358;0,0267;0,0247;0,269;0,0;3,54;0,588;0,445;0,127;0,0221;0,0117;0,0148;0,0052;0,0412;0,0323;0,0241;0,0133;0,00722;0,0064;0,392;0,219;1,12;0,54;0,489;0,377;0,302;0,287;10,7;0,611;71,6;22,4;17,8;9,45;4,87;4,04;-0,64;-10,31;67,68;42,74;31,68;7,11;-7,19;-8,87
StPaulsRow;StPaulsRow1;986;71,14;68,31;75,65;73,08;72,61;70,82;69,62;69,27;69,32;66,51;73,88;71,15;70,59;69,08;67,9;67,55;63,88;60,04;71,5;66,3;65,67;63,4;61,85;61,47;18,1;0,0;23,9;17,2;15,2;13,8;13,4;1,64;0,0;2,62;1,91;1,8;1,61;1,5;1,48;0,0382;0,0201;0,114;0,0568;0,0501;0,0364;0,0272;0,0253;0,125;0,0;1,03;0,341;0,252;0,0587;0,0101;0,00501;0,0153;0,00448;0,0522;0,0469;0,031;0,0112;0,00647;0,00578;0,389;0,248;1,29;0,589;0,5;0,372;0,296;0,28;8,55;0,415;47,9;17,0;14,1;7,53;3,95;3,22;-2,13;-14,97;61,8;38,8;29,02;2,48;-11,98;-13,25
StPaulsRow;StPaulsRow1;987;71,14;68,31;75,65;73,08;72,61;70,82;69,62;69,27;69,32;66,51;73,88;71,15;70,59;69,08;67,9;67,55;63,88;60,04;71,5;66,3;65,67;63,4;61,85;61,47;18,1;0,0;23,9;17,2;15,2;13,8;13,4;1,64;0,0;2,62;1,91;1,8;1,61;1,5;1,48;0,0382;0,0201;0,114;0,0568;0,0501;0,0364;0,0272;0,0253;0,125;0,0;1,03;0,341;0,252;0,0587;0,0101;0,00501;0,0153;0,00448;0,0522;0,0469;0,031;0,0112;0,00647;0,00578;0,389;0,248;1,29;0,589;0,5;0,372;0,296;0,28;8,55;0,415;47,9;17,0;14,1;7,53;3,95;3,22;-2,13;-14,97;61,8;38,8;29,02;2,48;-11,98;-13,25
StPaulsRow;StPaulsRow1;989;75,66;68,58;86,03;80,28;78,5;73,99;71,19;70,64;72,26;67,67;79,7;75,39;74,04;71,51;69,68;69,25;67,44;62,9;77,78;70,77;69,64;66,24;64,43;63,88;22,7;0,0;32,2;21,5;18,2;16,4;15,9;1,85;0,0;3,29;2,16;2,07;1,83;1,68;1,64;0,0408;0,0193;0,191;0,063;0,0558;0,0385;0,029;0,0271;0,227;0,0;2,25;0,696;0,481;0,121;0,0193;0,0112;0,023;0,00793;0,0582;0,0487;0,0406;0,0198;0,0128;0,0108;0,476;0,248;1,33;0,759;0,646;0,443;0,345;0,32;13,5;0,86;76,6;26,9;22,2;11,9;6,19;5,02;-0,94;-8,26;69,32;41,62;32,54;9,36;-4,46;-5,59
StPaulsRow;StPaulsRow1;992;78,04;68,96;86,82;82,95;81,59;76,14;71,16;70,59;72,24;66,89;79,74;76,17;75,35;70,84;68,4;68,03;64,95;60,61;75,1;68,55;67,57;63,78;61,85;61,54;20,3;0,0;30,3;19,0;15,8;14,2;13,9;1,76;0,0;2,56;2,07;1,98;1,73;1,59;1,56;0,0363;0,0161;0,0745;0,0522;0,0481;0,0352;0,0258;0,0238;0,164;0,0;2,32;0,514;0,328;0,0756;0,0124;0,00744;0,0227;0,00475;0,0695;0,0647;0,0459;0,019;0,00658;0,00587;0,418;0,213;0,937;0,608;0,537;0,401;0,314;0,296;11,8;0,693;56,9;26,5;21,1;9,88;5,01;4,09;-0,91;-9,04;74,5;38,77;30,83;6,19;-4,17;-6,11
StPaulsRow;StPaulsRow1;1092;75,57;68,32;85,5;81,4;78,88;72,84;70,37;69,99;70,4;66,89;77,43;74,35;73,16;69,39;68,26;68,0;64,48;61,12;75,49;67,24;66,04;63,46;62,24;61,96;18,8;0,0;28,8;17,5;15,2;14,0;13,7;1,61;0,0;2,9;1,95;1,84;1,59;1,48;1,46;0,0409;0,02;0,285;0,0597;0,0508;0,0379;0,0277;0,0249;0,164;0,0;1,19;0,569;0,344;0,0657;0,0129;0,00643;0,0147;0,00595;0,0475;0,0351;0,0297;0,0108;0,00702;0,0067;0,393;0,237;1,14;0,624;0,528;0,363;0,292;0,271;9,36;0,535;59,4;22,0;16,3;7,97;3,9;3,19;-1,2;-15,71;71,15;38,29;30,5;3,29;-13,04;-14,18
StPaulsRow;StPaulsRow1;994;81,5;71,36;92,77;87,2;85,65;77,74;73,44;72,84;74,75;68,76;84,1;80,09;78,49;72,6;70,54;70,06;65,03;61,9;71,27;67,88;66,7;64,43;63,22;63,0;20,2;0,0;25,5;19,1;17,0;15,6;15,2;1,72;0,0;2,84;2,06;1,97;1,69;1,53;1,49;0,0394;0,0181;0,0935;0,0583;0,0522;0,0377;0,0284;0,0261;0,154;0,0;1,47;0,45;0,313;0,069;0,0119;0,00564;0,0149;0,00401;0,0708;0,0464;0,0305;0,00935;0,00514;0,00496;0,413;0,256;0,831;0,603;0,543;0,39;0,318;0,303;9,83;0,859;53,8;21,9;17,0;8,33;4,36;3,51;-1,14;-9,91;78,17;39,62;29,94;7,49;-6,1;-7,23
StPaulsRow;StPaulsRow1;997;74,41;69,51;85,54;77,77;76,35;73,17;71,28;70,93;71,04;67,83;76,78;72,99;72,49;70,76;69,26;68,97;66,33;61,93;73,76;69,3;68,63;65,64;63,72;63,22;21,3;0,0;29,9;20,3;17,6;15,7;15,2;1,79;0,0;2,64;2,09;1,99;1,77;1,62;1,58;0,0413;0,0207;0,239;0,061;0,0552;0,0388;0,0287;0,0266;0,184;0,0;1,43;0,525;0,363;0,114;0,0196;0,0109;0,0199;0,00647;0,0562;0,0427;0,0355;0,0176;0,00909;0,00806;0,437;0,238;1,42;0,763;0,614;0,395;0,312;0,298;11,2;0,974;67,7;22,7;19,2;9,8;5,29;4,39;-0,6;-11,29;68,47;41,54;31,76;7,41;-8,28;-9,38
StPaulsRow;StPaulsRow1;998;74,41;69,51;85,54;77,77;76,35;73,17;71,28;70,93;71,04;67,83;76,78;72,99;72,49;70,76;69,26;68,97;66,33;61,93;73,76;69,3;68,63;65,64;63,72;63,22;21,3;0,0;29,9;20,3;17,6;15,7;15,2;1,79;0,0;2,64;2,09;1,99;1,77;1,62;1,58;0,0413;0,0207;0,239;0,061;0,0552;0,0388;0,0287;0,0266;0,184;0,0;1,43;0,525;0,363;0,114;0,0196;0,0109;0,0199;0,00647;0,0562;0,0427;0,0355;0,0176;0,00909;0,00806;0,437;0,238;1,42;0,763;0,614;0,395;0,312;0,298;11,2;0,974;67,7;22,7;19,2;9,8;5,29;4,39;-0,6;-11,29;68,47;41,54;31,76;7,41;-8,28;-9,38
StPaulsRow;StPaulsRow1;1001;76,54;68,32;86,97;81,95;80,58;73,7;70,17;69,74;71,67;67,02;78,52;75,17;74,13;70,6;68,56;68,27;66,36;61,43;74,57;70,64;69,01;64,85;62,93;62,62;22,0;0,0;27,4;20,7;16,8;15,0;14,7;1,8;0,0;2,8;2,15;2,04;1,77;1,62;1,59;0,0383;0,0191;0,0864;0,0548;0,0497;0,0376;0,0276;0,0255;0,215;0,0;1,95;0,677;0,493;0,0906;0,0143;0,00746;0,0196;0,00563;0,0588;0,0455;0,0396;0,0165;0,00772;0,00715;0,404;0,255;1,01;0,565;0,509;0,386;0,314;0,296;12,2;0,944;52,1;27,7;22,3;10,3;5,23;4,25;-0,53;-8,5;71,39;38,86;31,5;8,49;-4,84;-6,78
StPaulsRow;StPaulsRow1;1002;76,54;68,32;86,97;81,95;80,58;73,7;70,17;69,74;71,67;67,02;78,52;75,17;74,13;70,6;68,56;68,27;66,36;61,43;74,57;70,64;69,01;64,85;62,93;62,62;22,0;0,0;27,4;20,7;16,8;15,0;14,7;1,8;0,0;2,8;2,15;2,04;1,77;1,62;1,59;0,0383;0,0191;0,0864;0,0548;0,0497;0,0376;0,0276;0,0255;0,215;0,0;1,95;0,677;0,493;0,0906;0,0143;0,00746;0,0196;0,00563;0,0588;0,0455;0,0396;0,0165;0,00772;0,00715;0,404;0,255;1,01;0,565;0,509;0,386;0,314;0,296;12,2;0,944;52,1;27,7;22,3;10,3;5,23;4,25;-0,53;-8,5;71,39;38,86;31,5;8,49;-4,84;-6,78
StPaulsRow;StPaulsRow1;1003;73,63;68,21;83,53;78,42;76,55;71,47;69,85;69,52;69,44;66,81;76,1;72,26;71,2;68,82;67,74;67,53;63,22;59,57;72,65;65,65;64,68;62,71;61,23;60,8;17,3;0,0;23,4;16,7;14,8;13,6;13,2;1,72;0,0;2,37;1,96;1,89;1,7;1,57;1,54;0,0353;0,0185;0,071;0,0503;0,0459;0,0342;0,026;0,0244;0,151;0,0;2,18;0,395;0,271;0,0483;0,0061;0,00256;0,0111;0,00308;0,0418;0,0316;0,019;0,0101;0,00432;0,00364;0,411;0,251;0,853;0,577;0,512;0,399;0,325;0,304;9,01;0,458;51,4;18,1;15,2;7,88;4,08;3,33;-0,53;-10,23;68,23;37,3;28,5;5,24;-7,1;-8,4
StPaulsRow;StPaulsRow1;1108;73,63;68,21;83,53;78,42;76,55;71,47;69,85;69,52;69,44;66,81;76,1;72,26;71,2;68,82;67,74;67,53;63,22;59,57;72,65;65,65;64,68;62,71;61,23;60,8;17,3;0,0;23,4;16,7;14,8;13,6;13,2;1,72;0,0;2,37;1,96;1,89;1,7;1,57;1,54;0,0353;0,0185;0,071;0,0503;0,0459;0,0342;0,026;0,0244;0,151;0,0;2,18;0,395;0,271;0,0483;0,0061;0,00256;0,0111;0,00308;0,0418;0,0316;0,019;0,0101;0,00432;0,00364;0,411;0,251;0,853;0,577;0,512;0,399;0,325;0,304;9,01;0,458;51,4;18,1;15,2;7,88;4,08;3,33;-0,53;-10,23;68,23;37,3;28,5;5,24;-7,1;-8,4
StPaulsRow;StPaulsRow1;1009;75,3;66,71;87,58;81,0;78,75;71,24;69,35;68,93;69,56;64,97;78,49;72,45;71,29;68,57;67,36;67,03;62,8;59,89;71,48;66,06;64,74;62,39;61,17;60,85;17,7;0,0;24,2;16,7;14,5;13,3;13,0;1,62;0,0;2,53;1,87;1,78;1,6;1,49;1,47;0,0366;0,0183;0,071;0,0512;0,0468;0,0356;0,0275;0,0252;0,0969;0,0;0,776;0,245;0,172;0,0412;0,00821;0,00411;0,0105;0,00355;0,0524;0,0291;0,0241;0,00737;0,00446;0,0042;0,372;0,234;1,26;0,586;0,476;0,36;0,303;0,287;7,92;0,399;45,1;18,0;13,7;7,15;3,75;3,1;-1,43;-14,59;71,26;37,32;27,53;3,7;-10,09;-11,08
StPaulsRow;StPaulsRow1;1110;75,3;66,71;87,58;81,0;78,75;71,24;69,35;68,93;69,56;64,97;78,49;72,45;71,29;68,57;67,36;67,03;62,8;59,89;71,48;66,06;64,74;62,39;61,17;60,85;17,7;0,0;24,2;16,7;14,5;13,3;13,0;1,62;0,0;2,53;1,87;1,78;1,6;1,49;1,47;0,0366;0,0183;0,071;0,0512;0,0468;0,0356;0,0275;0,0252;0,0969;0,0;0,776;0,245;0,172;0,0412;0,00821;0,00411;0,0105;0,00355;0,0524;0,0291;0,0241;0,00737;0,00446;0,0042;0,372;0,234;1,26;0,586;0,476;0,36;0,303;0,287;7,92;0,399;45,1;18,0;13,7;7,15;3,75;3,1;-1,43;-14,59;71,26;37,32;27,53;3,7;-10,09;-11,08
StPaulsRow;StPaulsRow1;1105;76,79;68,25;88,72;83,69;81,93;72,69;70,09;69,63;70,63;66,53;81,8;75,26;73,45;69,39;67,93;67,57;62,5;59,94;68,22;64,34;63,75;62,14;61,18;60,99;16,7;0,0;22,8;16,1;14,5;13,5;13,2;1,63;0,0;2,69;1,86;1,79;1,62;1,5;1,47;0,036;0,0183;0,074;0,0516;0,0468;0,0352;0,0265;0,0246;0,101;0,0;1,96;0,225;0,165;0,0411;0,00673;0,00276;0,00846;0,00405;0,0237;0,0159;0,0129;0,00753;0,00528;0,00474;0,393;0,254;1,44;0,529;0,475;0,381;0,311;0,295;8,16;0,491;55,5;16,2;13,1;7,34;4,04;3,29;-1,69;-13,67;73,04;36,68;27,23;3,96;-10,6;-11,79
StPaulsRow;StPaulsRow1;1014;72,43;67,33;82,94;76,9;74,6;70,88;69,19;68,85;70,22;66,1;80,23;73,91;72,08;68,77;67,26;66,94;66,08;59,43;78,37;70,9;68,18;63,56;61,05;60,67;20,3;0,0;28,2;18,9;15,2;13,3;13,0;1,76;0,0;2,64;2,08;2,0;1,74;1,58;1,54;0,0479;0,0181;0,382;0,118;0,0754;0,0368;0,0267;0,0242;0,199;0,0;2,87;0,554;0,373;0,0909;0,014;0,0076;0,0289;0,00854;0,0908;0,0581;0,0476;0,025;0,0103;0,00928;0,432;0,208;1,29;0,685;0,571;0,407;0,322;0,299;12,2;0,8;62,8;26,6;21,7;10,3;5,04;4,05;-0,4;-11,56;64,63;37,71;30,08;7,15;-7,6;-9,23
StPaulsRow;StPaulsRow1;1015;72,43;67,33;82,94;76,9;74,6;70,88;69,19;68,85;70,22;66,1;80,23;73,91;72,08;68,77;67,26;66,94;66,08;59,43;78,37;70,9;68,18;63,56;61,05;60,67;20,3;0,0;28,2;18,9;15,2;13,3;13,0;1,76;0,0;2,64;2,08;2,0;1,74;1,58;1,54;0,0479;0,0181;0,382;0,118;0,0754;0,0368;0,0267;0,0242;0,199;0,0;2,87;0,554;0,373;0,0909;0,014;0,0076;0,0289;0,00854;0,0908;0,0581;0,0476;0,025;0,0103;0,00928;0,432;0,208;1,29;0,685;0,571;0,407;0,322;0,299;12,2;0,8;62,8;26,6;21,7;10,3;5,04;4,05;-0,4;-11,56;64,63;37,71;30,08;7,15;-7,6;-9,23
StPaulsRow;StPaulsRow1;1021;80,96;68,99;93,85;87,53;84,35;74,86;71,01;70,5;72,79;66,61;86,34;77,79;75,31;70,42;68,03;67,82;63,39;60,1;68,81;66,0;65,33;62,88;60,92;60,71;18,5;0,0;23,4;17,8;15,2;13,7;13,5;1,73;0,0;2,68;1,99;1,9;1,71;1,59;1,57;0,037;0,0207;0,0745;0,0548;0,0489;0,0354;0,0272;0,0254;0,139;0,0;1,13;0,404;0,256;0,0503;0,00757;0,00334;0,0127;0,00404;0,0413;0,0325;0,025;0,0114;0,006;0,00513;0,406;0,267;1,06;0,569;0,527;0,39;0,304;0,29;8,58;0,546;41,6;17,3;14,3;7,56;3,86;3,13;-2,08;-12,11;77,2;37,64;28,35;6,09;-8,29;-9,78
StPaulsRow;StPaulsRow1;1023;75,82;68,46;89,38;79,34;78,19;74,41;70,53;69,94;71,19;66,98;78,25;74,02;73,17;70,58;68,54;68,14;64,25;59,56;75,67;67,71;66,11;62,86;60,89;60,64;18,8;0,0;31,7;17,1;14,6;13,3;13,0;1,64;0,0;2,97;1,91;1,81;1,62;1,51;1,48;0,0389;0,018;0,142;0,0635;0,0544;0,0365;0,027;0,0246;0,267;0,0;2,39;0,939;0,611;0,119;0,0143;0,00787;0,0187;0,00351;0,0707;0,0538;0,0392;0,0162;0,00684;0,00492;0,42;0,125;1,21;0,727;0,588;0,389;0,28;0,243;10,2;0,994;79,6;23,0;18,3;8,49;4,34;3,51;-1,16;-12,81;70,19;38,74;28,23;5,54;-9,56;-10,72
StPaulsRow;StPaulsRow1;1024;75,82;68,46;89,38;79,34;78,19;74,41;70,53;69,94;71,19;66,98;78,25;74,02;73,17;70,58;68,54;68,14;64,25;59,56;75,67;67,71;66,11;62,86;60,89;60,64;18,8;0,0;31,7;17,1;14,6;13,3;13,0;1,64;0,0;2,97;1,91;1,81;1,62;1,51;1,48;0,0389;0,018;0,142;0,0635;0,0544;0,0365;0,027;0,0246;0,267;0,0;2,39;0,939;0,611;0,119;0,0143;0,00787;0,0187;0,00351;0,0707;0,0538;0,0392;0,0162;0,00684;0,00492;0,42;0,125;1,21;0,727;0,588;0,389;0,28;0,243;10,2;0,994;79,6;23,0;18,3;8,49;4,34;3,51;-1,16;-12,81;70,19;38,74;28,23;5,54;-9,56;-10,72
StPaulsRow;StPaulsRow1;1025;71,23;67,17;83,61;73,98;72,22;69,51;68,4;68,08;68,2;65,44;74,64;71,26;69,97;67,67;66,72;66,53;62,74;59,28;71,66;66,7;65,12;61,31;60,25;59,99;17,4;0,0;22,7;16,3;13,5;12,6;12,4;1,6;0,0;2,64;1,88;1,78;1,57;1,47;1,44;0,0371;0,0159;0,186;0,059;0,049;0,0351;0,0259;0,0236;0,154;0,0;1,86;0,442;0,279;0,0447;0,00757;0,00274;0,0173;0,0039;0,0723;0,0479;0,0376;0,0113;0,00555;0,00472;0,41;0,22;1,34;0,71;0,592;0,369;0,292;0,275;9,08;0,126;47,3;21,2;16,5;7,47;3,79;3,07;-0,76;-15,26;64,56;36,93;26,68;3,75;-12,86;-13,81
StPaulsRow;StPaulsRow1;1027;72,0;68,67;82,63;74,53;73,46;71,22;69,95;69,67;69,22;66,96;73,14;70,57;70,23;69,1;68,04;67,74;63,14;59,82;70,94;65,91;64,97;62,44;61,11;60,66;17,9;0,0;24,7;16,8;14,8;13,6;13,2;1,64;0,0;2,49;1,99;1,86;1,61;1,49;1,47;0,0352;0,0175;0,0928;0,05;0,0457;0,0344;0,0253;0,0235;0,145;0,0;1,1;0,409;0,287;0,0812;0,0157;0,00883;0,0132;0,00409;0,0457;0,0291;0,023;0,011;0,00532;0,00457;0,367;0,21;0,682;0,493;0,45;0,362;0,285;0,269;9,58;0,554;44,7;20,6;16,8;8,34;4,25;3,48;-0,58;-15,41;64,95;37,23;29,29;2,87;-12,36;-13,49
StPaulsRow;StPaulsRow1;1028;72,0;68,67;82,63;74,53;73,46;71,22;69,95;69,67;69,22;66,96;73,14;70,57;70,23;69,1;68,04;67,74;63,14;59,82;70,94;65,91;64,97;62,44;61,11;60,66;17,9;0,0;24,7;16,8;14,8;13,6;13,2;1,64;0,0;2,49;1,99;1,86;1,61;1,49;1,47;0,0352;0,0175;0,0928;0,05;0,0457;0,0344;0,0253;0,0235;0,145;0,0;1,1;0,409;0,287;0,0812;0,0157;0,00883;0,0132;0,00409;0,0457;0,0291;0,023;0,011;0,00532;0,00457;0,367;0,21;0,682;0,493;0,45;0,362;0,285;0,269;9,58;0,554;44,7;20,6;16,8;8,34;4,25;3,48;-0,58;-15,41;64,95;37,23;29,29;2,87;-12,36;-13,49
TateModern;TateModern1;628;75,43;67,48;87,83;81,16;79,1;72,28;69,29;68,89;70,49;64,91;82,91;74,16;72,64;68,7;66,99;66,64;59,65;55,73;67,72;62,97;61,92;58,86;56,59;56,34;15,2;0,0;20,2;14,4;11,9;10,4;10,2;1,69;0,0;2,91;2,0;1,9;1,68;1,5;1,46;0,034;0,0135;0,127;0,0557;0,0474;0,0312;0,023;0,0213;0,234;0,0;1,65;0,629;0,489;0,162;0,0291;0,015;0,0226;0,00905;0,0644;0,0461;0,0393;0,0203;0,0105;0,00985;0,492;0,25;1,62;0,898;0,738;0,431;0,328;0,312;12,0;0,6;58,7;25,2;20,9;10,7;4,88;3,75;-1,09;-11,7;70,26;34,28;26,15;4,54;-5,95;-7,98
TateModern;TateModern1;672;75,43;67,48;87,83;81,16;79,1;72,28;69,29;68,89;70,49;64,91;82,91;74,16;72,64;68,7;66,99;66,64;59,65;55,73;67,72;62,97;61,92;58,86;56,59;56,34;15,2;0,0;20,2;14,4;11,9;10,4;10,2;1,69;0,0;2,91;2,0;1,9;1,68;1,5;1,46;0,034;0,0135;0,127;0,0557;0,0474;0,0312;0,023;0,0213;0,234;0,0;1,65;0,629;0,489;0,162;0,0291;0,015;0,0226;0,00905;0,0644;0,0461;0,0393;0,0203;0,0105;0,00985;0,492;0,25;1,62;0,898;0,738;0,431;0,328;0,312;12,0;0,6;58,7;25,2;20,9;10,7;4,88;3,75;-1,09;-11,7;70,26;34,28;26,15;4,54;-5,95;-7,98
TateModern;TateModern1;671;77,73;69,48;91,78;84,64;81,6;73,78;71,0;70,63;73,54;67,54;85,63;77,32;75,25;71,69;69,57;69,15;69,02;60,04;75,7;72,98;71,9;67,99;64,32;63,3;26,2;0,0;36,2;24,6;19,7;16,5;15,7;2,15;0,0;3,27;2,48;2,39;2,13;1,97;1,93;0,0331;0,0147;0,0887;0,05;0,0461;0,0314;0,0226;0,0209;0,477;0,0;2,71;1,25;1,02;0,352;0,126;0,0894;0,0495;0,024;0,0964;0,0868;0,0743;0,0483;0,0258;0,0249;0,422;0,192;1,33;0,612;0,555;0,402;0,299;0,264;20,7;1,29;69,2;39,5;33,8;18,6;9,87;7,97;-1,03;-7,25;73,29;44,97;35,48;12,38;-4,39;-5,37
TateModern;TateModern1;630;76,76;66,23;93,03;82,66;80,97;72,16;68,33;67,57;70,48;63,63;85,96;75,66;73,84;67,53;65,33;65,0;60,21;55,95;65,61;63,59;62,76;59,36;57,63;57,26;16,0;0,0;20,1;15,2;12,9;11,5;11,2;1,91;0,0;2,78;2,29;2,16;1,9;1,7;1,66;0,0268;0,0139;0,0649;0,0374;0,0345;0,0257;0,0202;0,0187;0,325;0,0;1,65;0,981;0,755;0,206;0,0521;0,0283;0,0227;0,00743;0,116;0,0718;0,0324;0,0164;0,0103;0,00909;0,336;0,179;0,635;0,516;0,434;0,331;0,259;0,245;11,0;1,33;40,2;21,1;17,9;9,92;5,31;4,43;-1,93;-15,61;72,0;37,17;28,5;4,26;-10,94;-12,53
TateModern;TateModern1;632;83,75;71,17;95,85;89,33;87,49;80,95;74,31;73,29;77,58;69,0;92,1;82,28;80,16;75,34;71,38;70,9;73,54;61,96;90,58;77,16;75,16;68,92;64,74;63,72;32,7;0,0;67,0;28,4;20,3;16,5;15,8;2,18;0,0;4,26;2,81;2,53;2,14;1,96;1,91;0,0354;0,0132;0,136;0,0541;0,0481;0,0343;0,0249;0,0227;0,49;0,0;5,14;1,41;0,951;0,385;0,131;0,0902;0,0476;0,0185;0,18;0,114;0,102;0,0385;0,0268;0,0247;0,486;0,188;1,26;0,895;0,756;0,426;0,314;0,292;21,7;2,56;101,0;49,8;39,2;18,4;9,75;7,94;-2,13;-7,61;80,09;46,96;40,16;14,1;-4,62;-5,75
TateModern;TateModern1;654;83,75;71,17;95,85;89,33;87,49;80,95;74,31;73,29;77,58;69,0;92,1;82,28;80,16;75,34;71,38;70,9;73,54;61,96;90,58;77,16;75,16;68,92;64,74;63,72;32,7;0,0;67,0;28,4;20,3;16,5;15,8;2,18;0,0;4,26;2,81;2,53;2,14;1,96;1,91;0,0354;0,0132;0,136;0,0541;0,0481;0,0343;0,0249;0,0227;0,49;0,0;5,14;1,41;0,951;0,385;0,131;0,0902;0,0476;0,0185;0,18;0,114;0,102;0,0385;0,0268;0,0247;0,486;0,188;1,26;0,895;0,756;0,426;0,314;0,292;21,7;2,56;101,0;49,8;39,2;18,4;9,75;7,94;-2,13;-7,61;80,09;46,96;40,16;14,1;-4,62;-5,75
TateModern;TateModern1;670;76,4;70,22;86,65;80,94;79,52;74,41;72,7;72,37;72,68;68,42;81,34;75,75;74,21;71,98;70,14;69,81;66,03;59,67;78,39;71,82;68,99;63,3;60,99;60,62;23,8;0,0;35,4;20,7;16,3;14,7;14,4;1,87;0,0;3,34;2,25;2,13;1,85;1,62;1,58;0,033;0,0169;0,179;0,0472;0,0428;0,032;0,0242;0,0224;0,223;0,0;1,48;0,573;0,46;0,169;0,0522;0,0337;0,0465;0,00762;0,31;0,218;0,114;0,0275;0,0105;0,00869;0,486;0,221;1,61;0,957;0,822;0,408;0,291;0,273;14,9;0,959;93,7;41,9;28,4;11,1;5,44;4,45;-0,91;-5,83;70,76;39,83;31,49;13,7;-2,14;-3,19
TateModern;TateModern1;633;73,13;69,74;78,5;75,23;74,67;72,84;71,33;70,91;71,88;68,52;78,24;74,26;73,56;71,54;69,81;69,42;63,86;59,12;75,23;67,11;65,95;62,94;60,77;60,44;21,0;0,0;27,2;19,8;16,5;14,5;14,1;1,79;0,0;2,41;2,13;2,01;1,77;1,6;1,56;0,0335;0,0162;0,142;0,0494;0,0447;0,0319;0,0231;0,0211;0,273;0,0;2,13;0,699;0,534;0,194;0,0546;0,0372;0,0179;0,00689;0,0421;0,0339;0,0288;0,0176;0,00943;0,00824;0,439;0,197;0,884;0,619;0,57;0,425;0,317;0,283;11,1;1,11;41,5;21,9;18,5;10,0;5,41;4,53;-5,35;-11,4;64,89;39,31;29,97;6,84;-8,67;-9,63
TateModern;TateModern1;634;73,13;69,74;78,5;75,23;74,67;72,84;71,33;70,91;71,88;68,52;78,24;74,26;73,56;71,54;69,81;69,42;63,86;59,12;75,23;67,11;65,95;62,94;60,77;60,44;21,0;0,0;27,2;19,8;16,5;14,5;14,1;1,79;0,0;2,41;2,13;2,01;1,77;1,6;1,56;0,0335;0,0162;0,142;0,0494;0,0447;0,0319;0,0231;0,0211;0,273;0,0;2,13;0,699;0,534;0,194;0,0546;0,0372;0,0179;0,00689;0,0421;0,0339;0,0288;0,0176;0,00943;0,00824;0,439;0,197;0,884;0,619;0,57;0,425;0,317;0,283;11,1;1,11;41,5;21,9;18,5;10,0;5,41;4,53;-5,35;-11,4;64,89;39,31;29,97;6,84;-8,67;-9,63
TateModern;TateModern1;656;73,13;69,74;78,5;75,23;74,67;72,84;71,33;70,91;71,88;68,52;78,24;74,26;73,56;71,54;69,81;69,42;63,86;59,12;75,23;67,11;65,95;62,94;60,77;60,44;21,0;0,0;27,2;19,8;16,5;14,5;14,1;1,79;0,0;2,41;2,13;2,01;1,77;1,6;1,56;0,0335;0,0162;0,142;0,0494;0,0447;0,0319;0,0231;0,0211;0,273;0,0;2,13;0,699;0,534;0,194;0,0546;0,0372;0,0179;0,00689;0,0421;0,0339;0,0288;0,0176;0,00943;0,00824;0,439;0,197;0,884;0,619;0,57;0,425;0,317;0,283;11,1;1,11;41,5;21,9;18,5;10,0;5,41;4,53;-5,35;-11,4;64,89;39,31;29,97;6,84;-8,67;-9,63
TateModern;TateModern1;657;73,13;69,74;78,5;75,23;74,67;72,84;71,33;70,91;71,88;68,52;78,24;74,26;73,56;71,54;69,81;69,42;63,86;59,12;75,23;67,11;65,95;62,94;60,77;60,44;21,0;0,0;27,2;19,8;16,5;14,5;14,1;1,79;0,0;2,41;2,13;2,01;1,77;1,6;1,56;0,0335;0,0162;0,142;0,0494;0,0447;0,0319;0,0231;0,0211;0,273;0,0;2,13;0,699;0,534;0,194;0,0546;0,0372;0,0179;0,00689;0,0421;0,0339;0,0288;0,0176;0,00943;0,00824;0,439;0,197;0,884;0,619;0,57;0,425;0,317;0,283;11,1;1,11;41,5;21,9;18,5;10,0;5,41;4,53;-5,35;-11,4;64,89;39,31;29,97;6,84;-8,67;-9,63
TateModern;TateModern1;669;76,4;72,29;85,12;79,7;78,31;75,53;74,05;73,77;73,19;70,55;77,53;74,7;74,32;73,04;72,0;71,74;65,15;61,04;72,72;68,53;67,4;64,4;62,3;61,85;21,4;0,0;26,7;20,2;17,7;15,8;15,3;1,94;0,0;2,8;2,25;2,18;1,93;1,7;1,63;0,0358;0,0175;0,464;0,0536;0,0476;0,033;0,0247;0,0231;0,222;0,0;1,91;0,671;0,452;0,0975;0,0123;0,00532;0,0175;0,00431;0,0674;0,0418;0,0357;0,0138;0,00698;0,00621;0,353;0,201;0,772;0,506;0,45;0,337;0,279;0,263;10,7;0,368;54,2;23,7;18,7;9,14;4,72;3,8;-0,63;-10,71;70,34;40,59;30,32;8,07;-7,98;-9,23
TateModern;TateModern1;635;75,12;70,56;82,46;78,24;77,16;74,32;72,55;72,0;72,64;68,7;78,31;75,14;74,2;72,24;70,83;70,3;67,79;61,12;77,05;71,32;69,61;66,96;64,17;63,23;24,4;0,0;31,7;23,2;20,0;17,0;16,1;2,11;0,0;2,99;2,49;2,39;2,08;1,87;1,82;0,0329;0,0157;0,126;0,0498;0,0447;0,0312;0,0233;0,0215;0,412;0,0;2,59;1,04;0,81;0,31;0,12;0,0913;0,0332;0,0129;0,0538;0,0481;0,0443;0,0319;0,0234;0,0206;0,372;0,198;0,927;0,521;0,477;0,367;0,269;0,25;16,3;1,38;51,3;29,3;25,5;15,1;8,65;7,35;-0,61;-14,67;67,8;43,08;33,93;9,55;-10,85;-12,8
TateModern;TateModern1;658;75,12;70,56;82,46;78,24;77,16;74,32;72,55;72,0;72,64;68,7;78,31;75,14;74,2;72,24;70,83;70,3;67,79;61,12;77,05;71,32;69,61;66,96;64,17;63,23;24,4;0,0;31,7;23,2;20,0;17,0;16,1;2,11;0,0;2,99;2,49;2,39;2,08;1,87;1,82;0,0329;0,0157;0,126;0,0498;0,0447;0,0312;0,0233;0,0215;0,412;0,0;2,59;1,04;0,81;0,31;0,12;0,0913;0,0332;0,0129;0,0538;0,0481;0,0443;0,0319;0,0234;0,0206;0,372;0,198;0,927;0,521;0,477;0,367;0,269;0,25;16,3;1,38;51,3;29,3;25,5;15,1;8,65;7,35;-0,61;-14,67;67,8;43,08;33,93;9,55;-10,85;-12,8
TateModern;TateModern1;659;75,12;70,56;82,46;78,24;77,16;74,32;72,55;72,0;72,64;68,7;78,31;75,14;74,2;72,24;70,83;70,3;67,79;61,12;77,05;71,32;69,61;66,96;64,17;63,23;24,4;0,0;31,7;23,2;20,0;17,0;16,1;2,11;0,0;2,99;2,49;2,39;2,08;1,87;1,82;0,0329;0,0157;0,126;0,0498;0,0447;0,0312;0,0233;0,0215;0,412;0,0;2,59;1,04;0,81;0,31;0,12;0,0913;0,0332;0,0129;0,0538;0,0481;0,0443;0,0319;0,0234;0,0206;0,372;0,198;0,927;0,521;0,477;0,367;0,269;0,25;16,3;1,38;51,3;29,3;25,5;15,1;8,65;7,35;-0,61;-14,67;67,8;43,08;33,93;9,55;-10,85;-12,8
TateModern;TateModern1;636;77,47;69,88;93,83;81,39;80,1;74,54;71,87;71,37;72,34;67,98;85,36;75,06;74,09;71,07;69,62;69,29;63,83;59,29;74,21;67,86;66,0;62,75;60,86;60,55;19,6;0,0;32,4;18,3;15,7;14,1;13,7;1,83;0,0;2,8;2,11;2,03;1,81;1,66;1,62;0,0353;0,0174;0,288;0,0503;0,0451;0,0337;0,0249;0,0229;0,244;0,0;2,04;0,783;0,594;0,155;0,0452;0,0287;0,0196;0,00726;0,054;0,0464;0,0358;0,0174;0,0101;0,0091;0,477;0,269;1,06;0,789;0,681;0,449;0,329;0,316;11,4;0,996;88,6;22,9;18,6;10,0;5,28;4,29;-1,64;-8,13;72,82;38,77;31,1;6,86;-4,21;-5,98
TateModern;TateModern1;637;77,47;69,88;93,83;81,39;80,1;74,54;71,87;71,37;72,34;67,98;85,36;75,06;74,09;71,07;69,62;69,29;63,83;59,29;74,21;67,86;66,0;62,75;60,86;60,55;19,6;0,0;32,4;18,3;15,7;14,1;13,7;1,83;0,0;2,8;2,11;2,03;1,81;1,66;1,62;0,0353;0,0174;0,288;0,0503;0,0451;0,0337;0,0249;0,0229;0,244;0,0;2,04;0,783;0,594;0,155;0,0452;0,0287;0,0196;0,00726;0,054;0,0464;0,0358;0,0174;0,0101;0,0091;0,477;0,269;1,06;0,789;0,681;0,449;0,329;0,316;11,4;0,996;88,6;22,9;18,6;10,0;5,28;4,29;-1,64;-8,13;72,82;38,77;31,1;6,86;-4,21;-5,98
TateModern;TateModern1;675;76,4;71,34;82,76;80,04;79,32;75,23;72,93;72,53;73,06;70,09;77,35;74,87;74,44;72,82;71,61;71,29;66,57;61,26;74,93;70,18;69,08;65,76;62,94;62,6;23,3;0,0;29,5;22,4;18,9;16,4;16,0;1,89;0,0;2,74;2,17;2,1;1,89;1,68;1,62;0,0464;0,0201;0,152;0,078;0,0674;0,0426;0,0307;0,0282;0,223;0,0;1,78;0,669;0,454;0,143;0,0293;0,0157;0,0246;0,00912;0,0711;0,059;0,0416;0,0209;0,0142;0,0117;0,599;0,279;1,24;0,948;0,858;0,561;0,389;0,35;13,6;1,36;61,3;26,7;22,4;12,2;6,54;5,36;-0,4;-8,11;70,11;41,07;33,22;9,14;-3,56;-4,88
TateModern;TateModern1;673;74,73;69,63;83,6;78,98;77,07;73,43;71,28;70,84;70,43;67,78;76,74;72,68;71,76;70,17;69,15;68,92;63,44;59,58;72,59;66,38;65,37;62,87;61,23;60,86;18,7;0,0;23,9;17,8;15,8;14,4;14,1;1,81;0,0;2,66;2,07;2,0;1,81;1,63;1,6;0,0359;0,0179;0,103;0,065;0,053;0,0334;0,0246;0,0225;0,168;0,0;1,69;0,456;0,345;0,103;0,0232;0,0148;0,0174;0,00608;0,0312;0,0265;0,0246;0,0178;0,00945;0,00759;0,461;0,245;1,23;0,894;0,728;0,39;0,302;0,287;11,1;1,28;37,9;21,1;17,8;10,2;5,58;4,69;-0,8;-15,26;69,29;39,2;33,44;4,38;-12,34;-13,55
TateModern;TateModern1;638;72,43;68,73;78,38;74,3;73,7;72,28;70,65;70,19;71,16;67,42;78,12;72,98;72,39;70,89;69,22;68,85;66,25;61,52;76,12;69,73;68,29;65,03;63,11;62,49;22,9;0,0;31,9;21,0;17,8;15,7;15,2;1,89;0,0;3,03;2,31;2,13;1,85;1,67;1,64;0,0334;0,0156;0,0844;0,0472;0,0436;0,0326;0,0244;0,0221;0,345;0,0;2,87;0,884;0,633;0,265;0,0926;0,0659;0,0253;0,0105;0,077;0,0615;0,0535;0,0199;0,014;0,0127;0,389;0,167;1,16;0,692;0,58;0,356;0,271;0,25;14,1;1,08;62,6;29,2;24,3;12,9;7,21;6,06;-2,02;-10,9;61,99;42,44;32,28;9,52;-7,13;-8,13
TateModern;TateModern1;661;72,43;68,73;78,38;74,3;73,7;72,28;70,65;70,19;71,16;67,42;78,12;72,98;72,39;70,89;69,22;68,85;66,25;61,52;76,12;69,73;68,29;65,03;63,11;62,49;22,9;0,0;31,9;21,0;17,8;15,7;15,2;1,89;0,0;3,03;2,31;2,13;1,85;1,67;1,64;0,0334;0,0156;0,0844;0,0472;0,0436;0,0326;0,0244;0,0221;0,345;0,0;2,87;0,884;0,633;0,265;0,0926;0,0659;0,0253;0,0105;0,077;0,0615;0,0535;0,0199;0,014;0,0127;0,389;0,167;1,16;0,692;0,58;0,356;0,271;0,25;14,1;1,08;62,6;29,2;24,3;12,9;7,21;6,06;-2,02;-10,9;61,99;42,44;32,28;9,52;-7,13;-8,13
TateModern;TateModern1;676;77,24;69,88;92,82;84,38;77,02;72,19;70,82;70,56;72,46;67,89;87,69;76,45;71,58;70,23;69,3;69,1;62,74;59,83;70,8;65,07;64,05;62,26;61,26;60,99;17,7;0,0;25,1;17,0;15,5;14,3;14,0;1,7;0,0;2,67;2,02;1,93;1,67;1,5;1,46;0,0353;0,0177;0,0978;0,053;0,0474;0,0339;0,0257;0,0237;0,225;0,0;1,29;0,714;0,491;0,147;0,0382;0,0264;0,0226;0,00488;0,156;0,109;0,0368;0,0127;0,00616;0,00586;0,475;0,276;0,895;0,685;0,62;0,465;0,337;0,32;10,3;1,0;54,7;21,3;17,5;8,96;4,64;3,77;-1,29;-10,01;72,27;36,34;26,96;9,39;-6,36;-8,07
TateModern;TateModern1;640;73,47;70,27;77,79;75,4;74,96;73,23;71,74;71,4;72,46;68,96;77,49;74,49;74,05;72,14;70,5;70,16;68,7;63,12;76,69;72,03;70,92;67,81;65,06;64,46;27,0;0,0;34,4;25,4;21,1;17,7;17,1;2,12;0,0;3,48;2,7;2,55;2,08;1,78;1,73;0,0345;0,0152;0,126;0,0503;0,0456;0,0334;0,0247;0,0224;0,434;0,0;1,81;0,976;0,811;0,361;0,145;0,113;0,0383;0,02;0,0795;0,063;0,0595;0,0351;0,0236;0,0213;0,383;0,245;1,12;0,526;0,479;0,364;0,295;0,28;17,9;1,62;65,3;34,3;28,8;16,1;9,34;7,94;-1,39;-14,18;61,84;43,94;38,85;8,59;-8,79;-11,18
TateModern;TateModern1;664;73,47;70,27;77,79;75,4;74,96;73,23;71,74;71,4;72,46;68,96;77,49;74,49;74,05;72,14;70,5;70,16;68,7;63,12;76,69;72,03;70,92;67,81;65,06;64,46;27,0;0,0;34,4;25,4;21,1;17,7;17,1;2,12;0,0;3,48;2,7;2,55;2,08;1,78;1,73;0,0345;0,0152;0,126;0,0503;0,0456;0,0334;0,0247;0,0224;0,434;0,0;1,81;0,976;0,811;0,361;0,145;0,113;0,0383;0,02;0,0795;0,063;0,0595;0,0351;0,0236;0,0213;0,383;0,245;1,12;0,526;0,479;0,364;0,295;0,28;17,9;1,62;65,3;34,3;28,8;16,1;9,34;7,94;-1,39;-14,18;61,84;43,94;38,85;8,59;-8,79;-11,18
TateModern;TateModern1;674;73,58;70,45;79,45;75,4;74,81;73,32;72,19;71,82;72,53;69,59;76,12;74,07;73,56;72,4;71,25;70,92;66,41;62,13;72,35;69,09;68,24;66,02;64,08;63,45;22,7;0,0;26,6;21,8;19,3;17,2;16,7;1,85;0,0;2,39;2,12;2,06;1,84;1,66;1,63;0,0371;0,0148;0,096;0,0546;0,0491;0,0356;0,0262;0,024;0,285;0,0;2,6;0,744;0,565;0,212;0,0753;0,0548;0,02;0,00922;0,0388;0,0292;0,0266;0,0189;0,0127;0,011;0,388;0,189;0,7;0,522;0,489;0,383;0,293;0,276;12,7;1,8;50,9;22,1;19,6;11,9;6,68;5,63;-2,64;-13,39;61,86;42,15;32,35;9,29;-10,54;-11,53
TateModern;TateModern1;641;74,62;68,76;82,32;78,48;77,16;73,52;71,35;70,88;70,69;66,18;75,75;72,71;72,33;70,46;68,83;68,21;63,05;57,77;73,71;66,6;65,28;61,72;59,67;59,31;18,2;0,0;31,2;17,1;14,8;13,1;12,7;1,73;0,0;3,44;1,96;1,88;1,71;1,59;1,55;0,0333;0,0156;0,117;0,049;0,0442;0,0322;0,0242;0,0226;0,202;0,0;1,46;0,474;0,372;0,154;0,0525;0,0337;0,0389;0,00532;0,404;0,2;0,0758;0,0152;0,00828;0,00735;0,427;0,219;1,51;0,723;0,587;0,384;0,297;0,273;12,0;0,742;104,0;28,9;20,9;9,57;4,98;4,11;-0,88;-11,45;68,74;38,03;28,2;6,94;-8,38;-9,79
TateModern;TateModern1;665;74,62;68,76;82,32;78,48;77,16;73,52;71,35;70,88;70,69;66,18;75,75;72,71;72,33;70,46;68,83;68,21;63,05;57,77;73,71;66,6;65,28;61,72;59,67;59,31;18,2;0,0;31,2;17,1;14,8;13,1;12,7;1,73;0,0;3,44;1,96;1,88;1,71;1,59;1,55;0,0333;0,0156;0,117;0,049;0,0442;0,0322;0,0242;0,0226;0,202;0,0;1,46;0,474;0,372;0,154;0,0525;0,0337;0,0389;0,00532;0,404;0,2;0,0758;0,0152;0,00828;0,00735;0,427;0,219;1,51;0,723;0,587;0,384;0,297;0,273;12,0;0,742;104,0;28,9;20,9;9,57;4,98;4,11;-0,88;-11,45;68,74;38,03;28,2;6,94;-8,38;-9,79
TateModern;TateModern1;642;71,06;66,75;75,34;73,23;72,82;70,77;68,83;68,44;68,81;65,15;73,1;71,38;70,49;68,47;66,96;66,54;61,73;57,42;70,81;65,06;63,98;60,87;58,92;58,47;17,1;0,0;22,8;16,0;13,7;12,0;11,7;1,73;0,0;2,41;2,04;1,96;1,7;1,54;1,51;0,0321;0,0149;0,127;0,0454;0,0413;0,0314;0,0236;0,0221;0,158;0,0;1,8;0,397;0,307;0,0872;0,0138;0,00657;0,0218;0,00621;0,0601;0,0536;0,0428;0,0174;0,00903;0,00809;0,405;0,255;1,05;0,641;0,545;0,378;0,31;0,292;11,2;0,685;59,6;24,5;20,1;9,54;4,62;3,69;-3,24;-13,96;62,94;36,33;27,15;5,98;-10,87;-12,09
TateModern;TateModern1;643;76,84;70,52;92,65;80,38;78,46;74,22;72,49;72,05;73,49;68,94;84,3;76,84;75,34;72,42;70,89;70,52;67,65;60,45;77,53;72,77;70,86;66,12;61,86;61,45;24,8;0,0;34,5;23,4;18,9;15,3;14,8;1,96;0,0;2,87;2,38;2,3;1,95;1,66;1,61;0,0341;0,0163;0,168;0,0503;0,0453;0,0325;0,0237;0,0218;0,33;0,0;2,41;0,905;0,659;0,237;0,0752;0,0473;0,0394;0,0132;0,102;0,0818;0,072;0,0366;0,0157;0,0143;0,454;0,233;0,818;0,629;0,593;0,44;0,352;0,308;17,1;1,71;65,5;36,2;30,2;15,1;7,41;6,11;-0,48;-4,1;68,04;43,27;35,83;12,31;-1,18;-2,27
TateModern;TateModern1;666;76,84;70,52;92,65;80,38;78,46;74,22;72,49;72,05;73,49;68,94;84,3;76,84;75,34;72,42;70,89;70,52;67,65;60,45;77,53;72,77;70,86;66,12;61,86;61,45;24,8;0,0;34,5;23,4;18,9;15,3;14,8;1,96;0,0;2,87;2,38;2,3;1,95;1,66;1,61;0,0341;0,0163;0,168;0,0503;0,0453;0,0325;0,0237;0,0218;0,33;0,0;2,41;0,905;0,659;0,237;0,0752;0,0473;0,0394;0,0132;0,102;0,0818;0,072;0,0366;0,0157;0,0143;0,454;0,233;0,818;0,629;0,593;0,44;0,352;0,308;17,1;1,71;65,5;36,2;30,2;15,1;7,41;6,11;-0,48;-4,1;68,04;43,27;35,83;12,31;-1,18;-2,27
TateModern;TateModern1;644;80,9;74,23;94,03;85,86;83,53;78,46;76,33;75,91;76,21;72,22;85,03;78,57;77,58;75,81;74,12;73,8;63,7;60,66;71,26;65,81;65,18;63,22;62,28;62,05;19,2;0,0;24,4;18,7;17,1;15,9;15,6;1,49;0,0;2,13;1,69;1,64;1,48;1,37;1,34;0,037;0,0175;0,0986;0,055;0,0488;0,0355;0,0261;0,0239;0,53;0,0;1,09;0,887;0,805;0,528;0,244;0,179;0,0123;0,00469;0,027;0,0233;0,0213;0,0103;0,0062;0,00563;0,355;0,207;0,868;0,515;0,468;0,336;0,27;0,259;8,93;0,823;56,8;17,2;14,4;7,95;4,25;3,44;-1,89;-16,56;76,16;36,86;26,91;3,12;-13,17;-14,3
TateModern;TateModern1;645;73,4;69,59;82,12;76,32;75,24;72,68;71,13;70,77;70,93;67,91;75,85;72,7;72,15;70,81;69,44;69,03;63,28;59,9;69,48;65,47;64,54;62,99;61,6;60,93;19,1;0,0;25,0;18,5;16,6;15,0;14,5;1,8;0,0;2,99;2,11;2,01;1,78;1,63;1,6;0,0337;0,0143;0,123;0,0495;0,0436;0,032;0,0238;0,0219;0,192;0,0;1,97;0,532;0,402;0,125;0,0304;0,0187;0,0142;0,00675;0,0479;0,0337;0,0273;0,0129;0,00881;0,00768;0,473;0,247;1,34;0,723;0,654;0,448;0,341;0,321;9,95;1,11;48,8;22,5;17,7;8,82;4,9;4,07;-1,71;-6,71;65,23;38,08;30,35;8,73;-1,94;-4,26
TateModern;TateModern1;667;73,4;69,59;82,12;76,32;75,24;72,68;71,13;70,77;70,93;67,91;75,85;72,7;72,15;70,81;69,44;69,03;63,28;59,9;69,48;65,47;64,54;62,99;61,6;60,93;19,1;0,0;25,0;18,5;16,6;15,0;14,5;1,8;0,0;2,99;2,11;2,01;1,78;1,63;1,6;0,0337;0,0143;0,123;0,0495;0,0436;0,032;0,0238;0,0219;0,192;0,0;1,97;0,532;0,402;0,125;0,0304;0,0187;0,0142;0,00675;0,0479;0,0337;0,0273;0,0129;0,00881;0,00768;0,473;0,247;1,34;0,723;0,654;0,448;0,341;0,321;9,95;1,11;48,8;22,5;17,7;8,82;4,9;4,07;-1,71;-6,71;65,23;38,08;30,35;8,73;-1,94;-4,26
TateModern;TateModern1;646;73,36;69,79;76,57;75,24;74,92;73,14;71,55;71,24;72,35;67,68;76,15;74,51;74,02;72,08;70,36;69,94;63,1;58,54;73,06;67,58;65,07;61,44;60,03;59,77;19,8;0,0;27,2;18,3;15,5;14,0;13,7;1,66;0,0;2,79;1,96;1,87;1,64;1,48;1,44;0,0321;0,0147;0,0935;0,0456;0,0415;0,0316;0,0227;0,0206;0,355;0,0;2,33;0,739;0,61;0,313;0,113;0,0708;0,0225;0,00738;0,0955;0,079;0,0434;0,017;0,0118;0,0105;0,365;0,17;0,779;0,536;0,477;0,353;0,272;0,253;12,8;1,45;69,2;26,6;21,3;11,2;6,04;4,99;-5,18;-12,64;67,07;37,67;27,93;4,91;-8,26;-10,21
TateModern;TateModern1;677;73,36;69,79;76,57;75,24;74,92;73,14;71,55;71,24;72,35;67,68;76,15;74,51;74,02;72,08;70,36;69,94;63,1;58,54;73,06;67,58;65,07;61,44;60,03;59,77;19,8;0,0;27,2;18,3;15,5;14,0;13,7;1,66;0,0;2,79;1,96;1,87;1,64;1,48;1,44;0,0321;0,0147;0,0935;0,0456;0,0415;0,0316;0,0227;0,0206;0,355;0,0;2,33;0,739;0,61;0,313;0,113;0,0708;0,0225;0,00738;0,0955;0,079;0,0434;0,017;0,0118;0,0105;0,365;0,17;0,779;0,536;0,477;0,353;0,272;0,253;12,8;1,45;69,2;26,6;21,3;11,2;6,04;4,99;-5,18;-12,64;67,07;37,67;27,93;4,91;-8,26;-10,21
TateModern;TateModern1;662;70,03;65,6;77,44;73,02;72,17;69,23;67,29;66,87;67,75;64,07;73,71;70,48;69,63;67,24;65,51;65,18;60,31;56,38;71,86;63,22;61,68;59,36;57,43;57,16;15,0;0,0;19,6;14,3;12,4;11,0;10,7;1,54;0,0;2,47;1,81;1,73;1,52;1,39;1,35;0,0321;0,0139;0,0967;0,0488;0,0434;0,0304;0,0227;0,021;0,26;0,0;2,45;0,654;0,491;0,201;0,0679;0,0486;0,0149;0,00707;0,0426;0,0305;0,0242;0,0132;0,00877;0,00815;0,402;0,219;1,46;0,568;0,507;0,382;0,316;0,297;10,5;0,534;58,6;20,2;17,4;9,44;4,83;3,95;-0,72;-15,11;61,74;33,88;25,46;1,78;-11,38;-12,71
TateModern;TateModern1;648;75,27;68,95;89,05;78,61;77,5;73,81;71,56;70,99;71,12;67,05;77,54;73,45;72,85;70,8;68,89;68,26;60,9;57,51;71,53;64,01;62,69;59,88;58,64;58,39;16,7;0,0;25,6;15,7;13,6;12,4;12,2;1,62;0,0;2,48;1,89;1,84;1,61;1,46;1,44;0,0315;0,0165;0,0642;0,0447;0,0405;0,0308;0,0231;0,0215;0,139;0,0;1,24;0,362;0,267;0,0766;0,0142;0,00579;0,0229;0,00432;0,168;0,0781;0,0511;0,0132;0,00581;0,00546;0,362;0,211;1,26;0,671;0,495;0,327;0,27;0,255;9,45;0,541;76,8;23,4;17,2;7,4;3,86;3,12;-1,23;-16,66;69,15;35,49;25,82;2,52;-13,26;-15,09
TateModern;TateModern1;649;77,32;72,64;88,1;80,36;78,8;76,62;74,82;74,46;74,93;70,71;78,76;76,91;76,52;74,74;72,64;71,99;62,63;57,88;70,89;66,3;65,0;61,68;59,68;59,14;19,0;0,0;23,9;18,0;15,5;13,7;13,3;1,51;0,0;2,18;1,74;1,68;1,49;1,37;1,34;0,0325;0,015;0,0682;0,0468;0,0429;0,0313;0,023;0,0214;0,754;0,0;1,34;1,09;1,01;0,768;0,478;0,365;0,0311;0,00933;0,0715;0,0613;0,0531;0,03;0,013;0,0121;0,351;0,19;0,967;0,556;0,472;0,329;0,248;0,234;13,4;0,675;61,0;29,3;23,9;11,2;5,81;4,86;-14,12;-15,31;73,05;37,46;25,49;3,41;-12,08;-13,6
TateModern;TateModern1;679;77,32;72,64;88,1;80,36;78,8;76,62;74,82;74,46;74,93;70,71;78,76;76,91;76,52;74,74;72,64;71,99;62,63;57,88;70,89;66,3;65,0;61,68;59,68;59,14;19,0;0,0;23,9;18,0;15,5;13,7;13,3;1,51;0,0;2,18;1,74;1,68;1,49;1,37;1,34;0,0325;0,015;0,0682;0,0468;0,0429;0,0313;0,023;0,0214;0,754;0,0;1,34;1,09;1,01;0,768;0,478;0,365;0,0311;0,00933;0,0715;0,0613;0,0531;0,03;0,013;0,0121;0,351;0,19;0,967;0,556;0,472;0,329;0,248;0,234;13,4;0,675;61,0;29,3;23,9;11,2;5,81;4,86;-14,12;-15,31;73,05;37,46;25,49;3,41;-12,08;-13,6
TateModern;TateModern1;680;77,32;72,64;88,1;80,36;78,8;76,62;74,82;74,46;74,93;70,71;78,76;76,91;76,52;74,74;72,64;71,99;62,63;57,88;70,89;66,3;65,0;61,68;59,68;59,14;19,0;0,0;23,9;18,0;15,5;13,7;13,3;1,51;0,0;2,18;1,74;1,68;1,49;1,37;1,34;0,0325;0,015;0,0682;0,0468;0,0429;0,0313;0,023;0,0214;0,754;0,0;1,34;1,09;1,01;0,768;0,478;0,365;0,0311;0,00933;0,0715;0,0613;0,0531;0,03;0,013;0,0121;0,351;0,19;0,967;0,556;0,472;0,329;0,248;0,234;13,4;0,675;61,0;29,3;23,9;11,2;5,81;4,86;-14,12;-15,31;73,05;37,46;25,49;3,41;-12,08;-13,6
TateModern;TateModern1;650;74,11;67,47;82,17;77,88;76,7;73,21;70,39;69,38;70,56;65,64;75,81;73,14;72,45;70,26;67,69;67,11;61,31;56,07;67,89;64,45;63,64;60,95;58,3;57,8;17,5;0,0;23,3;16,3;13,8;12,0;11,6;1,63;0,0;2,55;2,04;1,91;1,6;1,39;1,36;0,0368;0,0157;0,101;0,0573;0,0514;0,035;0,0244;0,0223;0,203;0,0;2,1;0,794;0,352;0,0738;0,0115;0,0068;0,0167;0,00716;0,0418;0,0289;0,0256;0,0153;0,00908;0,00798;0,481;0,222;1,43;0,736;0,652;0,452;0,35;0,322;10,6;0,735;58,6;22,1;18,2;9,14;4,85;3,96;-1,0;-9,63;69,34;34,97;27,14;6,77;-6,49;-7,46
TateModern;TateModern1;668;74,11;67,47;82,17;77,88;76,7;73,21;70,39;69,38;70,56;65,64;75,81;73,14;72,45;70,26;67,69;67,11;61,31;56,07;67,89;64,45;63,64;60,95;58,3;57,8;17,5;0,0;23,3;16,3;13,8;12,0;11,6;1,63;0,0;2,55;2,04;1,91;1,6;1,39;1,36;0,0368;0,0157;0,101;0,0573;0,0514;0,035;0,0244;0,0223;0,203;0,0;2,1;0,794;0,352;0,0738;0,0115;0,0068;0,0167;0,00716;0,0418;0,0289;0,0256;0,0153;0,00908;0,00798;0,481;0,222;1,43;0,736;0,652;0,452;0,35;0,322;10,6;0,735;58,6;22,1;18,2;9,14;4,85;3,96;-1,0;-9,63;69,34;34,97;27,14;6,77;-6,49;-7,46
TateModern;TateModern1;651;70,82;64,59;79,23;75,03;73,6;69,21;67,24;66,75;66,78;63,32;72,35;69,06;68,3;66,5;64,8;64,5;59,0;54,49;67,7;62,03;61,29;58,2;55,85;55,56;14,1;0,0;19,5;13,0;11,4;10,0;9,74;1,54;0,0;2,42;1,85;1,77;1,51;1,35;1,31;0,0311;0,015;0,0913;0,0477;0,0412;0,0296;0,022;0,0201;0,254;0,0;1,35;0,781;0,596;0,138;0,0218;0,0122;0,017;0,00472;0,0449;0,0336;0,0279;0,0166;0,00737;0,00671;0,444;0,224;1,2;0,719;0,616;0,405;0,309;0,292;8,95;0,208;45,5;18,7;15,6;7,93;4,01;3,28;-0,43;-16,06;65,35;33,0;23,51;2,48;-12,18;-13,38
TateModern;TateModern1;681;81,58;69,69;94,55;86,38;85,02;79,4;72,54;71,73;73,98;65,86;85,59;79,19;77,25;71,64;67,54;67,03;59,5;56,22;66,21;63,05;61,31;58,68;57,28;57,01;14,9;0,0;24,1;14,1;12,5;11,5;11,3;1,66;0,0;3,04;1,99;1,89;1,62;1,5;1,47;0,0296;0,014;0,0629;0,0419;0,0383;0,0293;0,0212;0,0193;0,163;0,0;0,803;0,383;0,317;0,107;0,0167;0,00825;0,0162;0,00433;0,0705;0,0414;0,0308;0,0121;0,00606;0,00537;0,433;0,238;1,29;0,694;0,596;0,403;0,299;0,279;9,04;0,337;84,1;21,0;16,0;7,37;3,55;2,82;-2,63;-13,41;77,69;33,46;24,22;4,82;-7,6;-9,31
TateModern;TateModern1;682;81,58;69,69;94,55;86,38;85,02;79,4;72,54;71,73;73,98;65,86;85,59;79,19;77,25;71,64;67,54;67,03;59,5;56,22;66,21;63,05;61,31;58,68;57,28;57,01;14,9;0,0;24,1;14,1;12,5;11,5;11,3;1,66;0,0;3,04;1,99;1,89;1,62;1,5;1,47;0,0296;0,014;0,0629;0,0419;0,0383;0,0293;0,0212;0,0193;0,163;0,0;0,803;0,383;0,317;0,107;0,0167;0,00825;0,0162;0,00433;0,0705;0,0414;0,0308;0,0121;0,00606;0,00537;0,433;0,238;1,29;0,694;0,596;0,403;0,299;0,279;9,04;0,337;84,1;21,0;16,0;7,37;3,55;2,82;-2,63;-13,41;77,69;33,46;24,22;4,82;-7,6;-9,31
TateModern;TateModern1;686;78,29;67,17;92,03;83,41;81,7;76,53;70,53;69,67;71,83;63,57;82,19;76,36;75,39;70,14;66,31;65,68;58,93;53,62;69,23;64,09;61,39;57,27;55,18;54,85;15,7;0,0;22,1;14,0;11,5;9,84;9,5;1,77;0,0;2,51;2,16;2,07;1,73;1,54;1,5;0,0274;0,0136;0,125;0,0399;0,0366;0,0264;0,02;0,0188;0,241;0,0;1,58;0,77;0,586;0,119;0,0186;0,0105;0,017;0,00618;0,0693;0,0419;0,0301;0,0144;0,00694;0,00671;0,428;0,244;1,36;0,622;0,564;0,407;0,311;0,294;10,9;0,955;62,2;24,0;19,4;9,12;4,35;3,45;-1,87;-15,09;75,05;34,71;26,85;2,73;-12,49;-13,64
TateModern;TateModern2;687;69,71;64,71;75,62;73,28;72,06;68,85;67,21;66,78;67,55;63,2;75,22;71,98;69,06;66,52;65,13;64,76;63,95;55,72;76,17;70,88;65,55;60,19;57,62;57,04;22,2;0,0;30,1;18,3;13,3;11,3;10,8;1,94;0,0;3,24;2,6;2,4;1,87;1,6;1,55;0,0286;0,013;0,0737;0,0418;0,0376;0,0278;0,0206;0,0192;0,408;0,0;2,95;1,3;0,945;0,267;0,0684;0,0464;0,0248;0,00905;0,0571;0,0503;0,0399;0,0212;0,0135;0,0119;0,392;0,182;0,859;0,59;0,547;0,365;0,3;0,284;12,3;1,21;51,8;23,8;20,2;11,2;5,69;4,6;-0,5;-17,51;60,91;39,89;33,83;-0,04;-14,94;-15,75
TateModern;TateModern2;729;75,71;71,51;82,12;78,35;77,75;75,03;73,44;73,05;72,42;69,01;77,0;74,2;73,67;72,28;70,86;70,4;62,61;59,76;70,82;64,74;63,81;62,22;61,13;60,72;17,3;0,0;23,0;16,7;15,2;13,9;13,6;1,75;0,0;2,67;2,1;2,02;1,74;1,49;1,45;0,0376;0,017;0,107;0,0622;0,0534;0,0354;0,0251;0,0231;0,206;0,0;1,49;0,601;0,45;0,149;0,0379;0,0248;0,012;0,00558;0,0281;0,0234;0,0177;0,0107;0,00608;0,0059;0,419;0,238;1,06;0,612;0,562;0,398;0,301;0,282;10,9;1,07;51,4;21,0;17,7;9,91;5,24;4,39;-0,61;-15,65;67,45;38,22;29,52;3,88;-11,85;-13,51
TateModern;TateModern2;688;72,94;68,04;78,36;75,12;74,54;72,6;70,68;70,04;71,2;66,32;76,79;73,51;72,92;70,85;68,9;68,31;65,26;57,64;74,82;69,64;68,54;63,4;59,89;58,99;20,4;0,0;26,0;19,2;15,3;12,8;12,3;1,72;0,0;2,65;2,11;1,99;1,69;1,49;1,44;0,0329;0,0165;0,118;0,0514;0,0441;0,0306;0,0234;0,0213;0,317;0,0;2,04;0,967;0,69;0,221;0,0631;0,0392;0,0402;0,0146;0,0856;0,07;0,0656;0,0358;0,0217;0,0171;0,441;0,228;0,871;0,626;0,58;0,421;0,336;0,311;16,9;1,22;69,3;35,8;29,0;14,7;7,42;6,03;-2,14;-14,71;64,81;41,3;31,55;3,53;-11,56;-12,73
TateModern;TateModern2;728;82,25;74,58;91,22;86,39;85,3;80,81;76,79;76,22;77,37;72,78;85,49;80,44;79,39;76,6;74,77;74,29;66,11;61,22;76,36;69,13;68,32;65,27;63,07;62,67;23,3;0,0;39,3;21,7;18,7;16,7;16,3;1,68;0,0;4,31;2,08;1,93;1,65;1,49;1,46;0,0387;0,0171;0,076;0,0552;0,0505;0,0377;0,0281;0,026;0,302;0,0;1,47;0,734;0,588;0,246;0,0679;0,0439;0,0173;0,00614;0,0623;0,0477;0,0378;0,0151;0,00979;0,00908;0,413;0,209;2,14;0,676;0,562;0,369;0,293;0,272;12,0;0,765;137,0;22,6;18,8;10,8;5,93;5,06;-1,43;-4,52;77,07;41,74;31,31;12,09;1,1;-0,43
TateModern;TateModern2;689;83,01;76,86;91,38;86,4;85,24;82,3;79,3;78,61;77,73;73,28;84,25;80,45;79,6;77,26;75,06;74,57;66,98;61,84;77,43;71,64;69,99;65,49;63,3;62,87;26,0;0,0;33,6;23,5;19,6;17,1;16,6;1,97;0,0;3,34;2,45;2,25;1,93;1,73;1,69;0,0339;0,0177;0,0886;0,0496;0,0456;0,0324;0,0248;0,0229;0,397;0,0;2,5;0,987;0,786;0,309;0,108;0,0795;0,0361;0,00842;0,218;0,131;0,07;0,0219;0,0141;0,0101;0,394;0,195;0,859;0,595;0,513;0,376;0,302;0,289;15,6;1,23;84,3;34,1;27,2;13,3;6,82;5,69;-1,02;-14,09;77,27;42,4;36,41;9,24;-10,47;-11,91
TateModern;TateModern2;690;83,01;76,86;91,38;86,4;85,24;82,3;79,3;78,61;77,73;73,28;84,25;80,45;79,6;77,26;75,06;74,57;66,98;61,84;77,43;71,64;69,99;65,49;63,3;62,87;26,0;0,0;33,6;23,5;19,6;17,1;16,6;1,97;0,0;3,34;2,45;2,25;1,93;1,73;1,69;0,0339;0,0177;0,0886;0,0496;0,0456;0,0324;0,0248;0,0229;0,397;0,0;2,5;0,987;0,786;0,309;0,108;0,0795;0,0361;0,00842;0,218;0,131;0,07;0,0219;0,0141;0,0101;0,394;0,195;0,859;0,595;0,513;0,376;0,302;0,289;15,6;1,23;84,3;34,1;27,2;13,3;6,82;5,69;-1,02;-14,09;77,27;42,4;36,41;9,24;-10,47;-11,91
TateModern;TateModern2;691;73,85;69,98;83,35;75,78;75,22;73,47;71,85;71,36;71,87;68,04;78,4;73,63;73,15;71,72;69,9;69,45;63,5;59,57;70,51;66,7;65,67;62,73;60,98;60,59;19,5;0,0;24,8;18,3;16,0;14,2;13,8;1,68;0,0;2,43;1,93;1,84;1,67;1,57;1,54;0,0351;0,016;0,122;0,0525;0,0478;0,0333;0,0242;0,0224;0,261;0,0;1,42;0,862;0,634;0,14;0,0259;0,0125;0,0117;0,00379;0,0476;0,0318;0,0199;0,00902;0,0061;0,00567;0,335;0,19;0,816;0,468;0,417;0,322;0,261;0,246;8,47;0,617;40,5;15,8;13,5;7,67;4,17;3,43;-2,96;-16,72;67,36;38,88;30,29;1,68;-13,49;-15,16
TateModern;TateModern2;692;73,85;69,98;83,35;75,78;75,22;73,47;71,85;71,36;71,87;68,04;78,4;73,63;73,15;71,72;69,9;69,45;63,5;59,57;70,51;66,7;65,67;62,73;60,98;60,59;19,5;0,0;24,8;18,3;16,0;14,2;13,8;1,68;0,0;2,43;1,93;1,84;1,67;1,57;1,54;0,0351;0,016;0,122;0,0525;0,0478;0,0333;0,0242;0,0224;0,261;0,0;1,42;0,862;0,634;0,14;0,0259;0,0125;0,0117;0,00379;0,0476;0,0318;0,0199;0,00902;0,0061;0,00567;0,335;0,19;0,816;0,468;0,417;0,322;0,261;0,246;8,47;0,617;40,5;15,8;13,5;7,67;4,17;3,43;-2,96;-16,72;67,36;38,88;30,29;1,68;-13,49;-15,16
TateModern;TateModern2;721;73,85;69,98;83,35;75,78;75,22;73,47;71,85;71,36;71,87;68,04;78,4;73,63;73,15;71,72;69,9;69,45;63,5;59,57;70,51;66,7;65,67;62,73;60,98;60,59;19,5;0,0;24,8;18,3;16,0;14,2;13,8;1,68;0,0;2,43;1,93;1,84;1,67;1,57;1,54;0,0351;0,016;0,122;0,0525;0,0478;0,0333;0,0242;0,0224;0,261;0,0;1,42;0,862;0,634;0,14;0,0259;0,0125;0,0117;0,00379;0,0476;0,0318;0,0199;0,00902;0,0061;0,00567;0,335;0,19;0,816;0,468;0,417;0,322;0,261;0,246;8,47;0,617;40,5;15,8;13,5;7,67;4,17;3,43;-2,96;-16,72;67,36;38,88;30,29;1,68;-13,49;-15,16
TateModern;TateModern2;726;75,41;68,48;81,91;79,09;78,53;74,11;70,48;70,06;74,57;67,25;81,69;78,64;78,01;72,84;68,99;68,64;67,97;58,87;76,16;72,2;71,47;65,45;60,68;59,92;27,8;0,0;34,7;26,2;18,8;13,8;13,3;1,72;0,0;2,83;2,09;1,98;1,69;1,5;1,47;0,0402;0,0184;0,114;0,0642;0,0571;0,0372;0,0264;0,0245;0,386;0,0;1,69;1,01;0,79;0,3;0,0843;0,0566;0,0175;0,00717;0,0404;0,0287;0,0246;0,0168;0,00977;0,00899;0,374;0,213;0,94;0,538;0,481;0,355;0,287;0,271;11,2;1,46;38,2;20,7;17,9;10,3;5,81;4,79;-4,41;-14,31;64,34;42,8;33,29;2,15;-10,31;-11,69
TateModern;TateModern2;727;76,03;70,54;84,34;79,78;78,76;74,88;72,25;71,77;72,79;68,98;79,7;75,88;74,76;72,16;70,31;69,97;62,97;58,73;68,99;65,9;65,19;62,39;60,47;59,86;19,1;0,0;22,4;18,2;15,4;13,7;13,2;1,65;0,0;2,96;1,92;1,83;1,64;1,49;1,45;0,0324;0,0161;0,0906;0,047;0,0431;0,0314;0,0225;0,0205;0,327;0,0;1,41;0,788;0,647;0,264;0,104;0,0784;0,0155;0,00701;0,061;0,034;0,0233;0,0132;0,00845;0,00778;0,342;0,194;0,936;0,455;0,423;0,338;0,263;0,241;9,99;0,783;47,5;20,0;16,6;8,98;4,85;3,95;-7,54;-19,97;69,61;39,05;29,57;0,42;-17,44;-18,27
TateModern;TateModern2;693;72,93;68,48;80,01;75,62;74,79;72,33;70,65;70,11;69,9;66,65;73,58;71,5;71,1;69,81;68,31;67,82;63,23;59,28;73,83;66,77;65,22;62,24;60,65;60,34;19,1;0,0;24,2;17,9;15,5;14,0;13,6;1,92;0,0;3,14;2,25;2,17;1,89;1,7;1,66;0,0301;0,015;0,0726;0,0422;0,0392;0,0294;0,022;0,0206;0,34;0,0;2,37;0,834;0,659;0,264;0,0938;0,0654;0,0177;0,00732;0,0523;0,0316;0,0286;0,0162;0,00977;0,00887;0,378;0,243;0,878;0,513;0,47;0,366;0,297;0,28;11,0;0,728;41,8;20,6;17,5;9,96;5,69;4,74;-0,56;-12,08;66,0;38,62;33,29;4,22;-8,7;-9,8
TateModern;TateModern2;694;72,93;68,48;80,01;75,62;74,79;72,33;70,65;70,11;69,9;66,65;73,58;71,5;71,1;69,81;68,31;67,82;63,23;59,28;73,83;66,77;65,22;62,24;60,65;60,34;19,1;0,0;24,2;17,9;15,5;14,0;13,6;1,92;0,0;3,14;2,25;2,17;1,89;1,7;1,66;0,0301;0,015;0,0726;0,0422;0,0392;0,0294;0,022;0,0206;0,34;0,0;2,37;0,834;0,659;0,264;0,0938;0,0654;0,0177;0,00732;0,0523;0,0316;0,0286;0,0162;0,00977;0,00887;0,378;0,243;0,878;0,513;0,47;0,366;0,297;0,28;11,0;0,728;41,8;20,6;17,5;9,96;5,69;4,74;-0,56;-12,08;66,0;38,62;33,29;4,22;-8,7;-9,8
TateModern;TateModern2;724;76,43;69,81;85,25;81,14;79,81;74,53;71,62;71,07;71,95;68,0;80,72;75,55;74,24;70,73;69,2;68,88;61,79;58,69;65,65;63,91;63,29;61,6;59,97;59,45;16,6;0,0;20,3;16,1;14,6;13,2;12,9;1,7;0,0;2,5;1,94;1,88;1,68;1,54;1,5;0,034;0,0164;0,0868;0,0482;0,0448;0,0326;0,0247;0,0222;0,226;0,0;1,27;0,702;0,504;0,147;0,0428;0,0297;0,0121;0,00619;0,0249;0,0196;0,0178;0,0116;0,00746;0,00678;0,374;0,23;0,814;0,543;0,481;0,364;0,296;0,284;9,27;0,673;33,1;17,7;14,9;8,41;4,7;3,9;-0,99;-14,77;69,81;37,73;28,42;3,62;-10,56;-11,81
TateModern;TateModern2;695;73,88;68,54;78,96;77,0;76,19;73,32;70,53;70,14;72,43;67,27;77,93;75,65;74,73;71,84;69,04;68,67;67,38;61,33;77,21;71,15;70,14;66,22;63,5;63,05;24,5;0,0;30,7;23,3;19,2;16,4;15,8;2,09;0,0;2,98;2,44;2,35;2,07;1,86;1,81;0,0363;0,0166;0,337;0,0508;0,0443;0,0327;0,0255;0,0236;0,444;0,0;2,64;1,18;0,87;0,357;0,132;0,095;0,0311;0,011;0,109;0,0665;0,0494;0,026;0,0153;0,0133;0,387;0,22;1,14;0,548;0,499;0,367;0,285;0,269;15,4;1,67;69,3;31,1;25,9;13,6;7,54;6,41;-3,43;-11,75;65,86;42,58;38,57;6,94;-8,29;-9,38
TateModern;TateModern2;696;75,75;72,54;83,41;77,81;77,09;75,36;74,07;73,67;74,43;71,61;78,5;76,27;75,59;74,21;73,0;72,64;65,6;61,55;75,63;68,9;67,04;64,63;63,35;62,93;21,5;0,0;29,3;20,5;18,2;16,9;16,5;1,71;0,0;2,45;1,97;1,91;1,68;1,55;1,52;0,036;0,0194;0,11;0,0509;0,0464;0,0352;0,0274;0,0254;0,259;0,0;2,39;0,757;0,504;0,16;0,0458;0,0321;0,0164;0,00573;0,0563;0,0496;0,0368;0,0119;0,00716;0,00681;0,367;0,22;0,837;0,542;0,478;0,346;0,283;0,269;10,5;1,16;74,0;20,9;17,2;9,12;4,96;4,05;-4,79;-12,55;68,45;39,98;31,29;4,04;-9,31;-10,43
TateModern;TateModern2;722;77,24;70,73;89,44;82,33;80,39;74,92;73,18;72,75;73,93;69,85;84,22;76,65;75,32;73,16;71,59;71,23;65,11;60,09;73,67;69,27;68,07;63,97;61,74;61,21;21,0;0,0;30,3;19,7;17,6;15,3;14,7;1,73;0,0;2,38;2,01;1,91;1,71;1,57;1,54;0,033;0,0179;0,0667;0,047;0,043;0,0321;0,0244;0,0226;0,29;0,0;2,57;0,901;0,671;0,191;0,0513;0,031;0,0158;0,0065;0,0421;0,0376;0,031;0,0108;0,00794;0,00729;0,359;0,217;0,837;0,517;0,468;0,345;0,275;0,256;11,1;0,947;60,2;23,2;19,0;9,66;5,02;4,02;-0,98;-14,27;69,76;41,88;31,06;4,46;-10,55;-11,73
TateModern;TateModern2;719;79,42;72,81;86,6;83,58;82,49;78,17;75,16;74,52;76,94;70,04;85,15;81,23;79,85;75,4;72,47;71,82;75,4;61,19;85,74;80,75;79,31;72,42;66,71;65,58;37,7;0,0;49,7;34,8;24,3;18,4;17,1;2,4;0,0;3,95;3,19;2,98;2,35;1,92;1,83;0,0365;0,0149;0,111;0,0603;0,0516;0,0339;0,025;0,0229;0,82;0,0;5,23;2,13;1,71;0,63;0,174;0,105;0,0622;0,0154;0,122;0,104;0,0943;0,062;0,0355;0,0227;0,483;0,211;1,34;0,76;0,671;0,45;0,329;0,302;23,6;1,84;91,6;45,6;39,3;21,3;10,8;8,76;-0,61;-2,7;71,55;48,91;42,5;13,2;0,89;-0,36
TateModern;TateModern2;720;79,42;72,81;86,6;83,58;82,49;78,17;75,16;74,52;76,94;70,04;85,15;81,23;79,85;75,4;72,47;71,82;75,4;61,19;85,74;80,75;79,31;72,42;66,71;65,58;37,7;0,0;49,7;34,8;24,3;18,4;17,1;2,4;0,0;3,95;3,19;2,98;2,35;1,92;1,83;0,0365;0,0149;0,111;0,0603;0,0516;0,0339;0,025;0,0229;0,82;0,0;5,23;2,13;1,71;0,63;0,174;0,105;0,0622;0,0154;0,122;0,104;0,0943;0,062;0,0355;0,0227;0,483;0,211;1,34;0,76;0,671;0,45;0,329;0,302;23,6;1,84;91,6;45,6;39,3;21,3;10,8;8,76;-0,61;-2,7;71,55;48,91;42,5;13,2;0,89;-0,36
TateModern;TateModern2;697;71,66;67,42;74,62;73,23;72,95;71,61;69,79;69,4;69,9;65,84;73,18;71,59;71,27;69,81;68,05;67,68;59,54;56,27;65,82;62,31;61,38;58,88;57,37;57,02;15,5;0,0;19,6;14,7;12,9;11,7;11,5;1,61;0,0;2,41;1,87;1,8;1,6;1,43;1,4;0,031;0,0158;0,0957;0,0437;0,0397;0,03;0,0229;0,0208;0,205;0,0;1,24;0,508;0,401;0,157;0,0407;0,0248;0,0163;0,00857;0,0339;0,0295;0,0256;0,0154;0,00959;0,00905;0,436;0,256;1,08;0,631;0,576;0,421;0,32;0,305;10,7;0,533;48,1;20,3;17,5;9,81;5,1;4,17;-5,14;-13,73;62,44;35,05;26,16;3,55;-11,3;-12,22
TateModern;TateModern2;735;71,66;67,42;74,62;73,23;72,95;71,61;69,79;69,4;69,9;65,84;73,18;71,59;71,27;69,81;68,05;67,68;59,54;56,27;65,82;62,31;61,38;58,88;57,37;57,02;15,5;0,0;19,6;14,7;12,9;11,7;11,5;1,61;0,0;2,41;1,87;1,8;1,6;1,43;1,4;0,031;0,0158;0,0957;0,0437;0,0397;0,03;0,0229;0,0208;0,205;0,0;1,24;0,508;0,401;0,157;0,0407;0,0248;0,0163;0,00857;0,0339;0,0295;0,0256;0,0154;0,00959;0,00905;0,436;0,256;1,08;0,631;0,576;0,421;0,32;0,305;10,7;0,533;48,1;20,3;17,5;9,81;5,1;4,17;-5,14;-13,73;62,44;35,05;26,16;3,55;-11,3;-12,22
TateModern;TateModern2;717;76,03;70,85;89,32;79,31;77,88;74,64;72,57;72,09;72,78;68,89;80,91;74,54;74,02;72,46;70,97;70,59;62,52;59,29;67,55;65,01;64,35;62,08;60,55;60,26;17,5;0,0;21,7;17,1;15,4;14,0;13,7;1,58;0,0;2,35;1,87;1,79;1,57;1,39;1,37;0,034;0,0159;0,075;0,0505;0,0458;0,0325;0,0249;0,0227;0,293;0,0;1,37;0,709;0,595;0,23;0,0592;0,0315;0,0159;0,00692;0,0422;0,0287;0,025;0,0144;0,00974;0,0087;0,344;0,208;0,677;0,512;0,452;0,331;0,261;0,245;8,55;0,771;32,9;16,8;14,0;7,75;3,92;3,13;-0,82;-14,61;69,32;35,87;26,73;3,67;-10,93;-12,17
TateModern;TateModern2;718;76,03;70,85;89,32;79,31;77,88;74,64;72,57;72,09;72,78;68,89;80,91;74,54;74,02;72,46;70,97;70,59;62,52;59,29;67,55;65,01;64,35;62,08;60,55;60,26;17,5;0,0;21,7;17,1;15,4;14,0;13,7;1,58;0,0;2,35;1,87;1,79;1,57;1,39;1,37;0,034;0,0159;0,075;0,0505;0,0458;0,0325;0,0249;0,0227;0,293;0,0;1,37;0,709;0,595;0,23;0,0592;0,0315;0,0159;0,00692;0,0422;0,0287;0,025;0,0144;0,00974;0,0087;0,344;0,208;0,677;0,512;0,452;0,331;0,261;0,245;8,55;0,771;32,9;16,8;14,0;7,75;3,92;3,13;-0,82;-14,61;69,32;35,87;26,73;3,67;-10,93;-12,17
TateModern;TateModern2;699;72,66;69,13;79,18;74,48;74,02;72,36;70,71;70,34;70,58;67,3;73,79;72,25;71,94;70,44;68,96;68,69;62,43;58,84;69,8;65,55;64,48;61,57;59,93;59,67;18,1;0,0;22,4;17,1;14,9;13,4;13,1;1,71;0,0;2,47;1,97;1,88;1,68;1,56;1,54;0,0315;0,0158;0,073;0,0444;0,0408;0,0307;0,0228;0,0211;0,275;0,0;1,63;0,77;0,611;0,196;0,0662;0,0477;0,0158;0,00438;0,0505;0,0411;0,0343;0,0112;0,00632;0,00556;0,364;0,224;1,26;0,568;0,483;0,342;0,271;0,26;10,4;0,86;47,0;20,7;16,5;9,25;5,08;4,23;-2,62;-12,68;63,37;36,14;28,84;5,06;-8,99;-10,44
TateModern;TateModern2;700;71,24;67,29;75,22;73,31;72,75;71,09;69,28;68,97;69,43;65,89;74,0;71,74;71,12;69,07;67,32;66,93;59,65;56,07;64,99;61,85;61,33;59,38;57,58;57,2;15,5;0,0;19,7;14,9;12,8;11,5;11,1;1,58;0,0;2,14;1,88;1,77;1,57;1,43;1,39;0,0305;0,0154;0,0625;0,0436;0,0399;0,0296;0,0228;0,0211;0,166;0,0;0,766;0,415;0,336;0,129;0,0391;0,0248;0,0105;0,00575;0,0245;0,0175;0,0166;0,00995;0,00631;0,00603;0,414;0,24;0,812;0,592;0,535;0,396;0,319;0,302;8,91;0,472;37,3;16,9;14,4;8,14;4,46;3,57;-3,42;-13,89;62,79;33,29;26,42;3,78;-11,36;-12,03
TateModern;TateModern2;716;74,6;70,36;80,96;76,83;76,23;74,33;72,24;71,8;73,36;68,26;80,64;76,06;75,21;73,01;70,4;70,07;66,55;60,35;78,11;70,31;69,2;65,78;62,19;61,62;22,2;0,0;38,6;21,0;17,4;14,6;14,0;1,54;0,0;3,31;1,88;1,72;1,49;1,37;1,34;0,0418;0,0179;0,118;0,0639;0,0573;0,0401;0,0295;0,0269;0,254;0,0;2,0;1,13;0,724;0,0906;0,0184;0,0118;0,0174;0,00587;0,0729;0,0334;0,0278;0,0168;0,00782;0,00673;0,473;0,22;2,09;0,824;0,66;0,427;0,32;0,288;11,5;0,908;118,0;25,9;19,5;9,5;5,23;4,39;-2,07;-12,58;63,44;40,01;29,02;11,07;-3,45;-5,09
TateModern;TateModern2;701;84,61;66,76;96,44;90,79;88,34;81,17;73,07;72,01;75,35;65,16;86,04;80,99;78,75;72,64;68,83;68,43;61,19;58,62;66,53;63,35;62,58;60,8;59,66;59,41;16,5;0,0;23,1;15,9;14,3;13,0;12,7;1,71;0,0;2,24;2,02;1,94;1,71;1,5;1,46;0,0345;0,014;0,101;0,0519;0,0471;0,0333;0,0233;0,0211;0,173;0,0;1,23;0,45;0,342;0,108;0,0189;0,00855;0,0122;0,00498;0,0404;0,0254;0,0197;0,0106;0,00697;0,00607;0,37;0,202;0,703;0,51;0,455;0,363;0,299;0,277;8,16;0,235;47,8;16,3;13,3;7,25;3,68;2,98;-1,88;-13,44;81,71;36,33;26,03;5,31;-11,1;-12,29
TateModern;TateModern2;734;84,61;66,76;96,44;90,79;88,34;81,17;73,07;72,01;75,35;65,16;86,04;80,99;78,75;72,64;68,83;68,43;61,19;58,62;66,53;63,35;62,58;60,8;59,66;59,41;16,5;0,0;23,1;15,9;14,3;13,0;12,7;1,71;0,0;2,24;2,02;1,94;1,71;1,5;1,46;0,0345;0,014;0,101;0,0519;0,0471;0,0333;0,0233;0,0211;0,173;0,0;1,23;0,45;0,342;0,108;0,0189;0,00855;0,0122;0,00498;0,0404;0,0254;0,0197;0,0106;0,00697;0,00607;0,37;0,202;0,703;0,51;0,455;0,363;0,299;0,277;8,16;0,235;47,8;16,3;13,3;7,25;3,68;2,98;-1,88;-13,44;81,71;36,33;26,03;5,31;-11,1;-12,29
TateModern;TateModern2;715;72,61;67,83;79,27;76,25;75,04;71,66;69,51;69,1;69,2;65,38;75,34;71,56;70,68;68,81;67,43;67,0;60,45;57,01;67,13;63,82;62,51;59,67;58,15;57,9;16,1;0,0;21,4;15,4;13,3;12,1;11,8;1,76;0,0;2,6;2,03;1,97;1,74;1,58;1,54;0,0365;0,0141;0,234;0,0684;0,0505;0,0318;0,023;0,0211;0,191;0,0;1,43;0,533;0,367;0,107;0,0164;0,00876;0,0159;0,00558;0,0396;0,0304;0,0261;0,0147;0,00723;0,00602;0,397;0,204;1,08;0,54;0,505;0,385;0,307;0,284;8,74;0,544;42,6;18,8;15,0;7,63;3,75;2,97;-0,79;-13,12;65,11;34,88;26,08;4,94;-9,6;-11,08
TateModern;TateModern2;702;84,42;70,97;96,71;91,26;89,1;75,8;72,8;72,25;76,66;69,96;89,42;81,9;79,98;73,41;71,46;71,03;65,3;59,04;73,63;68,83;67,76;64,68;61,4;60,74;22,5;0,0;34,7;21,4;18,1;14,8;14,1;1,72;0,0;2,78;2,09;2,0;1,71;1,48;1,42;0,0375;0,0191;0,0934;0,0565;0,0516;0,0359;0,0261;0,024;0,216;0,0;1,34;0,587;0,456;0,143;0,0304;0,0183;0,0231;0,0062;0,0657;0,0516;0,0454;0,0195;0,00891;0,00703;0,512;0,248;1,49;0,834;0,75;0,473;0,335;0,314;12,7;1,06;64,4;28,8;22,4;10,5;5,4;4,47;-1,28;-9,25;81,03;39,14;30,31;8,67;-5,55;-7,02
TateModern;TateModern2;733;84,42;70,97;96,71;91,26;89,1;75,8;72,8;72,25;76,66;69,96;89,42;81,9;79,98;73,41;71,46;71,03;65,3;59,04;73,63;68,83;67,76;64,68;61,4;60,74;22,5;0,0;34,7;21,4;18,1;14,8;14,1;1,72;0,0;2,78;2,09;2,0;1,71;1,48;1,42;0,0375;0,0191;0,0934;0,0565;0,0516;0,0359;0,0261;0,024;0,216;0,0;1,34;0,587;0,456;0,143;0,0304;0,0183;0,0231;0,0062;0,0657;0,0516;0,0454;0,0195;0,00891;0,00703;0,512;0,248;1,49;0,834;0,75;0,473;0,335;0,314;12,7;1,06;64,4;28,8;22,4;10,5;5,4;4,47;-1,28;-9,25;81,03;39,14;30,31;8,67;-5,55;-7,02
TateModern;TateModern2;705;73,92;68,86;81,64;76,69;75,91;73,19;70,97;70,46;71,14;67,15;79,01;73,79;73,15;70,55;68,73;68,31;64,16;56,01;78,71;69,16;66,62;62,3;59,21;58,24;19,2;0,0;27,2;17,9;14,6;12,6;12,0;1,85;0,0;3,34;2,28;2,14;1,82;1,61;1,53;0,0307;0,0161;0,0736;0,0444;0,0401;0,0299;0,0227;0,021;0,332;0,0;2,05;0,809;0,649;0,271;0,0761;0,0476;0,0342;0,00923;0,0911;0,0612;0,0538;0,0313;0,0215;0,0135;0,46;0,21;1,74;0,741;0,623;0,426;0,31;0,289;16,4;1,19;104,0;32,6;27,5;14,8;6,67;5,2;-0,74;-10,08;65,98;37,29;29,44;10,64;-2,81;-5,73
TateModern;TateModern2;706;72,27;68,88;78,55;74,83;74,07;71,66;70,38;70,1;70,37;67,04;73,72;72,22;71,78;70,17;68,78;68,33;61,5;57,49;66,85;63,97;63,11;61,15;59,37;58,95;17,3;0,0;20,9;16,4;14,3;12,8;12,3;1,58;0,0;2,38;1,94;1,83;1,54;1,38;1,35;0,0344;0,0164;0,224;0,0513;0,0456;0,0329;0,0241;0,022;0,236;0,0;1,66;0,691;0,518;0,155;0,0484;0,0336;0,0183;0,00581;0,0449;0,0346;0,0281;0,016;0,00873;0,00702;0,384;0,205;0,878;0,515;0,479;0,372;0,294;0,279;11,4;0,477;44,6;21,7;18,4;10,3;5,47;4,5;-0,4;-15,92;62,36;35,36;27,06;0,6;-12,83;-13,94
TateModern;TateModern2;707;72,27;68,88;78,55;74,83;74,07;71,66;70,38;70,1;70,37;67,04;73,72;72,22;71,78;70,17;68,78;68,33;61,5;57,49;66,85;63,97;63,11;61,15;59,37;58,95;17,3;0,0;20,9;16,4;14,3;12,8;12,3;1,58;0,0;2,38;1,94;1,83;1,54;1,38;1,35;0,0344;0,0164;0,224;0,0513;0,0456;0,0329;0,0241;0,022;0,236;0,0;1,66;0,691;0,518;0,155;0,0484;0,0336;0,0183;0,00581;0,0449;0,0346;0,0281;0,016;0,00873;0,00702;0,384;0,205;0,878;0,515;0,479;0,372;0,294;0,279;11,4;0,477;44,6;21,7;18,4;10,3;5,47;4,5;-0,4;-15,92;62,36;35,36;27,06;0,6;-12,83;-13,94
TateModern;TateModern2;730;70,93;67,36;75,4;72,92;72,45;70,7;69,11;68,67;69,68;66,13;73,87;71,67;71,3;69,37;67,72;67,4;61,67;56,32;70,76;65,49;64,14;60,7;58,6;58,14;18,1;0,0;24,4;16,8;14,2;12,3;11,9;1,7;0,0;2,68;2,08;1,96;1,68;1,5;1,46;0,0301;0,0125;0,0909;0,0447;0,0403;0,0287;0,0216;0,02;0,33;0,0;1,7;0,726;0,627;0,286;0,0909;0,059;0,0259;0,00897;0,0643;0,0513;0,0448;0,0226;0,0157;0,0122;0,412;0,174;1,66;0,668;0,573;0,384;0,276;0,255;14,1;1,35;64,8;28,3;24,0;12,6;6,38;5,23;-8,24;-12,83;59,6;36,38;28,81;8,16;-9,62;-10,99
TateModern;TateModern2;710;82,29;67,37;96,7;87,5;84,58;78,7;73,52;71,66;76,1;65,69;90,33;80,68;79,06;74,12;70,2;68,59;58,62;56,15;65,45;60,27;59,97;58,3;57,17;56,9;14,6;0,0;23,1;14,0;12,4;11,2;11,0;1,53;0,0;2,36;1,88;1,8;1,49;1,4;1,37;0,0304;0,0128;0,101;0,0434;0,0394;0,0302;0,0217;0,0199;0,444;0,0;1,46;1,0;0,902;0,21;0,00879;0,00359;0,0073;0,00284;0,021;0,0177;0,0141;0,00496;0,00365;0,00334;0,392;0,162;1,28;0,682;0,58;0,351;0,262;0,234;6,99;0,416;52,1;14,5;11,8;6,0;3,05;2,4;-1,46;-16,28;77,81;33,79;24,84;2,18;-14,16;-14,88
TateModern;TateModern2;708;72,81;69,02;79,9;75,45;74,17;72,24;70,99;70,64;70,95;67,82;79,05;74,02;72,1;70,32;69,01;68,74;61,92;57,27;74,06;64,29;63,64;61,23;59,8;59,3;16,7;0,0;24,5;15,9;13,8;12,6;12,3;1,39;0,0;2,29;1,68;1,59;1,37;1,25;1,22;0,0349;0,0157;0,0816;0,0501;0,0458;0,0337;0,0258;0,0238;0,225;0,0;1,9;0,785;0,509;0,151;0,0387;0,0241;0,0114;0,00483;0,0481;0,0359;0,02;0,00874;0,00547;0,00509;0,465;0,209;1,12;0,746;0,68;0,431;0,322;0,302;9,05;0,512;55,7;18,9;14,8;7,96;4,09;3,29;-0,93;-9,92;63,21;36,0;25,68;2,76;-5,25;-6,66
TateModern;TateModern2;709;72,81;69,02;79,9;75,45;74,17;72,24;70,99;70,64;70,95;67,82;79,05;74,02;72,1;70,32;69,01;68,74;61,92;57,27;74,06;64,29;63,64;61,23;59,8;59,3;16,7;0,0;24,5;15,9;13,8;12,6;12,3;1,39;0,0;2,29;1,68;1,59;1,37;1,25;1,22;0,0349;0,0157;0,0816;0,0501;0,0458;0,0337;0,0258;0,0238;0,225;0,0;1,9;0,785;0,509;0,151;0,0387;0,0241;0,0114;0,00483;0,0481;0,0359;0,02;0,00874;0,00547;0,00509;0,465;0,209;1,12;0,746;0,68;0,431;0,322;0,302;9,05;0,512;55,7;18,9;14,8;7,96;4,09;3,29;-0,93;-9,92;63,21;36,0;25,68;2,76;-5,25;-6,66
TateModern;TateModern3;784;73,32;67,45;79,62;76,21;75,55;73,06;69,83;69,29;72,02;65,97;76,8;74,9;74,26;71,82;68,2;67,6;57,7;55,66;65,94;58,81;58,22;57,42;56,77;56,48;13,4;0,0;19,6;13,1;12,0;11,0;10,7;1,4;0,0;2,12;1,6;1,53;1,39;1,27;1,25;0,032;0,0167;0,071;0,0451;0,0417;0,0312;0,0231;0,0214;0,443;0,0;0,998;0,795;0,739;0,432;0,0853;0,0339;0,00812;0,00225;0,0283;0,0199;0,0171;0,00624;0,00368;0,00312;0,413;0,212;1,23;0,714;0,586;0,377;0,267;0,251;7,68;0,246;53,2;17,4;13,6;6,35;3,23;2,49;-12,15;-16,93;68,45;32,44;22,6;-1,01;-12,92;-14,12
TateModern;TateModern3;785;73,32;67,45;79,62;76,21;75,55;73,06;69,83;69,29;72,02;65,97;76,8;74,9;74,26;71,82;68,2;67,6;57,7;55,66;65,94;58,81;58,22;57,42;56,77;56,48;13,4;0,0;19,6;13,1;12,0;11,0;10,7;1,4;0,0;2,12;1,6;1,53;1,39;1,27;1,25;0,032;0,0167;0,071;0,0451;0,0417;0,0312;0,0231;0,0214;0,443;0,0;0,998;0,795;0,739;0,432;0,0853;0,0339;0,00812;0,00225;0,0283;0,0199;0,0171;0,00624;0,00368;0,00312;0,413;0,212;1,23;0,714;0,586;0,377;0,267;0,251;7,68;0,246;53,2;17,4;13,6;6,35;3,23;2,49;-12,15;-16,93;68,45;32,44;22,6;-1,01;-12,92;-14,12
TateModern;TateModern3;738;70,97;64,31;82,03;75,54;73,3;68,65;66,55;65,85;66,49;62,68;76,27;68,99;67,93;65,54;64,18;63,83;57,97;53,19;68,54;62,24;60,7;56,43;54,44;54,1;13,6;0,0;17,9;12,5;10,3;9,29;9,07;1,58;0,0;2,63;1,95;1,85;1,53;1,39;1,36;0,0287;0,0133;0,0757;0,0429;0,0384;0,0277;0,0201;0,0185;0,218;0,0;1,49;0,712;0,528;0,0805;0,00913;0,0042;0,0283;0,00438;0,0922;0,0619;0,0535;0,0247;0,00692;0,00614;0,431;0,176;1,01;0,648;0,576;0,417;0,299;0,27;11,0;0,291;55,9;25,9;20,7;8,94;3,98;3,11;-0,88;-18,04;64,99;30,53;25,0;-1,34;-15,63;-16,16
TateModern;TateModern3;739;76,73;67,32;86,49;81,57;80,31;75,36;69,46;68,83;70,95;65,25;80,7;75,11;73,8;70,21;66,69;66,27;58,54;54,71;73,78;63,38;60,27;56,4;55,43;55,26;14,1;0,0;24,6;13,2;11,1;10,1;9,9;1,69;0,0;2,97;2,11;1,95;1,65;1,5;1,47;0,03;0,014;0,0638;0,0443;0,0404;0,0289;0,021;0,0194;0,284;0,0;3,35;0,895;0,57;0,0531;0,00459;0,00128;0,014;0,00275;0,0763;0,0555;0,0256;0,00789;0,00358;0,00323;0,369;0,227;0,95;0,537;0,472;0,354;0,291;0,277;8,89;0,142;57,8;24,4;18,3;6,5;2,99;2,34;-1,7;-16,26;71,59;33,01;27,25;2,77;-14,17;-15,11
TateModern;TateModern3;764;76,73;67,32;86,49;81,57;80,31;75,36;69,46;68,83;70,95;65,25;80,7;75,11;73,8;70,21;66,69;66,27;58,54;54,71;73,78;63,38;60,27;56,4;55,43;55,26;14,1;0,0;24,6;13,2;11,1;10,1;9,9;1,69;0,0;2,97;2,11;1,95;1,65;1,5;1,47;0,03;0,014;0,0638;0,0443;0,0404;0,0289;0,021;0,0194;0,284;0,0;3,35;0,895;0,57;0,0531;0,00459;0,00128;0,014;0,00275;0,0763;0,0555;0,0256;0,00789;0,00358;0,00323;0,369;0,227;0,95;0,537;0,472;0,354;0,291;0,277;8,89;0,142;57,8;24,4;18,3;6,5;2,99;2,34;-1,7;-16,26;71,59;33,01;27,25;2,77;-14,17;-15,11
TateModern;TateModern3;782;75,1;64,15;87,5;82,38;79,83;69,13;65,84;65,46;69,03;62,0;81,69;75,24;72,84;64,96;63,39;63,1;56,17;52,54;64,28;59,71;58,55;54,82;53,52;53,28;12,3;0,0;17,6;11,5;9,64;8,83;8,6;1,57;0,0;2,57;1,89;1,79;1,54;1,41;1,38;0,0256;0,0125;0,0674;0,0375;0,0338;0,0248;0,0188;0,0176;0,247;0,0;1,89;0,728;0,471;0,0517;0,00437;0,00121;0,0154;0,00357;0,0601;0,0436;0,0332;0,0118;0,00469;0,0043;0,439;0,234;1,12;0,691;0,604;0,413;0,307;0,283;8,26;0,279;43,9;21,4;16,9;6,56;2,89;2,25;-1,5;-16,4;70,11;30,52;26,69;1,71;-13,06;-14,17
TateModern;TateModern3;783;75,1;64,15;87,5;82,38;79,83;69,13;65,84;65,46;69,03;62,0;81,69;75,24;72,84;64,96;63,39;63,1;56,17;52,54;64,28;59,71;58,55;54,82;53,52;53,28;12,3;0,0;17,6;11,5;9,64;8,83;8,6;1,57;0,0;2,57;1,89;1,79;1,54;1,41;1,38;0,0256;0,0125;0,0674;0,0375;0,0338;0,0248;0,0188;0,0176;0,247;0,0;1,89;0,728;0,471;0,0517;0,00437;0,00121;0,0154;0,00357;0,0601;0,0436;0,0332;0,0118;0,00469;0,0043;0,439;0,234;1,12;0,691;0,604;0,413;0,307;0,283;8,26;0,279;43,9;21,4;16,9;6,56;2,89;2,25;-1,5;-16,4;70,11;30,52;26,69;1,71;-13,06;-14,17
TateModern;TateModern3;781;72,49;66,47;83,48;77,02;75,62;70,98;68,21;67,78;68,14;64,33;79,14;70,78;69,73;67,49;65,72;65,4;55,9;52,71;63,0;59,85;57,73;55,0;53,53;53,27;12,8;0,0;16,3;11,5;9,79;8,78;8,56;1,43;0,0;2,51;1,97;1,67;1,39;1,27;1,24;0,029;0,0144;0,155;0,0444;0,0389;0,0273;0,021;0,0193;0,199;0,0;1,8;0,676;0,41;0,0656;0,00841;0,00445;0,00794;0,00251;0,0244;0,0203;0,0173;0,00669;0,00313;0,0028;0,344;0,188;1,14;0,493;0,427;0,324;0,272;0,257;6,72;0,227;38,1;14,5;11,7;5,74;2,78;2,14;-0,83;-20,79;66,26;30,9;24,96;-7,23;-19,0;-19,59
TateModern;TateModern3;791;72,49;66,47;83,48;77,02;75,62;70,98;68,21;67,78;68,14;64,33;79,14;70,78;69,73;67,49;65,72;65,4;55,9;52,71;63,0;59,85;57,73;55,0;53,53;53,27;12,8;0,0;16,3;11,5;9,79;8,78;8,56;1,43;0,0;2,51;1,97;1,67;1,39;1,27;1,24;0,029;0,0144;0,155;0,0444;0,0389;0,0273;0,021;0,0193;0,199;0,0;1,8;0,676;0,41;0,0656;0,00841;0,00445;0,00794;0,00251;0,0244;0,0203;0,0173;0,00669;0,00313;0,0028;0,344;0,188;1,14;0,493;0,427;0,324;0,272;0,257;6,72;0,227;38,1;14,5;11,7;5,74;2,78;2,14;-0,83;-20,79;66,26;30,9;24,96;-7,23;-19,0;-19,59
TateModern;TateModern3;741;73,26;67,34;80,28;75,47;74,96;72,91;71,24;70,75;71,03;66,11;75,52;72,87;72,48;70,85;69,18;68,6;60,47;55,87;68,32;64,46;63,25;59,13;57,74;57,54;14,7;0,0;20,3;14,1;12,4;11,6;11,3;1,44;0,0;2,39;1,75;1,65;1,4;1,3;1,27;0,0344;0,016;0,0991;0,0546;0,0477;0,0323;0,0237;0,0216;0,421;0,0;2,32;1,21;1,04;0,26;0,0445;0,0244;0,0113;0,00577;0,0248;0,0204;0,0185;0,01;0,00671;0,00624;0,386;0,185;1,22;0,615;0,565;0,364;0,269;0,253;8,47;0,309;53,7;19,2;15,1;7,09;3,43;2,72;-4,13;-16,68;66,56;34,05;22,84;1,67;-13,96;-15,29
TateModern;TateModern3;742;77,05;68,82;88,35;81,22;79,89;75,58;71,79;70,97;72,15;66,87;80,32;75,09;74,35;71,52;68,92;68,35;62,97;56,76;68,56;66,87;66,2;62,18;58,82;58,37;19,5;0,0;24,1;18,7;14,8;12,2;11,7;1,57;0,0;2,7;1,94;1,8;1,54;1,41;1,39;0,0412;0,0161;0,159;0,0743;0,0611;0,0374;0,0262;0,0239;0,278;0,0;2,23;0,839;0,54;0,139;0,0154;0,00763;0,0131;0,00644;0,0304;0,0229;0,0196;0,0125;0,00764;0,0072;0,467;0,211;1,36;0,84;0,723;0,421;0,3;0,28;9,01;0,67;49,5;17,1;14,6;8,25;4,39;3,55;-1,59;-13,16;72,16;38,03;27,52;4,52;-8,56;-10,16
TateModern;TateModern3;743;79,41;70,24;90,38;84,27;82,82;76,89;73,65;72,75;74,94;67,89;89,01;78,35;76,57;73,39;70,51;69,89;66,97;58,27;84,65;69,97;67,62;63,54;60,39;59,8;22,2;0,0;51,6;19,7;15,9;13,4;12,8;1,54;0,0;2,3;1,8;1,72;1,52;1,4;1,36;0,054;0,019;0,527;0,122;0,0897;0,0421;0,0278;0,0253;0,343;0,0;2,15;1,09;0,813;0,209;0,0338;0,0172;0,0194;0,00731;0,0707;0,0452;0,0345;0,0168;0,0102;0,00858;0,482;0,233;3,41;0,715;0,602;0,431;0,325;0,301;9,2;0,427;69,3;18,0;15,3;8,34;4,59;3,72;-0,59;-17,42;74,18;40,77;27,7;1,24;-14,17;-15,2
TateModern;TateModern3;788;79,41;70,24;90,38;84,27;82,82;76,89;73,65;72,75;74,94;67,89;89,01;78,35;76,57;73,39;70,51;69,89;66,97;58,27;84,65;69,97;67,62;63,54;60,39;59,8;22,2;0,0;51,6;19,7;15,9;13,4;12,8;1,54;0,0;2,3;1,8;1,72;1,52;1,4;1,36;0,054;0,019;0,527;0,122;0,0897;0,0421;0,0278;0,0253;0,343;0,0;2,15;1,09;0,813;0,209;0,0338;0,0172;0,0194;0,00731;0,0707;0,0452;0,0345;0,0168;0,0102;0,00858;0,482;0,233;3,41;0,715;0,602;0,431;0,325;0,301;9,2;0,427;69,3;18,0;15,3;8,34;4,59;3,72;-0,59;-17,42;74,18;40,77;27,7;1,24;-14,17;-15,2
TateModern;TateModern3;789;79,41;70,24;90,38;84,27;82,82;76,89;73,65;72,75;74,94;67,89;89,01;78,35;76,57;73,39;70,51;69,89;66,97;58,27;84,65;69,97;67,62;63,54;60,39;59,8;22,2;0,0;51,6;19,7;15,9;13,4;12,8;1,54;0,0;2,3;1,8;1,72;1,52;1,4;1,36;0,054;0,019;0,527;0,122;0,0897;0,0421;0,0278;0,0253;0,343;0,0;2,15;1,09;0,813;0,209;0,0338;0,0172;0,0194;0,00731;0,0707;0,0452;0,0345;0,0168;0,0102;0,00858;0,482;0,233;3,41;0,715;0,602;0,431;0,325;0,301;9,2;0,427;69,3;18,0;15,3;8,34;4,59;3,72;-0,59;-17,42;74,18;40,77;27,7;1,24;-14,17;-15,2
TateModern;TateModern3;744;71,93;67,05;80,0;75,55;74,27;70,96;69,18;68,77;68,42;65,52;73,62;70,4;69,73;68,07;66,95;66,68;57,77;54,7;64,84;60,11;59,47;57,43;56,02;55,61;12,6;0,0;18,1;12,0;10,9;9,96;9,76;1,37;0,0;2,46;1,62;1,53;1,34;1,24;1,21;0,0314;0,0152;0,0855;0,0441;0,0402;0,0305;0,0233;0,0213;0,235;0,0;1,74;0,769;0,502;0,126;0,0241;0,0147;0,0103;0,00391;0,0287;0,0197;0,0155;0,00981;0,0059;0,00493;0,469;0,26;1,8;0,858;0,722;0,405;0,32;0,302;9,0;0,6;67,0;18,9;15,5;7,78;3,87;3,09;-0,67;-13,11;65,12;32,77;21,03;1,48;-8,09;-9,26
TateModern;TateModern3;786;71,93;67,05;80,0;75,55;74,27;70,96;69,18;68,77;68,42;65,52;73,62;70,4;69,73;68,07;66,95;66,68;57,77;54,7;64,84;60,11;59,47;57,43;56,02;55,61;12,6;0,0;18,1;12,0;10,9;9,96;9,76;1,37;0,0;2,46;1,62;1,53;1,34;1,24;1,21;0,0314;0,0152;0,0855;0,0441;0,0402;0,0305;0,0233;0,0213;0,235;0,0;1,74;0,769;0,502;0,126;0,0241;0,0147;0,0103;0,00391;0,0287;0,0197;0,0155;0,00981;0,0059;0,00493;0,469;0,26;1,8;0,858;0,722;0,405;0,32;0,302;9,0;0,6;67,0;18,9;15,5;7,78;3,87;3,09;-0,67;-13,11;65,12;32,77;21,03;1,48;-8,09;-9,26
TateModern;TateModern3;745;73,63;69,53;83,02;77,07;75,72;72,75;71,21;70,81;70,74;67,96;76,1;72,97;72,09;70,38;69,35;69,07;63,04;58,69;73,76;67,0;65,03;61,7;60,12;59,9;18,0;0,0;25,3;17,0;15,1;13,5;13,2;1,66;0,0;2,3;1,87;1,83;1,64;1,49;1,44;0,0327;0,0156;0,0976;0,046;0,0422;0,0316;0,0235;0,0218;0,25;0,0;2,17;0,834;0,526;0,113;0,017;0,00791;0,0206;0,00433;0,0501;0,0425;0,0373;0,0189;0,00649;0,00549;0,382;0,186;0,786;0,529;0,479;0,375;0,295;0,267;10,4;0,533;52,1;22,9;18,4;8,88;4,45;3,59;-0,64;-16,92;66,13;38,4;28,31;0,1;-13,75;-15,02
TateModern;TateModern3;779;79,24;69,3;88,62;84,99;83,53;75,83;72,6;71,85;75,16;67,65;83,34;79,05;77,74;73,94;70,76;70,02;60,92;57,6;67,96;63,2;62,71;60,48;58,98;58,74;16,2;0,0;20,9;15,8;14,5;13,4;13,0;1,67;0,0;2,17;1,9;1,84;1,67;1,52;1,49;0,0294;0,0142;0,0579;0,0437;0,0389;0,0287;0,0211;0,0194;0,479;0,0;1,41;1,07;0,9;0,428;0,101;0,0467;0,0128;0,00261;0,0535;0,0335;0,0242;0,0099;0,00469;0,00328;0,283;0,152;0,837;0,406;0,362;0,274;0,206;0,188;6,76;0,383;41,5;13,2;11,1;5,94;3,14;2,52;-1,07;-16,35;73,06;33,97;26,54;2,39;-13,42;-14,73
TateModern;TateModern3;763;72,85;68,96;80,48;75,32;74,63;72,2;70,88;70,59;71,43;67,91;78,67;73,93;73,1;70,89;69,55;69,23;63,75;58,5;71,18;68,27;67,11;62,16;60,23;59,64;21,0;0,0;26,7;19,5;15,3;14,0;13,6;1,76;0,0;2,52;2,13;2,02;1,72;1,57;1,53;0,0327;0,0172;0,147;0,0497;0,0445;0,0306;0,0227;0,0209;0,324;0,0;1,83;0,828;0,682;0,244;0,0529;0,0349;0,0267;0,00639;0,0653;0,0595;0,0563;0,0198;0,0103;0,00708;0,372;0,163;0,744;0,53;0,48;0,363;0,269;0,247;13,0;0,706;56,6;29,4;23,4;10,9;4,95;4,02;-5,59;-13,9;64,17;37,41;31,23;6,22;-11,21;-12,11
TateModern;TateModern3;746;78,41;71,29;90,59;83,18;80,87;76,5;73,26;72,76;74,0;67,81;79,05;76,78;76,26;73,52;71,21;70,53;61,36;56,06;72,37;65,01;63,01;60,02;57,83;57,21;17,7;0,0;28,5;15,7;13,5;12,1;11,6;1,71;0,0;3,81;2,04;1,98;1,68;1,45;1,41;0,0294;0,0137;0,0759;0,0429;0,0391;0,0281;0,0211;0,019;0,564;0,0;2,55;1,03;0,927;0,552;0,175;0,0994;0,0186;0,00525;0,116;0,06;0,0426;0,0119;0,00641;0,00592;0,325;0,145;0,965;0,548;0,461;0,3;0,203;0,19;10,4;0,39;83,0;26,4;18,8;7,81;3,76;2,89;-8,9;-12,34;73,77;34,05;28,25;5,48;-9,03;-10,64
TateModern;TateModern3;775;78,41;71,29;90,59;83,18;80,87;76,5;73,26;72,76;74,0;67,81;79,05;76,78;76,26;73,52;71,21;70,53;61,36;56,06;72,37;65,01;63,01;60,02;57,83;57,21;17,7;0,0;28,5;15,7;13,5;12,1;11,6;1,71;0,0;3,81;2,04;1,98;1,68;1,45;1,41;0,0294;0,0137;0,0759;0,0429;0,0391;0,0281;0,0211;0,019;0,564;0,0;2,55;1,03;0,927;0,552;0,175;0,0994;0,0186;0,00525;0,116;0,06;0,0426;0,0119;0,00641;0,00592;0,325;0,145;0,965;0,548;0,461;0,3;0,203;0,19;10,4;0,39;83,0;26,4;18,8;7,81;3,76;2,89;-8,9;-12,34;73,77;34,05;28,25;5,48;-9,03;-10,64
TateModern;TateModern3;778;72,34;67,37;80,08;76,07;74,81;71,37;69,78;69,42;70,07;65,57;74,41;72,77;72,07;69,44;68,04;67,68;62,4;57,03;72,52;66,64;64,84;60,7;58,63;58,22;17,8;0,0;27,9;16,8;13,5;12,0;11,7;1,65;0,0;3,6;1,98;1,87;1,62;1,45;1,42;0,0325;0,0149;0,0808;0,0472;0,0429;0,0315;0,0233;0,0218;0,28;0,0;2,47;0,871;0,605;0,174;0,0508;0,0325;0,0205;0,00848;0,0793;0,0476;0,0328;0,0173;0,0109;0,00984;0,398;0,215;1,03;0,593;0,525;0,377;0,3;0,277;11,5;0,999;63,7;25,4;20,2;9,66;4,89;3,93;-0,53;-14,32;63,7;36,29;28,92;3,24;-10,6;-12,08
TateModern;TateModern3;748;78,71;71,78;90,43;83,34;80,67;76,97;74,53;73,94;75,84;70,83;83,92;78,91;77,82;75,27;72,99;72,55;65,75;59,76;76,18;69,93;68,55;64,67;62,19;61,42;24,3;0,0;32,2;22,3;18,4;16,0;15,3;1,77;0,0;2,58;2,06;2,0;1,76;1,59;1,55;0,0392;0,0174;0,406;0,0584;0,0503;0,0359;0,0263;0,0239;0,269;0,0;2,11;0,618;0,523;0,209;0,038;0,0232;0,019;0,0079;0,0484;0,0345;0,0303;0,0182;0,00961;0,00872;0,384;0,223;0,801;0,555;0,488;0,369;0,295;0,271;12,1;1,1;66,1;24,9;21,0;10,6;5,66;4,65;-0,91;-10,67;71,38;41,22;30,42;7,41;-6,67;-8,68
TateModern;TateModern3;774;78,71;71,78;90,43;83,34;80,67;76,97;74,53;73,94;75,84;70,83;83,92;78,91;77,82;75,27;72,99;72,55;65,75;59,76;76,18;69,93;68,55;64,67;62,19;61,42;24,3;0,0;32,2;22,3;18,4;16,0;15,3;1,77;0,0;2,58;2,06;2,0;1,76;1,59;1,55;0,0392;0,0174;0,406;0,0584;0,0503;0,0359;0,0263;0,0239;0,269;0,0;2,11;0,618;0,523;0,209;0,038;0,0232;0,019;0,0079;0,0484;0,0345;0,0303;0,0182;0,00961;0,00872;0,384;0,223;0,801;0,555;0,488;0,369;0,295;0,271;12,1;1,1;66,1;24,9;21,0;10,6;5,66;4,65;-0,91;-10,67;71,38;41,22;30,42;7,41;-6,67;-8,68
TateModern;TateModern3;767;78,86;70,86;87,41;84,04;82,37;76,69;72,98;72,35;75,39;67,77;84,67;81,25;78,58;73,09;69,86;69,18;74,09;61,32;84,22;80,1;78,35;70,96;66,25;64,91;35,7;0,0;44,4;33,0;23,0;17,6;16,6;2,45;0,0;4,34;3,12;2,98;2,38;2,04;1,97;0,0376;0,0162;0,191;0,0747;0,0567;0,0326;0,0234;0,0217;0,734;0,0;3,47;1,78;1,43;0,582;0,228;0,179;0,0677;0,0339;0,205;0,154;0,0928;0,0579;0,0397;0,0384;0,404;0,166;0,81;0,602;0,535;0,402;0,295;0,265;22,1;3,89;66,9;40,0;35,1;20,5;11,6;9,48;-0,64;-11,39;74,69;48,29;40,15;12,64;-8,39;-10,18
TateModern;TateModern3;772;78,86;70,86;87,41;84,04;82,37;76,69;72,98;72,35;75,39;67,77;84,67;81,25;78,58;73,09;69,86;69,18;74,09;61,32;84,22;80,1;78,35;70,96;66,25;64,91;35,7;0,0;44,4;33,0;23,0;17,6;16,6;2,45;0,0;4,34;3,12;2,98;2,38;2,04;1,97;0,0376;0,0162;0,191;0,0747;0,0567;0,0326;0,0234;0,0217;0,734;0,0;3,47;1,78;1,43;0,582;0,228;0,179;0,0677;0,0339;0,205;0,154;0,0928;0,0579;0,0397;0,0384;0,404;0,166;0,81;0,602;0,535;0,402;0,295;0,265;22,1;3,89;66,9;40,0;35,1;20,5;11,6;9,48;-0,64;-11,39;74,69;48,29;40,15;12,64;-8,39;-10,18
TateModern;TateModern3;771;73,47;69,47;77,51;75,33;74,89;73,4;71,49;71,14;71,98;68,51;75,79;73,82;73,34;71,89;70,15;69,79;62,41;57,71;72,0;66,22;64,8;61,2;59,48;58,96;19,1;0,0;26,8;17,9;14,9;13,3;12,9;1,73;0,0;2,99;2,13;1,99;1,69;1,51;1,47;0,0319;0,015;0,0887;0,0442;0,0409;0,0311;0,023;0,0211;0,243;0,0;1,86;0,661;0,472;0,157;0,0384;0,0255;0,0225;0,00609;0,0652;0,0372;0,0338;0,0217;0,0117;0,00908;0,386;0,212;1,23;0,641;0,531;0,35;0,276;0,258;12,5;0,546;62,9;25,7;21,2;10,9;5,42;4,25;-3,7;-16,71;65,57;37,79;31,35;3,25;-14,32;-15,05
TateModern;TateModern3;751;77,28;72,58;85,97;81,03;79,26;76,22;74,15;73,65;75,01;71,18;80,97;77,14;76,57;74,73;72,89;72,3;63,57;59,27;70,2;67,12;65,93;62,6;61,19;60,8;19,6;0,0;29,6;18,6;16,4;15,0;14,5;1,61;0,0;2,8;1,98;1,84;1,57;1,42;1,4;0,0357;0,0163;0,0877;0,0516;0,0471;0,0344;0,0261;0,0243;0,328;0,0;2,15;0,916;0,608;0,251;0,0566;0,0366;0,0159;0,00545;0,0521;0,0415;0,0328;0,0127;0,00736;0,00633;0,455;0,203;1,32;0,702;0,63;0,434;0,308;0,288;10,6;0,737;62,3;24,7;18,8;8,88;4,79;3,99;-7,21;-8,17;70,88;37,34;26,9;7,21;-4,29;-5,16
TateModern;TateModern3;752;73,24;67,55;82,09;76,68;75,79;72,48;69,8;69,07;70,46;65,82;77,03;72,83;72,2;70,08;68,09;67,43;63,94;56,84;73,92;68,36;67,05;62,14;58,67;58,16;18,3;0,0;24,6;17,3;13,8;11,9;11,6;1,65;0,0;2,45;2,02;1,89;1,62;1,43;1,4;0,0383;0,016;0,202;0,0758;0,0561;0,0331;0,0234;0,0216;0,243;0,0;2,24;0,664;0,496;0,17;0,0438;0,0262;0,0448;0,00466;0,138;0,0895;0,0803;0,0388;0,0139;0,00645;0,427;0,176;1,08;0,696;0,598;0,395;0,302;0,275;15,4;1,19;63,6;34,3;28,8;13,0;5,37;4,15;-0,64;-16,04;65,25;36,89;27,23;4,29;-12,62;-14,21
TateModern;TateModern3;753;70,58;67,62;75,49;72,67;71,88;70,28;69,18;68,86;69,16;66,02;75,16;71,08;70,46;68,85;67,69;67,31;63,33;57,98;73,6;67,1;65,82;62,24;59,7;59,11;18,3;0,0;26,8;17,5;14,6;12,8;12,4;1,72;0,0;2,56;2,04;1,94;1,7;1,54;1,5;0,0322;0,0161;0,181;0,0498;0,0426;0,0304;0,0228;0,0211;0,327;0,0;2,25;0,943;0,744;0,223;0,0651;0,0473;0,037;0,013;0,101;0,0732;0,0642;0,0312;0,0179;0,0151;0,4;0,182;0,858;0,603;0,548;0,384;0,285;0,262;15,1;1,89;66,8;30,2;25,7;13,4;6,68;5,43;-1,41;-11,27;60,28;40,48;28,1;5,7;-7,96;-9,87
TateModern;TateModern3;754;70,49;66,7;73,18;72,17;71,84;70,39;68,62;68,15;69,41;65,57;72,34;71,13;70,84;69,3;67,39;66,98;62,33;57,27;67,64;64,9;64,34;61,98;59,4;58,9;17,1;0,0;22,5;16,3;14,3;12,4;12,0;1,53;0,0;3,11;1,84;1,74;1,5;1,36;1,33;0,0369;0,0161;0,0921;0,054;0,0491;0,0355;0,0262;0,0238;0,218;0,0;1,87;0,605;0,441;0,155;0,049;0,0313;0,0195;0,00831;0,0633;0,0389;0,0322;0,0168;0,0108;0,00973;0,386;0,237;1,53;0,579;0,495;0,354;0,287;0,275;11,9;1,12;50,7;23,7;19,9;10,6;5,42;4,43;-1,47;-14,76;60,31;35,95;27,75;4,23;-9,32;-11,04
TateModern;TateModern3;761;69,97;66,39;73,87;71,89;71,27;69,76;68,4;68,14;68,92;65,07;73,36;70,86;70,1;68,72;67,27;66,93;62,3;57,2;69,32;65,95;64,45;61,46;59,59;59,15;17,3;0,0;21,9;16,0;13,7;12,1;11,7;1,54;0,0;2,75;1,82;1,74;1,51;1,35;1,31;0,0344;0,017;0,0847;0,053;0,0472;0,0328;0,0241;0,0222;0,239;0,0;1,18;0,652;0,485;0,175;0,0478;0,0337;0,0259;0,0101;0,0595;0,0455;0,0426;0,0227;0,0138;0,0124;0,442;0,223;1,21;0,655;0,6;0,419;0,325;0,303;13,2;1,45;56,7;26,8;22,4;11,6;6,05;4,91;-1,21;-11,42;58,59;35,23;25,8;4,25;-5,19;-7,09
TateModern;TateModern3;755;72,59;68,24;77,27;75,4;74,54;72,16;70,19;69,81;71,09;66,76;75,61;74,12;73,08;70,58;68,59;68,16;58,94;55,99;64,37;61,25;60,72;58,35;57,25;56,91;14,7;0,0;17,5;14,1;12,3;11,3;11,0;1,5;0,0;2,22;1,83;1,73;1,48;1,37;1,34;0,0313;0,015;0,0796;0,0454;0,0412;0,0299;0,0224;0,0206;0,276;0,0;1,02;0,64;0,537;0,237;0,0513;0,0294;0,0118;0,00589;0,0266;0,021;0,0191;0,0107;0,00712;0,00675;0,378;0,238;1,02;0,568;0,509;0,357;0,283;0,265;8,77;0,68;39,4;18,4;15,1;7,61;3,94;3,13;-6,91;-15,86;67,58;33,93;24,5;1,52;-12,72;-13,93
TateModern;TateModern3;765;72,59;68,24;77,27;75,4;74,54;72,16;70,19;69,81;71,09;66,76;75,61;74,12;73,08;70,58;68,59;68,16;58,94;55,99;64,37;61,25;60,72;58,35;57,25;56,91;14,7;0,0;17,5;14,1;12,3;11,3;11,0;1,5;0,0;2,22;1,83;1,73;1,48;1,37;1,34;0,0313;0,015;0,0796;0,0454;0,0412;0,0299;0,0224;0,0206;0,276;0,0;1,02;0,64;0,537;0,237;0,0513;0,0294;0,0118;0,00589;0,0266;0,021;0,0191;0,0107;0,00712;0,00675;0,378;0,238;1,02;0,568;0,509;0,357;0,283;0,265;8,77;0,68;39,4;18,4;15,1;7,61;3,94;3,13;-6,91;-15,86;67,58;33,93;24,5;1,52;-12,72;-13,93
TateModern;TateModern3;756;74,29;70,74;80,09;76,11;75,6;73,99;72,5;72,14;72,92;69,42;75,62;74,51;74,18;72,85;71,32;70,86;61,92;58,43;67,71;64,93;63,9;61,26;59,82;59,49;16,9;0,0;22,4;16,2;14,5;13,2;12,9;1,46;0,0;2,37;1,69;1,63;1,44;1,32;1,29;0,0335;0,0164;0,0976;0,0474;0,0437;0,0325;0,0244;0,0225;0,329;0,0;1,82;0,949;0,598;0,247;0,0833;0,0592;0,0146;0,00628;0,0422;0,0278;0,0227;0,0129;0,00777;0,00747;0,373;0,129;1,5;0,615;0,536;0,347;0,247;0,222;10,4;0,824;54,0;21,1;17,5;9,28;4,71;3,85;-4,74;-16,16;69,37;35,85;26,85;1,0;-12,76;-14,45
TateModern;TateModern3;757;70,87;66,52;78,49;74,04;72,76;70,12;68,52;68,16;69,56;65,44;78,33;73,44;72,06;68,46;67,03;66,73;65,37;57,62;76,91;71,02;68,95;62,55;59,7;59,23;21,0;0,0;33,2;19,0;14,5;12,4;12,1;1,76;0,0;2,61;2,1;2,0;1,72;1,56;1,52;0,0368;0,0177;0,153;0,0687;0,0546;0,0328;0,0245;0,0226;0,254;0,0;1,85;0,685;0,547;0,168;0,039;0,022;0,0384;0,0135;0,105;0,0918;0,0806;0,032;0,0198;0,0156;0,496;0,226;1,18;0,88;0,745;0,451;0,332;0,306;15,6;1,16;75,3;33,2;27,7;13,8;6,79;5,41;-0,28;-9,4;59,95;41,93;29,72;7,3;-6,11;-7,64
TateModern;TateModern3;762;70,87;66,52;78,49;74,04;72,76;70,12;68,52;68,16;69,56;65,44;78,33;73,44;72,06;68,46;67,03;66,73;65,37;57,62;76,91;71,02;68,95;62,55;59,7;59,23;21,0;0,0;33,2;19,0;14,5;12,4;12,1;1,76;0,0;2,61;2,1;2,0;1,72;1,56;1,52;0,0368;0,0177;0,153;0,0687;0,0546;0,0328;0,0245;0,0226;0,254;0,0;1,85;0,685;0,547;0,168;0,039;0,022;0,0384;0,0135;0,105;0,0918;0,0806;0,032;0,0198;0,0156;0,496;0,226;1,18;0,88;0,745;0,451;0,332;0,306;15,6;1,16;75,3;33,2;27,7;13,8;6,79;5,41;-0,28;-9,4;59,95;41,93;29,72;7,3;-6,11;-7,64
TateModern;TateModern3;758;74,06;68,16;87,84;78,76;76,9;71,73;70,08;69,73;70,45;66,36;81,09;72,72;71,89;69,78;68,4;68,11;61,6;58,18;68,44;64,5;63,29;61,02;59,35;59,04;16,6;0,0;21,9;15,7;13,9;12,6;12,3;1,55;0,0;2,56;1,86;1,77;1,52;1,4;1,37;0,0311;0,0145;0,0614;0,0451;0,0412;0,0301;0,0222;0,0206;0,273;0,0;1,29;0,624;0,539;0,22;0,0775;0,0575;0,0178;0,00551;0,0498;0,037;0,0293;0,0162;0,00794;0,00684;0,377;0,193;0,835;0,56;0,508;0,357;0,273;0,259;12,0;1,31;57,1;25,1;20,2;10,4;5,31;4,29;-0,41;-16,88;67,89;36,07;27,1;2,88;-14,41;-15,02
TateModern;TateModern3;769;74,06;68,16;87,84;78,76;76,9;71,73;70,08;69,73;70,45;66,36;81,09;72,72;71,89;69,78;68,4;68,11;61,6;58,18;68,44;64,5;63,29;61,02;59,35;59,04;16,6;0,0;21,9;15,7;13,9;12,6;12,3;1,55;0,0;2,56;1,86;1,77;1,52;1,4;1,37;0,0311;0,0145;0,0614;0,0451;0,0412;0,0301;0,0222;0,0206;0,273;0,0;1,29;0,624;0,539;0,22;0,0775;0,0575;0,0178;0,00551;0,0498;0,037;0,0293;0,0162;0,00794;0,00684;0,377;0,193;0,835;0,56;0,508;0,357;0,273;0,259;12,0;1,31;57,1;25,1;20,2;10,4;5,31;4,29;-0,41;-16,88;67,89;36,07;27,1;2,88;-14,41;-15,02
TateModern;TateModern3;770;74,06;68,16;87,84;78,76;76,9;71,73;70,08;69,73;70,45;66,36;81,09;72,72;71,89;69,78;68,4;68,11;61,6;58,18;68,44;64,5;63,29;61,02;59,35;59,04;16,6;0,0;21,9;15,7;13,9;12,6;12,3;1,55;0,0;2,56;1,86;1,77;1,52;1,4;1,37;0,0311;0,0145;0,0614;0,0451;0,0412;0,0301;0,0222;0,0206;0,273;0,0;1,29;0,624;0,539;0,22;0,0775;0,0575;0,0178;0,00551;0,0498;0,037;0,0293;0,0162;0,00794;0,00684;0,377;0,193;0,835;0,56;0,508;0,357;0,273;0,259;12,0;1,31;57,1;25,1;20,2;10,4;5,31;4,29;-0,41;-16,88;67,89;36,07;27,1;2,88;-14,41;-15,02
TateModern;TateModern3;759;72,51;66,5;83,02;75,69;74,8;71,92;68,98;68,31;69,62;64,74;76,73;72,27;71,52;69,21;66,59;66,18;63,32;57,54;76,93;67,28;66,0;61,2;58,9;58,41;18,5;0,0;28,5;17,2;14,0;12,3;12,0;1,69;0,0;2,43;2,01;1,91;1,66;1,52;1,49;0,0353;0,016;0,112;0,0602;0,0486;0,0322;0,0236;0,0211;0,189;0,0;1,33;0,607;0,405;0,117;0,0296;0,0183;0,0186;0,0065;0,0817;0,0535;0,0312;0,0147;0,00845;0,00744;0,427;0,235;1,13;0,697;0,605;0,398;0,302;0,281;11,7;1,35;105,0;26,4;19,7;9,63;4,97;4,08;-1,93;-14,5;65,78;39,45;28,35;5,58;-12,33;-13,05
TateModern;TateModern3;760;72,51;66,5;83,02;75,69;74,8;71,92;68,98;68,31;69,62;64,74;76,73;72,27;71,52;69,21;66,59;66,18;63,32;57,54;76,93;67,28;66,0;61,2;58,9;58,41;18,5;0,0;28,5;17,2;14,0;12,3;12,0;1,69;0,0;2,43;2,01;1,91;1,66;1,52;1,49;0,0353;0,016;0,112;0,0602;0,0486;0,0322;0,0236;0,0211;0,189;0,0;1,33;0,607;0,405;0,117;0,0296;0,0183;0,0186;0,0065;0,0817;0,0535;0,0312;0,0147;0,00845;0,00744;0,427;0,235;1,13;0,697;0,605;0,398;0,302;0,281;11,7;1,35;105,0;26,4;19,7;9,63;4,97;4,08;-1,93;-14,5;65,78;39,45;28,35;5,58;-12,33;-13,05
TateModern;TateModern3;768;72,51;66,5;83,02;75,69;74,8;71,92;68,98;68,31;69,62;64,74;76,73;72,27;71,52;69,21;66,59;66,18;63,32;57,54;76,93;67,28;66,0;61,2;58,9;58,41;18,5;0,0;28,5;17,2;14,0;12,3;12,0;1,69;0,0;2,43;2,01;1,91;1,66;1,52;1,49;0,0353;0,016;0,112;0,0602;0,0486;0,0322;0,0236;0,0211;0,189;0,0;1,33;0,607;0,405;0,117;0,0296;0,0183;0,0186;0,0065;0,0817;0,0535;0,0312;0,0147;0,00845;0,00744;0,427;0,235;1,13;0,697;0,605;0,398;0,302;0,281;11,7;1,35;105,0;26,4;19,7;9,63;4,97;4,08;-1,93;-14,5;65,78;39,45;28,35;5,58;-12,33;-13,05
TorringtonSq;TorringtonSq2;124;71,29;65,32;78,86;75,65;73,66;70,1;67,19;66,76;69,75;64,29;76,46;73,54;71,82;68,84;66,1;65,67;62,29;56,29;68,74;66,08;65,23;61,82;58,31;57,75;18,4;0,0;27,3;17,7;15,0;12,2;11,7;1,89;0,0;3,35;2,63;2,4;1,83;1,56;1,5;0,0348;0,0159;0,112;0,0554;0,0482;0,033;0,0236;0,0216;0,126;0,0;1,01;0,363;0,257;0,0665;0,0148;0,00826;0,0147;0,00634;0,0478;0,0333;0,0273;0,0121;0,00859;0,00772;0,483;0,243;1,16;0,828;0,734;0,45;0,341;0,315;11,0;1,0;67,1;24,3;18,2;9,81;5,1;4,16;-1,88;-5,39;62,16;36,71;26,52;13,51;-2,64;-3,6
TorringtonSq;TorringtonSq2;125;71,29;65,32;78,86;75,65;73,66;70,1;67,19;66,76;69,75;64,29;76,46;73,54;71,82;68,84;66,1;65,67;62,29;56,29;68,74;66,08;65,23;61,82;58,31;57,75;18,4;0,0;27,3;17,7;15,0;12,2;11,7;1,89;0,0;3,35;2,63;2,4;1,83;1,56;1,5;0,0348;0,0159;0,112;0,0554;0,0482;0,033;0,0236;0,0216;0,126;0,0;1,01;0,363;0,257;0,0665;0,0148;0,00826;0,0147;0,00634;0,0478;0,0333;0,0273;0,0121;0,00859;0,00772;0,483;0,243;1,16;0,828;0,734;0,45;0,341;0,315;11,0;1,0;67,1;24,3;18,2;9,81;5,1;4,16;-1,88;-5,39;62,16;36,71;26,52;13,51;-2,64;-3,6
TorringtonSq;TorringtonSq2;126;65,71;61,54;74,95;69,38;68,22;64,87;62,63;62,35;64,67;60,6;74,83;68,55;67,03;63,45;61,8;61,51;57,76;52,08;67,51;61,43;60,27;56,64;54,3;53,67;14,4;0,0;23,3;13,3;10,6;9,0;8,59;1,71;0,0;3,46;2,12;1,94;1,67;1,51;1,45;0,0297;0,0135;0,111;0,0435;0,0394;0,0287;0,0208;0,0193;0,0992;0,0;1,32;0,262;0,175;0,0498;0,0122;0,00704;0,0213;0,00428;0,0992;0,0782;0,0574;0,0112;0,00519;0,00477;0,405;0,216;1,36;0,644;0,567;0,369;0,295;0,275;8,5;0,192;82,2;23,0;14,9;6,62;3,39;2,69;-1,94;-8,22;56,08;32,16;24,35;5,67;-6,04;-6,42
TorringtonSq;TorringtonSq2;127;67,12;59,59;73,76;70,15;69,36;66,7;63,03;62,25;66,23;59,07;73,62;69,29;68,45;65,83;62,33;61,42;59,79;50,34;68,77;62,43;61,79;59,5;55,94;54,61;15,1;0,0;21,5;14,6;12,8;9,78;8,86;1,8;0,0;2,75;2,28;2,07;1,76;1,58;1,53;0,0318;0,0155;0,134;0,0486;0,0424;0,0299;0,0223;0,0204;0,161;0,0;0,958;0,473;0,359;0,08;0,0127;0,00735;0,0125;0,003;0,0524;0,0303;0,0239;0,0103;0,00509;0,0044;0,417;0,204;1,29;0,736;0,599;0,373;0,291;0,272;8,98;0,426;70,9;21,1;15,7;7,37;3,74;3,0;-3,92;-5,21;58,59;34,73;24,58;10,5;-3,29;-3,78
TorringtonSq;TorringtonSq2;128;71,13;65,64;77,46;75,21;74,18;69,88;67,36;66,98;69,99;64,61;77,14;74,14;73,23;68,56;66,04;65,67;64,17;57,56;74,41;68,95;67,38;61,98;59,55;58,97;22,1;0,0;36,2;20,3;15,1;12,9;12,5;1,91;0,0;3,54;2,32;2,18;1,86;1,72;1,69;0,0446;0,016;0,324;0,117;0,0707;0,0333;0,0235;0,0217;0,169;0,0;1,57;0,5;0,352;0,0909;0,0193;0,0119;0,0337;0,00442;0,122;0,104;0,0842;0,0241;0,00633;0,00574;0,378;0,177;0,923;0,568;0,497;0,357;0,277;0,262;12,4;0,415;80,4;31,5;25,4;9,45;4,18;3,31;-1,73;-7,72;62,61;38,32;30,35;8,91;-5,74;-6,39
TorringtonSq;TorringtonSq2;129;71,13;65,64;77,46;75,21;74,18;69,88;67,36;66,98;69,99;64,61;77,14;74,14;73,23;68,56;66,04;65,67;64,17;57,56;74,41;68,95;67,38;61,98;59,55;58,97;22,1;0,0;36,2;20,3;15,1;12,9;12,5;1,91;0,0;3,54;2,32;2,18;1,86;1,72;1,69;0,0446;0,016;0,324;0,117;0,0707;0,0333;0,0235;0,0217;0,169;0,0;1,57;0,5;0,352;0,0909;0,0193;0,0119;0,0337;0,00442;0,122;0,104;0,0842;0,0241;0,00633;0,00574;0,378;0,177;0,923;0,568;0,497;0,357;0,277;0,262;12,4;0,415;80,4;31,5;25,4;9,45;4,18;3,31;-1,73;-7,72;62,61;38,32;30,35;8,91;-5,74;-6,39
TorringtonSq;TorringtonSq2;130;67,93;63,02;75,39;72,06;71,5;66,14;63,97;63,69;67,1;62,49;74,66;71,27;70,69;65,04;63,31;63,1;60,88;55,24;71,23;65,21;63,9;58,71;56,96;56,59;19,3;0,0;30,7;17,5;11,9;10,6;10,3;1,88;0,0;3,47;2,5;2,38;1,78;1,55;1,52;0,0361;0,0159;0,461;0,049;0,0437;0,0312;0,0236;0,0223;0,114;0,0;0,975;0,309;0,226;0,0577;0,00863;0,00339;0,0183;0,00618;0,062;0,0507;0,0434;0,0125;0,00763;0,00695;0,431;0,253;1,3;0,9;0,636;0,373;0,294;0,28;9,89;0,637;81,7;22,7;15,9;8,02;4,33;3,54;-2,93;-5,89;60,08;35,18;28,54;11,02;-3,04;-3,67
TorringtonSq;TorringtonSq2;131;67,31;62,23;79,63;69,84;68,54;65,96;63,54;63,1;66,89;61,75;79,61;69,01;68,05;65,52;63,04;62,57;61,52;54,63;74,85;64,95;63,73;59,61;56,13;55,76;17,5;0,0;30,0;15,9;12,4;10,4;10,1;1,75;0,0;3,34;2,22;2,1;1,71;1,51;1,48;0,0358;0,0156;0,192;0,0609;0,0514;0,0329;0,023;0,0208;0,189;0,0;1,38;0,623;0,395;0,102;0,0196;0,0138;0,0197;0,00633;0,0579;0,0478;0,038;0,0184;0,00927;0,00758;0,468;0,217;1,25;0,756;0,647;0,433;0,31;0,287;12,3;0,614;92,6;31,1;22,1;9,71;4,71;3,86;-1,18;-6,36;54,91;33,33;26,41;9,46;-4,41;-5,01
TorringtonSq;TorringtonSq2;132;71,08;66,91;77,06;74,37;73,45;70,25;68,54;68,2;70,31;66,42;76,16;73,42;72,64;69,55;67,91;67,58;63,2;59,13;68,54;66,16;65,47;62,58;60,55;60,15;20,4;0,0;25,6;19,5;16,2;14,2;13,8;1,9;0,0;3,72;2,28;2,17;1,89;1,66;1,61;0,0339;0,0157;0,0742;0,0481;0,0439;0,033;0,0247;0,0227;0,134;0,0;1,81;0,412;0,24;0,0647;0,0118;0,00597;0,00767;0,00345;0,0185;0,0126;0,0112;0,00721;0,00447;0,00424;0,36;0,228;0,743;0,505;0,461;0,352;0,285;0,268;7,99;0,453;57,2;15,2;12,7;7,28;3,95;3,26;-2,68;-5,02;61,58;39,67;29,3;8,94;-2,02;-3,33
TorringtonSq;TorringtonSq2;133;75,69;64,58;88,03;81,4;79,68;72,69;68,02;67,44;73,56;63,78;84,73;78,54;76,95;71,05;66,73;66,09;62,61;54,34;69,77;67,78;66,65;60,87;56,98;56,11;23,2;0,0;26,8;21,6;14,4;11,3;10,7;1,74;0,0;2,64;2,23;2,07;1,75;1,42;1,37;0,0371;0,0155;0,182;0,0665;0,0538;0,0334;0,0237;0,0217;0,174;0,0;1,46;0,517;0,358;0,0734;0,00838;0,00328;0,00931;0,00268;0,0316;0,0232;0,0159;0,00902;0,00403;0,00344;0,367;0,2;0,834;0,544;0,487;0,35;0,28;0,259;8,23;0,356;45,3;17,9;14,3;7,03;3,59;2,88;-1,8;-7,99;67,05;38,41;28,1;6,53;-5,9;-6,63
TorringtonSq;TorringtonSq2;134;70,17;63,65;78,48;73,29;72,44;69,41;66,19;65,35;69,29;62,96;78,26;72,22;71,58;68,6;64,92;64,13;63,66;55,53;77,21;66,39;65,54;62,53;57,69;57,07;20,0;0,0;37,4;19,3;15,3;11,3;10,8;1,84;0,0;2,9;2,24;2,14;1,85;1,55;1,51;0,0335;0,0166;0,135;0,0515;0,0457;0,032;0,0243;0,0225;0,123;0,0;1,03;0,331;0,233;0,0585;0,0108;0,00557;0,0157;0,00336;0,0913;0,0752;0,042;0,0105;0,00469;0,00385;0,39;0,211;0,847;0,586;0,514;0,373;0,293;0,276;9,63;0,584;97,5;21,4;16,6;8,17;4,16;3,33;-4,25;-8,28;61,99;39,94;30,91;6,3;-6,51;-7,01
TorringtonSq;TorringtonSq2;135;70,17;63,65;78,48;73,29;72,44;69,41;66,19;65,35;69,29;62,96;78,26;72,22;71,58;68,6;64,92;64,13;63,66;55,53;77,21;66,39;65,54;62,53;57,69;57,07;20,0;0,0;37,4;19,3;15,3;11,3;10,8;1,84;0,0;2,9;2,24;2,14;1,85;1,55;1,51;0,0335;0,0166;0,135;0,0515;0,0457;0,032;0,0243;0,0225;0,123;0,0;1,03;0,331;0,233;0,0585;0,0108;0,00557;0,0157;0,00336;0,0913;0,0752;0,042;0,0105;0,00469;0,00385;0,39;0,211;0,847;0,586;0,514;0,373;0,293;0,276;9,63;0,584;97,5;21,4;16,6;8,17;4,16;3,33;-4,25;-8,28;61,99;39,94;30,91;6,3;-6,51;-7,01
TorringtonSq;TorringtonSq2;136;73,6;62,8;84,21;78,72;76,88;71,59;66,26;65,1;71,44;61,95;81,21;76,1;74,37;69,98;64,58;63,73;63,34;53,64;76,08;67,98;66,5;60,77;55,72;54,87;20,3;0,0;33,7;18,9;14,0;10,1;9,55;1,72;0,0;3,02;2,14;2,03;1,69;1,44;1,39;0,0391;0,0167;0,334;0,0821;0,0622;0,0349;0,0245;0,0226;0,12;0,0;1,25;0,347;0,22;0,0472;0,00718;0,00292;0,0305;0,00319;0,154;0,128;0,078;0,0127;0,00442;0,00378;0,503;0,244;1,35;0,918;0,786;0,438;0,321;0,301;11,5;0,809;77,0;32,4;23,4;8,31;3,95;3,21;-3,66;-6,54;64,34;37,45;29,74;6,97;-4,82;-5,28
TorringtonSq;TorringtonSq2;137;73,6;62,8;84,21;78,72;76,88;71,59;66,26;65,1;71,44;61,95;81,21;76,1;74,37;69,98;64,58;63,73;63,34;53,64;76,08;67,98;66,5;60,77;55,72;54,87;20,3;0,0;33,7;18,9;14,0;10,1;9,55;1,72;0,0;3,02;2,14;2,03;1,69;1,44;1,39;0,0391;0,0167;0,334;0,0821;0,0622;0,0349;0,0245;0,0226;0,12;0,0;1,25;0,347;0,22;0,0472;0,00718;0,00292;0,0305;0,00319;0,154;0,128;0,078;0,0127;0,00442;0,00378;0,503;0,244;1,35;0,918;0,786;0,438;0,321;0,301;11,5;0,809;77,0;32,4;23,4;8,31;3,95;3,21;-3,66;-6,54;64,34;37,45;29,74;6,97;-4,82;-5,28
TorringtonSq;TorringtonSq2;138;72,9;62,97;83,19;77,27;75,77;70,85;66,37;65,63;72,15;62,23;82,85;76,3;75,09;70,07;65,52;64,8;68,46;55,88;81,33;74,05;71,89;64,19;59,41;58,66;27,0;0,0;45,2;24,4;16,9;12,4;11,7;1,95;0,0;3,36;2,44;2,27;1,92;1,62;1,54;0,0417;0,0163;0,411;0,0793;0,0575;0,0352;0,0257;0,0235;0,203;0,0;2,37;0,576;0,414;0,123;0,0209;0,0112;0,0317;0,00506;0,0955;0,0739;0,0652;0,0263;0,00875;0,00736;0,368;0,14;0,992;0,605;0,513;0,348;0,262;0,233;13,8;0,613;65,1;32,5;26,5;11,1;5,11;4,08;-2,28;-6,55;62,52;44,83;32,08;10,45;-5,19;-5,64
TorringtonSq;TorringtonSq2;139;69,69;62,52;78,43;74,52;73,39;67,75;64,46;64,09;68,03;61,81;76,14;72,33;71,08;66,81;63,67;63,24;60,14;54,84;66,8;63,51;63,03;58,6;55,98;55,6;17,6;0,0;23,7;16,7;12,3;10,2;9,92;1,74;0,0;2,55;2,09;2,03;1,72;1,49;1,46;0,0325;0,016;0,0667;0,0469;0,0429;0,0315;0,0232;0,0214;0,0881;0,0;0,668;0,223;0,157;0,0371;0,00833;0,00372;0,00924;0,00356;0,0334;0,0176;0,0149;0,00821;0,00564;0,00489;0,431;0,228;1,74;0,833;0,725;0,353;0,293;0,274;8,17;0,291;49,0;17,4;13,7;7,08;3,64;2,89;-3,28;-6,02;61,05;35,13;26,79;4,84;-4,65;-5,15
TorringtonSq;TorringtonSq2;140;68,39;61,0;75,96;73,13;71,89;66,42;62,97;62,44;68,08;60,6;75,62;72,87;71,66;66,05;62,36;61,82;63,8;54,76;73,1;68,97;67,84;61,48;56,76;55,83;21,7;0,0;31,5;20,5;14,1;10,5;10,0;1,87;0,0;2,94;2,38;2,27;1,81;1,64;1,59;0,0457;0,0128;0,284;0,139;0,0785;0,0332;0,0224;0,0206;0,166;0,0;1,25;0,492;0,333;0,1;0,019;0,0106;0,0233;0,00412;0,128;0,0937;0,0651;0,0136;0,00658;0,00528;0,408;0,201;1,49;0,813;0,566;0,37;0,276;0,257;11,1;0,196;76,2;27,7;21,7;8,61;4,16;3,38;-1,56;-7,09;56,77;38,42;28,67;7,74;-5,58;-5,96
TorringtonSq;TorringtonSq2;141;68,39;61,0;75,96;73,13;71,89;66,42;62,97;62,44;68,08;60,6;75,62;72,87;71,66;66,05;62,36;61,82;63,8;54,76;73,1;68,97;67,84;61,48;56,76;55,83;21,7;0,0;31,5;20,5;14,1;10,5;10,0;1,87;0,0;2,94;2,38;2,27;1,81;1,64;1,59;0,0457;0,0128;0,284;0,139;0,0785;0,0332;0,0224;0,0206;0,166;0,0;1,25;0,492;0,333;0,1;0,019;0,0106;0,0233;0,00412;0,128;0,0937;0,0651;0,0136;0,00658;0,00528;0,408;0,201;1,49;0,813;0,566;0,37;0,276;0,257;11,1;0,196;76,2;27,7;21,7;8,61;4,16;3,38;-1,56;-7,09;56,77;38,42;28,67;7,74;-5,58;-5,96
TorringtonSq;TorringtonSq2;143;72,94;66,82;82,39;76,92;75,56;71,87;69,29;68,62;71,7;66,36;79,57;75,23;74,02;70,98;68,39;67,97;66,33;60,8;73,58;69,59;68,54;65,29;63,06;62,56;23,7;0,0;30,1;22,8;18,0;15,2;14,6;1,92;0,0;3,76;2,36;2,29;1,86;1,66;1,62;0,0381;0,0181;0,12;0,0595;0,0514;0,0363;0,0266;0,0243;0,184;0,0;1,45;0,477;0,368;0,13;0,0334;0,0223;0,0211;0,00849;0,0627;0,0444;0,0353;0,0187;0,011;0,0102;0,358;0,222;1,04;0,503;0,44;0,34;0,279;0,264;12,2;1,37;60,3;26,4;22,0;10,5;5,4;4,43;-1,55;-6,36;62,38;40,28;33,71;10,62;-4,96;-5,45
TorringtonSq;TorringtonSq2;144;78,1;65,84;93,92;83,93;78,98;72,32;68,24;67,75;75,94;65,14;91,61;81,95;76,8;70,79;67,52;66,87;63,56;58,65;72,18;67,65;65,92;62,67;60,72;60,32;21,7;0,0;28,5;19,9;16,1;13,8;13,3;1,9;0,0;2,81;2,34;2,25;1,85;1,63;1,56;0,036;0,016;0,128;0,0563;0,0475;0,0342;0,025;0,0231;0,174;0,0;1,53;0,516;0,374;0,0882;0,0123;0,00596;0,0188;0,00499;0,0709;0,0496;0,0397;0,0151;0,00803;0,00634;0,424;0,243;1,18;0,713;0,586;0,395;0,308;0,293;10,4;0,305;61,9;22,0;17,7;9,31;4,87;4,02;-1,32;-6,11;71,25;36,74;29,49;10,94;-4,19;-4,87
TorringtonSq;TorringtonSq2;145;68,95;61,17;79,8;74,35;72,48;66,84;63,45;62,95;66,99;59,91;76,84;71,9;70,02;65,44;62,45;61,91;59,36;54,03;71,15;62,75;61,62;57,46;55,23;54,88;15,7;0,0;25,7;14,8;11,3;9,65;9,38;1,81;0,0;3,96;2,2;2,05;1,78;1,61;1,57;0,0315;0,0146;0,165;0,0507;0,0439;0,0293;0,0218;0,02;0,113;0,0;1,02;0,301;0,219;0,0586;0,0099;0,00519;0,0155;0,00611;0,0476;0,0411;0,0353;0,013;0,00715;0,00643;0,452;0,278;1,16;0,668;0,603;0,426;0,332;0,312;9,85;0,622;87,6;24,8;18,3;7,65;3,7;2,91;-3,55;-7,11;59,74;32,97;25,39;12,01;-4,86;-5,44
TorringtonSq;TorringtonSq2;146;77,9;61,47;91,9;83,83;81,79;73,2;63,55;62,83;75,39;60,41;88,39;81,8;79,46;71,32;62,38;61,68;63,09;52,97;75,84;68,07;66,9;60,34;54,83;54,28;23,2;0,0;31,8;21,0;14,4;9,33;8,97;1,72;0,0;2,64;2,17;2,06;1,7;1,49;1,44;0,0365;0,0149;0,231;0,0626;0,0528;0,0339;0,0228;0,0209;0,138;0,0;1,4;0,346;0,26;0,0503;0,00628;0,00236;0,0143;0,00402;0,0892;0,0375;0,0258;0,0105;0,00501;0,00456;0,428;0,172;1,53;0,75;0,65;0,391;0,286;0,26;8,85;0,324;86,3;20,7;15,4;7,25;3,59;2,8;-3,63;-7,71;69,59;35,92;29,21;6,49;-5,82;-6,51
TorringtonSq;TorringtonSq2;149;64,42;61,62;70,98;66,04;65,46;64,18;63,11;62,79;63,83;61,01;70,73;65,41;64,87;63,56;62,47;62,07;58,59;53,84;69,32;61,57;60,46;57,99;56,09;55,59;14,2;0,0;20,8;13,3;11,3;9,98;9,66;1,77;0,0;2,87;2,19;2,07;1,75;1,52;1,47;0,03;0,0156;0,0871;0,0431;0,0387;0,0292;0,0218;0,0202;0,151;0,0;1,46;0,415;0,297;0,0907;0,0198;0,0112;0,0215;0,00868;0,0589;0,0457;0,043;0,0182;0,0113;0,0101;0,438;0,245;1,26;0,733;0,614;0,398;0,316;0,294;10,6;0,606;75,0;22,9;18,9;9,12;4,52;3,61;-0,98;-7,35;53,85;32,33;24,26;8,86;-5,48;-6,07
TorringtonSq;TorringtonSq2;150;63,82;59,67;73,49;68,19;66,51;61,73;60,68;60,49;63,48;58,97;73,46;68,11;66,35;61,08;60,04;59,84;59,73;52,54;71,63;65,08;62,76;56,12;54,52;53,97;15,6;0,0;24,3;13,7;9,92;8,9;8,57;1,7;0,0;2,96;2,06;1,92;1,69;1,47;1,43;0,0357;0,0149;0,192;0,0764;0,0573;0,0296;0,0209;0,019;0,167;0,0;1,06;0,418;0,301;0,106;0,0167;0,00893;0,0352;0,00806;0,152;0,133;0,0957;0,024;0,00884;0,00835;0,394;0,17;0,932;0,672;0,533;0,381;0,288;0,26;12,1;1,22;58,9;31,3;24,5;9,14;4,05;3,31;-1,34;-9,03;49,36;32,36;24,76;4,57;-7,16;-7,69
TorringtonSq;TorringtonSq2;152;72,8;64,0;83,27;77,65;76,53;69,84;66,95;66,13;71,17;62,95;81,28;75,91;74,92;68,37;65,58;64,92;61,17;53,72;68,14;65,99;65,27;59,14;55,37;54,71;21,3;0,0;26,1;20,1;12,6;9,84;9,49;1,67;0,0;2,42;2,14;2,03;1,61;1,38;1,33;0,0342;0,0149;0,065;0,0497;0,0457;0,0331;0,0239;0,0223;0,198;0,0;1,46;0,821;0,418;0,0583;0,00953;0,00422;0,0098;0,00316;0,0346;0,0296;0,019;0,00711;0,0042;0,00358;0,36;0,238;0,611;0,502;0,455;0,349;0,292;0,273;7,31;0,279;32,2;13,7;11,9;6,77;3,55;2,78;-1,58;-6,26;63,15;34,38;27,19;8,43;-4,03;-4,89
TorringtonSq;TorringtonSq2;151;68,89;62,38;77,18;73,6;72,21;67,48;64,59;64,07;68,31;61,38;76,89;73,13;71,86;67,0;63,98;63,38;63,43;54,91;73,75;68,0;66,83;62,12;57,56;56,63;20,3;0,0;27,9;18,7;14,1;10,7;10,2;1,84;0,0;3,12;2,33;2,19;1,83;1,52;1,48;0,0388;0,0159;0,317;0,069;0,0551;0,0335;0,0235;0,0217;0,183;0,0;1,09;0,503;0,413;0,113;0,0245;0,0136;0,0279;0,00756;0,0837;0,0668;0,045;0,025;0,0129;0,00961;0,472;0,185;1,17;0,798;0,693;0,419;0,314;0,29;14,3;0,441;86,5;31,8;26,3;12,4;5,47;4,17;-1,58;-3,97;57,96;36,48;26,82;13,45;-1,09;-1,98
TorringtonSq;TorringtonSq2;153;68,89;62,38;77,18;73,6;72,21;67,48;64,59;64,07;68,31;61,38;76,89;73,13;71,86;67,0;63,98;63,38;63,43;54,91;73,75;68,0;66,83;62,12;57,56;56,63;20,3;0,0;27,9;18,7;14,1;10,7;10,2;1,84;0,0;3,12;2,33;2,19;1,83;1,52;1,48;0,0388;0,0159;0,317;0,069;0,0551;0,0335;0,0235;0,0217;0,183;0,0;1,09;0,503;0,413;0,113;0,0245;0,0136;0,0279;0,00756;0,0837;0,0668;0,045;0,025;0,0129;0,00961;0,472;0,185;1,17;0,798;0,693;0,419;0,314;0,29;14,3;0,441;86,5;31,8;26,3;12,4;5,47;4,17;-1,58;-3,97;57,96;36,48;26,82;13,45;-1,09;-1,98
TorringtonSq;TorringtonSq2;154;73,82;62,35;85,61;79,13;77,79;71,56;64,5;63,73;72,25;61,84;81,6;77,96;76,59;70,01;64,02;63,29;63,45;56,37;69,97;67,99;67,03;62,55;58,93;58,06;25,1;0,0;28,7;22,4;16,4;11,7;11,2;1,97;0,0;2,89;2,42;2,29;2,01;1,63;1,58;0,0324;0,0139;0,0825;0,0486;0,0433;0,0315;0,0231;0,0212;0,152;0,0;1,13;0,407;0,335;0,0899;0,0183;0,00889;0,0175;0,00294;0,062;0,0555;0,0434;0,0142;0,0042;0,00381;0,394;0,22;1,3;0,712;0,549;0,364;0,28;0,263;10,1;0,762;76,9;24,0;18,4;8,18;4,22;3,28;-5,11;-6,51;65,29;37,32;29,91;9,99;-4,83;-5,27
TorringtonSq;TorringtonSq2;155;75,93;65,31;88,12;82,51;79,62;71,91;68,49;67,88;73,12;64,1;85,47;79,4;76,32;70,0;67,06;66,36;64,03;57,83;69,33;67,73;66,94;63,21;60,23;59,46;21,0;0,0;24,7;20,1;15,8;13,1;12,7;1,96;0,0;3,15;2,35;2,25;1,94;1,7;1,66;0,0366;0,0178;0,111;0,0562;0,0492;0,0343;0,0251;0,0235;0,134;0,0;1,04;0,397;0,285;0,0718;0,015;0,008;0,0192;0,0058;0,064;0,0508;0,0407;0,0143;0,00645;0,00607;0,43;0,236;0,867;0,638;0,562;0,416;0,307;0,285;11,4;0,928;63,1;25,4;20,6;9,5;4,87;3,96;-2,37;-5,61;68,83;37,61;30,12;13,58;-2,58;-3,72
TorringtonSq;TorringtonSq2;156;70,87;60,31;88,18;74,71;73,12;67,36;62,38;61,68;67,26;59,57;83,34;71,3;69,43;64,54;61,27;60,76;57,94;51,98;67,02;61,71;60,54;56,68;54,08;53,5;13,4;0,0;23,0;12,8;10,3;8,69;8,41;1,74;0,0;2,51;2,15;2,1;1,68;1,48;1,44;0,0306;0,0126;0,11;0,0512;0,0414;0,0279;0,0207;0,019;0,151;0,0;1,18;0,438;0,281;0,0927;0,0193;0,0105;0,023;0,00482;0,0998;0,0712;0,0463;0,0168;0,00794;0,00667;0,454;0,235;2,11;0,858;0,618;0,392;0,304;0,29;10,3;0,534;103,0;24,4;18,4;8,49;4,17;3,32;-1,63;-7,12;63,95;32,74;23,61;6,44;-4,29;-5,01
TorringtonSq;TorringtonSq2;157;73,0;61,31;82,78;80,07;78,07;67,67;64,68;63,93;71,7;60,7;81,52;78,73;76,9;66,74;63,68;62,93;64,24;54,19;74,27;70,48;66,96;61,77;57,76;56,94;26,1;0,0;36,9;20,9;13,8;11,1;10,5;1,88;0,0;3,4;2,44;2,2;1,81;1,64;1,6;0,0322;0,0164;0,0953;0,0468;0,0432;0,0309;0,023;0,0213;0,216;0,0;1,4;0,615;0,504;0,119;0,0195;0,011;0,0291;0,00426;0,123;0,0891;0,0667;0,0231;0,00613;0,00514;0,378;0,183;2,0;0,558;0,495;0,348;0,276;0,253;11,4;0,396;115,0;28,4;21,2;8,97;4,46;3,65;-8,01;-7,93;67,58;38,82;31,5;7,9;-6,41;-6,89
TorringtonSq;TorringtonSq3;161;67,03;63,0;77,26;69,12;68,57;66,55;64,56;64,01;66,27;62,36;77,18;68,39;67,73;65,76;63,81;63,32;61,54;54,91;71,81;66,08;64,26;60,24;57,98;57,1;15,2;0,0;25,9;14,6;12,7;11,1;10,6;1,73;0,0;2,5;1,96;1,9;1,72;1,56;1,52;0,0332;0,0168;0,122;0,0523;0,0449;0,0313;0,0226;0,0211;0,212;0,0;0,93;0,608;0,472;0,132;0,0261;0,0149;0,0125;0,00328;0,0486;0,0377;0,0263;0,00951;0,00424;0,00377;0,37;0,223;1,49;0,607;0,503;0,334;0,273;0,257;8,17;0,392;98,4;16,1;12,7;6,94;3,79;3,11;-3,13;-10,47;57,59;38,49;25,0;2,22;-9,02;-9,46
TorringtonSq;TorringtonSq3;184;67,03;63,0;77,26;69,12;68,57;66,55;64,56;64,01;66,27;62,36;77,18;68,39;67,73;65,76;63,81;63,32;61,54;54,91;71,81;66,08;64,26;60,24;57,98;57,1;15,2;0,0;25,9;14,6;12,7;11,1;10,6;1,73;0,0;2,5;1,96;1,9;1,72;1,56;1,52;0,0332;0,0168;0,122;0,0523;0,0449;0,0313;0,0226;0,0211;0,212;0,0;0,93;0,608;0,472;0,132;0,0261;0,0149;0,0125;0,00328;0,0486;0,0377;0,0263;0,00951;0,00424;0,00377;0,37;0,223;1,49;0,607;0,503;0,334;0,273;0,257;8,17;0,392;98,4;16,1;12,7;6,94;3,79;3,11;-3,13;-10,47;57,59;38,49;25,0;2,22;-9,02;-9,46
TorringtonSq;TorringtonSq3;162;71,46;65,16;79,94;77,93;75,26;68,3;66,19;65,82;70,36;64,0;78,91;76,92;74,4;67,11;65,05;64,74;61,44;55,72;69,83;65,9;65,18;59,18;57,43;56,99;21,0;0,0;26,3;19,8;12,9;11,5;11,2;1,85;0,0;2,58;2,14;2,07;1,81;1,69;1,65;0,0303;0,0156;0,069;0,0433;0,0392;0,0292;0,0225;0,0211;0,173;0,0;1,09;0,586;0,404;0,0775;0,0151;0,00695;0,00958;0,00267;0,0447;0,0183;0,016;0,00874;0,00417;0,00321;0,344;0,207;0,873;0,488;0,431;0,329;0,256;0,241;7,78;0,594;49,6;16,6;13,6;6,69;3,47;2,8;-6,15;-8,31;67,12;36,13;27,87;6,25;-6,84;-7,24
TorringtonSq;TorringtonSq3;185;67,09;60,16;76,44;72,41;70,93;63,62;61,76;61,42;66,59;59,34;76,34;72,12;70,54;62,8;60,89;60,53;63,56;52,93;73,95;70,04;68,2;57,37;54,59;54,18;21,6;0,0;28,6;18,9;11,0;9,14;8,89;1,93;0,0;3,07;2,45;2,32;1,88;1,61;1,57;0,0306;0,0145;0,105;0,05;0,0434;0,0288;0,0209;0,0193;0,209;0,0;2,04;0,679;0,477;0,111;0,0234;0,0149;0,0364;0,00699;0,0977;0,086;0,0812;0,0275;0,00934;0,00772;0,438;0,213;1,38;0,695;0,631;0,407;0,295;0,27;14,1;0,862;67,5;34,8;27,8;11,0;4,86;3,95;-2,11;-7,47;55,11;37,55;28,96;10,51;-5,97;-6,39
TorringtonSq;TorringtonSq3;163;70,72;65,63;76,52;74,45;73,59;69,78;67,68;67,08;69,88;64,95;75,53;73,68;72,7;68,95;66,89;66,37;64,33;58,29;71,06;69,17;67,54;62,41;60,06;59,66;25,2;0,0;30,3;22,6;15,9;13,5;13,1;1,98;0,0;3,0;2,64;2,4;1,9;1,68;1,64;0,0343;0,0171;0,0873;0,0494;0,0453;0,0334;0,0246;0,0224;0,0979;0,0;0,629;0,232;0,176;0,047;0,00599;0,00222;0,00752;0,00374;0,0191;0,0158;0,0132;0,0064;0,00427;0,00403;0,35;0,217;0,713;0,491;0,439;0,337;0,272;0,254;7,01;0,626;35,5;14,3;11,4;6,27;3,31;2,67;-1,97;-6,77;60,3;38,41;31,95;10,27;-4,47;-5,28
TorringtonSq;TorringtonSq3;186;70,72;65,63;76,52;74,45;73,59;69,78;67,68;67,08;69,88;64,95;75,53;73,68;72,7;68,95;66,89;66,37;64,33;58,29;71,06;69,17;67,54;62,41;60,06;59,66;25,2;0,0;30,3;22,6;15,9;13,5;13,1;1,98;0,0;3,0;2,64;2,4;1,9;1,68;1,64;0,0343;0,0171;0,0873;0,0494;0,0453;0,0334;0,0246;0,0224;0,0979;0,0;0,629;0,232;0,176;0,047;0,00599;0,00222;0,00752;0,00374;0,0191;0,0158;0,0132;0,0064;0,00427;0,00403;0,35;0,217;0,713;0,491;0,439;0,337;0,272;0,254;7,01;0,626;35,5;14,3;11,4;6,27;3,31;2,67;-1,97;-6,77;60,3;38,41;31,95;10,27;-4,47;-5,28
TorringtonSq;TorringtonSq3;164;65,29;61,66;71,19;67,33;66,86;65,12;63,2;62,85;64,72;61,08;71,1;66,87;66,3;64,54;62,54;62,21;58,22;54,12;65,62;61,38;60,18;57,59;55,57;55,09;13,8;0,0;19,1;13,3;11,3;9,72;9,41;1,67;0,0;2,78;2,01;1,88;1,63;1,49;1,47;0,0291;0,0146;0,102;0,0428;0,0395;0,0279;0,0204;0,0185;0,183;0,0;1,17;0,478;0,375;0,124;0,0322;0,0199;0,0193;0,00648;0,0568;0,0406;0,0344;0,0154;0,00851;0,00792;0,384;0,196;1,13;0,703;0,592;0,339;0,268;0,246;9,55;0,409;62,3;21,8;16,3;7,95;3,94;3,15;-2,58;-9,4;56,53;32,51;24,06;4,07;-7,74;-8,32
TorringtonSq;TorringtonSq3;165;68,18;65,63;71,37;70,1;69,62;67,95;66,89;66,6;67,41;64,94;70,63;69,47;68,96;67,15;66,11;65,87;60,55;56,71;67,76;63,0;62,32;60,01;58,47;57,88;16,1;0,0;20,1;15,4;13,5;12,3;12,0;1,81;0,0;2,48;2,06;1,97;1,79;1,69;1,66;0,0295;0,015;0,0664;0,0424;0,0392;0,0288;0,0214;0,0199;0,181;0,0;1,68;0,553;0,397;0,0661;0,0119;0,00673;0,0115;0,00287;0,0218;0,0188;0,0184;0,0109;0,00431;0,00335;0,311;0,177;0,665;0,421;0,386;0,303;0,248;0,23;7,95;0,163;49,1;17,2;13,6;6,79;3,24;2,52;-2,84;-10,49;59,52;33,35;26,6;2,83;-9,31;-9,67
TorringtonSq;TorringtonSq3;166;65,95;63,03;70,68;67,35;66,94;65,87;64,8;64,45;64,92;62,43;70,43;66,13;65,83;64,79;63,82;63,48;59,2;56,01;67,61;61,8;60,84;58,37;57,17;56,95;14,3;0,0;17,9;13,7;12,1;11,2;11,0;1,85;0,0;2,59;2,12;2,03;1,82;1,73;1,7;0,0285;0,0141;0,0825;0,0402;0,0364;0,0279;0,0215;0,0198;0,144;0,0;2,27;0,277;0,196;0,0547;0,0114;0,00555;0,0134;0,00515;0,0294;0,0242;0,0212;0,0119;0,00784;0,00711;0,332;0,21;1,1;0,471;0,425;0,315;0,26;0,244;8,4;0,0815;48,4;17,9;15,0;7,46;3,72;2,89;-1,92;-7,78;57,99;32,34;24,13;6,56;-6,0;-6,49
TorringtonSq;TorringtonSq3;167;65,95;63,03;70,68;67,35;66,94;65,87;64,8;64,45;64,92;62,43;70,43;66,13;65,83;64,79;63,82;63,48;59,2;56,01;67,61;61,8;60,84;58,37;57,17;56,95;14,3;0,0;17,9;13,7;12,1;11,2;11,0;1,85;0,0;2,59;2,12;2,03;1,82;1,73;1,7;0,0285;0,0141;0,0825;0,0402;0,0364;0,0279;0,0215;0,0198;0,144;0,0;2,27;0,277;0,196;0,0547;0,0114;0,00555;0,0134;0,00515;0,0294;0,0242;0,0212;0,0119;0,00784;0,00711;0,332;0,21;1,1;0,471;0,425;0,315;0,26;0,244;8,4;0,0815;48,4;17,9;15,0;7,46;3,72;2,89;-1,92;-7,78;57,99;32,34;24,13;6,56;-6,0;-6,49
TorringtonSq;TorringtonSq3;168;69,63;62,88;81,79;74,27;72,1;67,62;64,5;64,11;69,1;62,1;81,78;73,99;71,49;66,7;63,73;63,28;63,88;53,53;79,58;69,55;65,3;60,27;55,3;54,74;21,3;0,0;39,9;18,3;13,0;10,1;9,69;1,81;0,0;3,51;2,53;2,21;1,71;1,56;1,53;0,0316;0,0143;0,0992;0,0497;0,0429;0,0302;0,0224;0,0206;0,0959;0,0;0,801;0,25;0,172;0,0473;0,00885;0,00363;0,0305;0,00385;0,129;0,105;0,0848;0,018;0,00481;0,00422;0,377;0,227;0,971;0,622;0,518;0,342;0,279;0,268;9,43;0,185;92,2;25,3;17,2;7,0;3,47;2,75;-2,49;-6,18;60,25;37,48;28,15;11,08;-3,16;-3,9
TorringtonSq;TorringtonSq3;188;69,63;62,88;81,79;74,27;72,1;67,62;64,5;64,11;69,1;62,1;81,78;73,99;71,49;66,7;63,73;63,28;63,88;53,53;79,58;69,55;65,3;60,27;55,3;54,74;21,3;0,0;39,9;18,3;13,0;10,1;9,69;1,81;0,0;3,51;2,53;2,21;1,71;1,56;1,53;0,0316;0,0143;0,0992;0,0497;0,0429;0,0302;0,0224;0,0206;0,0959;0,0;0,801;0,25;0,172;0,0473;0,00885;0,00363;0,0305;0,00385;0,129;0,105;0,0848;0,018;0,00481;0,00422;0,377;0,227;0,971;0,622;0,518;0,342;0,279;0,268;9,43;0,185;92,2;25,3;17,2;7,0;3,47;2,75;-2,49;-6,18;60,25;37,48;28,15;11,08;-3,16;-3,9
TorringtonSq;TorringtonSq3;169;71,63;66,46;80,03;75,21;74,25;70,67;68,55;68,0;70,97;65,85;79,92;74,62;73,34;69,95;67,63;67,08;65,64;58,34;78,14;70,38;67,1;63,76;61,0;59,5;22,9;0,0;37,9;20,8;17,2;14,3;13,2;1,96;0,0;2,5;2,28;2,22;1,95;1,71;1,65;0,0351;0,017;0,107;0,0547;0,0479;0,0325;0,0248;0,023;0,105;0,0;0,777;0,272;0,207;0,0471;0,00808;0,00426;0,0144;0,00359;0,0922;0,0531;0,0356;0,0075;0,00419;0,00397;0,331;0,199;0,689;0,495;0,428;0,315;0,261;0,252;7,57;0,589;81,4;14,5;11,5;6,52;3,47;2,77;-3,33;-9,3;62,07;40,84;30,83;8,92;-7,28;-8,1
TorringtonSq;TorringtonSq3;189;67,78;60,87;73,79;72,37;71,21;65,74;63,49;62,96;67,19;60,2;73,36;71,76;70,65;65,07;62,78;62,24;61,21;53,61;66,14;64,99;64,43;59,57;56,11;55,13;18,5;0,0;21,7;17,9;12,6;10,1;9,63;1,79;0,0;3,5;2,18;2,02;1,77;1,58;1,55;0,0326;0,0158;0,0678;0,0472;0,0431;0,0317;0,0232;0,0212;0,159;0,0;1,68;0,42;0,311;0,0885;0,0163;0,00976;0,0123;0,00388;0,0533;0,0478;0,0398;0,00856;0,0056;0,00469;0,392;0,225;1,13;0,604;0,551;0,371;0,284;0,265;9,11;0,72;67,1;21,4;15,6;7,41;3,66;2,97;-3,77;-9,37;59,69;35,55;27,56;4,03;-7,65;-8,15
TorringtonSq;TorringtonSq3;170;71,94;66,09;78,64;74,78;74,29;71,47;68,72;67,9;71,26;65,44;78,5;74,3;73,66;70,83;68,08;67,2;64,58;59,15;77,31;68,02;67,15;63,74;61,08;60,47;23,4;0,0;36,5;21,5;17,5;14,6;14,0;1,96;0,0;3,13;2,25;2,19;1,94;1,74;1,71;0,0395;0,0176;0,125;0,0742;0,0573;0,0354;0,0254;0,0234;0,11;0,0;0,699;0,277;0,228;0,0652;0,014;0,00807;0,0127;0,00384;0,0942;0,0273;0,0198;0,00981;0,00448;0,00425;0,356;0,208;1,78;0,618;0,457;0,306;0,259;0,246;8,88;0,152;116,0;20,1;14,6;7,03;3,5;2,79;-3,47;-8,8;64,97;38,54;30,87;8,81;-7,05;-7,67
TorringtonSq;TorringtonSq3;190;71,94;66,09;78,64;74,78;74,29;71,47;68,72;67,9;71,26;65,44;78,5;74,3;73,66;70,83;68,08;67,2;64,58;59,15;77,31;68,02;67,15;63,74;61,08;60,47;23,4;0,0;36,5;21,5;17,5;14,6;14,0;1,96;0,0;3,13;2,25;2,19;1,94;1,74;1,71;0,0395;0,0176;0,125;0,0742;0,0573;0,0354;0,0254;0,0234;0,11;0,0;0,699;0,277;0,228;0,0652;0,014;0,00807;0,0127;0,00384;0,0942;0,0273;0,0198;0,00981;0,00448;0,00425;0,356;0,208;1,78;0,618;0,457;0,306;0,259;0,246;8,88;0,152;116,0;20,1;14,6;7,03;3,5;2,79;-3,47;-8,8;64,97;38,54;30,87;8,81;-7,05;-7,67
TorringtonSq;TorringtonSq3;171;69,35;64,34;77,27;72,35;71,53;68,72;66,2;65,74;68,49;63,11;76,48;71,49;70,59;67,86;65,38;64,95;59,58;55,35;68,14;62,32;61,25;59,14;56,26;55,96;15,1;0,0;19,9;14,4;12,8;11,1;10,7;1,69;0,0;3,39;2,0;1,82;1,65;1,56;1,54;0,0303;0,0156;0,0658;0,0439;0,0394;0,0293;0,0219;0,0202;0,169;0,0;0,992;0,525;0,357;0,0996;0,0153;0,00951;0,0117;0,00217;0,103;0,067;0,0247;0,00531;0,00377;0,00355;0,321;0,181;1,14;0,5;0,412;0,304;0,245;0,226;7,3;0,211;49,8;17,1;12,2;6,03;3,11;2,52;-7,16;-10,46;64,44;34,13;25,5;2,17;-9,0;-9,53
TorringtonSq;TorringtonSq3;191;69,35;64,34;77,27;72,35;71,53;68,72;66,2;65,74;68,49;63,11;76,48;71,49;70,59;67,86;65,38;64,95;59,58;55,35;68,14;62,32;61,25;59,14;56,26;55,96;15,1;0,0;19,9;14,4;12,8;11,1;10,7;1,69;0,0;3,39;2,0;1,82;1,65;1,56;1,54;0,0303;0,0156;0,0658;0,0439;0,0394;0,0293;0,0219;0,0202;0,169;0,0;0,992;0,525;0,357;0,0996;0,0153;0,00951;0,0117;0,00217;0,103;0,067;0,0247;0,00531;0,00377;0,00355;0,321;0,181;1,14;0,5;0,412;0,304;0,245;0,226;7,3;0,211;49,8;17,1;12,2;6,03;3,11;2,52;-7,16;-10,46;64,44;34,13;25,5;2,17;-9,0;-9,53
TorringtonSq;TorringtonSq3;172;65,31;61,37;72,54;69,0;67,25;64,54;62,57;62,2;64,09;60,35;70,26;67,49;66,18;63,37;61,47;61,16;57,95;53,59;65,05;61,83;60,75;56,54;54,7;54,35;13,9;0,0;17,5;13,0;10,8;9,55;9,31;1,8;0,0;3,13;2,34;2,11;1,79;1,59;1,54;0,0284;0,0134;0,0914;0,0435;0,0393;0,027;0,0198;0,018;0,29;0,0;1,68;0,92;0,653;0,175;0,0279;0,0157;0,0169;0,00382;0,0595;0,0532;0,0356;0,012;0,0063;0,00478;0,401;0,234;1,13;0,586;0,542;0,376;0,285;0,271;9,64;0,418;46,2;24,4;19,2;7,41;3,54;2,87;-1,21;-7,95;56,72;31,89;23,03;4,29;-6,45;-6,93
TorringtonSq;TorringtonSq3;173;71,19;65,25;83,57;73,61;72,32;69,34;66,95;66,46;70,55;63,94;83,57;72,59;71,57;68,52;65,79;65,23;66,77;57,3;82,0;68,63;66,62;62,65;59,74;58,82;21,1;0,0;45,5;19,4;15,4;12,6;11,9;1,86;0,0;2,78;2,21;2,11;1,84;1,67;1,62;0,037;0,0175;0,329;0,0524;0,0468;0,0327;0,0242;0,0226;0,178;0,0;2,31;0,521;0,323;0,093;0,0161;0,00902;0,0142;0,00443;0,0777;0,0344;0,0268;0,0122;0,00609;0,00512;0,349;0,099;1,31;0,507;0,446;0,335;0,267;0,254;10,0;0,825;80,7;22,1;17,9;8,2;4,35;3,5;-2,17;-8,03;60,93;42,63;29,45;7,42;-6,54;-6,91
TorringtonSq;TorringtonSq3;174;71,19;65,25;83,57;73,61;72,32;69,34;66,95;66,46;70,55;63,94;83,57;72,59;71,57;68,52;65,79;65,23;66,77;57,3;82,0;68,63;66,62;62,65;59,74;58,82;21,1;0,0;45,5;19,4;15,4;12,6;11,9;1,86;0,0;2,78;2,21;2,11;1,84;1,67;1,62;0,037;0,0175;0,329;0,0524;0,0468;0,0327;0,0242;0,0226;0,178;0,0;2,31;0,521;0,323;0,093;0,0161;0,00902;0,0142;0,00443;0,0777;0,0344;0,0268;0,0122;0,00609;0,00512;0,349;0,099;1,31;0,507;0,446;0,335;0,267;0,254;10,0;0,825;80,7;22,1;17,9;8,2;4,35;3,5;-2,17;-8,03;60,93;42,63;29,45;7,42;-6,54;-6,91
TorringtonSq;TorringtonSq3;192;71,19;65,25;83,57;73,61;72,32;69,34;66,95;66,46;70,55;63,94;83,57;72,59;71,57;68,52;65,79;65,23;66,77;57,3;82,0;68,63;66,62;62,65;59,74;58,82;21,1;0,0;45,5;19,4;15,4;12,6;11,9;1,86;0,0;2,78;2,21;2,11;1,84;1,67;1,62;0,037;0,0175;0,329;0,0524;0,0468;0,0327;0,0242;0,0226;0,178;0,0;2,31;0,521;0,323;0,093;0,0161;0,00902;0,0142;0,00443;0,0777;0,0344;0,0268;0,0122;0,00609;0,00512;0,349;0,099;1,31;0,507;0,446;0,335;0,267;0,254;10,0;0,825;80,7;22,1;17,9;8,2;4,35;3,5;-2,17;-8,03;60,93;42,63;29,45;7,42;-6,54;-6,91
TorringtonSq;TorringtonSq3;193;71,19;65,25;83,57;73,61;72,32;69,34;66,95;66,46;70,55;63,94;83,57;72,59;71,57;68,52;65,79;65,23;66,77;57,3;82,0;68,63;66,62;62,65;59,74;58,82;21,1;0,0;45,5;19,4;15,4;12,6;11,9;1,86;0,0;2,78;2,21;2,11;1,84;1,67;1,62;0,037;0,0175;0,329;0,0524;0,0468;0,0327;0,0242;0,0226;0,178;0,0;2,31;0,521;0,323;0,093;0,0161;0,00902;0,0142;0,00443;0,0777;0,0344;0,0268;0,0122;0,00609;0,00512;0,349;0,099;1,31;0,507;0,446;0,335;0,267;0,254;10,0;0,825;80,7;22,1;17,9;8,2;4,35;3,5;-2,17;-8,03;60,93;42,63;29,45;7,42;-6,54;-6,91
TorringtonSq;TorringtonSq3;175;68,13;63,5;74,19;71,92;70,99;66,92;65,21;64,81;67,45;62,82;73,2;71,14;70,21;66,41;64,65;64,25;61,47;56,47;68,24;64,46;63,9;60,95;58,62;57,89;18,1;0,0;21,7;17,5;13,4;11,6;11,3;1,83;0,0;2,96;2,15;2,09;1,78;1,64;1,61;0,0351;0,015;0,144;0,0552;0,0485;0,0329;0,0235;0,0217;0,121;0,0;1,25;0,334;0,212;0,0423;0,007;0,00338;0,0192;0,00558;0,0453;0,0383;0,0363;0,0172;0,00689;0,00621;0,392;0,227;1,12;0,573;0,513;0,368;0,283;0,267;9,62;0,489;59,3;22,2;17,3;7,94;3,9;3,12;-2,73;-8,44;59,54;35,99;27,81;7,18;-6,45;-7,06
TorringtonSq;TorringtonSq3;194;68,13;63,5;74,19;71,92;70,99;66,92;65,21;64,81;67,45;62,82;73,2;71,14;70,21;66,41;64,65;64,25;61,47;56,47;68,24;64,46;63,9;60,95;58,62;57,89;18,1;0,0;21,7;17,5;13,4;11,6;11,3;1,83;0,0;2,96;2,15;2,09;1,78;1,64;1,61;0,0351;0,015;0,144;0,0552;0,0485;0,0329;0,0235;0,0217;0,121;0,0;1,25;0,334;0,212;0,0423;0,007;0,00338;0,0192;0,00558;0,0453;0,0383;0,0363;0,0172;0,00689;0,00621;0,392;0,227;1,12;0,573;0,513;0,368;0,283;0,267;9,62;0,489;59,3;22,2;17,3;7,94;3,9;3,12;-2,73;-8,44;59,54;35,99;27,81;7,18;-6,45;-7,06
TorringtonSq;TorringtonSq3;195;68,13;63,5;74,19;71,92;70,99;66,92;65,21;64,81;67,45;62,82;73,2;71,14;70,21;66,41;64,65;64,25;61,47;56,47;68,24;64,46;63,9;60,95;58,62;57,89;18,1;0,0;21,7;17,5;13,4;11,6;11,3;1,83;0,0;2,96;2,15;2,09;1,78;1,64;1,61;0,0351;0,015;0,144;0,0552;0,0485;0,0329;0,0235;0,0217;0,121;0,0;1,25;0,334;0,212;0,0423;0,007;0,00338;0,0192;0,00558;0,0453;0,0383;0,0363;0,0172;0,00689;0,00621;0,392;0,227;1,12;0,573;0,513;0,368;0,283;0,267;9,62;0,489;59,3;22,2;17,3;7,94;3,9;3,12;-2,73;-8,44;59,54;35,99;27,81;7,18;-6,45;-7,06
TorringtonSq;TorringtonSq3;176;67,27;62,34;74,09;71,31;70,5;65,66;63,7;63,34;66,67;61,66;73,73;70,88;69,95;64,99;63,1;62,75;60,71;55,42;71,11;64,92;63,48;59,31;57,36;56,69;17,9;0,0;28,1;16,5;12,7;11,0;10,6;1,84;0,0;3,01;2,28;2,14;1,81;1,61;1,57;0,0357;0,0147;0,27;0,065;0,0524;0,0305;0,0226;0,0209;0,126;0,0;1,03;0,333;0,245;0,0645;0,0145;0,00756;0,0179;0,00366;0,0678;0,047;0,0334;0,0148;0,00661;0,0056;0,439;0,235;1,94;0,837;0,636;0,383;0,293;0,275;9,74;0,33;68,5;21,5;16,5;8,1;4,06;3,33;-2,31;-5,29;55,27;34,03;28,25;10,14;-3,07;-3,89
TorringtonSq;TorringtonSq3;196;67,27;62,34;74,09;71,31;70,5;65,66;63,7;63,34;66,67;61,66;73,73;70,88;69,95;64,99;63,1;62,75;60,71;55,42;71,11;64,92;63,48;59,31;57,36;56,69;17,9;0,0;28,1;16,5;12,7;11,0;10,6;1,84;0,0;3,01;2,28;2,14;1,81;1,61;1,57;0,0357;0,0147;0,27;0,065;0,0524;0,0305;0,0226;0,0209;0,126;0,0;1,03;0,333;0,245;0,0645;0,0145;0,00756;0,0179;0,00366;0,0678;0,047;0,0334;0,0148;0,00661;0,0056;0,439;0,235;1,94;0,837;0,636;0,383;0,293;0,275;9,74;0,33;68,5;21,5;16,5;8,1;4,06;3,33;-2,31;-5,29;55,27;34,03;28,25;10,14;-3,07;-3,89
TorringtonSq;TorringtonSq3;197;69,13;62,97;78,0;72,21;71,44;68,27;65,68;64,85;68,57;62,68;77,95;71,57;70,88;67,67;65,14;64,28;64,36;56,57;75,68;68,7;67,23;62,99;58,92;58,0;19,9;0,0;32,2;18,8;15,1;12,4;11,8;1,89;0,0;3,1;2,25;2,12;1,86;1,68;1,64;0,0349;0,0155;0,119;0,0525;0,0469;0,0336;0,0244;0,0219;0,231;0,0;2,18;0,841;0,469;0,0922;0,0141;0,00666;0,0294;0,0049;0,113;0,0859;0,065;0,0228;0,007;0,00603;0,404;0,208;1,41;0,742;0,6;0,351;0,279;0,264;11,9;0,583;106,0;30,3;22,7;9,17;4,23;3,33;-2,41;-8,76;59,72;39,46;30,35;7,38;-6,65;-7,36
TorringtonSq;TorringtonSq3;177;69,23;63,65;74,97;73,05;72,2;68,04;65,89;65,54;68,22;62,93;73,81;71,96;71,24;67,06;65,0;64,62;61,99;58,46;70,39;64,43;63,5;61,16;59,7;59,27;18,9;0,0;26,0;17,5;14,7;13,1;12,8;2,05;0,0;3,07;2,39;2,27;2,01;1,9;1,88;0,0302;0,0145;0,0772;0,0426;0,0389;0,0297;0,0225;0,0208;0,169;0,0;0,945;0,513;0,393;0,0739;0,0115;0,00639;0,0141;0,00312;0,0416;0,0333;0,0267;0,0121;0,00523;0,00481;0,352;0,174;1,11;0,517;0,462;0,346;0,262;0,237;9,05;0,132;66,0;20,8;16,7;7,38;3,73;2,99;-4,81;-9,81;63,36;35,69;28,54;9,0;-7,81;-8,52
TorringtonSq;TorringtonSq3;178;69,23;63,65;74,97;73,05;72,2;68,04;65,89;65,54;68,22;62,93;73,81;71,96;71,24;67,06;65,0;64,62;61,99;58,46;70,39;64,43;63,5;61,16;59,7;59,27;18,9;0,0;26,0;17,5;14,7;13,1;12,8;2,05;0,0;3,07;2,39;2,27;2,01;1,9;1,88;0,0302;0,0145;0,0772;0,0426;0,0389;0,0297;0,0225;0,0208;0,169;0,0;0,945;0,513;0,393;0,0739;0,0115;0,00639;0,0141;0,00312;0,0416;0,0333;0,0267;0,0121;0,00523;0,00481;0,352;0,174;1,11;0,517;0,462;0,346;0,262;0,237;9,05;0,132;66,0;20,8;16,7;7,38;3,73;2,99;-4,81;-9,81;63,36;35,69;28,54;9,0;-7,81;-8,52
TorringtonSq;TorringtonSq3;179;67,43;62,09;82,12;71,68;68,77;65,02;63,2;62,92;66,82;61,32;82,06;71,47;68,03;63,96;62,29;62,02;60,06;54,05;74,81;63,25;61,43;57,76;55,46;55,06;16,3;0,0;24,9;14,3;11,6;9,93;9,65;1,76;0,0;3,26;2,12;1,99;1,73;1,55;1,51;0,0299;0,0156;0,12;0,0434;0,0394;0,0289;0,0211;0,0194;0,195;0,0;1,28;0,679;0,477;0,0867;0,0126;0,00644;0,0135;0,00493;0,0538;0,0265;0,023;0,0103;0,00705;0,00635;0,39;0,186;1,22;0,534;0,497;0,38;0,289;0,271;8,53;0,696;57,3;17,2;13,8;7,53;3,98;3,2;-3,74;-9,08;55,92;31,87;26,09;5,44;-7,15;-7,97
TorringtonSq;TorringtonSq3;180;66,5;61,18;72,87;69,95;69,38;65,25;62,64;62,2;66,05;60,53;72,64;69,57;69,0;64,62;62,04;61,62;59,96;53,77;68,04;62,92;62,44;59,22;55,08;54,6;16,7;0,0;25,2;16,1;12,6;9,53;9,23;1,77;0,0;2,82;2,57;2,46;1,71;1,48;1,44;0,0318;0,0149;0,142;0,0487;0,043;0,0297;0,0222;0,0205;0,168;0,0;0,817;0,444;0,338;0,119;0,0239;0,0147;0,0126;0,00412;0,0418;0,031;0,0233;0,00969;0,00495;0,00453;0,326;0,17;1,28;0,567;0,421;0,3;0,235;0,215;7,87;0,247;70,8;17,5;13,0;6,4;3,31;2,62;-2,17;-9,57;54,79;34,28;25,64;6,12;-7,78;-8,24
TorringtonSq;TorringtonSq3;181;66,5;61,18;72,87;69,95;69,38;65,25;62,64;62,2;66,05;60,53;72,64;69,57;69,0;64,62;62,04;61,62;59,96;53,77;68,04;62,92;62,44;59,22;55,08;54,6;16,7;0,0;25,2;16,1;12,6;9,53;9,23;1,77;0,0;2,82;2,57;2,46;1,71;1,48;1,44;0,0318;0,0149;0,142;0,0487;0,043;0,0297;0,0222;0,0205;0,168;0,0;0,817;0,444;0,338;0,119;0,0239;0,0147;0,0126;0,00412;0,0418;0,031;0,0233;0,00969;0,00495;0,00453;0,326;0,17;1,28;0,567;0,421;0,3;0,235;0,215;7,87;0,247;70,8;17,5;13,0;6,4;3,31;2,62;-2,17;-9,57;54,79;34,28;25,64;6,12;-7,78;-8,24
TorringtonSq;TorringtonSq4;1243;73,89;67,66;81,53;77,99;77,02;72,68;69,94;69,33;73,01;66,94;79,45;77,06;76,04;71,89;69,18;68,61;68,5;60,73;76,97;73,06;71,26;67,03;63,74;62,24;26,9;0,0;36,5;25,0;19,4;15,8;15,1;2,13;0,0;3,15;2,67;2,48;2,08;1,88;1,82;0,0377;0,0177;0,228;0,0592;0,0509;0,0343;0,0252;0,0228;0,271;0,0;2,24;0,783;0,541;0,193;0,0571;0,0368;0,0442;0,017;0,1;0,0803;0,0741;0,0388;0,0247;0,0213;0,394;0,184;1,19;0,664;0,548;0,369;0,277;0,247;17,3;1,72;71,1;34,4;28,6;15,5;7,92;6,5;-2,96;-5,71;65,83;41,29;32,92;15,56;-2,61;-3,3
TorringtonSq;TorringtonSq4;1244;70,04;65,46;76,77;72,79;72,01;69,59;67,57;67,05;69,44;64,47;76,69;72,32;71,37;68,96;66,84;66,33;64,86;59,99;73,53;67,72;66,86;64,21;62,0;61,54;21,5;0,0;28,1;20,0;17,1;15,2;14,7;2,28;0,0;3,37;2,63;2,45;2,25;2,12;2,09;0,0333;0,0153;0,0748;0,0476;0,0442;0,0324;0,0239;0,022;0,179;0,0;1,06;0,485;0,381;0,118;0,0344;0,0224;0,0309;0,00866;0,0936;0,0672;0,0588;0,0232;0,0136;0,0117;0,328;0,191;0,799;0,531;0,439;0,315;0,25;0,236;12,6;0,791;68,6;31,9;23,1;10,2;5,37;4,3;-2,03;-1,9;60,08;37,63;31,31;16,52;1,09;0,18
TorringtonSq;TorringtonSq4;1245;70,04;65,46;76,77;72,79;72,01;69,59;67,57;67,05;69,44;64,47;76,69;72,32;71,37;68,96;66,84;66,33;64,86;59,99;73,53;67,72;66,86;64,21;62,0;61,54;21,5;0,0;28,1;20,0;17,1;15,2;14,7;2,28;0,0;3,37;2,63;2,45;2,25;2,12;2,09;0,0333;0,0153;0,0748;0,0476;0,0442;0,0324;0,0239;0,022;0,179;0,0;1,06;0,485;0,381;0,118;0,0344;0,0224;0,0309;0,00866;0,0936;0,0672;0,0588;0,0232;0,0136;0,0117;0,328;0,191;0,799;0,531;0,439;0,315;0,25;0,236;12,6;0,791;68,6;31,9;23,1;10,2;5,37;4,3;-2,03;-1,9;60,08;37,63;31,31;16,52;1,09;0,18
TorringtonSq;TorringtonSq4;1246;70,38;65,67;80,32;74,02;72,18;69,24;66,94;66,62;70,12;65,25;80,32;73,83;71,97;68,86;66,51;66,15;66,69;60,03;76,92;71,22;68,89;65,09;61,97;61,46;24,9;0,0;33,4;22,4;17,9;14,8;14,3;2,21;0,0;3,14;2,57;2,49;2,16;1,97;1,94;0,0374;0,0179;0,111;0,0585;0,0525;0,0352;0,0257;0,0235;0,165;0,0;1,47;0,497;0,374;0,0999;0,0277;0,0177;0,0323;0,00917;0,164;0,0957;0,0711;0,0256;0,0143;0,0115;0,386;0,214;1,16;0,624;0,536;0,352;0,277;0,261;14,5;1,36;79,2;31,0;25,9;12,2;6,39;5,26;-0,63;-2,61;56,31;40,71;32,35;14,38;0,78;-0,08
TorringtonSq;TorringtonSq4;1247;70,38;65,67;80,32;74,02;72,18;69,24;66,94;66,62;70,12;65,25;80,32;73,83;71,97;68,86;66,51;66,15;66,69;60,03;76,92;71,22;68,89;65,09;61,97;61,46;24,9;0,0;33,4;22,4;17,9;14,8;14,3;2,21;0,0;3,14;2,57;2,49;2,16;1,97;1,94;0,0374;0,0179;0,111;0,0585;0,0525;0,0352;0,0257;0,0235;0,165;0,0;1,47;0,497;0,374;0,0999;0,0277;0,0177;0,0323;0,00917;0,164;0,0957;0,0711;0,0256;0,0143;0,0115;0,386;0,214;1,16;0,624;0,536;0,352;0,277;0,261;14,5;1,36;79,2;31,0;25,9;12,2;6,39;5,26;-0,63;-2,61;56,31;40,71;32,35;14,38;0,78;-0,08
TorringtonSq;TorringtonSq4;1248;74,74;68,8;80,46;77,51;76,53;74,54;71,53;70,88;74,14;68,22;79,84;76,81;75,88;73,97;71,02;70,42;69,92;63,81;77,82;72,65;71,78;69,28;66,92;66,09;28,8;0,0;34,2;27,7;24,0;19,9;19,0;2,36;0,0;3,28;2,9;2,78;2,37;1,94;1,89;0,0394;0,0185;0,189;0,0575;0,0517;0,0378;0,0273;0,0254;0,198;0,0;2,16;0,571;0,372;0,12;0,0317;0,0203;0,0267;0,0122;0,12;0,0473;0,0397;0,0216;0,0147;0,014;0,399;0,207;0,879;0,559;0,501;0,388;0,299;0,279;13,3;1,08;68,3;26,8;22,2;11,8;6,47;5,38;-2,28;-5,34;64,82;44,32;35,15;13,95;-3,74;-4,33
TorringtonSq;TorringtonSq4;1249;74,74;68,8;80,46;77,51;76,53;74,54;71,53;70,88;74,14;68,22;79,84;76,81;75,88;73,97;71,02;70,42;69,92;63,81;77,82;72,65;71,78;69,28;66,92;66,09;28,8;0,0;34,2;27,7;24,0;19,9;19,0;2,36;0,0;3,28;2,9;2,78;2,37;1,94;1,89;0,0394;0,0185;0,189;0,0575;0,0517;0,0378;0,0273;0,0254;0,198;0,0;2,16;0,571;0,372;0,12;0,0317;0,0203;0,0267;0,0122;0,12;0,0473;0,0397;0,0216;0,0147;0,014;0,399;0,207;0,879;0,559;0,501;0,388;0,299;0,279;13,3;1,08;68,3;26,8;22,2;11,8;6,47;5,38;-2,28;-5,34;64,82;44,32;35,15;13,95;-3,74;-4,33
TorringtonSq;TorringtonSq4;1250;75,79;68,1;85,12;81,22;78,93;73,4;70,66;70,34;74,28;67,09;83,69;79,17;77,06;72,51;69,88;69,51;68,17;61,31;80,55;71,86;70,63;66,88;63,92;63,39;28,7;0,0;52,0;26,5;22,5;17,9;16,7;2,83;0,0;5,54;3,44;3,33;2,88;2,26;2,14;0,0374;0,0178;0,148;0,054;0,0488;0,0357;0,027;0,0251;0,213;0,0;2,18;0,64;0,439;0,121;0,0213;0,0132;0,036;0,0075;0,0923;0,0697;0,0646;0,0335;0,0109;0,00898;0,436;0,192;1,54;0,669;0,594;0,405;0,31;0,289;16,5;1,1;108,0;37,2;30,1;13,7;6,3;5,1;-2,51;-5,39;66,51;41,3;36,42;24,62;6,42;3,97
TorringtonSq;TorringtonSq4;1251;75,46;66,85;86,03;81,08;78,35;72,84;70,04;69,27;75,28;66,51;86,02;80,95;78,11;72,61;69,8;69,01;71,53;62,2;83,82;76,04;73,93;68,86;65,91;65,23;32,9;0,0;57,7;29,4;22,1;18,6;17,5;2,37;0,0;4,17;2,87;2,68;2,33;2,09;1,98;0,0431;0,0168;0,345;0,0679;0,0568;0,0373;0,027;0,0248;0,317;0,0;2,67;0,957;0,68;0,222;0,0677;0,044;0,088;0,0302;0,232;0,189;0,145;0,0854;0,0449;0,0407;0,474;0,0549;1,31;0,912;0,778;0,418;0,284;0,255;22,9;2,09;118,0;53,5;43,2;18,6;8,78;7,14;-2,0;1,14;64,08;45,14;39,84;19,04;3,7;2,96
TorringtonSq;TorringtonSq4;1252;75,46;66,85;86,03;81,08;78,35;72,84;70,04;69,27;75,28;66,51;86,02;80,95;78,11;72,61;69,8;69,01;71,53;62,2;83,82;76,04;73,93;68,86;65,91;65,23;32,9;0,0;57,7;29,4;22,1;18,6;17,5;2,37;0,0;4,17;2,87;2,68;2,33;2,09;1,98;0,0431;0,0168;0,345;0,0679;0,0568;0,0373;0,027;0,0248;0,317;0,0;2,67;0,957;0,68;0,222;0,0677;0,044;0,088;0,0302;0,232;0,189;0,145;0,0854;0,0449;0,0407;0,474;0,0549;1,31;0,912;0,778;0,418;0,284;0,255;22,9;2,09;118,0;53,5;43,2;18,6;8,78;7,14;-2,0;1,14;64,08;45,14;39,84;19,04;3,7;2,96
TorringtonSq;TorringtonSq4;1253;75,46;66,85;86,03;81,08;78,35;72,84;70,04;69,27;75,28;66,51;86,02;80,95;78,11;72,61;69,8;69,01;71,53;62,2;83,82;76,04;73,93;68,86;65,91;65,23;32,9;0,0;57,7;29,4;22,1;18,6;17,5;2,37;0,0;4,17;2,87;2,68;2,33;2,09;1,98;0,0431;0,0168;0,345;0,0679;0,0568;0,0373;0,027;0,0248;0,317;0,0;2,67;0,957;0,68;0,222;0,0677;0,044;0,088;0,0302;0,232;0,189;0,145;0,0854;0,0449;0,0407;0,474;0,0549;1,31;0,912;0,778;0,418;0,284;0,255;22,9;2,09;118,0;53,5;43,2;18,6;8,78;7,14;-2,0;1,14;64,08;45,14;39,84;19,04;3,7;2,96
TorringtonSq;TorringtonSq4;1254;70,04;65,01;78,05;72,85;71,94;69,57;67,37;66,79;69,56;64,52;77,06;72,28;71,45;69,12;66,9;66,12;66,32;59,92;75,0;69,35;68,37;65,57;62,86;62,21;22,2;0,0;33,2;21,2;18,1;15,4;14,8;2,19;0,0;3,42;2,62;2,52;2,17;1,97;1,92;0,0386;0,0177;0,201;0,0623;0,0522;0,0364;0,0265;0,0248;0,214;0,0;1,44;0,556;0,435;0,153;0,0515;0,0375;0,0338;0,012;0,0985;0,0719;0,0593;0,0291;0,0162;0,0143;0,4;0,18;1,41;0,649;0,548;0,362;0,287;0,268;14,4;1,39;85,5;29,2;24,1;12,8;6,84;5,55;-0,63;-9,7;56,34;40,91;32,19;12,3;-5,73;-6,53
TorringtonSq;TorringtonSq4;1255;72,9;66,33;80,3;76,9;76,26;71,32;68,36;67,88;72,01;65,7;78,84;76,05;75,34;70,65;67,79;67,19;67,71;61,05;76,05;72,0;71,01;66,27;63,41;62,72;28,9;0,0;34,3;26,5;19,0;15,9;15,3;2,22;0,0;5,24;2,78;2,61;2,17;1,92;1,86;0,0376;0,0169;0,15;0,0557;0,0508;0,0358;0,0262;0,0241;0,228;0,0;3,38;0,626;0,44;0,145;0,042;0,0268;0,0213;0,0093;0,0478;0,0443;0,0403;0,0195;0,0115;0,0105;0,373;0,225;0,995;0,538;0,456;0,36;0,299;0,278;13,2;1,19;66,6;27,4;21,5;11,7;6,35;5,18;-1,42;-6,1;61,68;42,37;33,63;16,17;-0,11;-1,9
TorringtonSq;TorringtonSq4;1256;72,9;66,33;80,3;76,9;76,26;71,32;68,36;67,88;72,01;65,7;78,84;76,05;75,34;70,65;67,79;67,19;67,71;61,05;76,05;72,0;71,01;66,27;63,41;62,72;28,9;0,0;34,3;26,5;19,0;15,9;15,3;2,22;0,0;5,24;2,78;2,61;2,17;1,92;1,86;0,0376;0,0169;0,15;0,0557;0,0508;0,0358;0,0262;0,0241;0,228;0,0;3,38;0,626;0,44;0,145;0,042;0,0268;0,0213;0,0093;0,0478;0,0443;0,0403;0,0195;0,0115;0,0105;0,373;0,225;0,995;0,538;0,456;0,36;0,299;0,278;13,2;1,19;66,6;27,4;21,5;11,7;6,35;5,18;-1,42;-6,1;61,68;42,37;33,63;16,17;-0,11;-1,9
TorringtonSq;TorringtonSq4;1257;72,9;66,33;80,3;76,9;76,26;71,32;68,36;67,88;72,01;65,7;78,84;76,05;75,34;70,65;67,79;67,19;67,71;61,05;76,05;72,0;71,01;66,27;63,41;62,72;28,9;0,0;34,3;26,5;19,0;15,9;15,3;2,22;0,0;5,24;2,78;2,61;2,17;1,92;1,86;0,0376;0,0169;0,15;0,0557;0,0508;0,0358;0,0262;0,0241;0,228;0,0;3,38;0,626;0,44;0,145;0,042;0,0268;0,0213;0,0093;0,0478;0,0443;0,0403;0,0195;0,0115;0,0105;0,373;0,225;0,995;0,538;0,456;0,36;0,299;0,278;13,2;1,19;66,6;27,4;21,5;11,7;6,35;5,18;-1,42;-6,1;61,68;42,37;33,63;16,17;-0,11;-1,9
TorringtonSq;TorringtonSq4;1258;72,9;66,33;80,3;76,9;76,26;71,32;68,36;67,88;72,01;65,7;78,84;76,05;75,34;70,65;67,79;67,19;67,71;61,05;76,05;72,0;71,01;66,27;63,41;62,72;28,9;0,0;34,3;26,5;19,0;15,9;15,3;2,22;0,0;5,24;2,78;2,61;2,17;1,92;1,86;0,0376;0,0169;0,15;0,0557;0,0508;0,0358;0,0262;0,0241;0,228;0,0;3,38;0,626;0,44;0,145;0,042;0,0268;0,0213;0,0093;0,0478;0,0443;0,0403;0,0195;0,0115;0,0105;0,373;0,225;0,995;0,538;0,456;0,36;0,299;0,278;13,2;1,19;66,6;27,4;21,5;11,7;6,35;5,18;-1,42;-6,1;61,68;42,37;33,63;16,17;-0,11;-1,9
TorringtonSq;TorringtonSq4;1260;73,38;67,06;81,74;77,3;75,92;72,19;69,59;68,95;72,6;66,65;81,54;75,87;74,89;71,46;69,02;68,37;68,82;61,73;78,92;72,35;71,14;67,55;64,7;64,02;28,1;0,0;41,3;26,2;20,9;17,1;16,4;2,47;0,0;4,43;3,1;3,02;2,55;2,02;1,97;0,0425;0,0183;0,343;0,0721;0,0601;0,0374;0,0268;0,0246;0,212;0,0;1,63;0,648;0,464;0,131;0,0295;0,0175;0,0652;0,0101;0,296;0,189;0,143;0,0468;0,0179;0,0145;0,406;0,177;1,13;0,665;0,602;0,368;0,281;0,255;16,4;1,01;77,3;34,6;28,8;14,0;6,72;5,5;-0,76;-7,96;61,23;43,98;34,6;17,78;-4,6;-5,49
TorringtonSq;TorringtonSq4;1262;71,37;64,33;79,18;74,89;73,89;70,75;67,06;66,41;70,63;63,56;79,0;73,96;72,96;70,11;66,3;65,54;64,55;56,92;76,87;67,9;66,53;63,96;59,26;58,7;21,5;0,0;33,2;20,1;16,8;12,9;12,3;1,94;0,0;3,76;2,45;2,3;1,88;1,67;1,63;0,0363;0,015;0,139;0,0563;0,0483;0,0352;0,0257;0,0237;0,156;0,0;1,21;0,392;0,301;0,0841;0,0104;0,00494;0,0215;0,0042;0,0756;0,0605;0,048;0,0142;0,00592;0,00522;0,459;0,185;1,39;0,775;0,681;0,42;0,287;0,265;11,5;0,595;96,3;29,2;22,4;8,75;4,54;3,72;-4,46;-6,06;63,48;38,59;30,26;12,52;-3,1;-4,3
TorringtonSq;TorringtonSq4;1263;71,37;64,33;79,18;74,89;73,89;70,75;67,06;66,41;70,63;63,56;79,0;73,96;72,96;70,11;66,3;65,54;64,55;56,92;76,87;67,9;66,53;63,96;59,26;58,7;21,5;0,0;33,2;20,1;16,8;12,9;12,3;1,94;0,0;3,76;2,45;2,3;1,88;1,67;1,63;0,0363;0,015;0,139;0,0563;0,0483;0,0352;0,0257;0,0237;0,156;0,0;1,21;0,392;0,301;0,0841;0,0104;0,00494;0,0215;0,0042;0,0756;0,0605;0,048;0,0142;0,00592;0,00522;0,459;0,185;1,39;0,775;0,681;0,42;0,287;0,265;11,5;0,595;96,3;29,2;22,4;8,75;4,54;3,72;-4,46;-6,06;63,48;38,59;30,26;12,52;-3,1;-4,3
TorringtonSq;TorringtonSq4;1283;71,37;64,33;79,18;74,89;73,89;70,75;67,06;66,41;70,63;63,56;79,0;73,96;72,96;70,11;66,3;65,54;64,55;56,92;76,87;67,9;66,53;63,96;59,26;58,7;21,5;0,0;33,2;20,1;16,8;12,9;12,3;1,94;0,0;3,76;2,45;2,3;1,88;1,67;1,63;0,0363;0,015;0,139;0,0563;0,0483;0,0352;0,0257;0,0237;0,156;0,0;1,21;0,392;0,301;0,0841;0,0104;0,00494;0,0215;0,0042;0,0756;0,0605;0,048;0,0142;0,00592;0,00522;0,459;0,185;1,39;0,775;0,681;0,42;0,287;0,265;11,5;0,595;96,3;29,2;22,4;8,75;4,54;3,72;-4,46;-6,06;63,48;38,59;30,26;12,52;-3,1;-4,3
TorringtonSq;TorringtonSq4;1264;74,43;66,4;91,47;78,48;76,11;71,66;68,97;68,41;73,91;65,87;90,72;78,24;75,84;71,1;68,44;67,86;72,54;60,15;92,32;76,51;73,23;66,69;63,96;63,29;28,4;0,0;80,1;25,6;20,5;17,5;16,9;2,31;0,0;7,31;2,78;2,56;2,26;2,05;2,0;0,042;0,0156;0,308;0,0917;0,057;0,0343;0,0254;0,0234;0,402;0,0;11,1;1,04;0,752;0,257;0,0696;0,0477;0,0436;0,00679;0,215;0,167;0,116;0,0283;0,0133;0,0107;0,37;0,187;1,49;0,56;0,496;0,348;0,276;0,265;15,5;1,56;168,0;38,1;28,8;12,0;6,14;5,01;-18,91;0,94;64,62;45,63;37,88;18,87;6,41;4,43
TorringtonSq;TorringtonSq4;1265;74,43;66,4;91,47;78,48;76,11;71,66;68,97;68,41;73,91;65,87;90,72;78,24;75,84;71,1;68,44;67,86;72,54;60,15;92,32;76,51;73,23;66,69;63,96;63,29;28,4;0,0;80,1;25,6;20,5;17,5;16,9;2,31;0,0;7,31;2,78;2,56;2,26;2,05;2,0;0,042;0,0156;0,308;0,0917;0,057;0,0343;0,0254;0,0234;0,402;0,0;11,1;1,04;0,752;0,257;0,0696;0,0477;0,0436;0,00679;0,215;0,167;0,116;0,0283;0,0133;0,0107;0,37;0,187;1,49;0,56;0,496;0,348;0,276;0,265;15,5;1,56;168,0;38,1;28,8;12,0;6,14;5,01;-18,91;0,94;64,62;45,63;37,88;18,87;6,41;4,43
TorringtonSq;TorringtonSq4;1266;74,43;66,4;91,47;78,48;76,11;71,66;68,97;68,41;73,91;65,87;90,72;78,24;75,84;71,1;68,44;67,86;72,54;60,15;92,32;76,51;73,23;66,69;63,96;63,29;28,4;0,0;80,1;25,6;20,5;17,5;16,9;2,31;0,0;7,31;2,78;2,56;2,26;2,05;2,0;0,042;0,0156;0,308;0,0917;0,057;0,0343;0,0254;0,0234;0,402;0,0;11,1;1,04;0,752;0,257;0,0696;0,0477;0,0436;0,00679;0,215;0,167;0,116;0,0283;0,0133;0,0107;0,37;0,187;1,49;0,56;0,496;0,348;0,276;0,265;15,5;1,56;168,0;38,1;28,8;12,0;6,14;5,01;-18,91;0,94;64,62;45,63;37,88;18,87;6,41;4,43
TorringtonSq;TorringtonSq4;1267;71,07;64,16;83,32;76,14;72,94;68,08;66,09;65,76;70,72;63,73;83,1;75,92;72,75;67,69;65,6;65,21;69,34;59,43;83,5;75,58;70,41;63,86;60,96;60,5;33,0;0,0;55,6;24,3;17,1;14,4;14,1;2,33;0,0;4,63;3,56;2,85;2,22;1,98;1,91;0,0328;0,0146;0,118;0,049;0,0434;0,0313;0,0234;0,0217;0,287;0,0;3,45;0,889;0,568;0,172;0,0547;0,0343;0,026;0,00453;0,126;0,0938;0,0657;0,022;0,0112;0,00748;0,357;0,18;0,887;0,548;0,467;0,337;0,263;0,243;12,5;0,754;67,4;29,6;23,1;10,5;5,25;4,26;-0,58;-5,89;55,87;44,42;38,84;15,44;0,29;-1,57
TorringtonSq;TorringtonSq4;1269;76,73;65,98;91,79;82,05;78,15;73,38;68,79;67,96;76,47;65,31;91,7;81,94;77,84;73,07;67,93;67,16;73,68;61,03;87,35;78,21;76,54;70,66;63,61;62,89;38,4;0,0;75,2;36,1;24,0;16,0;15,2;2,79;0,0;4,59;3,83;3,77;2,62;1,88;1,81;0,0413;0,0175;0,27;0,0834;0,0578;0,0346;0,0258;0,0236;0,332;0,0;1,88;0,79;0,656;0,276;0,0945;0,0678;0,0887;0,0133;0,487;0,393;0,264;0,0488;0,0226;0,0214;0,544;0,19;3,58;1,33;0,861;0,398;0,289;0,26;21,0;1,18;215,0;50,1;37,0;16,1;7,64;6,33;-2,22;3,49;61,95;48,83;42,36;23,48;8,35;6,8
TorringtonSq;TorringtonSq4;1268;67,49;63,57;75,29;70,22;69,42;66,85;65,16;64,77;66,98;62,89;75,09;69,76;69,0;66,23;64,62;64,23;62,58;56,85;72,4;67,54;65,03;61,01;59,28;58,84;21,3;0,0;32,4;18,2;14,2;12,4;12,1;2,03;0,0;3,45;2,86;2,49;1,96;1,74;1,68;0,0314;0,0143;0,0868;0,0483;0,0431;0,03;0,0217;0,0199;0,315;0,0;1,48;0,884;0,717;0,229;0,0569;0,0358;0,0307;0,00783;0,105;0,0555;0,0457;0,0278;0,0145;0,0117;0,374;0,194;0,963;0,588;0,489;0,351;0,274;0,251;12,5;0,806;85,4;24,4;20,5;10,8;5,71;4,66;-1,93;-12,09;56,61;37,47;31,31;7,91;-9,82;-10,74
TorringtonSq;TorringtonSq4;1271;72,54;64,58;82,83;77,8;75,78;70,61;66,94;66,36;72,17;64,09;82,71;77,58;75,43;70,27;66,46;65,89;68,97;58,6;80,03;75,24;72,25;66,12;61,73;60,95;28,6;0,0;45,9;24,8;18,3;14,2;13,5;2,19;0,0;3,95;2,85;2,62;2,11;1,84;1,79;0,0398;0,0156;0,208;0,0711;0,057;0,0352;0,0255;0,0237;0,287;0,0;3,49;0,834;0,595;0,181;0,0425;0,0255;0,0613;0,0208;0,179;0,133;0,117;0,0486;0,0295;0,0264;0,509;0,133;2,09;1,1;0,865;0,424;0,293;0,26;20,4;1,74;142,0;46,0;36,9;17,0;8,34;6,72;-1,06;-1,4;58,63;42,41;33,92;19,06;3,54;1,84
TorringtonSq;TorringtonSq4;1272;72,54;64,58;82,83;77,8;75,78;70,61;66,94;66,36;72,17;64,09;82,71;77,58;75,43;70,27;66,46;65,89;68,97;58,6;80,03;75,24;72,25;66,12;61,73;60,95;28,6;0,0;45,9;24,8;18,3;14,2;13,5;2,19;0,0;3,95;2,85;2,62;2,11;1,84;1,79;0,0398;0,0156;0,208;0,0711;0,057;0,0352;0,0255;0,0237;0,287;0,0;3,49;0,834;0,595;0,181;0,0425;0,0255;0,0613;0,0208;0,179;0,133;0,117;0,0486;0,0295;0,0264;0,509;0,133;2,09;1,1;0,865;0,424;0,293;0,26;20,4;1,74;142,0;46,0;36,9;17,0;8,34;6,72;-1,06;-1,4;58,63;42,41;33,92;19,06;3,54;1,84
TorringtonSq;TorringtonSq4;1274;72,54;64,58;82,83;77,8;75,78;70,61;66,94;66,36;72,17;64,09;82,71;77,58;75,43;70,27;66,46;65,89;68,97;58,6;80,03;75,24;72,25;66,12;61,73;60,95;28,6;0,0;45,9;24,8;18,3;14,2;13,5;2,19;0,0;3,95;2,85;2,62;2,11;1,84;1,79;0,0398;0,0156;0,208;0,0711;0,057;0,0352;0,0255;0,0237;0,287;0,0;3,49;0,834;0,595;0,181;0,0425;0,0255;0,0613;0,0208;0,179;0,133;0,117;0,0486;0,0295;0,0264;0,509;0,133;2,09;1,1;0,865;0,424;0,293;0,26;20,4;1,74;142,0;46,0;36,9;17,0;8,34;6,72;-1,06;-1,4;58,63;42,41;33,92;19,06;3,54;1,84
TorringtonSq;TorringtonSq4;1273;69,42;64,58;79,27;73,7;71,2;68,52;66,47;66,01;69,11;64,02;79,19;73,37;71,02;68,2;66,0;65,53;66,61;59,87;78,55;70,59;68,51;65,18;61,9;61,35;22,5;0,0;42,1;21,2;17,5;14,7;14,2;2,2;0,0;4,5;2,75;2,67;2,11;1,9;1,85;0,0352;0,0148;0,172;0,0589;0,0475;0,0325;0,0236;0,0216;0,249;0,0;1,39;0,609;0,488;0,199;0,0735;0,0521;0,0367;0,0111;0,209;0,116;0,0584;0,0268;0,016;0,0145;0,411;0,174;2,58;0,832;0,546;0,342;0,263;0,238;14,7;0,518;157,0;31,8;24,4;12,1;6,42;5,25;-0,58;-4,86;54,12;42,47;33,38;16,17;-1,25;-2,21
TorringtonSq;TorringtonSq4;1275;70,61;65,46;81,22;74,13;72,54;69,3;67,11;66,7;70,12;64,96;81,02;73,51;72,11;68,85;66,55;66,1;66,72;60,57;78,4;70,31;69,04;65,43;62,28;61,62;24,8;0,0;44,5;23,1;18,6;15,4;14,8;2,3;0,0;5,14;2,79;2,66;2,28;2,02;1,94;0,0326;0,0146;0,102;0,049;0,044;0,0317;0,0235;0,0214;0,29;0,0;1,57;0,892;0,633;0,184;0,0432;0,0283;0,0372;0,0088;0,213;0,0899;0,0596;0,0309;0,0126;0,0105;0,367;0,141;1,84;0,569;0,484;0,325;0,267;0,251;14,7;0,756;134,0;32,2;25,6;12,2;5,96;4,8;-1,17;-4,12;58,2;42,15;33,57;19,89;2,25;0,42
TorringtonSq;TorringtonSq4;1278;73,44;65,36;83,05;78,34;77,4;71,42;68,24;67,46;72,93;64,97;82,93;77,94;76,88;70,78;67,69;66,86;68,69;60,04;82,88;74,56;72,32;65,66;62,3;61,84;31,6;0,0;49,2;28,4;18,3;15,5;14,9;2,13;0,0;3,46;2,59;2,47;2,1;1,87;1,83;0,0404;0,0165;0,245;0,0779;0,0601;0,0349;0,0251;0,0228;0,237;0,0;2,92;0,695;0,494;0,144;0,0354;0,0216;0,0415;0,0104;0,181;0,133;0,101;0,0273;0,0157;0,0117;0,392;0,191;1,64;0,638;0,524;0,354;0,276;0,262;16,3;1,09;122,0;34,4;27,7;13,6;6,8;5,63;-1,95;-6,31;62,58;43,81;35,83;15,3;-4,72;-5,22
TorringtonSq;TorringtonSq4;1279;73,44;65,36;83,05;78,34;77,4;71,42;68,24;67,46;72,93;64,97;82,93;77,94;76,88;70,78;67,69;66,86;68,69;60,04;82,88;74,56;72,32;65,66;62,3;61,84;31,6;0,0;49,2;28,4;18,3;15,5;14,9;2,13;0,0;3,46;2,59;2,47;2,1;1,87;1,83;0,0404;0,0165;0,245;0,0779;0,0601;0,0349;0,0251;0,0228;0,237;0,0;2,92;0,695;0,494;0,144;0,0354;0,0216;0,0415;0,0104;0,181;0,133;0,101;0,0273;0,0157;0,0117;0,392;0,191;1,64;0,638;0,524;0,354;0,276;0,262;16,3;1,09;122,0;34,4;27,7;13,6;6,8;5,63;-1,95;-6,31;62,58;43,81;35,83;15,3;-4,72;-5,22
TorringtonSq;TorringtonSq4;1280;73,44;65,36;83,05;78,34;77,4;71,42;68,24;67,46;72,93;64,97;82,93;77,94;76,88;70,78;67,69;66,86;68,69;60,04;82,88;74,56;72,32;65,66;62,3;61,84;31,6;0,0;49,2;28,4;18,3;15,5;14,9;2,13;0,0;3,46;2,59;2,47;2,1;1,87;1,83;0,0404;0,0165;0,245;0,0779;0,0601;0,0349;0,0251;0,0228;0,237;0,0;2,92;0,695;0,494;0,144;0,0354;0,0216;0,0415;0,0104;0,181;0,133;0,101;0,0273;0,0157;0,0117;0,392;0,191;1,64;0,638;0,524;0,354;0,276;0,262;16,3;1,09;122,0;34,4;27,7;13,6;6,8;5,63;-1,95;-6,31;62,58;43,81;35,83;15,3;-4,72;-5,22
TorringtonSq;TorringtonSq4;1281;73,44;65,36;83,05;78,34;77,4;71,42;68,24;67,46;72,93;64,97;82,93;77,94;76,88;70,78;67,69;66,86;68,69;60,04;82,88;74,56;72,32;65,66;62,3;61,84;31,6;0,0;49,2;28,4;18,3;15,5;14,9;2,13;0,0;3,46;2,59;2,47;2,1;1,87;1,83;0,0404;0,0165;0,245;0,0779;0,0601;0,0349;0,0251;0,0228;0,237;0,0;2,92;0,695;0,494;0,144;0,0354;0,0216;0,0415;0,0104;0,181;0,133;0,101;0,0273;0,0157;0,0117;0,392;0,191;1,64;0,638;0,524;0,354;0,276;0,262;16,3;1,09;122,0;34,4;27,7;13,6;6,8;5,63;-1,95;-6,31;62,58;43,81;35,83;15,3;-4,72;-5,22
TorringtonSq;TorringtonSq4;1282;73,44;65,36;83,05;78,34;77,4;71,42;68,24;67,46;72,93;64,97;82,93;77,94;76,88;70,78;67,69;66,86;68,69;60,04;82,88;74,56;72,32;65,66;62,3;61,84;31,6;0,0;49,2;28,4;18,3;15,5;14,9;2,13;0,0;3,46;2,59;2,47;2,1;1,87;1,83;0,0404;0,0165;0,245;0,0779;0,0601;0,0349;0,0251;0,0228;0,237;0,0;2,92;0,695;0,494;0,144;0,0354;0,0216;0,0415;0,0104;0,181;0,133;0,101;0,0273;0,0157;0,0117;0,392;0,191;1,64;0,638;0,524;0,354;0,276;0,262;16,3;1,09;122,0;34,4;27,7;13,6;6,8;5,63;-1,95;-6,31;62,58;43,81;35,83;15,3;-4,72;-5,22
CamdenTown;CamdenTown3;10009;81,91;71,61;93,35;88,37;87,33;77,76;74,32;73,33;81,43;70,36;93,08;88,16;87,09;75,76;72,72;71,98;81,3;64,58;93,63;88,54;87,43;70,54;66,09;65,53;65,0;0,0;97,8;60,4;25,4;19,3;18,6;2,9;0,0;7,09;5,35;4,93;2,41;1,92;1,86;0,0435;0,0173;0,179;0,0735;0,0623;0,0401;0,0288;0,0263;0,715;0,0;11,6;2,73;1,62;0,242;0,0445;0,0267;0,0546;0,00558;0,717;0,442;0,0863;0,0114;0,00719;0,00644;0,381;0,189;0,766;0,581;0,541;0,357;0,275;0,26;13,4;0,824;81,1;39,4;24,6;10,1;5,07;4,1;-1,1;1,25;67,17;53,46;49,38;32,47;7,47;6,15
CamdenTown;CamdenTown3;10010;81,91;71,61;93,35;88,37;87,33;77,76;74,32;73,33;81,43;70,36;93,08;88,16;87,09;75,76;72,72;71,98;81,3;64,58;93,63;88,54;87,43;70,54;66,09;65,53;65,0;0,0;97,8;60,4;25,4;19,3;18,6;2,9;0,0;7,09;5,35;4,93;2,41;1,92;1,86;0,0435;0,0173;0,179;0,0735;0,0623;0,0401;0,0288;0,0263;0,715;0,0;11,6;2,73;1,62;0,242;0,0445;0,0267;0,0546;0,00558;0,717;0,442;0,0863;0,0114;0,00719;0,00644;0,381;0,189;0,766;0,581;0,541;0,357;0,275;0,26;13,4;0,824;81,1;39,4;24,6;10,1;5,07;4,1;-1,1;1,25;67,17;53,46;49,38;32,47;7,47;6,15
CampoPrincipe;CampoPrincipe1;10102;67,48;60,79;74,12;71,08;70,13;66,51;63,6;62,65;67,23;59,76;74,1;70,98;69,89;66,21;63,0;61,97;65,09;57,07;72,7;69,17;67,94;63,91;60,36;59,32;20,2;0,0;26,0;19,3;15,7;13,0;12,1;2,12;0,0;2,91;2,29;2,25;2,12;2,01;1,98;0,0347;0,0146;0,0868;0,0552;0,0492;0,0326;0,0236;0,0214;0,185;0,0;1,14;0,497;0,397;0,116;0,0287;0,0182;0,0176;0,00756;0,0349;0,0287;0,0242;0,0172;0,0107;0,00887;0,349;0,233;0,51;0,424;0,409;0,346;0,292;0,272;8,85;0,298;26,9;16,6;14,2;8,16;4,31;3,48;-0,05;-11,66;53,03;37,22;31,77;8,19;-8,41;-10,22
CampoPrincipe;CampoPrincipe1;10103;67,48;60,79;74,12;71,08;70,13;66,51;63,6;62,65;67,23;59,76;74,1;70,98;69,89;66,21;63,0;61,97;65,09;57,07;72,7;69,17;67,94;63,91;60,36;59,32;20,2;0,0;26,0;19,3;15,7;13,0;12,1;2,12;0,0;2,91;2,29;2,25;2,12;2,01;1,98;0,0347;0,0146;0,0868;0,0552;0,0492;0,0326;0,0236;0,0214;0,185;0,0;1,14;0,497;0,397;0,116;0,0287;0,0182;0,0176;0,00756;0,0349;0,0287;0,0242;0,0172;0,0107;0,00887;0,349;0,233;0,51;0,424;0,409;0,346;0,292;0,272;8,85;0,298;26,9;16,6;14,2;8,16;4,31;3,48;-0,05;-11,66;53,03;37,22;31,77;8,19;-8,41;-10,22
CampoPrincipe;CampoPrincipe1;10104;67,48;60,79;74,12;71,08;70,13;66,51;63,6;62,65;67,23;59,76;74,1;70,98;69,89;66,21;63,0;61,97;65,09;57,07;72,7;69,17;67,94;63,91;60,36;59,32;20,2;0,0;26,0;19,3;15,7;13,0;12,1;2,12;0,0;2,91;2,29;2,25;2,12;2,01;1,98;0,0347;0,0146;0,0868;0,0552;0,0492;0,0326;0,0236;0,0214;0,185;0,0;1,14;0,497;0,397;0,116;0,0287;0,0182;0,0176;0,00756;0,0349;0,0287;0,0242;0,0172;0,0107;0,00887;0,349;0,233;0,51;0,424;0,409;0,346;0,292;0,272;8,85;0,298;26,9;16,6;14,2;8,16;4,31;3,48;-0,05;-11,66;53,03;37,22;31,77;8,19;-8,41;-10,22
CampoPrincipe;CampoPrincipe1;10105;67,48;60,79;74,12;71,08;70,13;66,51;63,6;62,65;67,23;59,76;74,1;70,98;69,89;66,21;63,0;61,97;65,09;57,07;72,7;69,17;67,94;63,91;60,36;59,32;20,2;0,0;26,0;19,3;15,7;13,0;12,1;2,12;0,0;2,91;2,29;2,25;2,12;2,01;1,98;0,0347;0,0146;0,0868;0,0552;0,0492;0,0326;0,0236;0,0214;0,185;0,0;1,14;0,497;0,397;0,116;0,0287;0,0182;0,0176;0,00756;0,0349;0,0287;0,0242;0,0172;0,0107;0,00887;0,349;0,233;0,51;0,424;0,409;0,346;0,292;0,272;8,85;0,298;26,9;16,6;14,2;8,16;4,31;3,48;-0,05;-11,66;53,03;37,22;31,77;8,19;-8,41;-10,22
CampoPrincipe;CampoPrincipe1;10106;67,48;60,79;74,12;71,08;70,13;66,51;63,6;62,65;67,23;59,76;74,1;70,98;69,89;66,21;63,0;61,97;65,09;57,07;72,7;69,17;67,94;63,91;60,36;59,32;20,2;0,0;26,0;19,3;15,7;13,0;12,1;2,12;0,0;2,91;2,29;2,25;2,12;2,01;1,98;0,0347;0,0146;0,0868;0,0552;0,0492;0,0326;0,0236;0,0214;0,185;0,0;1,14;0,497;0,397;0,116;0,0287;0,0182;0,0176;0,00756;0,0349;0,0287;0,0242;0,0172;0,0107;0,00887;0,349;0,233;0,51;0,424;0,409;0,346;0,292;0,272;8,85;0,298;26,9;16,6;14,2;8,16;4,31;3,48;-0,05;-11,66;53,03;37,22;31,77;8,19;-8,41;-10,22
CampoPrincipe;CampoPrincipe1;10107;67,48;60,79;74,12;71,08;70,13;66,51;63,6;62,65;67,23;59,76;74,1;70,98;69,89;66,21;63,0;61,97;65,09;57,07;72,7;69,17;67,94;63,91;60,36;59,32;20,2;0,0;26,0;19,3;15,7;13,0;12,1;2,12;0,0;2,91;2,29;2,25;2,12;2,01;1,98;0,0347;0,0146;0,0868;0,0552;0,0492;0,0326;0,0236;0,0214;0,185;0,0;1,14;0,497;0,397;0,116;0,0287;0,0182;0,0176;0,00756;0,0349;0,0287;0,0242;0,0172;0,0107;0,00887;0,349;0,233;0,51;0,424;0,409;0,346;0,292;0,272;8,85;0,298;26,9;16,6;14,2;8,16;4,31;3,48;-0,05;-11,66;53,03;37,22;31,77;8,19;-8,41;-10,22
CampoPrincipe;CampoPrincipe1;10108;67,48;60,79;74,12;71,08;70,13;66,51;63,6;62,65;67,23;59,76;74,1;70,98;69,89;66,21;63,0;61,97;65,09;57,07;72,7;69,17;67,94;63,91;60,36;59,32;20,2;0,0;26,0;19,3;15,7;13,0;12,1;2,12;0,0;2,91;2,29;2,25;2,12;2,01;1,98;0,0347;0,0146;0,0868;0,0552;0,0492;0,0326;0,0236;0,0214;0,185;0,0;1,14;0,497;0,397;0,116;0,0287;0,0182;0,0176;0,00756;0,0349;0,0287;0,0242;0,0172;0,0107;0,00887;0,349;0,233;0,51;0,424;0,409;0,346;0,292;0,272;8,85;0,298;26,9;16,6;14,2;8,16;4,31;3,48;-0,05;-11,66;53,03;37,22;31,77;8,19;-8,41;-10,22
CampoPrincipe;CampoPrincipe1;10109;67,48;60,79;74,12;71,08;70,13;66,51;63,6;62,65;67,23;59,76;74,1;70,98;69,89;66,21;63,0;61,97;65,09;57,07;72,7;69,17;67,94;63,91;60,36;59,32;20,2;0,0;26,0;19,3;15,7;13,0;12,1;2,12;0,0;2,91;2,29;2,25;2,12;2,01;1,98;0,0347;0,0146;0,0868;0,0552;0,0492;0,0326;0,0236;0,0214;0,185;0,0;1,14;0,497;0,397;0,116;0,0287;0,0182;0,0176;0,00756;0,0349;0,0287;0,0242;0,0172;0,0107;0,00887;0,349;0,233;0,51;0,424;0,409;0,346;0,292;0,272;8,85;0,298;26,9;16,6;14,2;8,16;4,31;3,48;-0,05;-11,66;53,03;37,22;31,77;8,19;-8,41;-10,22
CampoPrincipe;CampoPrincipe1;10110;67,48;60,79;74,12;71,08;70,13;66,51;63,6;62,65;67,23;59,76;74,1;70,98;69,89;66,21;63,0;61,97;65,09;57,07;72,7;69,17;67,94;63,91;60,36;59,32;20,2;0,0;26,0;19,3;15,7;13,0;12,1;2,12;0,0;2,91;2,29;2,25;2,12;2,01;1,98;0,0347;0,0146;0,0868;0,0552;0,0492;0,0326;0,0236;0,0214;0,185;0,0;1,14;0,497;0,397;0,116;0,0287;0,0182;0,0176;0,00756;0,0349;0,0287;0,0242;0,0172;0,0107;0,00887;0,349;0,233;0,51;0,424;0,409;0,346;0,292;0,272;8,85;0,298;26,9;16,6;14,2;8,16;4,31;3,48;-0,05;-11,66;53,03;37,22;31,77;8,19;-8,41;-10,22
CampoPrincipe;CampoPrincipe1;10111;67,48;60,79;74,12;71,08;70,13;66,51;63,6;62,65;67,23;59,76;74,1;70,98;69,89;66,21;63,0;61,97;65,09;57,07;72,7;69,17;67,94;63,91;60,36;59,32;20,2;0,0;26,0;19,3;15,7;13,0;12,1;2,12;0,0;2,91;2,29;2,25;2,12;2,01;1,98;0,0347;0,0146;0,0868;0,0552;0,0492;0,0326;0,0236;0,0214;0,185;0,0;1,14;0,497;0,397;0,116;0,0287;0,0182;0,0176;0,00756;0,0349;0,0287;0,0242;0,0172;0,0107;0,00887;0,349;0,233;0,51;0,424;0,409;0,346;0,292;0,272;8,85;0,298;26,9;16,6;14,2;8,16;4,31;3,48;-0,05;-11,66;53,03;37,22;31,77;8,19;-8,41;-10,22
CampoPrincipe;CampoPrincipe1;10112;67,48;60,79;74,12;71,08;70,13;66,51;63,6;62,65;67,23;59,76;74,1;70,98;69,89;66,21;63,0;61,97;65,09;57,07;72,7;69,17;67,94;63,91;60,36;59,32;20,2;0,0;26,0;19,3;15,7;13,0;12,1;2,12;0,0;2,91;2,29;2,25;2,12;2,01;1,98;0,0347;0,0146;0,0868;0,0552;0,0492;0,0326;0,0236;0,0214;0,185;0,0;1,14;0,497;0,397;0,116;0,0287;0,0182;0,0176;0,00756;0,0349;0,0287;0,0242;0,0172;0,0107;0,00887;0,349;0,233;0,51;0,424;0,409;0,346;0,292;0,272;8,85;0,298;26,9;16,6;14,2;8,16;4,31;3,48;-0,05;-11,66;53,03;37,22;31,77;8,19;-8,41;-10,22
CampoPrincipe;CampoPrincipe1;10113;67,48;60,79;74,12;71,08;70,13;66,51;63,6;62,65;67,23;59,76;74,1;70,98;69,89;66,21;63,0;61,97;65,09;57,07;72,7;69,17;67,94;63,91;60,36;59,32;20,2;0,0;26,0;19,3;15,7;13,0;12,1;2,12;0,0;2,91;2,29;2,25;2,12;2,01;1,98;0,0347;0,0146;0,0868;0,0552;0,0492;0,0326;0,0236;0,0214;0,185;0,0;1,14;0,497;0,397;0,116;0,0287;0,0182;0,0176;0,00756;0,0349;0,0287;0,0242;0,0172;0,0107;0,00887;0,349;0,233;0,51;0,424;0,409;0,346;0,292;0,272;8,85;0,298;26,9;16,6;14,2;8,16;4,31;3,48;-0,05;-11,66;53,03;37,22;31,77;8,19;-8,41;-10,22
CampoPrincipe;CampoPrincipe1;10114;67,48;60,79;74,12;71,08;70,13;66,51;63,6;62,65;67,23;59,76;74,1;70,98;69,89;66,21;63,0;61,97;65,09;57,07;72,7;69,17;67,94;63,91;60,36;59,32;20,2;0,0;26,0;19,3;15,7;13,0;12,1;2,12;0,0;2,91;2,29;2,25;2,12;2,01;1,98;0,0347;0,0146;0,0868;0,0552;0,0492;0,0326;0,0236;0,0214;0,185;0,0;1,14;0,497;0,397;0,116;0,0287;0,0182;0,0176;0,00756;0,0349;0,0287;0,0242;0,0172;0,0107;0,00887;0,349;0,233;0,51;0,424;0,409;0,346;0,292;0,272;8,85;0,298;26,9;16,6;14,2;8,16;4,31;3,48;-0,05;-11,66;53,03;37,22;31,77;8,19;-8,41;-10,22
CampoPrincipe;CampoPrincipe1;10115;67,48;60,79;74,12;71,08;70,13;66,51;63,6;62,65;67,23;59,76;74,1;70,98;69,89;66,21;63,0;61,97;65,09;57,07;72,7;69,17;67,94;63,91;60,36;59,32;20,2;0,0;26,0;19,3;15,7;13,0;12,1;2,12;0,0;2,91;2,29;2,25;2,12;2,01;1,98;0,0347;0,0146;0,0868;0,0552;0,0492;0,0326;0,0236;0,0214;0,185;0,0;1,14;0,497;0,397;0,116;0,0287;0,0182;0,0176;0,00756;0,0349;0,0287;0,0242;0,0172;0,0107;0,00887;0,349;0,233;0,51;0,424;0,409;0,346;0,292;0,272;8,85;0,298;26,9;16,6;14,2;8,16;4,31;3,48;-0,05;-11,66;53,03;37,22;31,77;8,19;-8,41;-10,22
CampoPrincipe;CampoPrincipe1;10116;67,48;60,79;74,12;71,08;70,13;66,51;63,6;62,65;67,23;59,76;74,1;70,98;69,89;66,21;63,0;61,97;65,09;57,07;72,7;69,17;67,94;63,91;60,36;59,32;20,2;0,0;26,0;19,3;15,7;13,0;12,1;2,12;0,0;2,91;2,29;2,25;2,12;2,01;1,98;0,0347;0,0146;0,0868;0,0552;0,0492;0,0326;0,0236;0,0214;0,185;0,0;1,14;0,497;0,397;0,116;0,0287;0,0182;0,0176;0,00756;0,0349;0,0287;0,0242;0,0172;0,0107;0,00887;0,349;0,233;0,51;0,424;0,409;0,346;0,292;0,272;8,85;0,298;26,9;16,6;14,2;8,16;4,31;3,48;-0,05;-11,66;53,03;37,22;31,77;8,19;-8,41;-10,22
CampoPrincipe;CampoPrincipe1;10117;67,48;60,79;74,12;71,08;70,13;66,51;63,6;62,65;67,23;59,76;74,1;70,98;69,89;66,21;63,0;61,97;65,09;57,07;72,7;69,17;67,94;63,91;60,36;59,32;20,2;0,0;26,0;19,3;15,7;13,0;12,1;2,12;0,0;2,91;2,29;2,25;2,12;2,01;1,98;0,0347;0,0146;0,0868;0,0552;0,0492;0,0326;0,0236;0,0214;0,185;0,0;1,14;0,497;0,397;0,116;0,0287;0,0182;0,0176;0,00756;0,0349;0,0287;0,0242;0,0172;0,0107;0,00887;0,349;0,233;0,51;0,424;0,409;0,346;0,292;0,272;8,85;0,298;26,9;16,6;14,2;8,16;4,31;3,48;-0,05;-11,66;53,03;37,22;31,77;8,19;-8,41;-10,22
CampoPrincipe;CampoPrincipe1;10118;67,48;60,79;74,12;71,08;70,13;66,51;63,6;62,65;67,23;59,76;74,1;70,98;69,89;66,21;63,0;61,97;65,09;57,07;72,7;69,17;67,94;63,91;60,36;59,32;20,2;0,0;26,0;19,3;15,7;13,0;12,1;2,12;0,0;2,91;2,29;2,25;2,12;2,01;1,98;0,0347;0,0146;0,0868;0,0552;0,0492;0,0326;0,0236;0,0214;0,185;0,0;1,14;0,497;0,397;0,116;0,0287;0,0182;0,0176;0,00756;0,0349;0,0287;0,0242;0,0172;0,0107;0,00887;0,349;0,233;0,51;0,424;0,409;0,346;0,292;0,272;8,85;0,298;26,9;16,6;14,2;8,16;4,31;3,48;-0,05;-11,66;53,03;37,22;31,77;8,19;-8,41;-10,22
CampoPrincipe;CampoPrincipe1;10119;67,48;60,79;74,12;71,08;70,13;66,51;63,6;62,65;67,23;59,76;74,1;70,98;69,89;66,21;63,0;61,97;65,09;57,07;72,7;69,17;67,94;63,91;60,36;59,32;20,2;0,0;26,0;19,3;15,7;13,0;12,1;2,12;0,0;2,91;2,29;2,25;2,12;2,01;1,98;0,0347;0,0146;0,0868;0,0552;0,0492;0,0326;0,0236;0,0214;0,185;0,0;1,14;0,497;0,397;0,116;0,0287;0,0182;0,0176;0,00756;0,0349;0,0287;0,0242;0,0172;0,0107;0,00887;0,349;0,233;0,51;0,424;0,409;0,346;0,292;0,272;8,85;0,298;26,9;16,6;14,2;8,16;4,31;3,48;-0,05;-11,66;53,03;37,22;31,77;8,19;-8,41;-10,22
CampoPrincipe;CampoPrincipe1;10120;67,48;60,79;74,12;71,08;70,13;66,51;63,6;62,65;67,23;59,76;74,1;70,98;69,89;66,21;63,0;61,97;65,09;57,07;72,7;69,17;67,94;63,91;60,36;59,32;20,2;0,0;26,0;19,3;15,7;13,0;12,1;2,12;0,0;2,91;2,29;2,25;2,12;2,01;1,98;0,0347;0,0146;0,0868;0,0552;0,0492;0,0326;0,0236;0,0214;0,185;0,0;1,14;0,497;0,397;0,116;0,0287;0,0182;0,0176;0,00756;0,0349;0,0287;0,0242;0,0172;0,0107;0,00887;0,349;0,233;0,51;0,424;0,409;0,346;0,292;0,272;8,85;0,298;26,9;16,6;14,2;8,16;4,31;3,48;-0,05;-11,66;53,03;37,22;31,77;8,19;-8,41;-10,22
CampoPrincipe;CampoPrincipe1;10122;67,48;60,79;74,12;71,08;70,13;66,51;63,6;62,65;67,23;59,76;74,1;70,98;69,89;66,21;63,0;61,97;65,09;57,07;72,7;69,17;67,94;63,91;60,36;59,32;20,2;0,0;26,0;19,3;15,7;13,0;12,1;2,12;0,0;2,91;2,29;2,25;2,12;2,01;1,98;0,0347;0,0146;0,0868;0,0552;0,0492;0,0326;0,0236;0,0214;0,185;0,0;1,14;0,497;0,397;0,116;0,0287;0,0182;0,0176;0,00756;0,0349;0,0287;0,0242;0,0172;0,0107;0,00887;0,349;0,233;0,51;0,424;0,409;0,346;0,292;0,272;8,85;0,298;26,9;16,6;14,2;8,16;4,31;3,48;-0,05;-11,66;53,03;37,22;31,77;8,19;-8,41;-10,22
CampoPrincipe;CampoPrincipe1;10123;67,48;60,79;74,12;71,08;70,13;66,51;63,6;62,65;67,23;59,76;74,1;70,98;69,89;66,21;63,0;61,97;65,09;57,07;72,7;69,17;67,94;63,91;60,36;59,32;20,2;0,0;26,0;19,3;15,7;13,0;12,1;2,12;0,0;2,91;2,29;2,25;2,12;2,01;1,98;0,0347;0,0146;0,0868;0,0552;0,0492;0,0326;0,0236;0,0214;0,185;0,0;1,14;0,497;0,397;0,116;0,0287;0,0182;0,0176;0,00756;0,0349;0,0287;0,0242;0,0172;0,0107;0,00887;0,349;0,233;0,51;0,424;0,409;0,346;0,292;0,272;8,85;0,298;26,9;16,6;14,2;8,16;4,31;3,48;-0,05;-11,66;53,03;37,22;31,77;8,19;-8,41;-10,22
CampoPrincipe;CampoPrincipe1;10124;67,48;60,79;74,12;71,08;70,13;66,51;63,6;62,65;67,23;59,76;74,1;70,98;69,89;66,21;63,0;61,97;65,09;57,07;72,7;69,17;67,94;63,91;60,36;59,32;20,2;0,0;26,0;19,3;15,7;13,0;12,1;2,12;0,0;2,91;2,29;2,25;2,12;2,01;1,98;0,0347;0,0146;0,0868;0,0552;0,0492;0,0326;0,0236;0,0214;0,185;0,0;1,14;0,497;0,397;0,116;0,0287;0,0182;0,0176;0,00756;0,0349;0,0287;0,0242;0,0172;0,0107;0,00887;0,349;0,233;0,51;0,424;0,409;0,346;0,292;0,272;8,85;0,298;26,9;16,6;14,2;8,16;4,31;3,48;-0,05;-11,66;53,03;37,22;31,77;8,19;-8,41;-10,22
CampoPrincipe;CampoPrincipe1;10126;67,48;60,79;74,12;71,08;70,13;66,51;63,6;62,65;67,23;59,76;74,1;70,98;69,89;66,21;63,0;61,97;65,09;57,07;72,7;69,17;67,94;63,91;60,36;59,32;20,2;0,0;26,0;19,3;15,7;13,0;12,1;2,12;0,0;2,91;2,29;2,25;2,12;2,01;1,98;0,0347;0,0146;0,0868;0,0552;0,0492;0,0326;0,0236;0,0214;0,185;0,0;1,14;0,497;0,397;0,116;0,0287;0,0182;0,0176;0,00756;0,0349;0,0287;0,0242;0,0172;0,0107;0,00887;0,349;0,233;0,51;0,424;0,409;0,346;0,292;0,272;8,85;0,298;26,9;16,6;14,2;8,16;4,31;3,48;-0,05;-11,66;53,03;37,22;31,77;8,19;-8,41;-10,22
CampoPrincipe;CampoPrincipe1;10127;67,48;60,79;74,12;71,08;70,13;66,51;63,6;62,65;67,23;59,76;74,1;70,98;69,89;66,21;63,0;61,97;65,09;57,07;72,7;69,17;67,94;63,91;60,36;59,32;20,2;0,0;26,0;19,3;15,7;13,0;12,1;2,12;0,0;2,91;2,29;2,25;2,12;2,01;1,98;0,0347;0,0146;0,0868;0,0552;0,0492;0,0326;0,0236;0,0214;0,185;0,0;1,14;0,497;0,397;0,116;0,0287;0,0182;0,0176;0,00756;0,0349;0,0287;0,0242;0,0172;0,0107;0,00887;0,349;0,233;0,51;0,424;0,409;0,346;0,292;0,272;8,85;0,298;26,9;16,6;14,2;8,16;4,31;3,48;-0,05;-11,66;53,03;37,22;31,77;8,19;-8,41;-10,22
CampoPrincipe;CampoPrincipe1;10128;67,48;60,79;74,12;71,08;70,13;66,51;63,6;62,65;67,23;59,76;74,1;70,98;69,89;66,21;63,0;61,97;65,09;57,07;72,7;69,17;67,94;63,91;60,36;59,32;20,2;0,0;26,0;19,3;15,7;13,0;12,1;2,12;0,0;2,91;2,29;2,25;2,12;2,01;1,98;0,0347;0,0146;0,0868;0,0552;0,0492;0,0326;0,0236;0,0214;0,185;0,0;1,14;0,497;0,397;0,116;0,0287;0,0182;0,0176;0,00756;0,0349;0,0287;0,0242;0,0172;0,0107;0,00887;0,349;0,233;0,51;0,424;0,409;0,346;0,292;0,272;8,85;0,298;26,9;16,6;14,2;8,16;4,31;3,48;-0,05;-11,66;53,03;37,22;31,77;8,19;-8,41;-10,22
CampoPrincipe;CampoPrincipe1;10129;67,48;60,79;74,12;71,08;70,13;66,51;63,6;62,65;67,23;59,76;74,1;70,98;69,89;66,21;63,0;61,97;65,09;57,07;72,7;69,17;67,94;63,91;60,36;59,32;20,2;0,0;26,0;19,3;15,7;13,0;12,1;2,12;0,0;2,91;2,29;2,25;2,12;2,01;1,98;0,0347;0,0146;0,0868;0,0552;0,0492;0,0326;0,0236;0,0214;0,185;0,0;1,14;0,497;0,397;0,116;0,0287;0,0182;0,0176;0,00756;0,0349;0,0287;0,0242;0,0172;0,0107;0,00887;0,349;0,233;0,51;0,424;0,409;0,346;0,292;0,272;8,85;0,298;26,9;16,6;14,2;8,16;4,31;3,48;-0,05;-11,66;53,03;37,22;31,77;8,19;-8,41;-10,22
CampoPrincipe;CampoPrincipe1;10130;67,48;60,79;74,12;71,08;70,13;66,51;63,6;62,65;67,23;59,76;74,1;70,98;69,89;66,21;63,0;61,97;65,09;57,07;72,7;69,17;67,94;63,91;60,36;59,32;20,2;0,0;26,0;19,3;15,7;13,0;12,1;2,12;0,0;2,91;2,29;2,25;2,12;2,01;1,98;0,0347;0,0146;0,0868;0,0552;0,0492;0,0326;0,0236;0,0214;0,185;0,0;1,14;0,497;0,397;0,116;0,0287;0,0182;0,0176;0,00756;0,0349;0,0287;0,0242;0,0172;0,0107;0,00887;0,349;0,233;0,51;0,424;0,409;0,346;0,292;0,272;8,85;0,298;26,9;16,6;14,2;8,16;4,31;3,48;-0,05;-11,66;53,03;37,22;31,77;8,19;-8,41;-10,22
CampoPrincipe;CampoPrincipe1;10131;67,48;60,79;74,12;71,08;70,13;66,51;63,6;62,65;67,23;59,76;74,1;70,98;69,89;66,21;63,0;61,97;65,09;57,07;72,7;69,17;67,94;63,91;60,36;59,32;20,2;0,0;26,0;19,3;15,7;13,0;12,1;2,12;0,0;2,91;2,29;2,25;2,12;2,01;1,98;0,0347;0,0146;0,0868;0,0552;0,0492;0,0326;0,0236;0,0214;0,185;0,0;1,14;0,497;0,397;0,116;0,0287;0,0182;0,0176;0,00756;0,0349;0,0287;0,0242;0,0172;0,0107;0,00887;0,349;0,233;0,51;0,424;0,409;0,346;0,292;0,272;8,85;0,298;26,9;16,6;14,2;8,16;4,31;3,48;-0,05;-11,66;53,03;37,22;31,77;8,19;-8,41;-10,22
CampoPrincipe;CampoPrincipe1;10132;67,48;60,79;74,12;71,08;70,13;66,51;63,6;62,65;67,23;59,76;74,1;70,98;69,89;66,21;63,0;61,97;65,09;57,07;72,7;69,17;67,94;63,91;60,36;59,32;20,2;0,0;26,0;19,3;15,7;13,0;12,1;2,12;0,0;2,91;2,29;2,25;2,12;2,01;1,98;0,0347;0,0146;0,0868;0,0552;0,0492;0,0326;0,0236;0,0214;0,185;0,0;1,14;0,497;0,397;0,116;0,0287;0,0182;0,0176;0,00756;0,0349;0,0287;0,0242;0,0172;0,0107;0,00887;0,349;0,233;0,51;0,424;0,409;0,346;0,292;0,272;8,85;0,298;26,9;16,6;14,2;8,16;4,31;3,48;-0,05;-11,66;53,03;37,22;31,77;8,19;-8,41;-10,22
CampoPrincipe;CampoPrincipe1;10073;68,81;61,5;75,6;72,42;71,37;68,01;63,87;63,33;68,57;60,47;75,59;72,36;71,22;67,74;63,26;62,47;65,74;56,68;73,88;69,62;68,48;64,85;59,97;59,13;21,5;0,0;26,5;20,3;16,3;12,7;12,1;2,06;0,0;3,06;2,56;2,38;2,01;1,87;1,84;0,037;0,016;0,131;0,0599;0,0519;0,0349;0,0243;0,0224;0,208;0,0;1,49;0,551;0,42;0,152;0,0462;0,0333;0,0265;0,0117;0,0508;0,0464;0,0413;0,0242;0,0171;0,0145;0,333;0,208;0,771;0,44;0,404;0,326;0,264;0,249;12,6;0,732;44,1;24,3;21,0;11,4;5,81;4,64;-0,37;-9,15;52,54;38,56;31,5;10,59;-2,35;-5,65
CampoPrincipe;CampoPrincipe1;10074;68,81;61,5;75,6;72,42;71,37;68,01;63,87;63,33;68,57;60,47;75,59;72,36;71,22;67,74;63,26;62,47;65,74;56,68;73,88;69,62;68,48;64,85;59,97;59,13;21,5;0,0;26,5;20,3;16,3;12,7;12,1;2,06;0,0;3,06;2,56;2,38;2,01;1,87;1,84;0,037;0,016;0,131;0,0599;0,0519;0,0349;0,0243;0,0224;0,208;0,0;1,49;0,551;0,42;0,152;0,0462;0,0333;0,0265;0,0117;0,0508;0,0464;0,0413;0,0242;0,0171;0,0145;0,333;0,208;0,771;0,44;0,404;0,326;0,264;0,249;12,6;0,732;44,1;24,3;21,0;11,4;5,81;4,64;-0,37;-9,15;52,54;38,56;31,5;10,59;-2,35;-5,65
CampoPrincipe;CampoPrincipe1;10075;68,81;61,5;75,6;72,42;71,37;68,01;63,87;63,33;68,57;60,47;75,59;72,36;71,22;67,74;63,26;62,47;65,74;56,68;73,88;69,62;68,48;64,85;59,97;59,13;21,5;0,0;26,5;20,3;16,3;12,7;12,1;2,06;0,0;3,06;2,56;2,38;2,01;1,87;1,84;0,037;0,016;0,131;0,0599;0,0519;0,0349;0,0243;0,0224;0,208;0,0;1,49;0,551;0,42;0,152;0,0462;0,0333;0,0265;0,0117;0,0508;0,0464;0,0413;0,0242;0,0171;0,0145;0,333;0,208;0,771;0,44;0,404;0,326;0,264;0,249;12,6;0,732;44,1;24,3;21,0;11,4;5,81;4,64;-0,37;-9,15;52,54;38,56;31,5;10,59;-2,35;-5,65
CampoPrincipe;CampoPrincipe1;10076;68,81;61,5;75,6;72,42;71,37;68,01;63,87;63,33;68,57;60,47;75,59;72,36;71,22;67,74;63,26;62,47;65,74;56,68;73,88;69,62;68,48;64,85;59,97;59,13;21,5;0,0;26,5;20,3;16,3;12,7;12,1;2,06;0,0;3,06;2,56;2,38;2,01;1,87;1,84;0,037;0,016;0,131;0,0599;0,0519;0,0349;0,0243;0,0224;0,208;0,0;1,49;0,551;0,42;0,152;0,0462;0,0333;0,0265;0,0117;0,0508;0,0464;0,0413;0,0242;0,0171;0,0145;0,333;0,208;0,771;0,44;0,404;0,326;0,264;0,249;12,6;0,732;44,1;24,3;21,0;11,4;5,81;4,64;-0,37;-9,15;52,54;38,56;31,5;10,59;-2,35;-5,65
CampoPrincipe;CampoPrincipe1;10077;68,81;61,5;75,6;72,42;71,37;68,01;63,87;63,33;68,57;60,47;75,59;72,36;71,22;67,74;63,26;62,47;65,74;56,68;73,88;69,62;68,48;64,85;59,97;59,13;21,5;0,0;26,5;20,3;16,3;12,7;12,1;2,06;0,0;3,06;2,56;2,38;2,01;1,87;1,84;0,037;0,016;0,131;0,0599;0,0519;0,0349;0,0243;0,0224;0,208;0,0;1,49;0,551;0,42;0,152;0,0462;0,0333;0,0265;0,0117;0,0508;0,0464;0,0413;0,0242;0,0171;0,0145;0,333;0,208;0,771;0,44;0,404;0,326;0,264;0,249;12,6;0,732;44,1;24,3;21,0;11,4;5,81;4,64;-0,37;-9,15;52,54;38,56;31,5;10,59;-2,35;-5,65
CampoPrincipe;CampoPrincipe1;10078;68,81;61,5;75,6;72,42;71,37;68,01;63,87;63,33;68,57;60,47;75,59;72,36;71,22;67,74;63,26;62,47;65,74;56,68;73,88;69,62;68,48;64,85;59,97;59,13;21,5;0,0;26,5;20,3;16,3;12,7;12,1;2,06;0,0;3,06;2,56;2,38;2,01;1,87;1,84;0,037;0,016;0,131;0,0599;0,0519;0,0349;0,0243;0,0224;0,208;0,0;1,49;0,551;0,42;0,152;0,0462;0,0333;0,0265;0,0117;0,0508;0,0464;0,0413;0,0242;0,0171;0,0145;0,333;0,208;0,771;0,44;0,404;0,326;0,264;0,249;12,6;0,732;44,1;24,3;21,0;11,4;5,81;4,64;-0,37;-9,15;52,54;38,56;31,5;10,59;-2,35;-5,65
CampoPrincipe;CampoPrincipe1;10079;68,81;61,5;75,6;72,42;71,37;68,01;63,87;63,33;68,57;60,47;75,59;72,36;71,22;67,74;63,26;62,47;65,74;56,68;73,88;69,62;68,48;64,85;59,97;59,13;21,5;0,0;26,5;20,3;16,3;12,7;12,1;2,06;0,0;3,06;2,56;2,38;2,01;1,87;1,84;0,037;0,016;0,131;0,0599;0,0519;0,0349;0,0243;0,0224;0,208;0,0;1,49;0,551;0,42;0,152;0,0462;0,0333;0,0265;0,0117;0,0508;0,0464;0,0413;0,0242;0,0171;0,0145;0,333;0,208;0,771;0,44;0,404;0,326;0,264;0,249;12,6;0,732;44,1;24,3;21,0;11,4;5,81;4,64;-0,37;-9,15;52,54;38,56;31,5;10,59;-2,35;-5,65
CampoPrincipe;CampoPrincipe1;10080;68,81;61,5;75,6;72,42;71,37;68,01;63,87;63,33;68,57;60,47;75,59;72,36;71,22;67,74;63,26;62,47;65,74;56,68;73,88;69,62;68,48;64,85;59,97;59,13;21,5;0,0;26,5;20,3;16,3;12,7;12,1;2,06;0,0;3,06;2,56;2,38;2,01;1,87;1,84;0,037;0,016;0,131;0,0599;0,0519;0,0349;0,0243;0,0224;0,208;0,0;1,49;0,551;0,42;0,152;0,0462;0,0333;0,0265;0,0117;0,0508;0,0464;0,0413;0,0242;0,0171;0,0145;0,333;0,208;0,771;0,44;0,404;0,326;0,264;0,249;12,6;0,732;44,1;24,3;21,0;11,4;5,81;4,64;-0,37;-9,15;52,54;38,56;31,5;10,59;-2,35;-5,65
CampoPrincipe;CampoPrincipe1;10081;68,81;61,5;75,6;72,42;71,37;68,01;63,87;63,33;68,57;60,47;75,59;72,36;71,22;67,74;63,26;62,47;65,74;56,68;73,88;69,62;68,48;64,85;59,97;59,13;21,5;0,0;26,5;20,3;16,3;12,7;12,1;2,06;0,0;3,06;2,56;2,38;2,01;1,87;1,84;0,037;0,016;0,131;0,0599;0,0519;0,0349;0,0243;0,0224;0,208;0,0;1,49;0,551;0,42;0,152;0,0462;0,0333;0,0265;0,0117;0,0508;0,0464;0,0413;0,0242;0,0171;0,0145;0,333;0,208;0,771;0,44;0,404;0,326;0,264;0,249;12,6;0,732;44,1;24,3;21,0;11,4;5,81;4,64;-0,37;-9,15;52,54;38,56;31,5;10,59;-2,35;-5,65
CampoPrincipe;CampoPrincipe1;10082;68,81;61,5;75,6;72,42;71,37;68,01;63,87;63,33;68,57;60,47;75,59;72,36;71,22;67,74;63,26;62,47;65,74;56,68;73,88;69,62;68,48;64,85;59,97;59,13;21,5;0,0;26,5;20,3;16,3;12,7;12,1;2,06;0,0;3,06;2,56;2,38;2,01;1,87;1,84;0,037;0,016;0,131;0,0599;0,0519;0,0349;0,0243;0,0224;0,208;0,0;1,49;0,551;0,42;0,152;0,0462;0,0333;0,0265;0,0117;0,0508;0,0464;0,0413;0,0242;0,0171;0,0145;0,333;0,208;0,771;0,44;0,404;0,326;0,264;0,249;12,6;0,732;44,1;24,3;21,0;11,4;5,81;4,64;-0,37;-9,15;52,54;38,56;31,5;10,59;-2,35;-5,65
CampoPrincipe;CampoPrincipe1;10084;68,81;61,5;75,6;72,42;71,37;68,01;63,87;63,33;68,57;60,47;75,59;72,36;71,22;67,74;63,26;62,47;65,74;56,68;73,88;69,62;68,48;64,85;59,97;59,13;21,5;0,0;26,5;20,3;16,3;12,7;12,1;2,06;0,0;3,06;2,56;2,38;2,01;1,87;1,84;0,037;0,016;0,131;0,0599;0,0519;0,0349;0,0243;0,0224;0,208;0,0;1,49;0,551;0,42;0,152;0,0462;0,0333;0,0265;0,0117;0,0508;0,0464;0,0413;0,0242;0,0171;0,0145;0,333;0,208;0,771;0,44;0,404;0,326;0,264;0,249;12,6;0,732;44,1;24,3;21,0;11,4;5,81;4,64;-0,37;-9,15;52,54;38,56;31,5;10,59;-2,35;-5,65
CampoPrincipe;CampoPrincipe1;10085;68,81;61,5;75,6;72,42;71,37;68,01;63,87;63,33;68,57;60,47;75,59;72,36;71,22;67,74;63,26;62,47;65,74;56,68;73,88;69,62;68,48;64,85;59,97;59,13;21,5;0,0;26,5;20,3;16,3;12,7;12,1;2,06;0,0;3,06;2,56;2,38;2,01;1,87;1,84;0,037;0,016;0,131;0,0599;0,0519;0,0349;0,0243;0,0224;0,208;0,0;1,49;0,551;0,42;0,152;0,0462;0,0333;0,0265;0,0117;0,0508;0,0464;0,0413;0,0242;0,0171;0,0145;0,333;0,208;0,771;0,44;0,404;0,326;0,264;0,249;12,6;0,732;44,1;24,3;21,0;11,4;5,81;4,64;-0,37;-9,15;52,54;38,56;31,5;10,59;-2,35;-5,65
CampoPrincipe;CampoPrincipe1;10086;68,81;61,5;75,6;72,42;71,37;68,01;63,87;63,33;68,57;60,47;75,59;72,36;71,22;67,74;63,26;62,47;65,74;56,68;73,88;69,62;68,48;64,85;59,97;59,13;21,5;0,0;26,5;20,3;16,3;12,7;12,1;2,06;0,0;3,06;2,56;2,38;2,01;1,87;1,84;0,037;0,016;0,131;0,0599;0,0519;0,0349;0,0243;0,0224;0,208;0,0;1,49;0,551;0,42;0,152;0,0462;0,0333;0,0265;0,0117;0,0508;0,0464;0,0413;0,0242;0,0171;0,0145;0,333;0,208;0,771;0,44;0,404;0,326;0,264;0,249;12,6;0,732;44,1;24,3;21,0;11,4;5,81;4,64;-0,37;-9,15;52,54;38,56;31,5;10,59;-2,35;-5,65
CampoPrincipe;CampoPrincipe1;10087;68,81;61,5;75,6;72,42;71,37;68,01;63,87;63,33;68,57;60,47;75,59;72,36;71,22;67,74;63,26;62,47;65,74;56,68;73,88;69,62;68,48;64,85;59,97;59,13;21,5;0,0;26,5;20,3;16,3;12,7;12,1;2,06;0,0;3,06;2,56;2,38;2,01;1,87;1,84;0,037;0,016;0,131;0,0599;0,0519;0,0349;0,0243;0,0224;0,208;0,0;1,49;0,551;0,42;0,152;0,0462;0,0333;0,0265;0,0117;0,0508;0,0464;0,0413;0,0242;0,0171;0,0145;0,333;0,208;0,771;0,44;0,404;0,326;0,264;0,249;12,6;0,732;44,1;24,3;21,0;11,4;5,81;4,64;-0,37;-9,15;52,54;38,56;31,5;10,59;-2,35;-5,65
CampoPrincipe;CampoPrincipe1;10088;68,81;61,5;75,6;72,42;71,37;68,01;63,87;63,33;68,57;60,47;75,59;72,36;71,22;67,74;63,26;62,47;65,74;56,68;73,88;69,62;68,48;64,85;59,97;59,13;21,5;0,0;26,5;20,3;16,3;12,7;12,1;2,06;0,0;3,06;2,56;2,38;2,01;1,87;1,84;0,037;0,016;0,131;0,0599;0,0519;0,0349;0,0243;0,0224;0,208;0,0;1,49;0,551;0,42;0,152;0,0462;0,0333;0,0265;0,0117;0,0508;0,0464;0,0413;0,0242;0,0171;0,0145;0,333;0,208;0,771;0,44;0,404;0,326;0,264;0,249;12,6;0,732;44,1;24,3;21,0;11,4;5,81;4,64;-0,37;-9,15;52,54;38,56;31,5;10,59;-2,35;-5,65
CampoPrincipe;CampoPrincipe1;10089;68,81;61,5;75,6;72,42;71,37;68,01;63,87;63,33;68,57;60,47;75,59;72,36;71,22;67,74;63,26;62,47;65,74;56,68;73,88;69,62;68,48;64,85;59,97;59,13;21,5;0,0;26,5;20,3;16,3;12,7;12,1;2,06;0,0;3,06;2,56;2,38;2,01;1,87;1,84;0,037;0,016;0,131;0,0599;0,0519;0,0349;0,0243;0,0224;0,208;0,0;1,49;0,551;0,42;0,152;0,0462;0,0333;0,0265;0,0117;0,0508;0,0464;0,0413;0,0242;0,0171;0,0145;0,333;0,208;0,771;0,44;0,404;0,326;0,264;0,249;12,6;0,732;44,1;24,3;21,0;11,4;5,81;4,64;-0,37;-9,15;52,54;38,56;31,5;10,59;-2,35;-5,65
CampoPrincipe;CampoPrincipe1;10090;68,81;61,5;75,6;72,42;71,37;68,01;63,87;63,33;68,57;60,47;75,59;72,36;71,22;67,74;63,26;62,47;65,74;56,68;73,88;69,62;68,48;64,85;59,97;59,13;21,5;0,0;26,5;20,3;16,3;12,7;12,1;2,06;0,0;3,06;2,56;2,38;2,01;1,87;1,84;0,037;0,016;0,131;0,0599;0,0519;0,0349;0,0243;0,0224;0,208;0,0;1,49;0,551;0,42;0,152;0,0462;0,0333;0,0265;0,0117;0,0508;0,0464;0,0413;0,0242;0,0171;0,0145;0,333;0,208;0,771;0,44;0,404;0,326;0,264;0,249;12,6;0,732;44,1;24,3;21,0;11,4;5,81;4,64;-0,37;-9,15;52,54;38,56;31,5;10,59;-2,35;-5,65
CampoPrincipe;CampoPrincipe1;10093;68,81;61,5;75,6;72,42;71,37;68,01;63,87;63,33;68,57;60,47;75,59;72,36;71,22;67,74;63,26;62,47;65,74;56,68;73,88;69,62;68,48;64,85;59,97;59,13;21,5;0,0;26,5;20,3;16,3;12,7;12,1;2,06;0,0;3,06;2,56;2,38;2,01;1,87;1,84;0,037;0,016;0,131;0,0599;0,0519;0,0349;0,0243;0,0224;0,208;0,0;1,49;0,551;0,42;0,152;0,0462;0,0333;0,0265;0,0117;0,0508;0,0464;0,0413;0,0242;0,0171;0,0145;0,333;0,208;0,771;0,44;0,404;0,326;0,264;0,249;12,6;0,732;44,1;24,3;21,0;11,4;5,81;4,64;-0,37;-9,15;52,54;38,56;31,5;10,59;-2,35;-5,65
CampoPrincipe;CampoPrincipe1;10094;68,81;61,5;75,6;72,42;71,37;68,01;63,87;63,33;68,57;60,47;75,59;72,36;71,22;67,74;63,26;62,47;65,74;56,68;73,88;69,62;68,48;64,85;59,97;59,13;21,5;0,0;26,5;20,3;16,3;12,7;12,1;2,06;0,0;3,06;2,56;2,38;2,01;1,87;1,84;0,037;0,016;0,131;0,0599;0,0519;0,0349;0,0243;0,0224;0,208;0,0;1,49;0,551;0,42;0,152;0,0462;0,0333;0,0265;0,0117;0,0508;0,0464;0,0413;0,0242;0,0171;0,0145;0,333;0,208;0,771;0,44;0,404;0,326;0,264;0,249;12,6;0,732;44,1;24,3;21,0;11,4;5,81;4,64;-0,37;-9,15;52,54;38,56;31,5;10,59;-2,35;-5,65
CampoPrincipe;CampoPrincipe1;10095;68,81;61,5;75,6;72,42;71,37;68,01;63,87;63,33;68,57;60,47;75,59;72,36;71,22;67,74;63,26;62,47;65,74;56,68;73,88;69,62;68,48;64,85;59,97;59,13;21,5;0,0;26,5;20,3;16,3;12,7;12,1;2,06;0,0;3,06;2,56;2,38;2,01;1,87;1,84;0,037;0,016;0,131;0,0599;0,0519;0,0349;0,0243;0,0224;0,208;0,0;1,49;0,551;0,42;0,152;0,0462;0,0333;0,0265;0,0117;0,0508;0,0464;0,0413;0,0242;0,0171;0,0145;0,333;0,208;0,771;0,44;0,404;0,326;0,264;0,249;12,6;0,732;44,1;24,3;21,0;11,4;5,81;4,64;-0,37;-9,15;52,54;38,56;31,5;10,59;-2,35;-5,65
CampoPrincipe;CampoPrincipe1;10096;68,81;61,5;75,6;72,42;71,37;68,01;63,87;63,33;68,57;60,47;75,59;72,36;71,22;67,74;63,26;62,47;65,74;56,68;73,88;69,62;68,48;64,85;59,97;59,13;21,5;0,0;26,5;20,3;16,3;12,7;12,1;2,06;0,0;3,06;2,56;2,38;2,01;1,87;1,84;0,037;0,016;0,131;0,0599;0,0519;0,0349;0,0243;0,0224;0,208;0,0;1,49;0,551;0,42;0,152;0,0462;0,0333;0,0265;0,0117;0,0508;0,0464;0,0413;0,0242;0,0171;0,0145;0,333;0,208;0,771;0,44;0,404;0,326;0,264;0,249;12,6;0,732;44,1;24,3;21,0;11,4;5,81;4,64;-0,37;-9,15;52,54;38,56;31,5;10,59;-2,35;-5,65
CampoPrincipe;CampoPrincipe1;10133;68,81;61,5;75,6;72,42;71,37;68,01;63,87;63,33;68,57;60,47;75,59;72,36;71,22;67,74;63,26;62,47;65,74;56,68;73,88;69,62;68,48;64,85;59,97;59,13;21,5;0,0;26,5;20,3;16,3;12,7;12,1;2,06;0,0;3,06;2,56;2,38;2,01;1,87;1,84;0,037;0,016;0,131;0,0599;0,0519;0,0349;0,0243;0,0224;0,208;0,0;1,49;0,551;0,42;0,152;0,0462;0,0333;0,0265;0,0117;0,0508;0,0464;0,0413;0,0242;0,0171;0,0145;0,333;0,208;0,771;0,44;0,404;0,326;0,264;0,249;12,6;0,732;44,1;24,3;21,0;11,4;5,81;4,64;-0,37;-9,15;52,54;38,56;31,5;10,59;-2,35;-5,65
CampoPrincipe;CampoPrincipe1;10042;62,25;58,0;71,39;66,51;64,59;60,97;59,53;59,15;60,92;57,1;71,3;64,73;63,04;59,61;58,21;57,96;58,38;54,16;70,38;63,4;61,11;56,42;54,94;54,69;14,6;0,0;22,6;13,0;10,8;9,75;9,54;2,23;0,0;2,97;2,39;2,35;2,23;2,1;2,06;0,0249;0,0123;0,0673;0,0386;0,0337;0,0233;0,0178;0,0165;0,102;0,0;1,3;0,271;0,154;0,0342;0,00561;0,00303;0,012;0,00292;0,0303;0,029;0,0254;0,00818;0,00486;0,00349;0,344;0,223;1,05;0,448;0,406;0,333;0,276;0,263;7,12;0,393;60,3;17,4;12,4;5,74;2,89;2,3;-1,62;-12,66;52,56;32,78;27,59;5,85;-10,88;-11,67
CampoPrincipe;CampoPrincipe1;10098;62,25;58,0;71,39;66,51;64,59;60,97;59,53;59,15;60,92;57,1;71,3;64,73;63,04;59,61;58,21;57,96;58,38;54,16;70,38;63,4;61,11;56,42;54,94;54,69;14,6;0,0;22,6;13,0;10,8;9,75;9,54;2,23;0,0;2,97;2,39;2,35;2,23;2,1;2,06;0,0249;0,0123;0,0673;0,0386;0,0337;0,0233;0,0178;0,0165;0,102;0,0;1,3;0,271;0,154;0,0342;0,00561;0,00303;0,012;0,00292;0,0303;0,029;0,0254;0,00818;0,00486;0,00349;0,344;0,223;1,05;0,448;0,406;0,333;0,276;0,263;7,12;0,393;60,3;17,4;12,4;5,74;2,89;2,3;-1,62;-12,66;52,56;32,78;27,59;5,85;-10,88;-11,67
CampoPrincipe;CampoPrincipe1;10099;62,25;58,0;71,39;66,51;64,59;60,97;59,53;59,15;60,92;57,1;71,3;64,73;63,04;59,61;58,21;57,96;58,38;54,16;70,38;63,4;61,11;56,42;54,94;54,69;14,6;0,0;22,6;13,0;10,8;9,75;9,54;2,23;0,0;2,97;2,39;2,35;2,23;2,1;2,06;0,0249;0,0123;0,0673;0,0386;0,0337;0,0233;0,0178;0,0165;0,102;0,0;1,3;0,271;0,154;0,0342;0,00561;0,00303;0,012;0,00292;0,0303;0,029;0,0254;0,00818;0,00486;0,00349;0,344;0,223;1,05;0,448;0,406;0,333;0,276;0,263;7,12;0,393;60,3;17,4;12,4;5,74;2,89;2,3;-1,62;-12,66;52,56;32,78;27,59;5,85;-10,88;-11,67
CampoPrincipe;CampoPrincipe1;10100;62,25;58,0;71,39;66,51;64,59;60,97;59,53;59,15;60,92;57,1;71,3;64,73;63,04;59,61;58,21;57,96;58,38;54,16;70,38;63,4;61,11;56,42;54,94;54,69;14,6;0,0;22,6;13,0;10,8;9,75;9,54;2,23;0,0;2,97;2,39;2,35;2,23;2,1;2,06;0,0249;0,0123;0,0673;0,0386;0,0337;0,0233;0,0178;0,0165;0,102;0,0;1,3;0,271;0,154;0,0342;0,00561;0,00303;0,012;0,00292;0,0303;0,029;0,0254;0,00818;0,00486;0,00349;0,344;0,223;1,05;0,448;0,406;0,333;0,276;0,263;7,12;0,393;60,3;17,4;12,4;5,74;2,89;2,3;-1,62;-12,66;52,56;32,78;27,59;5,85;-10,88;-11,67
CampoPrincipe;CampoPrincipe1;10101;62,25;58,0;71,39;66,51;64,59;60,97;59,53;59,15;60,92;57,1;71,3;64,73;63,04;59,61;58,21;57,96;58,38;54,16;70,38;63,4;61,11;56,42;54,94;54,69;14,6;0,0;22,6;13,0;10,8;9,75;9,54;2,23;0,0;2,97;2,39;2,35;2,23;2,1;2,06;0,0249;0,0123;0,0673;0,0386;0,0337;0,0233;0,0178;0,0165;0,102;0,0;1,3;0,271;0,154;0,0342;0,00561;0,00303;0,012;0,00292;0,0303;0,029;0,0254;0,00818;0,00486;0,00349;0,344;0,223;1,05;0,448;0,406;0,333;0,276;0,263;7,12;0,393;60,3;17,4;12,4;5,74;2,89;2,3;-1,62;-12,66;52,56;32,78;27,59;5,85;-10,88;-11,67
CampoPrincipe;CampoPrincipe1;10134;62,25;58,0;71,39;66,51;64,59;60,97;59,53;59,15;60,92;57,1;71,3;64,73;63,04;59,61;58,21;57,96;58,38;54,16;70,38;63,4;61,11;56,42;54,94;54,69;14,6;0,0;22,6;13,0;10,8;9,75;9,54;2,23;0,0;2,97;2,39;2,35;2,23;2,1;2,06;0,0249;0,0123;0,0673;0,0386;0,0337;0,0233;0,0178;0,0165;0,102;0,0;1,3;0,271;0,154;0,0342;0,00561;0,00303;0,012;0,00292;0,0303;0,029;0,0254;0,00818;0,00486;0,00349;0,344;0,223;1,05;0,448;0,406;0,333;0,276;0,263;7,12;0,393;60,3;17,4;12,4;5,74;2,89;2,3;-1,62;-12,66;52,56;32,78;27,59;5,85;-10,88;-11,67
CampoPrincipe;CampoPrincipe1;10019;62,84;57,93;70,75;66,99;65,65;61,66;59,36;58,88;60,86;56,47;67,96;64,06;63,44;59,93;58,03;57,6;57,71;54,29;63,48;60,8;59,92;56,8;55,18;54,96;13,6;0,0;17,5;12,9;11,0;9,87;9,65;2,18;0,0;2,88;2,39;2,34;2,18;2,02;1,98;0,0261;0,0128;0,0807;0,04;0,0348;0,0247;0,0189;0,0173;0,0997;0,0;0,865;0,288;0,182;0,0371;0,00867;0,00505;0,0118;0,0042;0,0277;0,0258;0,0229;0,00947;0,00499;0,00452;0,352;0,233;0,599;0,437;0,418;0,351;0,284;0,271;6,82;0,199;32,8;14,2;11,7;5,91;3,02;2,42;-0,41;-13,1;55,32;31,36;27,25;6,74;-9,23;-11,19
CampoPrincipe;CampoPrincipe1;10043;62,84;57,93;70,75;66,99;65,65;61,66;59,36;58,88;60,86;56,47;67,96;64,06;63,44;59,93;58,03;57,6;57,71;54,29;63,48;60,8;59,92;56,8;55,18;54,96;13,6;0,0;17,5;12,9;11,0;9,87;9,65;2,18;0,0;2,88;2,39;2,34;2,18;2,02;1,98;0,0261;0,0128;0,0807;0,04;0,0348;0,0247;0,0189;0,0173;0,0997;0,0;0,865;0,288;0,182;0,0371;0,00867;0,00505;0,0118;0,0042;0,0277;0,0258;0,0229;0,00947;0,00499;0,00452;0,352;0,233;0,599;0,437;0,418;0,351;0,284;0,271;6,82;0,199;32,8;14,2;11,7;5,91;3,02;2,42;-0,41;-13,1;55,32;31,36;27,25;6,74;-9,23;-11,19
CampoPrincipe;CampoPrincipe1;10033;65,84;61,47;71,25;68,67;68,16;65,31;62,86;62,46;65,19;60,53;69,64;68,19;67,67;64,81;62,14;61,57;61,43;55,76;66,44;65,03;64,42;60,64;57,26;56,69;15,8;0,0;18,8;15,1;12,5;10,5;10,2;1,71;0,0;2,47;1,87;1,82;1,7;1,6;1,57;0,0337;0,016;0,125;0,0525;0,0461;0,0318;0,0233;0,0209;0,166;0,0;1,36;0,484;0,324;0,107;0,0253;0,0161;0,0176;0,0051;0,048;0,041;0,0303;0,0185;0,00594;0,00546;0,269;0,129;0,436;0,336;0,32;0,27;0,218;0,207;7,94;0,173;35,0;16,7;13,8;7,08;3,36;2,6;-1,26;-20,39;54,61;34,53;25,97;-2,99;-18,03;-18,83
CampoPrincipe;CampoPrincipe1;10032;69,6;59,23;87,54;69,58;67,74;64,18;61,08;60,61;65,15;58,35;77,93;68,5;67,11;63,62;59,98;59,53;60,69;54,29;68,49;64,47;63,36;59,68;55,72;55,34;16,0;0,0;19,8;15,2;12,4;10,3;10,0;1,98;0,0;2,47;2,19;2,12;1,97;1,83;1,8;0,032;0,0149;0,072;0,0507;0,0451;0,0303;0,0213;0,0191;0,175;0,0;1,36;0,541;0,387;0,107;0,0242;0,0148;0,0177;0,00726;0,0417;0,034;0,0287;0,0168;0,00892;0,00849;0,284;0,187;0,467;0,362;0,341;0,282;0,232;0,217;8,76;0,435;35,9;18,5;15,7;7,66;3,36;2,57;-4,65;-18,05;66,38;32,63;27,0;4,43;-15,04;-16,23
CampoPrincipe;CampoPrincipe1;10050;69,6;59,23;87,54;69,58;67,74;64,18;61,08;60,61;65,15;58,35;77,93;68,5;67,11;63,62;59,98;59,53;60,69;54,29;68,49;64,47;63,36;59,68;55,72;55,34;16,0;0,0;19,8;15,2;12,4;10,3;10,0;1,98;0,0;2,47;2,19;2,12;1,97;1,83;1,8;0,032;0,0149;0,072;0,0507;0,0451;0,0303;0,0213;0,0191;0,175;0,0;1,36;0,541;0,387;0,107;0,0242;0,0148;0,0177;0,00726;0,0417;0,034;0,0287;0,0168;0,00892;0,00849;0,284;0,187;0,467;0,362;0,341;0,282;0,232;0,217;8,76;0,435;35,9;18,5;15,7;7,66;3,36;2,57;-4,65;-18,05;66,38;32,63;27,0;4,43;-15,04;-16,23
CampoPrincipe;CampoPrincipe1;10051;69,6;59,23;87,54;69,58;67,74;64,18;61,08;60,61;65,15;58,35;77,93;68,5;67,11;63,62;59,98;59,53;60,69;54,29;68,49;64,47;63,36;59,68;55,72;55,34;16,0;0,0;19,8;15,2;12,4;10,3;10,0;1,98;0,0;2,47;2,19;2,12;1,97;1,83;1,8;0,032;0,0149;0,072;0,0507;0,0451;0,0303;0,0213;0,0191;0,175;0,0;1,36;0,541;0,387;0,107;0,0242;0,0148;0,0177;0,00726;0,0417;0,034;0,0287;0,0168;0,00892;0,00849;0,284;0,187;0,467;0,362;0,341;0,282;0,232;0,217;8,76;0,435;35,9;18,5;15,7;7,66;3,36;2,57;-4,65;-18,05;66,38;32,63;27,0;4,43;-15,04;-16,23
CampoPrincipe;CampoPrincipe1;10052;69,6;59,23;87,54;69,58;67,74;64,18;61,08;60,61;65,15;58,35;77,93;68,5;67,11;63,62;59,98;59,53;60,69;54,29;68,49;64,47;63,36;59,68;55,72;55,34;16,0;0,0;19,8;15,2;12,4;10,3;10,0;1,98;0,0;2,47;2,19;2,12;1,97;1,83;1,8;0,032;0,0149;0,072;0,0507;0,0451;0,0303;0,0213;0,0191;0,175;0,0;1,36;0,541;0,387;0,107;0,0242;0,0148;0,0177;0,00726;0,0417;0,034;0,0287;0,0168;0,00892;0,00849;0,284;0,187;0,467;0,362;0,341;0,282;0,232;0,217;8,76;0,435;35,9;18,5;15,7;7,66;3,36;2,57;-4,65;-18,05;66,38;32,63;27,0;4,43;-15,04;-16,23
CampoPrincipe;CampoPrincipe1;10068;64,43;59,73;72,15;67,52;66,92;63,55;61,6;61,09;63,87;58,83;70,48;67,02;66,55;62,96;60,76;60,19;60,98;55,33;68,18;64,3;63,69;60,01;57,36;56,79;16,3;0,0;24,9;15,5;12,9;11,1;10,9;2,09;0,0;3,03;2,29;2,23;2,07;1,95;1,93;0,0307;0,0134;0,0851;0,045;0,0411;0,0296;0,0213;0,0199;0,103;0,0;1,01;0,28;0,195;0,0588;0,0144;0,00871;0,012;0,00612;0,0421;0,0288;0,0173;0,0105;0,00792;0,00676;0,32;0,224;0,449;0,409;0,384;0,315;0,267;0,256;7,02;0,217;44,1;13,7;11,4;6,21;3,21;2,58;-0,78;-13,73;51,56;34,67;28,52;7,52;-11,11;-12,67
CampoPrincipe;CampoPrincipe1;10053;69,06;59,57;86,79;68,16;67,08;63,7;61,63;61,13;67,32;58,66;84,45;67,81;66,78;63,21;60,9;60,29;60,94;55,81;73,14;64,36;63,21;59,86;57,85;57,09;16,7;0,0;33,2;15,7;13,3;11,7;11,3;2,24;0,0;3,34;2,63;2,47;2,21;2,05;2,0;0,0287;0,0127;0,0751;0,043;0,0393;0,0275;0,0199;0,0181;0,1;0,0;0,904;0,268;0,206;0,0538;0,0137;0,00778;0,0154;0,00592;0,0764;0,0251;0,0234;0,0142;0,00804;0,0068;0,345;0,227;0,935;0,457;0,416;0,34;0,277;0,263;8,27;0,848;63,6;17,3;14,0;7,11;3,69;2,97;-2,44;-10,26;61,21;33,94;29,75;11,2;-7,57;-8,54
CampoPrincipe;CampoPrincipe1;10054;69,06;59,57;86,79;68,16;67,08;63,7;61,63;61,13;67,32;58,66;84,45;67,81;66,78;63,21;60,9;60,29;60,94;55,81;73,14;64,36;63,21;59,86;57,85;57,09;16,7;0,0;33,2;15,7;13,3;11,7;11,3;2,24;0,0;3,34;2,63;2,47;2,21;2,05;2,0;0,0287;0,0127;0,0751;0,043;0,0393;0,0275;0,0199;0,0181;0,1;0,0;0,904;0,268;0,206;0,0538;0,0137;0,00778;0,0154;0,00592;0,0764;0,0251;0,0234;0,0142;0,00804;0,0068;0,345;0,227;0,935;0,457;0,416;0,34;0,277;0,263;8,27;0,848;63,6;17,3;14,0;7,11;3,69;2,97;-2,44;-10,26;61,21;33,94;29,75;11,2;-7,57;-8,54
CampoPrincipe;CampoPrincipe1;10059;69,06;59,57;86,79;68,16;67,08;63,7;61,63;61,13;67,32;58,66;84,45;67,81;66,78;63,21;60,9;60,29;60,94;55,81;73,14;64,36;63,21;59,86;57,85;57,09;16,7;0,0;33,2;15,7;13,3;11,7;11,3;2,24;0,0;3,34;2,63;2,47;2,21;2,05;2,0;0,0287;0,0127;0,0751;0,043;0,0393;0,0275;0,0199;0,0181;0,1;0,0;0,904;0,268;0,206;0,0538;0,0137;0,00778;0,0154;0,00592;0,0764;0,0251;0,0234;0,0142;0,00804;0,0068;0,345;0,227;0,935;0,457;0,416;0,34;0,277;0,263;8,27;0,848;63,6;17,3;14,0;7,11;3,69;2,97;-2,44;-10,26;61,21;33,94;29,75;11,2;-7,57;-8,54
CampoPrincipe;CampoPrincipe1;10060;69,06;59,57;86,79;68,16;67,08;63,7;61,63;61,13;67,32;58,66;84,45;67,81;66,78;63,21;60,9;60,29;60,94;55,81;73,14;64,36;63,21;59,86;57,85;57,09;16,7;0,0;33,2;15,7;13,3;11,7;11,3;2,24;0,0;3,34;2,63;2,47;2,21;2,05;2,0;0,0287;0,0127;0,0751;0,043;0,0393;0,0275;0,0199;0,0181;0,1;0,0;0,904;0,268;0,206;0,0538;0,0137;0,00778;0,0154;0,00592;0,0764;0,0251;0,0234;0,0142;0,00804;0,0068;0,345;0,227;0,935;0,457;0,416;0,34;0,277;0,263;8,27;0,848;63,6;17,3;14,0;7,11;3,69;2,97;-2,44;-10,26;61,21;33,94;29,75;11,2;-7,57;-8,54
CampoPrincipe;CampoPrincipe1;10055;67,53;60,75;82,48;70,32;69,06;65,79;62,78;62,26;65,97;60,19;73,28;68,81;68,01;65,4;62,28;61,69;63,03;57,32;68,99;65,94;65,21;62,65;59,26;58,49;17,9;0,0;21,9;17,3;14,7;12,2;11,7;2,13;0,0;2,82;2,45;2,34;2,1;1,96;1,93;0,0324;0,0155;0,0665;0,049;0,0437;0,031;0,0226;0,0209;0,145;0,0;1,19;0,421;0,285;0,0898;0,0224;0,015;0,0134;0,00743;0,0313;0,0226;0,0189;0,0125;0,00895;0,008;0,332;0,225;0,437;0,398;0,383;0,331;0,284;0,268;8,24;0,399;37,6;16,3;13,7;7,38;3,82;3,06;-0,73;-12,77;61,83;35,67;29,23;6,6;-8,94;-11,05
CampoPrincipe;CampoPrincipe1;10056;67,53;60,75;82,48;70,32;69,06;65,79;62,78;62,26;65,97;60,19;73,28;68,81;68,01;65,4;62,28;61,69;63,03;57,32;68,99;65,94;65,21;62,65;59,26;58,49;17,9;0,0;21,9;17,3;14,7;12,2;11,7;2,13;0,0;2,82;2,45;2,34;2,1;1,96;1,93;0,0324;0,0155;0,0665;0,049;0,0437;0,031;0,0226;0,0209;0,145;0,0;1,19;0,421;0,285;0,0898;0,0224;0,015;0,0134;0,00743;0,0313;0,0226;0,0189;0,0125;0,00895;0,008;0,332;0,225;0,437;0,398;0,383;0,331;0,284;0,268;8,24;0,399;37,6;16,3;13,7;7,38;3,82;3,06;-0,73;-12,77;61,83;35,67;29,23;6,6;-8,94;-11,05
CampoPrincipe;CampoPrincipe1;10057;67,53;60,75;82,48;70,32;69,06;65,79;62,78;62,26;65,97;60,19;73,28;68,81;68,01;65,4;62,28;61,69;63,03;57,32;68,99;65,94;65,21;62,65;59,26;58,49;17,9;0,0;21,9;17,3;14,7;12,2;11,7;2,13;0,0;2,82;2,45;2,34;2,1;1,96;1,93;0,0324;0,0155;0,0665;0,049;0,0437;0,031;0,0226;0,0209;0,145;0,0;1,19;0,421;0,285;0,0898;0,0224;0,015;0,0134;0,00743;0,0313;0,0226;0,0189;0,0125;0,00895;0,008;0,332;0,225;0,437;0,398;0,383;0,331;0,284;0,268;8,24;0,399;37,6;16,3;13,7;7,38;3,82;3,06;-0,73;-12,77;61,83;35,67;29,23;6,6;-8,94;-11,05
CampoPrincipe;CampoPrincipe1;10058;67,53;60,75;82,48;70,32;69,06;65,79;62,78;62,26;65,97;60,19;73,28;68,81;68,01;65,4;62,28;61,69;63,03;57,32;68,99;65,94;65,21;62,65;59,26;58,49;17,9;0,0;21,9;17,3;14,7;12,2;11,7;2,13;0,0;2,82;2,45;2,34;2,1;1,96;1,93;0,0324;0,0155;0,0665;0,049;0,0437;0,031;0,0226;0,0209;0,145;0,0;1,19;0,421;0,285;0,0898;0,0224;0,015;0,0134;0,00743;0,0313;0,0226;0,0189;0,0125;0,00895;0,008;0,332;0,225;0,437;0,398;0,383;0,331;0,284;0,268;8,24;0,399;37,6;16,3;13,7;7,38;3,82;3,06;-0,73;-12,77;61,83;35,67;29,23;6,6;-8,94;-11,05
CampoPrincipe;CampoPrincipe1;10062;72,06;66,51;77,7;75,22;74,47;71,46;68,6;68,06;71,92;66,23;77,68;75,19;74,42;71,28;68,35;67,76;69,26;63,13;75,51;72,76;72,06;68,45;65,1;64,47;25,6;0,0;33,7;24,2;19,5;16,3;15,8;1,93;0,0;2,69;2,17;2,09;1,91;1,81;1,79;0,0441;0,0198;0,113;0,0651;0,0583;0,0424;0,0301;0,0279;0,19;0,0;1,9;0,466;0,369;0,142;0,0437;0,0294;0,0263;0,0102;0,055;0,0446;0,0366;0,0254;0,015;0,0122;0,322;0,185;0,505;0,406;0,372;0,322;0,271;0,26;12,1;1,69;48,7;23,0;19,4;11,1;5,81;4,82;-0,09;-13,06;55,87;41,79;33,83;6,78;-10,06;-11,2
CampoPrincipe;CampoPrincipe1;10063;72,06;66,51;77,7;75,22;74,47;71,46;68,6;68,06;71,92;66,23;77,68;75,19;74,42;71,28;68,35;67,76;69,26;63,13;75,51;72,76;72,06;68,45;65,1;64,47;25,6;0,0;33,7;24,2;19,5;16,3;15,8;1,93;0,0;2,69;2,17;2,09;1,91;1,81;1,79;0,0441;0,0198;0,113;0,0651;0,0583;0,0424;0,0301;0,0279;0,19;0,0;1,9;0,466;0,369;0,142;0,0437;0,0294;0,0263;0,0102;0,055;0,0446;0,0366;0,0254;0,015;0,0122;0,322;0,185;0,505;0,406;0,372;0,322;0,271;0,26;12,1;1,69;48,7;23,0;19,4;11,1;5,81;4,82;-0,09;-13,06;55,87;41,79;33,83;6,78;-10,06;-11,2
CampoPrincipe;CampoPrincipe1;10064;72,06;66,51;77,7;75,22;74,47;71,46;68,6;68,06;71,92;66,23;77,68;75,19;74,42;71,28;68,35;67,76;69,26;63,13;75,51;72,76;72,06;68,45;65,1;64,47;25,6;0,0;33,7;24,2;19,5;16,3;15,8;1,93;0,0;2,69;2,17;2,09;1,91;1,81;1,79;0,0441;0,0198;0,113;0,0651;0,0583;0,0424;0,0301;0,0279;0,19;0,0;1,9;0,466;0,369;0,142;0,0437;0,0294;0,0263;0,0102;0,055;0,0446;0,0366;0,0254;0,015;0,0122;0,322;0,185;0,505;0,406;0,372;0,322;0,271;0,26;12,1;1,69;48,7;23,0;19,4;11,1;5,81;4,82;-0,09;-13,06;55,87;41,79;33,83;6,78;-10,06;-11,2
CampoPrincipe;CampoPrincipe1;10069;72,06;66,51;77,7;75,22;74,47;71,46;68,6;68,06;71,92;66,23;77,68;75,19;74,42;71,28;68,35;67,76;69,26;63,13;75,51;72,76;72,06;68,45;65,1;64,47;25,6;0,0;33,7;24,2;19,5;16,3;15,8;1,93;0,0;2,69;2,17;2,09;1,91;1,81;1,79;0,0441;0,0198;0,113;0,0651;0,0583;0,0424;0,0301;0,0279;0,19;0,0;1,9;0,466;0,369;0,142;0,0437;0,0294;0,0263;0,0102;0,055;0,0446;0,0366;0,0254;0,015;0,0122;0,322;0,185;0,505;0,406;0,372;0,322;0,271;0,26;12,1;1,69;48,7;23,0;19,4;11,1;5,81;4,82;-0,09;-13,06;55,87;41,79;33,83;6,78;-10,06;-11,2
CampoPrincipe;CampoPrincipe1;10070;72,06;66,51;77,7;75,22;74,47;71,46;68,6;68,06;71,92;66,23;77,68;75,19;74,42;71,28;68,35;67,76;69,26;63,13;75,51;72,76;72,06;68,45;65,1;64,47;25,6;0,0;33,7;24,2;19,5;16,3;15,8;1,93;0,0;2,69;2,17;2,09;1,91;1,81;1,79;0,0441;0,0198;0,113;0,0651;0,0583;0,0424;0,0301;0,0279;0,19;0,0;1,9;0,466;0,369;0,142;0,0437;0,0294;0,0263;0,0102;0,055;0,0446;0,0366;0,0254;0,015;0,0122;0,322;0,185;0,505;0,406;0,372;0,322;0,271;0,26;12,1;1,69;48,7;23,0;19,4;11,1;5,81;4,82;-0,09;-13,06;55,87;41,79;33,83;6,78;-10,06;-11,2
CampoPrincipe;CampoPrincipe1;10061;68,03;60,35;80,6;71,79;70,82;65,94;62,37;61,73;67,04;59,38;73,13;70,79;69,95;65,55;61,9;61,3;64,16;56,61;70,72;68,48;67,31;62,5;58,76;58,15;20,1;0,0;24,1;19,2;14,7;11,8;11,3;2,04;0,0;2,63;2,27;2,21;2,03;1,9;1,87;0,0343;0,0156;0,0686;0,0517;0,047;0,0328;0,0232;0,0208;0,155;0,0;1,15;0,387;0,3;0,108;0,0263;0,0171;0,021;0,0102;0,0411;0,0323;0,0308;0,0199;0,0138;0,0121;0,344;0,212;1,1;0,421;0,403;0,339;0,274;0,259;10,3;0,749;37,8;19,1;16,7;9,66;4,51;3,55;-0,42;-11,25;60,38;37,32;30,81;6,8;-8,1;-9,5
CampoPrincipe;CampoPrincipe1;10065;74,23;62,25;83,31;79,89;78,24;71,81;65,42;64,76;68,05;61,44;74,42;72,34;70,89;66,78;64,03;63,47;65,03;56,25;72,04;69,32;68,22;63,78;59,52;58,92;20,9;0,0;26,0;19,4;15,3;12,1;11,7;1,95;0,0;3,31;2,26;2,14;1,93;1,78;1,75;0,0362;0,0161;0,108;0,0542;0,0488;0,0346;0,025;0,0222;0,231;0,0;1,45;0,555;0,458;0,183;0,059;0,0425;0,0237;0,00942;0,0523;0,0447;0,0405;0,0216;0,0114;0,0109;0,308;0,178;0,905;0,435;0,391;0,296;0,245;0,233;11,0;0,827;46,7;23,2;18,5;9,61;4,89;4,06;-0,51;-14,67;71,05;38,25;30,84;7,04;-11,58;-13,12
CampoPrincipe;CampoPrincipe1;10067;74,23;62,25;83,31;79,89;78,24;71,81;65,42;64,76;68,05;61,44;74,42;72,34;70,89;66,78;64,03;63,47;65,03;56,25;72,04;69,32;68,22;63,78;59,52;58,92;20,9;0,0;26,0;19,4;15,3;12,1;11,7;1,95;0,0;3,31;2,26;2,14;1,93;1,78;1,75;0,0362;0,0161;0,108;0,0542;0,0488;0,0346;0,025;0,0222;0,231;0,0;1,45;0,555;0,458;0,183;0,059;0,0425;0,0237;0,00942;0,0523;0,0447;0,0405;0,0216;0,0114;0,0109;0,308;0,178;0,905;0,435;0,391;0,296;0,245;0,233;11,0;0,827;46,7;23,2;18,5;9,61;4,89;4,06;-0,51;-14,67;71,05;38,25;30,84;7,04;-11,58;-13,12
CampoPrincipe;CampoPrincipe1;10071;71,54;66,06;79,84;74,16;73,5;70,83;68,63;68,21;71,06;65,17;77,61;74,01;73,31;70,36;67,8;67,23;69,07;63,85;74,31;71,9;71,18;68,41;66,21;65,64;27,2;0,0;33,2;26,0;22,5;19,5;18,8;2,78;0,0;3,72;3,03;2,97;2,78;2,6;2,55;0,0401;0,0197;0,0784;0,0582;0,053;0,0393;0,0294;0,0266;0,219;0,0;1,17;0,566;0,44;0,169;0,0403;0,0249;0,0166;0,0115;0,0372;0,025;0,0229;0,0163;0,0133;0,0124;0,691;0,402;1,11;0,909;0,843;0,679;0,559;0,54;12,0;0,973;47,7;20,8;17,7;11,3;6,85;5,78;-0,41;7,19;56,67;41,72;37,49;21,88;9,63;8,81
CampoPrincipe;CampoPrincipe1;10072;71,54;66,06;79,84;74,16;73,5;70,83;68,63;68,21;71,06;65,17;77,61;74,01;73,31;70,36;67,8;67,23;69,07;63,85;74,31;71,9;71,18;68,41;66,21;65,64;27,2;0,0;33,2;26,0;22,5;19,5;18,8;2,78;0,0;3,72;3,03;2,97;2,78;2,6;2,55;0,0401;0,0197;0,0784;0,0582;0,053;0,0393;0,0294;0,0266;0,219;0,0;1,17;0,566;0,44;0,169;0,0403;0,0249;0,0166;0,0115;0,0372;0,025;0,0229;0,0163;0,0133;0,0124;0,691;0,402;1,11;0,909;0,843;0,679;0,559;0,54;12,0;0,973;47,7;20,8;17,7;11,3;6,85;5,78;-0,41;7,19;56,67;41,72;37,49;21,88;9,63;8,81
CampoPrincipe;CampoPrincipe1;10036;61,89;58,62;68,22;64,53;63,58;61,32;60,14;59,85;60,51;56,45;63,63;62,14;61,83;60,37;58,99;58,53;55,88;50,86;59,18;57,96;57,3;55,88;53,34;52,8;12,0;0,0;13,5;11,7;10,5;8,72;8,41;1,95;0,0;2,49;2,34;2,25;1,99;1,74;1,71;0,026;0,0124;0,0538;0,0371;0,0338;0,0256;0,0187;0,0173;0,0916;0,0;0,522;0,213;0,178;0,063;0,0196;0,0129;0,00624;0,00341;0,0118;0,0102;0,00899;0,00597;0,00421;0,00383;0,275;0,157;0,463;0,342;0,323;0,273;0,228;0,214;5,14;0,124;18,0;9,9;8,46;4,77;2,33;1,78;-2,04;-19,96;52,98;30,04;23,98;-4,12;-17,58;-18,39
CampoPrincipe;CampoPrincipe1;10040;61,89;58,62;68,22;64,53;63,58;61,32;60,14;59,85;60,51;56,45;63,63;62,14;61,83;60,37;58,99;58,53;55,88;50,86;59,18;57,96;57,3;55,88;53,34;52,8;12,0;0,0;13,5;11,7;10,5;8,72;8,41;1,95;0,0;2,49;2,34;2,25;1,99;1,74;1,71;0,026;0,0124;0,0538;0,0371;0,0338;0,0256;0,0187;0,0173;0,0916;0,0;0,522;0,213;0,178;0,063;0,0196;0,0129;0,00624;0,00341;0,0118;0,0102;0,00899;0,00597;0,00421;0,00383;0,275;0,157;0,463;0,342;0,323;0,273;0,228;0,214;5,14;0,124;18,0;9,9;8,46;4,77;2,33;1,78;-2,04;-19,96;52,98;30,04;23,98;-4,12;-17,58;-18,39
CampoPrincipe;CampoPrincipe1;10041;61,89;58,62;68,22;64,53;63,58;61,32;60,14;59,85;60,51;56,45;63,63;62,14;61,83;60,37;58,99;58,53;55,88;50,86;59,18;57,96;57,3;55,88;53,34;52,8;12,0;0,0;13,5;11,7;10,5;8,72;8,41;1,95;0,0;2,49;2,34;2,25;1,99;1,74;1,71;0,026;0,0124;0,0538;0,0371;0,0338;0,0256;0,0187;0,0173;0,0916;0,0;0,522;0,213;0,178;0,063;0,0196;0,0129;0,00624;0,00341;0,0118;0,0102;0,00899;0,00597;0,00421;0,00383;0,275;0,157;0,463;0,342;0,323;0,273;0,228;0,214;5,14;0,124;18,0;9,9;8,46;4,77;2,33;1,78;-2,04;-19,96;52,98;30,04;23,98;-4,12;-17,58;-18,39
CampoPrincipe;CampoPrincipe1;10037;61,18;56,7;74,0;65,07;62,63;59,25;57,99;57,73;58,43;55,77;66,52;60,85;59,66;57,8;56,79;56,56;55,68;53,46;60,11;57,4;56,95;55,41;54,44;54,21;11,6;0,0;15,0;11,2;10,0;9,26;9,08;2,36;0,0;2,88;2,54;2,5;2,37;2,21;2,17;0,0225;0,0111;0,0428;0,0323;0,0295;0,0218;0,0166;0,0152;0,063;0,0;0,448;0,129;0,0901;0,0238;0,00574;0,00236;0,00691;0,00354;0,0194;0,0149;0,013;0,00571;0,00435;0,00391;0,398;0,24;0,645;0,483;0,464;0,397;0,33;0,306;5,82;0,137;26,3;10,9;9,27;5,34;2,88;2,31;-0,57;-11,57;54,41;29,57;27,37;7,87;-9,22;-9,93
CampoPrincipe;CampoPrincipe1;10038;61,18;56,7;74,0;65,07;62,63;59,25;57,99;57,73;58,43;55,77;66,52;60,85;59,66;57,8;56,79;56,56;55,68;53,46;60,11;57,4;56,95;55,41;54,44;54,21;11,6;0,0;15,0;11,2;10,0;9,26;9,08;2,36;0,0;2,88;2,54;2,5;2,37;2,21;2,17;0,0225;0,0111;0,0428;0,0323;0,0295;0,0218;0,0166;0,0152;0,063;0,0;0,448;0,129;0,0901;0,0238;0,00574;0,00236;0,00691;0,00354;0,0194;0,0149;0,013;0,00571;0,00435;0,00391;0,398;0,24;0,645;0,483;0,464;0,397;0,33;0,306;5,82;0,137;26,3;10,9;9,27;5,34;2,88;2,31;-0,57;-11,57;54,41;29,57;27,37;7,87;-9,22;-9,93
CampoPrincipe;CampoPrincipe1;10039;61,18;56,7;74,0;65,07;62,63;59,25;57,99;57,73;58,43;55,77;66,52;60,85;59,66;57,8;56,79;56,56;55,68;53,46;60,11;57,4;56,95;55,41;54,44;54,21;11,6;0,0;15,0;11,2;10,0;9,26;9,08;2,36;0,0;2,88;2,54;2,5;2,37;2,21;2,17;0,0225;0,0111;0,0428;0,0323;0,0295;0,0218;0,0166;0,0152;0,063;0,0;0,448;0,129;0,0901;0,0238;0,00574;0,00236;0,00691;0,00354;0,0194;0,0149;0,013;0,00571;0,00435;0,00391;0,398;0,24;0,645;0,483;0,464;0,397;0,33;0,306;5,82;0,137;26,3;10,9;9,27;5,34;2,88;2,31;-0,57;-11,57;54,41;29,57;27,37;7,87;-9,22;-9,93
CampoPrincipe;CampoPrincipe1;10026;64,74;56,4;80,54;68,23;65,01;61,16;58,13;57,46;59,97;54,67;70,82;63,99;62,42;58,18;56,18;55,77;51,58;48,52;57,62;55,05;54,04;50,53;49,17;48,98;10,1;0,0;11,5;9,53;7,36;6,67;6,53;1,84;0,0;2,55;2,31;2,19;1,78;1,66;1,62;0,0212;0,0102;0,0585;0,0308;0,0276;0,0204;0,0153;0,0142;0,0845;0,0;0,344;0,184;0,15;0,0559;0,0109;0,00634;0,00601;0,00209;0,031;0,0173;0,014;0,00393;0,00248;0,00235;0,269;0,174;0,651;0,346;0,327;0,263;0,217;0,205;4,61;0,0;30,0;10,2;7,91;3,95;1,81;1,39;-1,94;-20,18;60,99;25,32;21,41;-4,52;-18,72;-19,15
CampoPrincipe;CampoPrincipe1;10027;64,74;56,4;80,54;68,23;65,01;61,16;58,13;57,46;59,97;54,67;70,82;63,99;62,42;58,18;56,18;55,77;51,58;48,52;57,62;55,05;54,04;50,53;49,17;48,98;10,1;0,0;11,5;9,53;7,36;6,67;6,53;1,84;0,0;2,55;2,31;2,19;1,78;1,66;1,62;0,0212;0,0102;0,0585;0,0308;0,0276;0,0204;0,0153;0,0142;0,0845;0,0;0,344;0,184;0,15;0,0559;0,0109;0,00634;0,00601;0,00209;0,031;0,0173;0,014;0,00393;0,00248;0,00235;0,269;0,174;0,651;0,346;0,327;0,263;0,217;0,205;4,61;0,0;30,0;10,2;7,91;3,95;1,81;1,39;-1,94;-20,18;60,99;25,32;21,41;-4,52;-18,72;-19,15
CampoPrincipe;CampoPrincipe1;10030;62,0;57,47;71,49;66,7;64,94;60,2;58,71;58,34;60,45;56,06;67,58;64,27;63,37;59,2;57,55;57,17;57,26;52,84;65,39;61,15;60,3;55,79;53,92;53,6;14,0;0,0;19,6;13,1;10,4;9,19;8,96;2,12;0,0;3,11;2,31;2,26;2,12;1,99;1,95;0,0251;0,0119;0,0614;0,0379;0,0345;0,0241;0,0178;0,0164;0,103;0,0;0,525;0,275;0,211;0,0631;0,0158;0,0104;0,0121;0,00586;0,0283;0,0191;0,0183;0,0113;0,00739;0,00635;0,304;0,185;0,596;0,423;0,398;0,29;0,239;0,224;6,84;0,12;43,7;15,0;12,0;5,85;2,97;2,35;-0,35;-13,77;54,12;31,87;25,8;4,37;-9,35;-10,5
CampoPrincipe;CampoPrincipe1;10034;62,0;57,47;71,49;66,7;64,94;60,2;58,71;58,34;60,45;56,06;67,58;64,27;63,37;59,2;57,55;57,17;57,26;52,84;65,39;61,15;60,3;55,79;53,92;53,6;14,0;0,0;19,6;13,1;10,4;9,19;8,96;2,12;0,0;3,11;2,31;2,26;2,12;1,99;1,95;0,0251;0,0119;0,0614;0,0379;0,0345;0,0241;0,0178;0,0164;0,103;0,0;0,525;0,275;0,211;0,0631;0,0158;0,0104;0,0121;0,00586;0,0283;0,0191;0,0183;0,0113;0,00739;0,00635;0,304;0,185;0,596;0,423;0,398;0,29;0,239;0,224;6,84;0,12;43,7;15,0;12,0;5,85;2,97;2,35;-0,35;-13,77;54,12;31,87;25,8;4,37;-9,35;-10,5
CampoPrincipe;CampoPrincipe1;10020;65,5;60,89;73,22;70,3;68,07;64,28;62,19;61,8;63,68;60,17;69,65;66,43;65,48;63,13;61,31;60,99;61,44;58,29;67,24;64,21;63,3;60,9;59,65;59,26;16,5;0,0;20,8;16,0;14,2;12,9;12,6;2,42;0,0;2,94;2,65;2,61;2,43;2,2;2,15;0,0301;0,0144;0,0619;0,0428;0,039;0,0296;0,0219;0,0201;0,0935;0,0;0,995;0,228;0,166;0,0494;0,0111;0,00622;0,00949;0,00506;0,0269;0,0169;0,0127;0,00904;0,00627;0,0059;0,504;0,342;0,848;0,626;0,593;0,501;0,417;0,397;7,9;0,699;43,5;13,7;11,8;7,47;4,2;3,43;-0,37;-4,16;59,02;34,28;32,02;13,56;-0,86;-2,55
CampoPrincipe;CampoPrincipe1;10028;66,31;58,01;74,04;71,07;69,13;64,82;61,8;60,67;65,25;56,11;72,91;68,65;67,92;64,33;61,14;59,96;60,42;51,07;70,58;63,93;63,03;59,21;54,8;53,47;15,0;0,0;19,5;14,1;11,3;8,94;8,41;1,64;0,0;2,33;1,86;1,81;1,62;1,51;1,48;0,0421;0,0147;0,183;0,0978;0,0702;0,0341;0,0232;0,0212;0,205;0,0;1,15;0,567;0,422;0,144;0,0415;0,0243;0,0377;0,00965;0,0799;0,0629;0,0608;0,0365;0,0205;0,0176;0,278;0,138;0,697;0,394;0,358;0,269;0,207;0,193;11,4;0,438;55,1;25,6;21,8;9,73;3,97;2,99;-0,27;-19,87;56,01;29,97;24,51;-2,24;-17,57;-18,56
CampoPrincipe;CampoPrincipe1;10024;62,58;58,46;70,22;66,01;64,85;61,6;59,91;59,61;61,32;57,32;67,41;64,5;63,83;60,54;58,87;58,41;57,58;54,32;63,22;60,08;59,3;57,11;55,74;55,33;12,8;0,0;14,9;12,5;11,2;10,1;9,84;2,15;0,0;2,96;2,34;2,29;2,14;2,01;1,97;0,026;0,0127;0,0739;0,0371;0,0336;0,025;0,0191;0,0177;0,118;0,0;1,13;0,336;0,249;0,0508;0,0104;0,00628;0,011;0,00518;0,0336;0,0234;0,0176;0,00945;0,00586;0,00548;0,305;0,205;0,746;0,382;0,364;0,304;0,246;0,233;6,64;0,0825;36,6;14,2;11,4;5,76;2,82;2,28;-0,73;-14,8;52,57;31,15;26,66;5,97;-12,81;-13,57
CampoPrincipe;CampoPrincipe1;10025;62,58;58,46;70,22;66,01;64,85;61,6;59,91;59,61;61,32;57,32;67,41;64,5;63,83;60,54;58,87;58,41;57,58;54,32;63,22;60,08;59,3;57,11;55,74;55,33;12,8;0,0;14,9;12,5;11,2;10,1;9,84;2,15;0,0;2,96;2,34;2,29;2,14;2,01;1,97;0,026;0,0127;0,0739;0,0371;0,0336;0,025;0,0191;0,0177;0,118;0,0;1,13;0,336;0,249;0,0508;0,0104;0,00628;0,011;0,00518;0,0336;0,0234;0,0176;0,00945;0,00586;0,00548;0,305;0,205;0,746;0,382;0,364;0,304;0,246;0,233;6,64;0,0825;36,6;14,2;11,4;5,76;2,82;2,28;-0,73;-14,8;52,57;31,15;26,66;5,97;-12,81;-13,57
CampoPrincipe;CampoPrincipe1;10029;62,58;58,46;70,22;66,01;64,85;61,6;59,91;59,61;61,32;57,32;67,41;64,5;63,83;60,54;58,87;58,41;57,58;54,32;63,22;60,08;59,3;57,11;55,74;55,33;12,8;0,0;14,9;12,5;11,2;10,1;9,84;2,15;0,0;2,96;2,34;2,29;2,14;2,01;1,97;0,026;0,0127;0,0739;0,0371;0,0336;0,025;0,0191;0,0177;0,118;0,0;1,13;0,336;0,249;0,0508;0,0104;0,00628;0,011;0,00518;0,0336;0,0234;0,0176;0,00945;0,00586;0,00548;0,305;0,205;0,746;0,382;0,364;0,304;0,246;0,233;6,64;0,0825;36,6;14,2;11,4;5,76;2,82;2,28;-0,73;-14,8;52,57;31,15;26,66;5,97;-12,81;-13,57
CarloV;CarloV1;10160;70,91;60,78;81,08;75,93;74,32;68,6;64,17;63,45;68,44;58,45;80,61;72,69;71,57;67,01;61,94;61,11;65,83;54,44;79,67;70,46;69,38;63,75;58,08;57,24;19,2;0,0;29,1;17,9;13,6;10,2;9,45;1,83;0,0;2,77;2,2;2,11;1,81;1,56;1,52;0,0385;0,0152;0,278;0,0673;0,0548;0,0334;0,0237;0,0212;0,305;0,0;2,57;0,77;0,594;0,241;0,0784;0,0584;0,0567;0,0227;0,104;0,0907;0,0862;0,0505;0,0313;0,0288;0,44;0,204;1,0;0,681;0,587;0,424;0,315;0,278;19,8;2,78;84,2;37,4;32,1;17,9;9,91;8,22;-0,81;-13,0;65,05;38,23;26,34;5,12;-9,9;-10,85
CarloV;CarloV1;10156;58,36;49,08;75,27;63,13;60,84;53,55;50,92;50,51;52,43;46,74;67,47;55,91;54,37;50,04;48,07;47,79;47,63;38,82;58,36;54,1;50,91;44,27;40,72;40,23;6,76;0,0;8,81;6,04;3,93;3,04;2,88;1,99;0,0;4,6;3,8;3,31;1,65;1,23;1,17;0,0216;0,00793;0,122;0,0406;0,0311;0,0191;0,0131;0,0119;0,167;0,0;1,31;0,465;0,344;0,0819;0,0133;0,00775;0,0208;0,00945;0,0411;0,036;0,0321;0,0194;0,0124;0,011;0,626;0,333;1,94;1,04;0,88;0,565;0,436;0,413;9,09;0,066;56,3;20,6;16,9;7,66;2,96;2,3;-1,54;-21,13;53,61;22,4;18,99;-3,61;-19,26;-19,77
CarloV;CarloV1;10157;58,36;49,08;75,27;63,13;60,84;53,55;50,92;50,51;52,43;46,74;67,47;55,91;54,37;50,04;48,07;47,79;47,63;38,82;58,36;54,1;50,91;44,27;40,72;40,23;6,76;0,0;8,81;6,04;3,93;3,04;2,88;1,99;0,0;4,6;3,8;3,31;1,65;1,23;1,17;0,0216;0,00793;0,122;0,0406;0,0311;0,0191;0,0131;0,0119;0,167;0,0;1,31;0,465;0,344;0,0819;0,0133;0,00775;0,0208;0,00945;0,0411;0,036;0,0321;0,0194;0,0124;0,011;0,626;0,333;1,94;1,04;0,88;0,565;0,436;0,413;9,09;0,066;56,3;20,6;16,9;7,66;2,96;2,3;-1,54;-21,13;53,61;22,4;18,99;-3,61;-19,26;-19,77
CarloV;CarloV1;10158;58,36;49,08;75,27;63,13;60,84;53,55;50,92;50,51;52,43;46,74;67,47;55,91;54,37;50,04;48,07;47,79;47,63;38,82;58,36;54,1;50,91;44,27;40,72;40,23;6,76;0,0;8,81;6,04;3,93;3,04;2,88;1,99;0,0;4,6;3,8;3,31;1,65;1,23;1,17;0,0216;0,00793;0,122;0,0406;0,0311;0,0191;0,0131;0,0119;0,167;0,0;1,31;0,465;0,344;0,0819;0,0133;0,00775;0,0208;0,00945;0,0411;0,036;0,0321;0,0194;0,0124;0,011;0,626;0,333;1,94;1,04;0,88;0,565;0,436;0,413;9,09;0,066;56,3;20,6;16,9;7,66;2,96;2,3;-1,54;-21,13;53,61;22,4;18,99;-3,61;-19,26;-19,77
CarloV;CarloV1;10159;58,36;49,08;75,27;63,13;60,84;53,55;50,92;50,51;52,43;46,74;67,47;55,91;54,37;50,04;48,07;47,79;47,63;38,82;58,36;54,1;50,91;44,27;40,72;40,23;6,76;0,0;8,81;6,04;3,93;3,04;2,88;1,99;0,0;4,6;3,8;3,31;1,65;1,23;1,17;0,0216;0,00793;0,122;0,0406;0,0311;0,0191;0,0131;0,0119;0,167;0,0;1,31;0,465;0,344;0,0819;0,0133;0,00775;0,0208;0,00945;0,0411;0,036;0,0321;0,0194;0,0124;0,011;0,626;0,333;1,94;1,04;0,88;0,565;0,436;0,413;9,09;0,066;56,3;20,6;16,9;7,66;2,96;2,3;-1,54;-21,13;53,61;22,4;18,99;-3,61;-19,26;-19,77
CarloV;CarloV1;10135;53,0;48,86;61,87;55,68;54,5;52,42;51,04;50,75;50,43;46,14;58,32;53,75;52,1;49,87;48,6;48,26;46,19;38,58;55,77;50,28;48,92;44,95;42,42;41,93;6,12;0,0;8,31;5,6;4,26;3,5;3,24;1,66;0,0;3,8;2,57;2,16;1,6;1,32;1,27;0,0207;0,00942;0,111;0,0314;0,0278;0,0196;0,0141;0,0131;0,128;0,0;0,923;0,395;0,255;0,0611;0,0145;0,00892;0,0252;0,0101;0,0523;0,0486;0,0409;0,0226;0,0131;0,0119;0,614;0,313;1,26;0,985;0,876;0,573;0,419;0,388;9,23;0,0;43,6;20,6;16,7;7,82;3,47;2,59;-0,32;-20,98;45,8;19,62;15,77;-7,78;-19,45;-19,86
CarloV;CarloV1;10149;53,0;48,86;61,87;55,68;54,5;52,42;51,04;50,75;50,43;46,14;58,32;53,75;52,1;49,87;48,6;48,26;46,19;38,58;55,77;50,28;48,92;44,95;42,42;41,93;6,12;0,0;8,31;5,6;4,26;3,5;3,24;1,66;0,0;3,8;2,57;2,16;1,6;1,32;1,27;0,0207;0,00942;0,111;0,0314;0,0278;0,0196;0,0141;0,0131;0,128;0,0;0,923;0,395;0,255;0,0611;0,0145;0,00892;0,0252;0,0101;0,0523;0,0486;0,0409;0,0226;0,0131;0,0119;0,614;0,313;1,26;0,985;0,876;0,573;0,419;0,388;9,23;0,0;43,6;20,6;16,7;7,82;3,47;2,59;-0,32;-20,98;45,8;19,62;15,77;-7,78;-19,45;-19,86
CarloV;CarloV1;10162;72,05;56,28;85,49;78,98;76,52;66,41;58,83;57,7;65,18;54,03;80,51;71,32;69,13;61,19;56,69;56,07;53,73;45,91;64,94;58,38;56,94;51,67;48,42;47,46;9,46;0,0;13,4;8,85;7,09;5,7;5,41;1,59;0,0;2,57;1,99;1,87;1,55;1,37;1,34;0,0252;0,0114;0,0883;0,04;0,0346;0,0238;0,017;0,0152;0,186;0,0;1,86;0,568;0,389;0,112;0,025;0,0157;0,0249;0,011;0,0559;0,0488;0,0407;0,0213;0,0158;0,0143;0,38;0,175;1,09;0,545;0,494;0,367;0,274;0,25;10,2;0,61;48,0;21,3;17,9;9,06;4,34;3,44;-2,37;-16,83;68,01;26,72;17,34;-1,87;-13,67;-14,68
CarloV;CarloV1;10163;72,05;56,28;85,49;78,98;76,52;66,41;58,83;57,7;65,18;54,03;80,51;71,32;69,13;61,19;56,69;56,07;53,73;45,91;64,94;58,38;56,94;51,67;48,42;47,46;9,46;0,0;13,4;8,85;7,09;5,7;5,41;1,59;0,0;2,57;1,99;1,87;1,55;1,37;1,34;0,0252;0,0114;0,0883;0,04;0,0346;0,0238;0,017;0,0152;0,186;0,0;1,86;0,568;0,389;0,112;0,025;0,0157;0,0249;0,011;0,0559;0,0488;0,0407;0,0213;0,0158;0,0143;0,38;0,175;1,09;0,545;0,494;0,367;0,274;0,25;10,2;0,61;48,0;21,3;17,9;9,06;4,34;3,44;-2,37;-16,83;68,01;26,72;17,34;-1,87;-13,67;-14,68
CarloV;CarloV1;10143;62,43;55,34;76,46;66,58;65,25;60,01;57,16;56,7;56,62;52,15;65,4;59,71;58,82;55,62;54,04;53,62;49,73;45,64;58,22;53,53;52,15;48,42;46,76;46,34;7,99;0,0;14,0;7,33;5,96;5,14;4,96;1,73;0,0;2,63;2,12;1,99;1,71;1,49;1,43;0,0238;0,0108;0,0859;0,0408;0,0346;0,0214;0,0157;0,0146;0,121;0,0;0,73;0,342;0,26;0,0666;0,0167;0,0104;0,0234;0,00753;0,0883;0,0502;0,041;0,0184;0,0106;0,00952;0,483;0,237;1,8;0,792;0,664;0,452;0,34;0,311;8,87;0,271;60,5;19,3;15,5;7,45;3,63;2,89;-2,09;-15,52;59,23;22,45;15,19;1,67;-13,43;-14,49
CarloV;CarloV1;10144;62,43;55,34;76,46;66,58;65,25;60,01;57,16;56,7;56,62;52,15;65,4;59,71;58,82;55,62;54,04;53,62;49,73;45,64;58,22;53,53;52,15;48,42;46,76;46,34;7,99;0,0;14,0;7,33;5,96;5,14;4,96;1,73;0,0;2,63;2,12;1,99;1,71;1,49;1,43;0,0238;0,0108;0,0859;0,0408;0,0346;0,0214;0,0157;0,0146;0,121;0,0;0,73;0,342;0,26;0,0666;0,0167;0,0104;0,0234;0,00753;0,0883;0,0502;0,041;0,0184;0,0106;0,00952;0,483;0,237;1,8;0,792;0,664;0,452;0,34;0,311;8,87;0,271;60,5;19,3;15,5;7,45;3,63;2,89;-2,09;-15,52;59,23;22,45;15,19;1,67;-13,43;-14,49
CarloV;CarloV1;10004;74,18;64,19;84,75;78,24;76,81;72,89;67,59;66,39;67,37;60,08;77,2;70,77;69,66;66,63;62,69;62,07;59,83;53,56;69,96;63,9;62,32;59,03;56,37;55,71;14,4;0,0;20,2;13,4;11,3;9,22;8,78;1,8;0,0;2,75;2,26;2,15;1,76;1,54;1,49;0,0284;0,0133;0,0639;0,0424;0,0384;0,0273;0,0196;0,0181;0,192;0,0;1,09;0,495;0,376;0,149;0,0572;0,0424;0,0385;0,0194;0,0591;0,0537;0,0518;0,0379;0,0258;0,0248;0,502;0,272;1,22;0,741;0,645;0,473;0,371;0,347;16,5;2,04;66,8;30,8;26,8;15,3;7,93;6,56;-1,77;-11,81;70,47;32,97;23,51;4,01;-8,71;-9,49
CarloV;CarloV1;10005;74,18;64,19;84,75;78,24;76,81;72,89;67,59;66,39;67,37;60,08;77,2;70,77;69,66;66,63;62,69;62,07;59,83;53,56;69,96;63,9;62,32;59,03;56,37;55,71;14,4;0,0;20,2;13,4;11,3;9,22;8,78;1,8;0,0;2,75;2,26;2,15;1,76;1,54;1,49;0,0284;0,0133;0,0639;0,0424;0,0384;0,0273;0,0196;0,0181;0,192;0,0;1,09;0,495;0,376;0,149;0,0572;0,0424;0,0385;0,0194;0,0591;0,0537;0,0518;0,0379;0,0258;0,0248;0,502;0,272;1,22;0,741;0,645;0,473;0,371;0,347;16,5;2,04;66,8;30,8;26,8;15,3;7,93;6,56;-1,77;-11,81;70,47;32,97;23,51;4,01;-8,71;-9,49
CarloV;CarloV1;10152;74,18;64,19;84,75;78,24;76,81;72,89;67,59;66,39;67,37;60,08;77,2;70,77;69,66;66,63;62,69;62,07;59,83;53,56;69,96;63,9;62,32;59,03;56,37;55,71;14,4;0,0;20,2;13,4;11,3;9,22;8,78;1,8;0,0;2,75;2,26;2,15;1,76;1,54;1,49;0,0284;0,0133;0,0639;0,0424;0,0384;0,0273;0,0196;0,0181;0,192;0,0;1,09;0,495;0,376;0,149;0,0572;0,0424;0,0385;0,0194;0,0591;0,0537;0,0518;0,0379;0,0258;0,0248;0,502;0,272;1,22;0,741;0,645;0,473;0,371;0,347;16,5;2,04;66,8;30,8;26,8;15,3;7,93;6,56;-1,77;-11,81;70,47;32,97;23,51;4,01;-8,71;-9,49
CarloV;CarloV1;10006;62,4;52,6;76,04;67,93;65,02;57,92;55,05;54,23;55,88;50,34;66,39;60,03;57,3;54,25;51,99;51,54;50,09;43,84;55,88;53,54;52,83;49,58;46,01;45,42;7,81;0,0;11,7;7,32;5,79;4,59;4,35;1,49;0,0;2,44;1,85;1,73;1,46;1,27;1,24;0,0233;0,0105;0,0522;0,0354;0,0317;0,0225;0,0165;0,0151;0,156;0,0;0,963;0,456;0,338;0,0957;0,0273;0,0182;0,0195;0,00734;0,07;0,0467;0,0293;0,0166;0,0108;0,00949;0,415;0,239;1,19;0,631;0,533;0,389;0,305;0,285;8,59;0,132;41,4;18,6;15,1;7,54;3,46;2,75;-1,95;-18,79;59,03;23,17;16,31;-4,98;-17,06;-17,81
CarloV;CarloV1;10007;62,4;52,6;76,04;67,93;65,02;57,92;55,05;54,23;55,88;50,34;66,39;60,03;57,3;54,25;51,99;51,54;50,09;43,84;55,88;53,54;52,83;49,58;46,01;45,42;7,81;0,0;11,7;7,32;5,79;4,59;4,35;1,49;0,0;2,44;1,85;1,73;1,46;1,27;1,24;0,0233;0,0105;0,0522;0,0354;0,0317;0,0225;0,0165;0,0151;0,156;0,0;0,963;0,456;0,338;0,0957;0,0273;0,0182;0,0195;0,00734;0,07;0,0467;0,0293;0,0166;0,0108;0,00949;0,415;0,239;1,19;0,631;0,533;0,389;0,305;0,285;8,59;0,132;41,4;18,6;15,1;7,54;3,46;2,75;-1,95;-18,79;59,03;23,17;16,31;-4,98;-17,06;-17,81
CarloV;CarloV1;10161;68,26;52,75;81,7;74,7;72,28;62,85;55,74;54,54;61,01;50,09;74,38;67,31;65,4;56,05;52,6;51,87;50,42;43,99;63,96;53,4;51,55;48,31;45,65;45,26;7,41;0,0;12,0;6,71;5,51;4,62;4,44;1,57;0,0;2,54;1,97;1,86;1,56;1,27;1,21;0,022;0,00977;0,0555;0,034;0,0297;0,0213;0,0145;0,0133;0,148;0,0;1,31;0,43;0,296;0,0868;0,0269;0,0174;0,0202;0,00777;0,05;0,0351;0,0311;0,0187;0,0104;0,00939;0,405;0,224;1,17;0,646;0,536;0,38;0,287;0,268;8,47;0,343;39,0;17,0;14,0;7,65;3,55;2,89;-2,59;-18,84;64,13;25,1;15,0;-6,13;-15,6;-16,57
CarloV;CarloV1;10150;62,06;53,46;72,93;68,32;66,63;57,58;54,89;54,47;54,12;50,71;61,88;56,91;55,97;53,32;52,1;51,82;46,09;42,02;55,95;49,56;48,25;45,01;43,17;42,86;5,55;0,0;8,92;5,22;4,37;3,75;3,6;1,4;0,0;2,12;1,85;1,75;1,36;1,13;1,09;0,0213;0,0108;0,0453;0,0303;0,0277;0,0207;0,0152;0,014;0,157;0,0;1,12;0,529;0,36;0,0917;0,0274;0,0176;0,0142;0,00672;0,0368;0,0294;0,0219;0,0127;0,00806;0,00765;0,387;0,242;0,956;0,586;0,494;0,362;0,3;0,286;7,27;0,269;42,3;15,4;12,4;6,34;2,99;2,21;-0,81;-20,96;59,17;19,45;12,64;-14,6;-19,26;-19,65
CarloV;CarloV1;10138;80,8;56,93;96,67;86,13;83,27;76,32;68,46;65,57;70,19;53,39;89,19;73,51;70,9;64,98;59,2;57,81;54,14;42,83;64,83;59,48;57,57;51,39;44,9;44,09;12,0;0,0;19,5;10,5;7,04;4,99;4,73;1,88;0,0;3,03;2,53;2,32;1,83;1,53;1,48;0,0216;0,0079;0,0849;0,0367;0,0325;0,0201;0,013;0,0118;0,132;0,0;0,883;0,339;0,263;0,0729;0,0115;0,00598;0,0274;0,00568;0,111;0,0634;0,0486;0,0209;0,00852;0,00683;0,452;0,173;1,26;0,906;0,795;0,383;0,274;0,25;10,9;0,102;51,5;26,0;21,4;9,01;3,39;2,51;-2,46;-12,39;78,59;28,18;21,15;5,96;-8,62;-10,32
CarloV;CarloV1;10147;80,8;56,93;96,67;86,13;83,27;76,32;68,46;65,57;70,19;53,39;89,19;73,51;70,9;64,98;59,2;57,81;54,14;42,83;64,83;59,48;57,57;51,39;44,9;44,09;12,0;0,0;19,5;10,5;7,04;4,99;4,73;1,88;0,0;3,03;2,53;2,32;1,83;1,53;1,48;0,0216;0,0079;0,0849;0,0367;0,0325;0,0201;0,013;0,0118;0,132;0,0;0,883;0,339;0,263;0,0729;0,0115;0,00598;0,0274;0,00568;0,111;0,0634;0,0486;0,0209;0,00852;0,00683;0,452;0,173;1,26;0,906;0,795;0,383;0,274;0,25;10,9;0,102;51,5;26,0;21,4;9,01;3,39;2,51;-2,46;-12,39;78,59;28,18;21,15;5,96;-8,62;-10,32
CarloV;CarloV1;10148;80,8;56,93;96,67;86,13;83,27;76,32;68,46;65,57;70,19;53,39;89,19;73,51;70,9;64,98;59,2;57,81;54,14;42,83;64,83;59,48;57,57;51,39;44,9;44,09;12,0;0,0;19,5;10,5;7,04;4,99;4,73;1,88;0,0;3,03;2,53;2,32;1,83;1,53;1,48;0,0216;0,0079;0,0849;0,0367;0,0325;0,0201;0,013;0,0118;0,132;0,0;0,883;0,339;0,263;0,0729;0,0115;0,00598;0,0274;0,00568;0,111;0,0634;0,0486;0,0209;0,00852;0,00683;0,452;0,173;1,26;0,906;0,795;0,383;0,274;0,25;10,9;0,102;51,5;26,0;21,4;9,01;3,39;2,51;-2,46;-12,39;78,59;28,18;21,15;5,96;-8,62;-10,32
CarloV;CarloV2;10178;66,77;59,39;75,15;72,01;70,27;64,48;61,46;61,0;62,26;56,42;71,87;66,56;64,77;60,67;58,38;57,99;57,87;50,79;68,28;62,0;60,36;55,93;53,13;52,56;12,7;0,0;18,7;11,7;9,23;7,69;7,35;1,68;0,0;2,61;2,04;1,93;1,66;1,47;1,42;0,0287;0,0125;0,0834;0,047;0,0394;0,0265;0,0191;0,0176;0,209;0,0;1,6;0,663;0,418;0,132;0,0383;0,0258;0,0275;0,00815;0,14;0,0954;0,061;0,0167;0,0108;0,01;0,412;0,235;1,58;0,634;0,548;0,381;0,296;0,275;11,2;1,05;63,9;24,3;18,8;9,47;4,85;3,95;-0,92;-16,16;61,79;29,35;23,91;0,48;-13,69;-14,38
CarloV;CarloV2;10179;66,77;59,39;75,15;72,01;70,27;64,48;61,46;61,0;62,26;56,42;71,87;66,56;64,77;60,67;58,38;57,99;57,87;50,79;68,28;62,0;60,36;55,93;53,13;52,56;12,7;0,0;18,7;11,7;9,23;7,69;7,35;1,68;0,0;2,61;2,04;1,93;1,66;1,47;1,42;0,0287;0,0125;0,0834;0,047;0,0394;0,0265;0,0191;0,0176;0,209;0,0;1,6;0,663;0,418;0,132;0,0383;0,0258;0,0275;0,00815;0,14;0,0954;0,061;0,0167;0,0108;0,01;0,412;0,235;1,58;0,634;0,548;0,381;0,296;0,275;11,2;1,05;63,9;24,3;18,8;9,47;4,85;3,95;-0,92;-16,16;61,79;29,35;23,91;0,48;-13,69;-14,38
CarloV;CarloV2;10185;66,93;57,18;77,38;72,99;71,12;62,9;59,87;59,45;65,2;56,07;77,27;70,1;69,18;62,15;58,63;58,23;62,1;50,63;73,81;67,2;66,08;59,2;54,63;53,92;17,1;0,0;24,7;15,9;10,8;8,22;7,84;1,87;0,0;2,98;2,36;2,21;1,83;1,61;1,57;0,03;0,0136;0,0809;0,0476;0,0422;0,0281;0,0203;0,0183;0,259;0,0;2,06;0,746;0,505;0,182;0,0557;0,0426;0,0441;0,0111;0,0869;0,075;0,0724;0,0422;0,0213;0,0201;0,422;0,195;1,25;0,651;0,576;0,391;0,307;0,288;17,1;1,32;69,3;37,0;29,9;14,9;7,23;5,78;-0,48;-13,68;58,08;33,22;26,86;5,59;-9,88;-11,04
CarloV;CarloV2;10186;66,93;57,18;77,38;72,99;71,12;62,9;59,87;59,45;65,2;56,07;77,27;70,1;69,18;62,15;58,63;58,23;62,1;50,63;73,81;67,2;66,08;59,2;54,63;53,92;17,1;0,0;24,7;15,9;10,8;8,22;7,84;1,87;0,0;2,98;2,36;2,21;1,83;1,61;1,57;0,03;0,0136;0,0809;0,0476;0,0422;0,0281;0,0203;0,0183;0,259;0,0;2,06;0,746;0,505;0,182;0,0557;0,0426;0,0441;0,0111;0,0869;0,075;0,0724;0,0422;0,0213;0,0201;0,422;0,195;1,25;0,651;0,576;0,391;0,307;0,288;17,1;1,32;69,3;37,0;29,9;14,9;7,23;5,78;-0,48;-13,68;58,08;33,22;26,86;5,59;-9,88;-11,04
CarloV;CarloV2;10175;68,88;59,9;80,66;73,94;71,3;66,25;62,7;61,85;65,1;58,44;75,59;68,53;67,31;63,62;60,99;60,15;61,55;53,49;74,46;65,42;64,14;59,5;56,09;55,18;15,0;0,0;22,8;14,0;11,1;9,18;8,68;1,75;0,0;2,94;2,22;2,06;1,69;1,51;1,46;0,0367;0,015;0,21;0,0857;0,0561;0,0307;0,0222;0,0206;0,242;0,0;1,74;0,697;0,517;0,159;0,0462;0,029;0,0409;0,0221;0,0759;0,0652;0,0601;0,0409;0,0249;0,0238;0,483;0,267;1,47;0,767;0,657;0,46;0,321;0,303;14,4;1,25;86,0;28,8;23,9;12,8;6,51;5,52;-0,87;-12,14;64,31;34,79;24,82;4,47;-8,18;-9,79
CarloV;CarloV2;10184;68,72;56,78;79,37;75,19;73,09;64,59;59,64;59,06;62,25;54,99;71,45;66,75;65,71;60,05;57,65;57,31;58,39;49,75;67,68;63,51;61,8;56,25;52,5;51,87;13,3;0,0;17,3;12,4;9,2;7,41;7,03;1,62;0,0;2,42;1,9;1,81;1,59;1,45;1,42;0,0277;0,0124;0,0996;0,0422;0,0384;0,0265;0,0188;0,0175;0,233;0,0;1,49;0,684;0,496;0,164;0,0619;0,0439;0,0318;0,01;0,0806;0,0723;0,0614;0,0248;0,014;0,0122;0,395;0,201;1,0;0,605;0,559;0,367;0,279;0,262;12,3;0,636;61,9;26,2;21,8;10,6;5,02;4,02;-0,49;-17,56;65,25;31,99;21,53;0,19;-15,4;-16,23
CarloV;CarloV2;10182;64,92;56,02;76,78;70,2;68,23;62,82;59,26;58,12;60,59;54,55;65,95;63,26;62,68;60,36;57,29;56,59;57,44;50,42;64,31;60,83;59,92;57,06;53,4;52,36;12,5;0,0;18,9;11,6;9,58;7,76;7,22;1,72;0,0;3,02;2,1;1,96;1,68;1,53;1,5;0,0286;0,0137;0,0596;0,0433;0,0385;0,0277;0,0202;0,0184;0,186;0,0;1,77;0,571;0,385;0,121;0,0367;0,0268;0,0171;0,00816;0,0479;0,0304;0,0261;0,016;0,0113;0,00919;0,389;0,19;0,979;0,667;0,546;0,353;0,267;0,253;10,2;0,804;56,8;20,3;16,9;9,06;4,88;3,97;-0,91;-15,9;60,93;33,05;23,28;1,44;-12,32;-13,7
CarloV;CarloV2;10183;64,92;56,02;76,78;70,2;68,23;62,82;59,26;58,12;60,59;54,55;65,95;63,26;62,68;60,36;57,29;56,59;57,44;50,42;64,31;60,83;59,92;57,06;53,4;52,36;12,5;0,0;18,9;11,6;9,58;7,76;7,22;1,72;0,0;3,02;2,1;1,96;1,68;1,53;1,5;0,0286;0,0137;0,0596;0,0433;0,0385;0,0277;0,0202;0,0184;0,186;0,0;1,77;0,571;0,385;0,121;0,0367;0,0268;0,0171;0,00816;0,0479;0,0304;0,0261;0,016;0,0113;0,00919;0,389;0,19;0,979;0,667;0,546;0,353;0,267;0,253;10,2;0,804;56,8;20,3;16,9;9,06;4,88;3,97;-0,91;-15,9;60,93;33,05;23,28;1,44;-12,32;-13,7
CarloV;CarloV2;10198;69,48;54,62;82,98;75,14;74,12;65,01;58,35;57,44;64,76;53,12;71,98;70,37;69,09;62,31;57,03;56,03;57,87;47,94;68,66;62,37;60,97;56,44;51,78;50,91;13,1;0,0;18,1;12,1;9,4;7,0;6,48;1,82;0,0;2,96;2,29;2,18;1,8;1,56;1,49;0,0303;0,0113;0,126;0,0588;0,0454;0,0265;0,0179;0,016;0,202;0,0;1,6;0,518;0,408;0,141;0,034;0,0229;0,0364;0,0145;0,0943;0,061;0,0525;0,0339;0,0187;0,0173;0,409;0,201;1,43;0,616;0,531;0,399;0,291;0,27;14,7;0,925;53,5;29,6;25,5;13,1;6,1;4,72;-2,57;-14,48;66,2;30,84;23,28;2,2;-10,93;-11,92
CarloV;CarloV2;10187;70,0;60,87;82,53;73,58;71,68;68,27;65,24;64,5;68,2;59,37;74,69;71,51;70,79;67,55;64,25;63,58;65,6;55,73;72,69;69,39;68,6;64,63;60,98;60,31;20,9;0,0;28,0;19,6;15,4;12,4;11,7;2,0;0,0;3,13;2,38;2,25;1,98;1,77;1,7;0,0359;0,0155;0,089;0,0567;0,0502;0,0342;0,0246;0,0222;0,289;0,0;1,69;0,74;0,539;0,231;0,0925;0,0674;0,0475;0,0208;0,0978;0,0741;0,0641;0,0475;0,0289;0,0255;0,427;0,149;1,12;0,701;0,615;0,408;0,296;0,274;18,4;2,03;68,3;34,9;29,9;16,9;9,18;7,55;-0,14;-1,48;62,04;38,51;31,02;12,82;4,68;3,03
CarloV;CarloV2;10188;70,0;60,87;82,53;73,58;71,68;68,27;65,24;64,5;68,2;59,37;74,69;71,51;70,79;67,55;64,25;63,58;65,6;55,73;72,69;69,39;68,6;64,63;60,98;60,31;20,9;0,0;28,0;19,6;15,4;12,4;11,7;2,0;0,0;3,13;2,38;2,25;1,98;1,77;1,7;0,0359;0,0155;0,089;0,0567;0,0502;0,0342;0,0246;0,0222;0,289;0,0;1,69;0,74;0,539;0,231;0,0925;0,0674;0,0475;0,0208;0,0978;0,0741;0,0641;0,0475;0,0289;0,0255;0,427;0,149;1,12;0,701;0,615;0,408;0,296;0,274;18,4;2,03;68,3;34,9;29,9;16,9;9,18;7,55;-0,14;-1,48;62,04;38,51;31,02;12,82;4,68;3,03
CarloV;CarloV2;10189;70,0;60,87;82,53;73,58;71,68;68,27;65,24;64,5;68,2;59,37;74,69;71,51;70,79;67,55;64,25;63,58;65,6;55,73;72,69;69,39;68,6;64,63;60,98;60,31;20,9;0,0;28,0;19,6;15,4;12,4;11,7;2,0;0,0;3,13;2,38;2,25;1,98;1,77;1,7;0,0359;0,0155;0,089;0,0567;0,0502;0,0342;0,0246;0,0222;0,289;0,0;1,69;0,74;0,539;0,231;0,0925;0,0674;0,0475;0,0208;0,0978;0,0741;0,0641;0,0475;0,0289;0,0255;0,427;0,149;1,12;0,701;0,615;0,408;0,296;0,274;18,4;2,03;68,3;34,9;29,9;16,9;9,18;7,55;-0,14;-1,48;62,04;38,51;31,02;12,82;4,68;3,03
CarloV;CarloV2;10190;70,0;60,87;82,53;73,58;71,68;68,27;65,24;64,5;68,2;59,37;74,69;71,51;70,79;67,55;64,25;63,58;65,6;55,73;72,69;69,39;68,6;64,63;60,98;60,31;20,9;0,0;28,0;19,6;15,4;12,4;11,7;2,0;0,0;3,13;2,38;2,25;1,98;1,77;1,7;0,0359;0,0155;0,089;0,0567;0,0502;0,0342;0,0246;0,0222;0,289;0,0;1,69;0,74;0,539;0,231;0,0925;0,0674;0,0475;0,0208;0,0978;0,0741;0,0641;0,0475;0,0289;0,0255;0,427;0,149;1,12;0,701;0,615;0,408;0,296;0,274;18,4;2,03;68,3;34,9;29,9;16,9;9,18;7,55;-0,14;-1,48;62,04;38,51;31,02;12,82;4,68;3,03
CarloV;CarloV2;10191;70,0;60,87;82,53;73,58;71,68;68,27;65,24;64,5;68,2;59,37;74,69;71,51;70,79;67,55;64,25;63,58;65,6;55,73;72,69;69,39;68,6;64,63;60,98;60,31;20,9;0,0;28,0;19,6;15,4;12,4;11,7;2,0;0,0;3,13;2,38;2,25;1,98;1,77;1,7;0,0359;0,0155;0,089;0,0567;0,0502;0,0342;0,0246;0,0222;0,289;0,0;1,69;0,74;0,539;0,231;0,0925;0,0674;0,0475;0,0208;0,0978;0,0741;0,0641;0,0475;0,0289;0,0255;0,427;0,149;1,12;0,701;0,615;0,408;0,296;0,274;18,4;2,03;68,3;34,9;29,9;16,9;9,18;7,55;-0,14;-1,48;62,04;38,51;31,02;12,82;4,68;3,03
CarloV;CarloV2;10177;65,82;55,56;79,55;73,22;68,42;60,17;57,13;56,71;60,0;53,5;72,82;66,36;62,35;56,32;54,74;54,4;52,68;47,39;59,97;56,87;54,79;51,78;49,35;48,93;8,39;0,0;12,2;7,91;6,69;5,72;5,53;1,42;0,0;2,2;1,75;1,65;1,38;1,24;1,22;0,0249;0,0114;0,0551;0,0365;0,0327;0,0242;0,0176;0,0161;0,227;0,0;1,55;0,805;0,516;0,115;0,0342;0,0241;0,0137;0,00774;0,0411;0,0239;0,0208;0,0119;0,00881;0,00849;0,372;0,209;1,11;0,524;0,479;0,357;0,282;0,263;7,92;0,0643;36,9;15,2;13,2;7,27;3,49;2,82;-1,78;-20,98;60,42;26,3;17,12;-10,15;-19,03;-19,51
CarloV;CarloV2;10174;71,86;58,82;82,56;77,69;75,4;69,11;62,19;61,19;63,88;55,05;74,9;68,65;66,7;61,69;57,67;57,05;54,27;47,2;64,98;58,88;57,62;52,29;49,37;49,0;10,3;0,0;19,2;9,52;7,18;5,95;5,7;1,51;0,0;2,53;1,94;1,81;1,47;1,26;1,23;0,0261;0,0124;0,116;0,0387;0,0345;0,0248;0,0184;0,0164;0,145;0,0;1,01;0,424;0,281;0,0957;0,023;0,0137;0,0345;0,00963;0,104;0,0818;0,0752;0,0219;0,014;0,0123;0,419;0,23;1,95;0,698;0,595;0,38;0,294;0,278;11,3;0,598;82,4;28,0;21,9;9,01;4,1;3,22;-2,86;-16,27;68,15;28,74;19,7;0,32;-14,28;-14,9
CarloV;CarloV2;10180;71,26;58,36;81,69;77,46;74,53;67,96;63,58;62,66;69,84;57,15;81,68;76,12;72,22;65,58;62,15;61,64;67,77;52,93;80,38;73,85;69,97;61,99;58,26;57,72;25,5;0,0;40,4;21,2;12,8;9,99;9,44;1,89;0,0;2,98;2,36;2,26;1,86;1,59;1,54;0,0349;0,0132;0,14;0,0612;0,0489;0,0313;0,0214;0,0197;0,336;0,0;1,77;0,834;0,652;0,267;0,0878;0,0574;0,0547;0,0201;0,131;0,0973;0,0865;0,0518;0,0262;0,0224;0,422;0,131;1,05;0,632;0,564;0,405;0,297;0,272;18,1;2,03;83,2;37,4;30,8;15,9;8,04;6,41;-0,33;-12,46;63,07;40,3;36,48;6,17;-8,62;-9,86
CarloV;CarloV2;10181;71,26;58,36;81,69;77,46;74,53;67,96;63,58;62,66;69,84;57,15;81,68;76,12;72,22;65,58;62,15;61,64;67,77;52,93;80,38;73,85;69,97;61,99;58,26;57,72;25,5;0,0;40,4;21,2;12,8;9,99;9,44;1,89;0,0;2,98;2,36;2,26;1,86;1,59;1,54;0,0349;0,0132;0,14;0,0612;0,0489;0,0313;0,0214;0,0197;0,336;0,0;1,77;0,834;0,652;0,267;0,0878;0,0574;0,0547;0,0201;0,131;0,0973;0,0865;0,0518;0,0262;0,0224;0,422;0,131;1,05;0,632;0,564;0,405;0,297;0,272;18,1;2,03;83,2;37,4;30,8;15,9;8,04;6,41;-0,33;-12,46;63,07;40,3;36,48;6,17;-8,62;-9,86
CarloV;CarloV2;10168;76,46;61,27;89,8;83,03;81,31;68,85;64,31;63,31;69,71;59,28;81,8;75,48;73,23;66,54;62,81;62,08;65,35;54,24;73,93;70,73;69,2;62,95;58,94;57,78;21,3;0,0;29,3;19,4;13,6;10,3;9,66;1,89;0,0;2,94;2,35;2,24;1,85;1,62;1,56;0,032;0,0146;0,0874;0,0487;0,0447;0,0308;0,0218;0,0199;0,347;0,0;2,42;0,959;0,704;0,256;0,0913;0,0607;0,0459;0,0175;0,0899;0,0816;0,07;0,0457;0,0249;0,022;0,473;0,122;1,17;0,801;0,71;0,446;0,306;0,274;18,8;1,9;59,6;35,3;30,6;17,4;8,88;7,33;-1,22;-9,39;72,49;38,63;30,3;10,19;-5,72;-6,94
CarloV;CarloV2;10169;76,46;61,27;89,8;83,03;81,31;68,85;64,31;63,31;69,71;59,28;81,8;75,48;73,23;66,54;62,81;62,08;65,35;54,24;73,93;70,73;69,2;62,95;58,94;57,78;21,3;0,0;29,3;19,4;13,6;10,3;9,66;1,89;0,0;2,94;2,35;2,24;1,85;1,62;1,56;0,032;0,0146;0,0874;0,0487;0,0447;0,0308;0,0218;0,0199;0,347;0,0;2,42;0,959;0,704;0,256;0,0913;0,0607;0,0459;0,0175;0,0899;0,0816;0,07;0,0457;0,0249;0,022;0,473;0,122;1,17;0,801;0,71;0,446;0,306;0,274;18,8;1,9;59,6;35,3;30,6;17,4;8,88;7,33;-1,22;-9,39;72,49;38,63;30,3;10,19;-5,72;-6,94
CarloV;CarloV2;10171;76,46;61,27;89,8;83,03;81,31;68,85;64,31;63,31;69,71;59,28;81,8;75,48;73,23;66,54;62,81;62,08;65,35;54,24;73,93;70,73;69,2;62,95;58,94;57,78;21,3;0,0;29,3;19,4;13,6;10,3;9,66;1,89;0,0;2,94;2,35;2,24;1,85;1,62;1,56;0,032;0,0146;0,0874;0,0487;0,0447;0,0308;0,0218;0,0199;0,347;0,0;2,42;0,959;0,704;0,256;0,0913;0,0607;0,0459;0,0175;0,0899;0,0816;0,07;0,0457;0,0249;0,022;0,473;0,122;1,17;0,801;0,71;0,446;0,306;0,274;18,8;1,9;59,6;35,3;30,6;17,4;8,88;7,33;-1,22;-9,39;72,49;38,63;30,3;10,19;-5,72;-6,94
CarloV;CarloV2;10172;76,46;61,27;89,8;83,03;81,31;68,85;64,31;63,31;69,71;59,28;81,8;75,48;73,23;66,54;62,81;62,08;65,35;54,24;73,93;70,73;69,2;62,95;58,94;57,78;21,3;0,0;29,3;19,4;13,6;10,3;9,66;1,89;0,0;2,94;2,35;2,24;1,85;1,62;1,56;0,032;0,0146;0,0874;0,0487;0,0447;0,0308;0,0218;0,0199;0,347;0,0;2,42;0,959;0,704;0,256;0,0913;0,0607;0,0459;0,0175;0,0899;0,0816;0,07;0,0457;0,0249;0,022;0,473;0,122;1,17;0,801;0,71;0,446;0,306;0,274;18,8;1,9;59,6;35,3;30,6;17,4;8,88;7,33;-1,22;-9,39;72,49;38,63;30,3;10,19;-5,72;-6,94
CarloV;CarloV2;10173;76,46;61,27;89,8;83,03;81,31;68,85;64,31;63,31;69,71;59,28;81,8;75,48;73,23;66,54;62,81;62,08;65,35;54,24;73,93;70,73;69,2;62,95;58,94;57,78;21,3;0,0;29,3;19,4;13,6;10,3;9,66;1,89;0,0;2,94;2,35;2,24;1,85;1,62;1,56;0,032;0,0146;0,0874;0,0487;0,0447;0,0308;0,0218;0,0199;0,347;0,0;2,42;0,959;0,704;0,256;0,0913;0,0607;0,0459;0,0175;0,0899;0,0816;0,07;0,0457;0,0249;0,022;0,473;0,122;1,17;0,801;0,71;0,446;0,306;0,274;18,8;1,9;59,6;35,3;30,6;17,4;8,88;7,33;-1,22;-9,39;72,49;38,63;30,3;10,19;-5,72;-6,94
MiradorSanNicolas;MiradorSanNicolas1;10201;72,06;65,56;79,48;75,73;74,91;71,02;68,5;67,37;71,38;64,63;79,37;75,5;74,65;69,93;67,19;66,56;68,25;58,71;76,7;73,41;72,32;65,58;61,74;61,02;26,5;0,0;35,8;24,2;16,5;13,0;12,4;1,93;0,0;3,22;2,54;2,32;1,88;1,67;1,63;0,0369;0,0141;0,103;0,059;0,0521;0,0342;0,0249;0,0222;0,416;0,0;2,53;1,32;0,9;0,27;0,0878;0,0602;0,0749;0,0212;0,257;0,176;0,147;0,0508;0,0284;0,0266;0,455;0,213;1,39;0,797;0,675;0,414;0,288;0,266;21,7;1,69;89,6;47,0;37,5;18,6;9,72;7,68;-0,91;-3,82;60,52;42,54;34,04;13,13;0,26;-0,55
MiradorSanNicolas;MiradorSanNicolas1;10208;78,57;67,44;89,52;84,16;82,33;75,62;71,01;70,05;77,2;64,49;89,52;84,03;81,88;71,0;67,38;66,53;70,99;55,9;83,64;77,98;75,7;64,36;58,94;58,18;23,8;0,0;40,3;21,3;15,1;11,1;10,4;1,62;0,0;2,53;1,96;1,87;1,61;1,41;1,37;0,0733;0,0192;0,606;0,263;0,172;0,043;0,0275;0,0245;0,319;0,0;2,05;0,93;0,677;0,23;0,0763;0,0554;0,0819;0,0196;0,329;0,265;0,227;0,0427;0,0226;0,021;0,613;0,243;2,15;1,31;1,13;0,478;0,341;0,32;19,7;2,18;152,0;46,0;34,8;15,8;8,2;6,82;-0,34;-14,85;69,15;38,81;29,27;5,12;-12,37;-13,55
MiradorSanNicolas;MiradorSanNicolas1;10209;78,57;67,44;89,52;84,16;82,33;75,62;71,01;70,05;77,2;64,49;89,52;84,03;81,88;71,0;67,38;66,53;70,99;55,9;83,64;77,98;75,7;64,36;58,94;58,18;23,8;0,0;40,3;21,3;15,1;11,1;10,4;1,62;0,0;2,53;1,96;1,87;1,61;1,41;1,37;0,0733;0,0192;0,606;0,263;0,172;0,043;0,0275;0,0245;0,319;0,0;2,05;0,93;0,677;0,23;0,0763;0,0554;0,0819;0,0196;0,329;0,265;0,227;0,0427;0,0226;0,021;0,613;0,243;2,15;1,31;1,13;0,478;0,341;0,32;19,7;2,18;152,0;46,0;34,8;15,8;8,2;6,82;-0,34;-14,85;69,15;38,81;29,27;5,12;-12,37;-13,55
MiradorSanNicolas;MiradorSanNicolas1;10210;70,04;61,43;80,4;75,04;73,45;67,88;64,02;63,35;69,25;60,65;80,31;74,34;72,57;66,94;62,9;62,45;66,45;57,34;77,6;71,43;69,81;64,13;59,9;59,19;21,1;0,0;31,8;19,2;14,8;11,4;10,8;1,87;0,0;3,14;2,21;2,13;1,85;1,63;1,56;0,0393;0,0148;0,257;0,0709;0,0566;0,0345;0,0243;0,0221;0,409;0,0;1,7;1,08;0,844;0,332;0,126;0,0874;0,0551;0,0222;0,129;0,112;0,1;0,0487;0,0276;0,0249;0,482;0,217;1,91;0,847;0,719;0,437;0,296;0,28;18,3;1,73;107,0;38,1;31,5;16,1;8,31;6,67;-0,52;-10,12;57,63;39,63;33,33;7,69;-7,79;-8,5
MiradorSanNicolas;MiradorSanNicolas1;10211;70,04;61,43;80,4;75,04;73,45;67,88;64,02;63,35;69,25;60,65;80,31;74,34;72,57;66,94;62,9;62,45;66,45;57,34;77,6;71,43;69,81;64,13;59,9;59,19;21,1;0,0;31,8;19,2;14,8;11,4;10,8;1,87;0,0;3,14;2,21;2,13;1,85;1,63;1,56;0,0393;0,0148;0,257;0,0709;0,0566;0,0345;0,0243;0,0221;0,409;0,0;1,7;1,08;0,844;0,332;0,126;0,0874;0,0551;0,0222;0,129;0,112;0,1;0,0487;0,0276;0,0249;0,482;0,217;1,91;0,847;0,719;0,437;0,296;0,28;18,3;1,73;107,0;38,1;31,5;16,1;8,31;6,67;-0,52;-10,12;57,63;39,63;33,33;7,69;-7,79;-8,5
MiradorSanNicolas;MiradorSanNicolas1;10212;70,4;60,24;82,05;76,17;74,44;66,58;63,18;62,57;67,68;59,71;81,22;72,43;71,23;65,8;62,72;62,12;64,6;55,74;78,62;70,36;68,62;61,96;58,57;57,84;19,7;0,0;35,1;18,6;13,0;10,7;10,3;1,77;0,0;2,75;2,12;2,02;1,75;1,55;1,5;0,034;0,0137;0,158;0,0544;0,0469;0,0318;0,0223;0,0203;0,464;0,0;3,02;2,38;1,21;0,258;0,0962;0,0744;0,0435;0,011;0,192;0,13;0,0688;0,0335;0,018;0,0142;0,39;0,0333;1,47;0,81;0,626;0,358;0,241;0,194;15,7;2,17;114,0;31,3;25,9;14,0;7,7;6,33;-0,43;-12,75;63,11;37,92;29,41;6,41;-9,01;-10,25
MiradorSanNicolas;MiradorSanNicolas1;10214;70,4;60,24;82,05;76,17;74,44;66,58;63,18;62,57;67,68;59,71;81,22;72,43;71,23;65,8;62,72;62,12;64,6;55,74;78,62;70,36;68,62;61,96;58,57;57,84;19,7;0,0;35,1;18,6;13,0;10,7;10,3;1,77;0,0;2,75;2,12;2,02;1,75;1,55;1,5;0,034;0,0137;0,158;0,0544;0,0469;0,0318;0,0223;0,0203;0,464;0,0;3,02;2,38;1,21;0,258;0,0962;0,0744;0,0435;0,011;0,192;0,13;0,0688;0,0335;0,018;0,0142;0,39;0,0333;1,47;0,81;0,626;0,358;0,241;0,194;15,7;2,17;114,0;31,3;25,9;14,0;7,7;6,33;-0,43;-12,75;63,11;37,92;29,41;6,41;-9,01;-10,25
MiradorSanNicolas;MiradorSanNicolas1;10215;70,4;60,24;82,05;76,17;74,44;66,58;63,18;62,57;67,68;59,71;81,22;72,43;71,23;65,8;62,72;62,12;64,6;55,74;78,62;70,36;68,62;61,96;58,57;57,84;19,7;0,0;35,1;18,6;13,0;10,7;10,3;1,77;0,0;2,75;2,12;2,02;1,75;1,55;1,5;0,034;0,0137;0,158;0,0544;0,0469;0,0318;0,0223;0,0203;0,464;0,0;3,02;2,38;1,21;0,258;0,0962;0,0744;0,0435;0,011;0,192;0,13;0,0688;0,0335;0,018;0,0142;0,39;0,0333;1,47;0,81;0,626;0,358;0,241;0,194;15,7;2,17;114,0;31,3;25,9;14,0;7,7;6,33;-0,43;-12,75;63,11;37,92;29,41;6,41;-9,01;-10,25
MiradorSanNicolas;MiradorSanNicolas1;10202;74,89;69,13;83,85;79,07;77,78;73,42;71,04;70,57;74,2;68,36;83,77;78,81;77,27;72,39;70,13;69,7;71,95;59,98;83,5;78,12;76,27;67,71;63,7;62,58;31,1;0,0;41,5;28,7;19,4;15,5;14,9;1,96;0,0;2,9;2,41;2,32;1,94;1,66;1,6;0,0409;0,0176;0,15;0,0705;0,0607;0,037;0,0267;0,0242;0,623;0,0;5,1;1,9;1,5;0,4;0,136;0,11;0,0601;0,0146;0,134;0,105;0,0973;0,057;0,031;0,0223;0,458;0,161;1,34;0,871;0,759;0,408;0,259;0,239;18,8;1,33;82,5;42,2;35,1;15,8;7,02;5,71;-1,81;-13,68;65,78;45,73;39,11;7,01;-10,6;-11,63
MiradorSanNicolas;MiradorSanNicolas1;10203;78,11;69,4;85,73;81,47;80,55;77,67;73,33;72,55;77,99;69,25;85,7;81,42;80,48;77,52;73,23;72,42;76,42;65,44;85,01;80,32;79,37;75,44;70,87;69,59;39,3;0,0;56,6;36,8;28,8;20,4;18,7;2,36;0,0;3,55;2,95;2,83;2,36;1,88;1,77;0,0618;0,0185;0,294;0,131;0,0986;0,0518;0,0323;0,0289;0,682;0,0;3,74;1,74;1,34;0,549;0,142;0,0835;0,242;0,0443;0,741;0,573;0,557;0,158;0,0697;0,056;0,874;0,191;2,52;1,76;1,56;0,757;0,306;0,236;30,2;3,55;128,0;68,6;55,2;25,1;12,9;10,5;-0,77;0,87;61,69;51,32;44,42;18,74;3,6;2,75
MiradorSanNicolas;MiradorSanNicolas1;10204;73,08;63,48;81,98;78,13;76,98;70,55;67,29;66,44;68,84;61,25;76,53;72,69;71,57;68,6;65,41;64,53;65,55;54,88;74,38;69,23;68,22;64,66;59,15;57,91;20,3;0,0;28,8;19,2;15,2;11,7;11,0;1,98;0,0;2,9;2,47;2,36;1,96;1,65;1,59;0,0351;0,0147;0,0935;0,0588;0,0522;0,0324;0,0224;0,0207;0,35;0,0;2,15;0,952;0,731;0,271;0,0769;0,0537;0,0398;0,0219;0,0882;0,0712;0,0607;0,0362;0,0244;0,0227;0,476;0,231;1,29;0,787;0,687;0,453;0,324;0,308;16,9;2,06;65,7;32,9;27,6;15,3;8,31;6,9;-0,58;-7,78;67,13;39,54;30,08;10,44;-3,74;-5,0
MiradorSanNicolas;MiradorSanNicolas1;10200;64,38;57,71;74,12;67,83;66,54;63,45;60,37;59,74;62,03;56,72;67,86;64,43;63,82;61,57;59,05;58,41;55,99;49,68;63,43;59,68;58,54;55,06;51,78;50,99;11,5;0,0;14,8;10,7;8,67;7,07;6,74;1,55;0,0;2,83;1,92;1,83;1,52;1,31;1,25;0,0297;0,0142;0,0761;0,0448;0,0405;0,0286;0,0205;0,0188;0,179;0,0;1,12;0,503;0,393;0,123;0,0388;0,029;0,0255;0,0113;0,0659;0,0509;0,0435;0,0214;0,015;0,0137;0,375;0,198;1,56;0,537;0,472;0,368;0,283;0,267;11,2;1,36;45,7;22,5;18,7;10,1;4,93;3,9;-2,71;-18,06;58,52;29,6;20,64;-0,84;-14,78;-15,97
MiradorSanNicolas;MiradorSanNicolas1;10206;64,38;57,71;74,12;67,83;66,54;63,45;60,37;59,74;62,03;56,72;67,86;64,43;63,82;61,57;59,05;58,41;55,99;49,68;63,43;59,68;58,54;55,06;51,78;50,99;11,5;0,0;14,8;10,7;8,67;7,07;6,74;1,55;0,0;2,83;1,92;1,83;1,52;1,31;1,25;0,0297;0,0142;0,0761;0,0448;0,0405;0,0286;0,0205;0,0188;0,179;0,0;1,12;0,503;0,393;0,123;0,0388;0,029;0,0255;0,0113;0,0659;0,0509;0,0435;0,0214;0,015;0,0137;0,375;0,198;1,56;0,537;0,472;0,368;0,283;0,267;11,2;1,36;45,7;22,5;18,7;10,1;4,93;3,9;-2,71;-18,06;58,52;29,6;20,64;-0,84;-14,78;-15,97
MiradorSanNicolas;MiradorSanNicolas1;10233;68,44;61,81;81,0;71,56;70,13;67,29;64,86;64,27;67,57;61,07;80,99;70,66;69,28;66,24;63,92;63,24;64,73;54,39;79,78;68,72;66,64;62,56;58,65;57,74;18,3;0,0;34,4;16,9;13,6;11,1;10,4;1,82;0,0;3,11;2,31;2,12;1,76;1,57;1,53;0,0311;0,0143;0,0777;0,0468;0,0419;0,0297;0,0219;0,0201;0,363;0,0;2,06;1,06;0,784;0,273;0,0884;0,063;0,0508;0,024;0,155;0,115;0,0699;0,0414;0,0275;0,0257;0,418;0,183;1,34;0,676;0,6;0,387;0,292;0,272;17,8;1,85;84,0;37,3;30,1;15,8;8,15;6,75;-1,1;-11,77;57,49;38,08;28,34;10,27;-9,02;-9,96
MiradorSanNicolas;MiradorSanNicolas1;10234;68,44;61,81;81,0;71,56;70,13;67,29;64,86;64,27;67,57;61,07;80,99;70,66;69,28;66,24;63,92;63,24;64,73;54,39;79,78;68,72;66,64;62,56;58,65;57,74;18,3;0,0;34,4;16,9;13,6;11,1;10,4;1,82;0,0;3,11;2,31;2,12;1,76;1,57;1,53;0,0311;0,0143;0,0777;0,0468;0,0419;0,0297;0,0219;0,0201;0,363;0,0;2,06;1,06;0,784;0,273;0,0884;0,063;0,0508;0,024;0,155;0,115;0,0699;0,0414;0,0275;0,0257;0,418;0,183;1,34;0,676;0,6;0,387;0,292;0,272;17,8;1,85;84,0;37,3;30,1;15,8;8,15;6,75;-1,1;-11,77;57,49;38,08;28,34;10,27;-9,02;-9,96
MiradorSanNicolas;MiradorSanNicolas1;10232;78,16;70,12;86,32;82,43;81,31;77,41;73,57;72,59;77,08;69,79;84,01;80,53;79,51;76,39;73,15;72,22;70,86;63,86;77,98;74,32;73,36;70,08;67,1;66,39;26,3;0,0;34,8;24,7;20,1;16,9;16,2;1,76;0,0;2,45;2,04;1,97;1,75;1,56;1,51;0,0753;0,0231;0,269;0,146;0,124;0,0651;0,0411;0,0367;0,26;0,0;1,83;0,632;0,473;0,206;0,0855;0,0664;0,144;0,0537;0,257;0,242;0,214;0,138;0,085;0,0786;0,681;0,352;1,34;0,948;0,854;0,662;0,521;0,484;21,4;1,87;98,5;47,5;37,2;18,1;9,25;7,74;-0,26;-13,68;71,61;40,77;31,64;7,45;-11,25;-12,47
MiradorSanNicolas;MiradorSanNicolas1;10217;73,48;68,77;81,08;76,17;75,54;72,94;70,68;70,19;72,91;67,41;81,07;75,72;75,11;72,29;69,78;69,29;69,04;61,44;79,71;72,38;71,17;67,95;64,98;64,48;24,8;0,0;32,0;23,6;19,0;15,7;15,0;1,78;0,0;2,71;2,13;2,05;1,76;1,54;1,5;0,0474;0,0218;0,15;0,0754;0,067;0,0446;0,0302;0,0277;0,435;0,0;1,97;1,03;0,803;0,376;0,158;0,119;0,0567;0,0276;0,154;0,111;0,0806;0,0516;0,0356;0,0302;0,458;0,24;0,985;0,672;0,627;0,436;0,315;0,292;18,7;2,17;76,2;37,2;31,4;16,6;8,99;7,38;-0,91;-13,7;63,5;43,16;33,41;7,51;-10,65;-11,9
MiradorSanNicolas;MiradorSanNicolas1;10218;73,48;68,77;81,08;76,17;75,54;72,94;70,68;70,19;72,91;67,41;81,07;75,72;75,11;72,29;69,78;69,29;69,04;61,44;79,71;72,38;71,17;67,95;64,98;64,48;24,8;0,0;32,0;23,6;19,0;15,7;15,0;1,78;0,0;2,71;2,13;2,05;1,76;1,54;1,5;0,0474;0,0218;0,15;0,0754;0,067;0,0446;0,0302;0,0277;0,435;0,0;1,97;1,03;0,803;0,376;0,158;0,119;0,0567;0,0276;0,154;0,111;0,0806;0,0516;0,0356;0,0302;0,458;0,24;0,985;0,672;0,627;0,436;0,315;0,292;18,7;2,17;76,2;37,2;31,4;16,6;8,99;7,38;-0,91;-13,7;63,5;43,16;33,41;7,51;-10,65;-11,9
MiradorSanNicolas;MiradorSanNicolas1;10219;71,75;63,1;81,83;76,99;76,05;68,92;65,72;65,07;70,72;61,64;81,31;76,53;75,52;67,35;64,45;63,9;67,56;56,99;79,36;73,77;72,75;63,5;59,71;59,25;30,3;0,0;36,2;26,1;15,2;12,1;11,6;1,9;0,0;3,16;2,56;2,38;1,83;1,59;1,54;0,0373;0,0162;0,114;0,067;0,0557;0,0336;0,0239;0,0217;0,339;0,0;2,17;0,83;0,63;0,27;0,106;0,079;0,0454;0,00877;0,202;0,15;0,119;0,0335;0,0123;0,00987;0,409;0,197;0,748;0,605;0,55;0,393;0,282;0,266;17,2;1,38;68,6;33,5;28,2;15,3;7,96;6,59;-0,24;-15,41;62,43;41,51;32,98;5,93;-11,34;-13,28
MiradorSanNicolas;MiradorSanNicolas1;10220;71,75;63,1;81,83;76,99;76,05;68,92;65,72;65,07;70,72;61,64;81,31;76,53;75,52;67,35;64,45;63,9;67,56;56,99;79,36;73,77;72,75;63,5;59,71;59,25;30,3;0,0;36,2;26,1;15,2;12,1;11,6;1,9;0,0;3,16;2,56;2,38;1,83;1,59;1,54;0,0373;0,0162;0,114;0,067;0,0557;0,0336;0,0239;0,0217;0,339;0,0;2,17;0,83;0,63;0,27;0,106;0,079;0,0454;0,00877;0,202;0,15;0,119;0,0335;0,0123;0,00987;0,409;0,197;0,748;0,605;0,55;0,393;0,282;0,266;17,2;1,38;68,6;33,5;28,2;15,3;7,96;6,59;-0,24;-15,41;62,43;41,51;32,98;5,93;-11,34;-13,28
MiradorSanNicolas;MiradorSanNicolas1;10227;76,24;70,42;82,12;79,83;79,12;75,35;72,69;72,12;76,07;70,37;82,1;79,6;78,83;75,25;72,58;71,99;68,76;63,88;76,1;72,32;71,17;67,97;65,61;65,08;26,1;0,0;33,8;24,2;19,6;16,5;15,8;1,69;0,0;2,59;2,01;1,92;1,67;1,49;1,44;0,0563;0,0183;0,197;0,095;0,084;0,0518;0,035;0,0318;0,469;0,0;1,55;1,14;1,01;0,372;0,165;0,135;0,0629;0,0332;0,137;0,103;0,095;0,0575;0,0394;0,0364;0,464;0,211;1,02;0,697;0,627;0,446;0,334;0,3;21,3;1,37;84,4;39,8;34,5;19,4;10,3;8,52;-6,21;-14,08;66,87;39,55;31,95;8,81;-9,83;-12,06
MiradorSanNicolas;MiradorSanNicolas1;10222;67,02;60,21;80,44;70,62;68,67;64,85;62,6;61,88;65,87;58,95;80,42;69,04;66,54;63,33;60,94;60,27;63,65;52,65;79,29;67,33;64,13;59,55;56,01;55,24;15,7;0,0;30,1;14,0;10,9;8,8;8,26;1,71;0,0;2,89;2,08;1,96;1,67;1,49;1,45;0,0345;0,0139;0,404;0,0544;0,0452;0,0294;0,0206;0,0185;0,301;0,0;1,93;0,804;0,615;0,223;0,0842;0,0605;0,0452;0,0171;0,134;0,105;0,0827;0,0383;0,0249;0,0216;0,407;0,156;1,2;0,661;0,556;0,377;0,3;0,268;16,2;1,6;81,6;32,4;27,4;14,3;7,53;6,23;-0,35;-15,35;58,06;38,25;28,06;3,12;-12,3;-13,37
MiradorSanNicolas;MiradorSanNicolas1;10224;81,02;67,57;91,31;87,34;85,36;77,97;71,71;70,87;74,77;65,82;83,83;80,12;78,15;73,1;69,7;68,83;69,49;58,01;80,25;74,68;72,27;67,37;62,78;61,71;28,9;0,0;42,3;25,4;18,0;14,0;13,1;1,82;0,0;3,18;2,43;2,2;1,76;1,55;1,52;0,0367;0,0144;0,0839;0,0564;0,0493;0,0351;0,0249;0,0229;0,462;0,0;4,11;1,19;0,881;0,339;0,124;0,0933;0,0603;0,0184;0,13;0,107;0,0917;0,06;0,0292;0,0231;0,433;0,2;1,17;0,667;0,588;0,415;0,303;0,269;21,3;2,16;79,6;41,7;35,9;19,3;10,1;8,14;-0,78;-11,54;77,15;43,16;34,1;7,84;-9,15;-10,18
MiradorSanNicolas;MiradorSanNicolas1;10225;81,02;67,57;91,31;87,34;85,36;77,97;71,71;70,87;74,77;65,82;83,83;80,12;78,15;73,1;69,7;68,83;69,49;58,01;80,25;74,68;72,27;67,37;62,78;61,71;28,9;0,0;42,3;25,4;18,0;14,0;13,1;1,82;0,0;3,18;2,43;2,2;1,76;1,55;1,52;0,0367;0,0144;0,0839;0,0564;0,0493;0,0351;0,0249;0,0229;0,462;0,0;4,11;1,19;0,881;0,339;0,124;0,0933;0,0603;0,0184;0,13;0,107;0,0917;0,06;0,0292;0,0231;0,433;0,2;1,17;0,667;0,588;0,415;0,303;0,269;21,3;2,16;79,6;41,7;35,9;19,3;10,1;8,14;-0,78;-11,54;77,15;43,16;34,1;7,84;-9,15;-10,18
MiradorSanNicolas;MiradorSanNicolas1;10228;81,2;66,61;92,15;86,98;85,1;78,57;70,77;68,92;71,49;64,44;79,74;76,17;74,69;69,98;67,1;66,24;64,3;58,74;71,41;67,39;66,56;63,68;61,07;60,68;20,1;0,0;25,7;19,0;15,7;12,9;12,3;1,78;0,0;2,61;2,16;2,04;1,75;1,55;1,5;0,0399;0,0179;0,171;0,0635;0,0531;0,0367;0,027;0,0241;0,296;0,0;1,16;0,6;0,516;0,273;0,114;0,0893;0,039;0,0144;0,11;0,0715;0,0553;0,0354;0,0225;0,0198;0,417;0,221;0,839;0,579;0,537;0,409;0,31;0,285;15,3;1,77;69,0;31,7;26,5;13,5;6,7;5,46;-1,69;-12,3;78,88;36,68;28,36;6,75;-9,02;-10,25
MiradorSanNicolas;MiradorSanNicolas1;10229;81,2;66,61;92,15;86,98;85,1;78,57;70,77;68,92;71,49;64,44;79,74;76,17;74,69;69,98;67,1;66,24;64,3;58,74;71,41;67,39;66,56;63,68;61,07;60,68;20,1;0,0;25,7;19,0;15,7;12,9;12,3;1,78;0,0;2,61;2,16;2,04;1,75;1,55;1,5;0,0399;0,0179;0,171;0,0635;0,0531;0,0367;0,027;0,0241;0,296;0,0;1,16;0,6;0,516;0,273;0,114;0,0893;0,039;0,0144;0,11;0,0715;0,0553;0,0354;0,0225;0,0198;0,417;0,221;0,839;0,579;0,537;0,409;0,31;0,285;15,3;1,77;69,0;31,7;26,5;13,5;6,7;5,46;-1,69;-12,3;78,88;36,68;28,36;6,75;-9,02;-10,25
MiradorSanNicolas;MiradorSanNicolas1;10231;81,2;66,61;92,15;86,98;85,1;78,57;70,77;68,92;71,49;64,44;79,74;76,17;74,69;69,98;67,1;66,24;64,3;58,74;71,41;67,39;66,56;63,68;61,07;60,68;20,1;0,0;25,7;19,0;15,7;12,9;12,3;1,78;0,0;2,61;2,16;2,04;1,75;1,55;1,5;0,0399;0,0179;0,171;0,0635;0,0531;0,0367;0,027;0,0241;0,296;0,0;1,16;0,6;0,516;0,273;0,114;0,0893;0,039;0,0144;0,11;0,0715;0,0553;0,0354;0,0225;0,0198;0,417;0,221;0,839;0,579;0,537;0,409;0,31;0,285;15,3;1,77;69,0;31,7;26,5;13,5;6,7;5,46;-1,69;-12,3;78,88;36,68;28,36;6,75;-9,02;-10,25
PlazaBibRambla;PlazaBibRambla1;10239;70,57;66,09;80,75;74,8;73,3;69,02;67,14;66,88;69,77;65,11;80,66;74,17;72,69;68,25;66,54;66,3;66,54;61,34;76,32;71,3;69,65;65,33;63,12;62,76;22,9;0,0;39,4;21,1;16,8;14,8;14,4;1,92;0,0;2,82;2,2;2,11;1,9;1,75;1,71;0,037;0,0155;0,113;0,0576;0,0501;0,0352;0,0256;0,0233;0,505;0,0;2,98;1,31;1,04;0,39;0,152;0,116;0,0294;0,0101;0,118;0,0979;0,056;0,0224;0,014;0,0115;0,331;0,0645;1,45;0,498;0,418;0,307;0,241;0,218;13,7;1,14;84,0;28,9;23,2;12,0;6,35;5,24;-0,09;-10,98;59,51;39,22;31,35;7,72;-7,49;-8,45
PlazaBibRambla;PlazaBibRambla1;10252;68,96;63,38;84,4;71,46;69,83;66,65;65,11;64,64;68,53;62,75;84,13;71,24;69,48;65,88;64,15;63,79;66,44;58,04;82,77;69,81;67,12;62,56;60,22;59,74;19,3;0,0;55,0;17,6;14,5;12,6;12,2;1,95;0,0;4,1;2,28;2,16;1,91;1,77;1,75;0,0327;0,0139;0,154;0,0516;0,0448;0,0306;0,0226;0,0209;0,27;0,0;3,77;0,695;0,522;0,171;0,0468;0,031;0,0267;0,0106;0,0741;0,0597;0,0558;0,0209;0,0134;0,0125;0,376;0,194;3,57;0,596;0,44;0,323;0,26;0,242;13,2;1,07;199,0;28,3;21,6;10,6;5,39;4,46;-0,42;-9,69;55,42;39,41;30,53;15,19;-2,19;-3,86
PlazaBibRambla;PlazaBibRambla1;10255;68,96;63,38;84,4;71,46;69,83;66,65;65,11;64,64;68,53;62,75;84,13;71,24;69,48;65,88;64,15;63,79;66,44;58,04;82,77;69,81;67,12;62,56;60,22;59,74;19,3;0,0;55,0;17,6;14,5;12,6;12,2;1,95;0,0;4,1;2,28;2,16;1,91;1,77;1,75;0,0327;0,0139;0,154;0,0516;0,0448;0,0306;0,0226;0,0209;0,27;0,0;3,77;0,695;0,522;0,171;0,0468;0,031;0,0267;0,0106;0,0741;0,0597;0,0558;0,0209;0,0134;0,0125;0,376;0,194;3,57;0,596;0,44;0,323;0,26;0,242;13,2;1,07;199,0;28,3;21,6;10,6;5,39;4,46;-0,42;-9,69;55,42;39,41;30,53;15,19;-2,19;-3,86
PlazaBibRambla;PlazaBibRambla1;10237;68,07;64,04;75,56;70,9;70,09;67,35;65,7;65,34;67,1;62,95;75,48;69,95;69,19;66,38;64,65;64,28;64,37;59,2;73,97;68,15;66,64;63,25;61,2;60,74;18,9;0,0;25,6;17,9;15,3;13,4;12,9;1,98;0,0;2,49;2,24;2,18;1,98;1,8;1,75;0,0345;0,0167;0,0882;0,0535;0,0464;0,0327;0,0239;0,0218;0,257;0,0;1,54;0,708;0,509;0,188;0,0495;0,0289;0,0223;0,00688;0,048;0,0412;0,0368;0,0203;0,0113;0,00936;0,346;0,2;1,09;0,486;0,429;0,334;0,264;0,245;11,0;1,08;58,9;23,2;19,5;9,59;4,91;4,07;-0,16;-13,61;57,97;38,74;29,5;5,81;-11,4;-12,0
PlazaBibRambla;PlazaBibRambla1;10253;66,41;63,45;73,37;68,84;68,0;65,96;64,61;64,32;65,68;62,7;73,27;67,79;67,08;65,34;63,95;63,64;62,82;58,89;72,99;65,63;64,47;62,25;60,51;60,05;16,8;0,0;26,9;16,2;14,5;13,3;13,0;1,97;0,0;2,59;2,14;2,09;1,96;1,89;1,87;0,0332;0,0147;0,0805;0,0485;0,0435;0,0322;0,024;0,0222;0,134;0,0;1,3;0,383;0,272;0,0834;0,0218;0,014;0,0118;0,00516;0,0357;0,0297;0,0198;0,00956;0,00594;0,00563;0,302;0,209;0,934;0,378;0,353;0,294;0,246;0,233;8,32;0,477;68,8;16,7;13,7;7,37;3,87;3,14;-0,12;-15,34;53,53;36,38;28,64;4,74;-12,76;-13,56
PlazaBibRambla;PlazaBibRambla1;10254;66,41;63,45;73,37;68,84;68,0;65,96;64,61;64,32;65,68;62,7;73,27;67,79;67,08;65,34;63,95;63,64;62,82;58,89;72,99;65,63;64,47;62,25;60,51;60,05;16,8;0,0;26,9;16,2;14,5;13,3;13,0;1,97;0,0;2,59;2,14;2,09;1,96;1,89;1,87;0,0332;0,0147;0,0805;0,0485;0,0435;0,0322;0,024;0,0222;0,134;0,0;1,3;0,383;0,272;0,0834;0,0218;0,014;0,0118;0,00516;0,0357;0,0297;0,0198;0,00956;0,00594;0,00563;0,302;0,209;0,934;0,378;0,353;0,294;0,246;0,233;8,32;0,477;68,8;16,7;13,7;7,37;3,87;3,14;-0,12;-15,34;53,53;36,38;28,64;4,74;-12,76;-13,56
PlazaBibRambla;PlazaBibRambla1;10236;67,35;62,7;73,57;70,4;69,63;67,13;64,15;63,67;66,46;61,26;73,21;69,89;68,92;65,73;63,29;62,79;63,03;56,9;71,41;67,23;65,74;61,63;58,9;58,55;18,0;0,0;23,4;16,8;14,0;12,3;12,0;2,04;0,0;2,98;2,5;2,32;2,0;1,87;1,85;0,031;0,0148;0,0795;0,0447;0,0412;0,0301;0,0219;0,0199;0,197;0,0;1,34;0,529;0,392;0,13;0,0295;0,018;0,0237;0,00939;0,0859;0,0601;0,0426;0,0205;0,0114;0,0105;0,324;0,209;0,703;0,471;0,426;0,311;0,252;0,241;12,7;0,759;65,2;29,2;22,1;10,6;5,52;4,6;-1,82;-10,66;61,12;34,97;28,98;6,67;-7,91;-8,7
PlazaBibRambla;PlazaBibRambla1;10235;69,57;62,6;81,2;74,09;72,64;67,74;64,42;63,96;65,67;61,39;76,89;68,81;67,98;64,69;62,63;62,22;61,38;55,93;68,79;65,18;63,89;60,44;57,92;57,35;16,4;0,0;21,5;15,3;12,5;11,0;10,6;1,82;0,0;2,52;2,09;2,01;1,81;1,64;1,62;0,0311;0,0145;0,0822;0,0453;0,0408;0,0299;0,0225;0,0209;0,19;0,0;0,979;0,525;0,366;0,145;0,0447;0,0318;0,0196;0,00747;0,0603;0,0441;0,0334;0,0172;0,0109;0,00985;0,319;0,216;0,545;0,414;0,392;0,318;0,259;0,243;10,1;0,468;41,7;20,6;16,8;9,01;4,73;3,9;-0,93;-18,37;64,79;36,1;26,93;0,22;-15,63;-16,74
PlazaBibRambla;PlazaBibRambla1;10251;69,87;63,46;76,98;73,54;72,86;68,64;65,6;64,89;68,62;62,45;76,57;72,53;71,79;67,25;64,54;64,01;66,52;59,35;76,66;71,05;69,94;64,62;61,46;60,72;22,1;0,0;32,6;20,6;16,0;13,1;12,7;2,13;0,0;3,08;2,74;2,57;2,05;1,87;1,84;0,0315;0,0148;0,0834;0,0463;0,0421;0,0304;0,0226;0,0206;0,317;0,0;2,27;0,927;0,673;0,209;0,0591;0,037;0,048;0,0257;0,0802;0,0735;0,0667;0,0452;0,0347;0,0319;0,396;0,208;0,769;0,553;0,515;0,386;0,29;0,272;18,8;1,58;65,0;38,5;33,8;16,5;7,55;5,82;-0,09;-13,48;60,05;41,64;32,85;7,98;-10,58;-11,38
PlazaBibRambla;PlazaBibRambla1;10243;68,71;64,09;76,67;71,5;70,65;68,05;65,56;65,21;68,49;63,64;76,62;71,41;70,52;67,78;65,19;64,78;65,73;60,24;75,73;68,87;67,81;65,01;61,9;61,36;20,9;0,0;30,2;19,7;16,6;14,3;13,8;2,14;0,0;2,99;2,3;2,25;2,12;2,03;2,0;0,0351;0,0174;0,105;0,054;0,0465;0,0334;0,0251;0,0236;0,206;0,0;1,3;0,548;0,432;0,149;0,0398;0,0264;0,0236;0,00985;0,0509;0,0405;0,0376;0,0221;0,0118;0,0109;0,327;0,226;0,793;0,427;0,392;0,317;0,267;0,256;12,3;0,804;58,5;24,4;20,5;11,1;5,64;4,51;-0,49;-9,68;50,96;38,34;30,48;9,7;-6,79;-7,77
PlazaBibRambla;PlazaBibRambla1;10244;68,71;64,09;76,67;71,5;70,65;68,05;65,56;65,21;68,49;63,64;76,62;71,41;70,52;67,78;65,19;64,78;65,73;60,24;75,73;68,87;67,81;65,01;61,9;61,36;20,9;0,0;30,2;19,7;16,6;14,3;13,8;2,14;0,0;2,99;2,3;2,25;2,12;2,03;2,0;0,0351;0,0174;0,105;0,054;0,0465;0,0334;0,0251;0,0236;0,206;0,0;1,3;0,548;0,432;0,149;0,0398;0,0264;0,0236;0,00985;0,0509;0,0405;0,0376;0,0221;0,0118;0,0109;0,327;0,226;0,793;0,427;0,392;0,317;0,267;0,256;12,3;0,804;58,5;24,4;20,5;11,1;5,64;4,51;-0,49;-9,68;50,96;38,34;30,48;9,7;-6,79;-7,77
PlazaBibRambla;PlazaBibRambla1;10246;68,67;64,44;74,2;71,22;70,53;68,31;66,26;65,77;67,12;62,79;71,65;69,77;69,04;66,64;64,78;64,14;62,07;57,77;67,52;65,09;64,35;61,55;59,2;58,71;16,8;0,0;19,8;16,0;13,9;12,4;12,0;1,85;0,0;2,67;2,15;2,05;1,83;1,68;1,65;0,0305;0,0155;0,0663;0,0431;0,0405;0,0296;0,0222;0,0203;0,266;0,0;1,73;0,62;0,509;0,217;0,0542;0,0365;0,0226;0,00949;0,0685;0,0509;0,0402;0,0212;0,0128;0,0113;0,313;0,189;0,859;0,436;0,383;0,306;0,254;0,237;11,0;1,0;54,4;21,9;17,6;10,2;5,52;4,59;-3,78;-12,97;62,05;36,42;27,2;4,96;-9,13;-10,28
PlazaBibRambla;PlazaBibRambla1;10247;68,67;64,44;74,2;71,22;70,53;68,31;66,26;65,77;67,12;62,79;71,65;69,77;69,04;66,64;64,78;64,14;62,07;57,77;67,52;65,09;64,35;61,55;59,2;58,71;16,8;0,0;19,8;16,0;13,9;12,4;12,0;1,85;0,0;2,67;2,15;2,05;1,83;1,68;1,65;0,0305;0,0155;0,0663;0,0431;0,0405;0,0296;0,0222;0,0203;0,266;0,0;1,73;0,62;0,509;0,217;0,0542;0,0365;0,0226;0,00949;0,0685;0,0509;0,0402;0,0212;0,0128;0,0113;0,313;0,189;0,859;0,436;0,383;0,306;0,254;0,237;11,0;1,0;54,4;21,9;17,6;10,2;5,52;4,59;-3,78;-12,97;62,05;36,42;27,2;4,96;-9,13;-10,28
PlazaBibRambla;PlazaBibRambla1;10258;70,86;63,09;82,51;75,52;73,12;68,72;64,5;63,99;70,55;62,25;82,53;75,45;72,93;68,05;63,74;63,28;68,7;58,18;81,51;73,56;71,11;65,48;60,17;59,23;23,4;0,0;36,5;21,1;16,3;13,4;12,9;2,17;0,0;3,38;2,45;2,34;2,16;2,04;2,01;0,0369;0,0147;0,179;0,0614;0,0514;0,0337;0,024;0,0223;0,332;0,0;2,11;0,969;0,697;0,222;0,0608;0,0362;0,0529;0,0112;0,15;0,109;0,093;0,0468;0,0281;0,0182;0,511;0,183;2,54;0,938;0,794;0,427;0,311;0,287;18,0;1,25;144,0;40,5;32,4;15,3;6,33;4,93;-7,61;-9,63;56,98;41,31;33,27;11,14;-5,48;-6,63
RegentsParkFields;RegentsParkFields2;10011;70,71;61,24;88,5;77,3;73,39;67,07;64,19;63,61;64,17;58,52;80,5;70,04;66,29;62,06;60,41;60,0;53,28;48,86;62,03;56,41;55,41;52,53;50,92;50,47;9,96;0,0;12,4;9,34;8,11;7,3;7,12;1,74;0,0;2,49;1,94;1,88;1,73;1,61;1,58;0,0244;0,0119;0,118;0,0359;0,0321;0,0233;0,017;0,0156;0,128;0,0;0,838;0,335;0,248;0,0593;0,00801;0,00366;0,0152;0,00645;0,057;0,0365;0,0258;0,0131;0,00833;0,00778;0,333;0,171;0,863;0,496;0,439;0,315;0,252;0,235;7,61;0,232;42,8;16,7;13,6;6,51;2,92;2,23;-1,95;-17,5;66,37;27,65;17,92;0,31;-14,85;-15,98
RegentsParkFields;RegentsParkFields2;10012;70,71;61,24;88,5;77,3;73,39;67,07;64,19;63,61;64,17;58,52;80,5;70,04;66,29;62,06;60,41;60,0;53,28;48,86;62,03;56,41;55,41;52,53;50,92;50,47;9,96;0,0;12,4;9,34;8,11;7,3;7,12;1,74;0,0;2,49;1,94;1,88;1,73;1,61;1,58;0,0244;0,0119;0,118;0,0359;0,0321;0,0233;0,017;0,0156;0,128;0,0;0,838;0,335;0,248;0,0593;0,00801;0,00366;0,0152;0,00645;0,057;0,0365;0,0258;0,0131;0,00833;0,00778;0,333;0,171;0,863;0,496;0,439;0,315;0,252;0,235;7,61;0,232;42,8;16,7;13,6;6,51;2,92;2,23;-1,95;-17,5;66,37;27,65;17,92;0,31;-14,85;-15,98
RussellSq;RussellSq3;10017;72,78;69,61;76,95;74,7;74,19;72,53;71,17;70,86;71,12;68,63;74,53;72,97;72,62;70,82;69,61;69,35;66,62;64,97;69,73;67,54;67,31;66,49;65,9;65,63;23,1;0,0;26,7;22,5;21,0;20,0;19,8;2,87;0,0;3,09;2,98;2,97;2,88;2,77;2,74;0,0298;0,0162;0,0575;0,0408;0,0385;0,0294;0,0218;0,0198;0,0608;0,0;0,642;0,12;0,0793;0,0226;0,00237;0,0;0,00518;0,00215;0,0153;0,011;0,00811;0,0044;0,00326;0,00283;0,307;0,23;0,416;0,363;0,351;0,306;0,264;0,254;6,02;0,394;31,5;10,8;9,2;5,58;3,06;2,52;-2,59;2,68;64,99;42,0;38,62;21,18;5,33;4,05
RussellSq;RussellSq3;10018;72,78;69,61;76,95;74,7;74,19;72,53;71,17;70,86;71,12;68,63;74,53;72,97;72,62;70,82;69,61;69,35;66,62;64,97;69,73;67,54;67,31;66,49;65,9;65,63;23,1;0,0;26,7;22,5;21,0;20,0;19,8;2,87;0,0;3,09;2,98;2,97;2,88;2,77;2,74;0,0298;0,0162;0,0575;0,0408;0,0385;0,0294;0,0218;0,0198;0,0608;0,0;0,642;0,12;0,0793;0,0226;0,00237;0,0;0,00518;0,00215;0,0153;0,011;0,00811;0,0044;0,00326;0,00283;0,307;0,23;0,416;0,363;0,351;0,306;0,264;0,254;6,02;0,394;31,5;10,8;9,2;5,58;3,06;2,52;-2,59;2,68;64,99;42,0;38,62;21,18;5,33;4,05
StPaulsRow;StPaulsRow1;10013;73,29;67,8;84,19;77,29;75,92;71,87;69,74;69,3;69,63;65,71;79,54;72,69;71,54;68,93;67,79;67,51;63,0;59,05;77,82;65,25;64,14;61,87;60,59;60,27;17,9;0,0;28,2;16,9;14,5;13,3;13,1;1,69;0,0;2,55;2,14;1,97;1,64;1,51;1,48;0,0364;0,0179;0,0998;0,054;0,0482;0,0351;0,0258;0,0237;0,119;0,0;1,71;0,311;0,176;0,0351;0,00515;0,00221;0,0119;0,00366;0,0574;0,0355;0,0222;0,00869;0,0056;0,00541;0,452;0,21;1,27;0,846;0,604;0,41;0,316;0,292;8,78;0,52;83,0;17,7;14,3;7,6;4,11;3,41;-0,61;-10,74;67,41;36,4;27,77;6,86;-7,43;-8,65
StPaulsRow;StPaulsRow1;10014;73,29;67,8;84,19;77,29;75,92;71,87;69,74;69,3;69,63;65,71;79,54;72,69;71,54;68,93;67,79;67,51;63,0;59,05;77,82;65,25;64,14;61,87;60,59;60,27;17,9;0,0;28,2;16,9;14,5;13,3;13,1;1,69;0,0;2,55;2,14;1,97;1,64;1,51;1,48;0,0364;0,0179;0,0998;0,054;0,0482;0,0351;0,0258;0,0237;0,119;0,0;1,71;0,311;0,176;0,0351;0,00515;0,00221;0,0119;0,00366;0,0574;0,0355;0,0222;0,00869;0,0056;0,00541;0,452;0,21;1,27;0,846;0,604;0,41;0,316;0,292;8,78;0,52;83,0;17,7;14,3;7,6;4,11;3,41;-0,61;-10,74;67,41;36,4;27,77;6,86;-7,43;-8,65
StPaulsRow;StPaulsRow1;10015;75,57;68,32;85,5;81,4;78,88;72,84;70,37;69,99;70,4;66,89;77,43;74,35;73,16;69,39;68,26;68,0;64,48;61,12;75,49;67,24;66,04;63,46;62,24;61,96;18,8;0,0;28,8;17,5;15,2;14,0;13,7;1,61;0,0;2,9;1,95;1,84;1,59;1,48;1,46;0,0409;0,02;0,285;0,0597;0,0508;0,0379;0,0277;0,0249;0,164;0,0;1,19;0,569;0,344;0,0657;0,0129;0,00643;0,0147;0,00595;0,0475;0,0351;0,0297;0,0108;0,00702;0,0067;0,393;0,237;1,14;0,624;0,528;0,363;0,292;0,271;9,36;0,535;59,4;22,0;16,3;7,97;3,9;3,19;-1,2;-15,71;71,15;38,29;30,5;3,29;-13,04;-14,18
StPaulsRow;StPaulsRow1;10016;75,57;68,32;85,5;81,4;78,88;72,84;70,37;69,99;70,4;66,89;77,43;74,35;73,16;69,39;68,26;68,0;64,48;61,12;75,49;67,24;66,04;63,46;62,24;61,96;18,8;0,0;28,8;17,5;15,2;14,0;13,7;1,61;0,0;2,9;1,95;1,84;1,59;1,48;1,46;0,0409;0,02;0,285;0,0597;0,0508;0,0379;0,0277;0,0249;0,164;0,0;1,19;0,569;0,344;0,0657;0,0129;0,00643;0,0147;0,00595;0,0475;0,0351;0,0297;0,0108;0,00702;0,0067;0,393;0,237;1,14;0,624;0,528;0,363;0,292;0,271;9,36;0,535;59,4;22,0;16,3;7,97;3,9;3,19;-1,2;-15,71;71,15;38,29;30,5;3,29;-13,04;-14,18
MonumentoGaribaldi;MonumentoGaribaldi1;1;60,81;56,33;67,05;63,56;63,1;60,28;58,31;57,78;60,27;55,71;66,83;63,04;62,54;59,71;57,64;57,13;53,6;45,74;64,35;57,64;56,43;52,16;48,22;47,74;10,5;0,0;14,1;9,42;7,06;5,59;5,34;1,48;0,0;2,81;1,96;1,84;1,42;1,23;1,19;0,0288;0,0115;0,147;0,052;0,0424;0,0258;0,0177;0,0161;0,227;0,0;1,03;0,51;0,395;0,196;0,0541;0,0378;0,0293;0,0134;0,0775;0,0603;0,0492;0,0257;0,0155;0,0148;0,392;0,17;1,18;0,659;0,592;0,357;0,245;0,219;11,6;0,193;48,3;25,5;21,4;10,0;4,07;3,1;-7,27;-12,98;57,46;25,09;20,68;3,97;-7,92;-9,49
MonumentoGaribaldi;MonumentoGaribaldi1;2;60,81;56,33;67,05;63,56;63,1;60,28;58,31;57,78;60,27;55,71;66,83;63,04;62,54;59,71;57,64;57,13;53,6;45,74;64,35;57,64;56,43;52,16;48,22;47,74;10,5;0,0;14,1;9,42;7,06;5,59;5,34;1,48;0,0;2,81;1,96;1,84;1,42;1,23;1,19;0,0288;0,0115;0,147;0,052;0,0424;0,0258;0,0177;0,0161;0,227;0,0;1,03;0,51;0,395;0,196;0,0541;0,0378;0,0293;0,0134;0,0775;0,0603;0,0492;0,0257;0,0155;0,0148;0,392;0,17;1,18;0,659;0,592;0,357;0,245;0,219;11,6;0,193;48,3;25,5;21,4;10,0;4,07;3,1;-7,27;-12,98;57,46;25,09;20,68;3,97;-7,92;-9,49
MonumentoGaribaldi;MonumentoGaribaldi1;3;63,31;59,89;68,44;65,04;64,5;63,15;61,72;61,4;62,3;58,43;65,75;63,71;63,41;62,26;60,66;60,18;50,6;46,91;62,28;53,51;52,33;49,56;48,11;47,87;8,49;0,0;15,8;7,93;6,61;5,93;5,79;1,31;0,0;2,45;1,72;1,57;1,26;1,12;1,09;0,0289;0,0135;0,119;0,0495;0,0398;0,0264;0,0191;0,0176;0,161;0,0;0,904;0,34;0,289;0,136;0,0245;0,014;0,0128;0,00458;0,0346;0,0286;0,0219;0,0115;0,00617;0,00576;0,595;0,252;1,67;1,14;0,982;0,533;0,344;0,315;7,28;0,373;48,9;18,0;13,7;5,76;2,7;2,08;-8,91;-13,23;56,9;24,42;15,66;1,55;-9,56;-10,97
MonumentoGaribaldi;MonumentoGaribaldi1;4;63,31;59,89;68,44;65,04;64,5;63,15;61,72;61,4;62,3;58,43;65,75;63,71;63,41;62,26;60,66;60,18;50,6;46,91;62,28;53,51;52,33;49,56;48,11;47,87;8,49;0,0;15,8;7,93;6,61;5,93;5,79;1,31;0,0;2,45;1,72;1,57;1,26;1,12;1,09;0,0289;0,0135;0,119;0,0495;0,0398;0,0264;0,0191;0,0176;0,161;0,0;0,904;0,34;0,289;0,136;0,0245;0,014;0,0128;0,00458;0,0346;0,0286;0,0219;0,0115;0,00617;0,00576;0,595;0,252;1,67;1,14;0,982;0,533;0,344;0,315;7,28;0,373;48,9;18,0;13,7;5,76;2,7;2,08;-8,91;-13,23;56,9;24,42;15,66;1,55;-9,56;-10,97
MonumentoGaribaldi;MonumentoGaribaldi1;5;61,29;56,67;65,69;64,09;63,24;60,94;58,71;58,2;60,36;55,82;65,27;63,11;62,26;59,99;57,87;57,36;52,39;45,58;63,83;57,56;54,71;49,96;47,48;46,86;9,3;0,0;13,9;8,5;6,51;5,65;5,47;1,5;0,0;2,43;1,84;1,75;1,47;1,32;1,28;0,0243;0,0108;0,0944;0,0378;0,0332;0,0227;0,0168;0,0154;0,134;0,0;1,17;0,414;0,269;0,0669;0,014;0,0081;0,0183;0,00558;0,0455;0,0402;0,0324;0,0165;0,00797;0,00671;0,459;0,236;1,22;0,731;0,661;0,436;0,307;0,281;8,42;0,0999;55,5;19,0;16,1;6,98;3,02;2,33;-7,2;-18,75;55,05;24,99;16,64;-2,11;-16,75;-17,55
MonumentoGaribaldi;MonumentoGaribaldi1;6;66,96;59,74;71,7;69,52;69,18;66,99;61,77;61,15;65,85;58,77;70,36;68,59;68,24;65,66;60,89;60,23;59,79;49,92;67,1;63,47;62,9;58,49;53,67;52,52;14,5;0,0;17,9;13,9;10,8;7,77;7,17;1,42;0,0;2,39;1,8;1,71;1,38;1,19;1,16;0,0588;0,0143;0,243;0,13;0,109;0,0477;0,0264;0,0227;0,222;0,0;1,81;0,488;0,401;0,193;0,0469;0,0258;0,0133;0,00344;0,0747;0,0414;0,0271;0,00847;0,00502;0,0044;0,447;0,194;1,27;0,697;0,607;0,428;0,309;0,278;8,97;0,238;59,3;20,7;16,7;7,32;3,27;2,51;-1,38;-12,69;58,65;33,19;20,96;4,23;-9,5;-10,52
MonumentoGaribaldi;MonumentoGaribaldi1;12;62,0;54,38;73,18;66,25;65,15;60,84;56,92;56,43;60,01;52,63;73,16;63,66;62,6;59,11;54,99;54,53;53,86;45,93;67,3;57,44;56,32;52,95;48,91;48,33;10,1;0,0;21,1;9,39;7,49;5,94;5,62;1,56;0,0;2,33;1,92;1,83;1,54;1,34;1,29;0,0273;0,0111;0,191;0,0431;0,037;0,0254;0,0184;0,0166;0,15;0,0;0,722;0,421;0,305;0,0832;0,014;0,00817;0,0212;0,00616;0,0713;0,0431;0,039;0,0188;0,00992;0,0089;0,434;0,209;1,07;0,711;0,608;0,417;0,289;0,273;9,18;0,196;42,3;19,2;15,9;8,08;3,78;2,96;-0,8;-13,5;53,79;27,68;18,39;2,28;-11,0;-11,59
MonumentoGaribaldi;MonumentoGaribaldi1;13;62,0;54,38;73,18;66,25;65,15;60,84;56,92;56,43;60,01;52,63;73,16;63,66;62,6;59,11;54,99;54,53;53,86;45,93;67,3;57,44;56,32;52,95;48,91;48,33;10,1;0,0;21,1;9,39;7,49;5,94;5,62;1,56;0,0;2,33;1,92;1,83;1,54;1,34;1,29;0,0273;0,0111;0,191;0,0431;0,037;0,0254;0,0184;0,0166;0,15;0,0;0,722;0,421;0,305;0,0832;0,014;0,00817;0,0212;0,00616;0,0713;0,0431;0,039;0,0188;0,00992;0,0089;0,434;0,209;1,07;0,711;0,608;0,417;0,289;0,273;9,18;0,196;42,3;19,2;15,9;8,08;3,78;2,96;-0,8;-13,5;53,79;27,68;18,39;2,28;-11,0;-11,59
SanMarco;SanMarco1;17;72,47;68,54;77,65;74,71;74,03;72,25;70,34;69,8;72,37;68,35;77,64;74,61;73,94;72,15;70,22;69,66;69,69;64,13;75,87;72,61;71,68;69,2;66,74;65,85;27,7;0,0;34,5;26,1;22,1;18,9;18,1;2,04;0,0;3,17;2,44;2,32;2,01;1,8;1,76;0,0428;0,0174;0,218;0,0678;0,0562;0,039;0,0294;0,0265;0,423;0,0;2,41;1,18;0,826;0,316;0,104;0,0687;0,0214;0,00927;0,0577;0,0367;0,0334;0,0196;0,0122;0,0112;0,335;0,181;0,817;0,482;0,424;0,324;0,262;0,243;13,8;1,58;52,5;25,6;21,8;12,7;7,17;5,96;-0,76;-7,89;56,66;43,57;36,85;9,35;-5,98;-6,65
SanMarco;SanMarco1;18;72,47;68,54;77,65;74,71;74,03;72,25;70,34;69,8;72,37;68,35;77,64;74,61;73,94;72,15;70,22;69,66;69,69;64,13;75,87;72,61;71,68;69,2;66,74;65,85;27,7;0,0;34,5;26,1;22,1;18,9;18,1;2,04;0,0;3,17;2,44;2,32;2,01;1,8;1,76;0,0428;0,0174;0,218;0,0678;0,0562;0,039;0,0294;0,0265;0,423;0,0;2,41;1,18;0,826;0,316;0,104;0,0687;0,0214;0,00927;0,0577;0,0367;0,0334;0,0196;0,0122;0,0112;0,335;0,181;0,817;0,482;0,424;0,324;0,262;0,243;13,8;1,58;52,5;25,6;21,8;12,7;7,17;5,96;-0,76;-7,89;56,66;43,57;36,85;9,35;-5,98;-6,65
SanMarco;SanMarco1;22;74,35;68,72;79,83;77,38;76,36;73,75;71,7;70,94;74,04;68,18;79,77;77,28;76,2;73,35;71,15;70,19;71,33;63,86;79,35;75,09;73,77;70,51;67,54;66,29;29,8;0,0;37,2;28,0;23,2;19,7;18,1;2,04;0,0;3,43;2,49;2,35;1,99;1,8;1,75;0,0432;0,0184;0,184;0,0652;0,0584;0,0402;0,0289;0,0267;0,441;0,0;3,03;1,14;0,817;0,333;0,134;0,0984;0,0367;0,00988;0,101;0,0836;0,0718;0,0307;0,0175;0,0141;0,362;0,209;0,91;0,517;0,466;0,349;0,265;0,247;16,1;1,36;78,5;34,9;28,1;13,7;7,24;5,8;-0,36;-6,39;58,58;47,46;37,49;9,49;-3,97;-4,63
SanMarco;SanMarco1;23;74,35;68,72;79,83;77,38;76,36;73,75;71,7;70,94;74,04;68,18;79,77;77,28;76,2;73,35;71,15;70,19;71,33;63,86;79,35;75,09;73,77;70,51;67,54;66,29;29,8;0,0;37,2;28,0;23,2;19,7;18,1;2,04;0,0;3,43;2,49;2,35;1,99;1,8;1,75;0,0432;0,0184;0,184;0,0652;0,0584;0,0402;0,0289;0,0267;0,441;0,0;3,03;1,14;0,817;0,333;0,134;0,0984;0,0367;0,00988;0,101;0,0836;0,0718;0,0307;0,0175;0,0141;0,362;0,209;0,91;0,517;0,466;0,349;0,265;0,247;16,1;1,36;78,5;34,9;28,1;13,7;7,24;5,8;-0,36;-6,39;58,58;47,46;37,49;9,49;-3,97;-4,63
SanMarco;SanMarco1;24;72,91;67,47;81,02;76,66;75,09;71,91;69,45;68,72;72,75;67,12;81,03;76,6;74,96;71,69;69,23;68,47;69,57;62,24;79,52;74,36;72,74;67,64;64,9;64,2;28,5;0,0;39,0;26,1;20,5;17,4;16,5;1,98;0,0;3,21;2,38;2,26;1,94;1,75;1,7;0,0431;0,0179;0,449;0,0655;0,0569;0,0384;0,0281;0,0257;0,386;0,0;2,06;1,02;0,778;0,311;0,108;0,0729;0,0259;0,00541;0,128;0,0531;0,0454;0,0222;0,00925;0,00777;0,351;0,0848;1,05;0,544;0,478;0,333;0,254;0,226;13,6;0,79;82,7;31,0;24,5;11,3;5,83;4,74;-1,28;-10,54;59,37;45,09;35,56;10,22;-7,86;-8,63
SanMarco;SanMarco1;25;72,91;67,47;81,02;76,66;75,09;71,91;69,45;68,72;72,75;67,12;81,03;76,6;74,96;71,69;69,23;68,47;69,57;62,24;79,52;74,36;72,74;67,64;64,9;64,2;28,5;0,0;39,0;26,1;20,5;17,4;16,5;1,98;0,0;3,21;2,38;2,26;1,94;1,75;1,7;0,0431;0,0179;0,449;0,0655;0,0569;0,0384;0,0281;0,0257;0,386;0,0;2,06;1,02;0,778;0,311;0,108;0,0729;0,0259;0,00541;0,128;0,0531;0,0454;0,0222;0,00925;0,00777;0,351;0,0848;1,05;0,544;0,478;0,333;0,254;0,226;13,6;0,79;82,7;31,0;24,5;11,3;5,83;4,74;-1,28;-10,54;59,37;45,09;35,56;10,22;-7,86;-8,63
SanMarco;SanMarco1;26;71,81;69,32;77,14;73,81;73,37;71,44;70,24;69,99;71,65;69,09;77,03;73,65;73,23;71,28;70,02;69,75;67,62;63,4;73,48;70,56;69,89;66,99;65,19;64,7;23,5;0,0;28,3;22,5;19,4;17,6;17,1;1,85;0,0;3,14;2,16;2,07;1,83;1,66;1,63;0,0431;0,0193;0,112;0,0658;0,0574;0,0414;0,0293;0,0269;0,317;0,0;1,47;0,788;0,623;0,248;0,0896;0,063;0,0236;0,0106;0,0519;0,0405;0,0379;0,0223;0,0134;0,012;0,337;0,184;1,01;0,505;0,445;0,323;0,26;0,237;12,9;0,699;58,2;26,1;22,3;11,4;5,95;4,91;-1,21;-11,48;58,02;40,65;31,49;8,2;-8,47;-9,75
SanMarco;SanMarco1;27;68,86;65,61;81,15;70,9;70,01;68,23;67,06;66,79;68,54;65,24;81,1;70,68;69,74;67,86;66,63;66,35;64,8;59,57;81,08;67,72;66,44;63,42;61,47;60,98;20,0;0,0;39,1;18,5;15,7;14,0;13,7;1,83;0,0;3,21;2,12;2,01;1,8;1,67;1,64;0,0363;0,0147;0,213;0,0523;0,0471;0,0347;0,0261;0,024;0,194;0,0;3,63;0,568;0,38;0,109;0,024;0,014;0,0186;0,00452;0,0916;0,0419;0,0307;0,0148;0,00848;0,00712;0,359;0,215;1,29;0,535;0,466;0,338;0,275;0,26;11,0;0,59;85,3;22,9;18,3;9,48;4,96;4,07;-0,93;-9,06;55,25;38,51;29,51;7,95;-6,62;-7,6
SanMarco;SanMarco1;28;68,86;65,61;81,15;70,9;70,01;68,23;67,06;66,79;68,54;65,24;81,1;70,68;69,74;67,86;66,63;66,35;64,8;59,57;81,08;67,72;66,44;63,42;61,47;60,98;20,0;0,0;39,1;18,5;15,7;14,0;13,7;1,83;0,0;3,21;2,12;2,01;1,8;1,67;1,64;0,0363;0,0147;0,213;0,0523;0,0471;0,0347;0,0261;0,024;0,194;0,0;3,63;0,568;0,38;0,109;0,024;0,014;0,0186;0,00452;0,0916;0,0419;0,0307;0,0148;0,00848;0,00712;0,359;0,215;1,29;0,535;0,466;0,338;0,275;0,26;11,0;0,59;85,3;22,9;18,3;9,48;4,96;4,07;-0,93;-9,06;55,25;38,51;29,51;7,95;-6,62;-7,6
SanMarco;SanMarco1;29;68,86;65,61;81,15;70,9;70,01;68,23;67,06;66,79;68,54;65,24;81,1;70,68;69,74;67,86;66,63;66,35;64,8;59,57;81,08;67,72;66,44;63,42;61,47;60,98;20,0;0,0;39,1;18,5;15,7;14,0;13,7;1,83;0,0;3,21;2,12;2,01;1,8;1,67;1,64;0,0363;0,0147;0,213;0,0523;0,0471;0,0347;0,0261;0,024;0,194;0,0;3,63;0,568;0,38;0,109;0,024;0,014;0,0186;0,00452;0,0916;0,0419;0,0307;0,0148;0,00848;0,00712;0,359;0,215;1,29;0,535;0,466;0,338;0,275;0,26;11,0;0,59;85,3;22,9;18,3;9,48;4,96;4,07;-0,93;-9,06;55,25;38,51;29,51;7,95;-6,62;-7,6
SanMarco;SanMarco1;30;68,86;65,61;81,15;70,9;70,01;68,23;67,06;66,79;68,54;65,24;81,1;70,68;69,74;67,86;66,63;66,35;64,8;59,57;81,08;67,72;66,44;63,42;61,47;60,98;20,0;0,0;39,1;18,5;15,7;14,0;13,7;1,83;0,0;3,21;2,12;2,01;1,8;1,67;1,64;0,0363;0,0147;0,213;0,0523;0,0471;0,0347;0,0261;0,024;0,194;0,0;3,63;0,568;0,38;0,109;0,024;0,014;0,0186;0,00452;0,0916;0,0419;0,0307;0,0148;0,00848;0,00712;0,359;0,215;1,29;0,535;0,466;0,338;0,275;0,26;11,0;0,59;85,3;22,9;18,3;9,48;4,96;4,07;-0,93;-9,06;55,25;38,51;29,51;7,95;-6,62;-7,6
SanMarco;SanMarco1;31;70,34;66,38;79,59;73,16;72,14;69,9;67,98;67,46;70,12;66,06;79,57;73,06;71,98;69,63;67,66;67,15;66,8;60,86;77,22;70,59;69,24;65,67;63,26;62,61;22,6;0,0;35,0;21,1;17,5;15,3;14,7;1,89;0,0;3,63;2,33;2,16;1,85;1,66;1,63;0,0371;0,0197;0,0887;0,0552;0,0496;0,0363;0,0273;0,0252;0,262;0,0;2,17;0,779;0,554;0,172;0,0543;0,0335;0,0312;0,0109;0,15;0,112;0,0795;0,0199;0,0127;0,0117;0,374;0,219;1,29;0,603;0,469;0,344;0,272;0,253;13,3;1,16;91,1;31,0;23,0;10,9;5,87;4,92;-1,38;-7,95;58,11;39,58;33,87;9,18;-5,73;-6,24
SanMarco;SanMarco1;32;70,34;66,38;79,59;73,16;72,14;69,9;67,98;67,46;70,12;66,06;79,57;73,06;71,98;69,63;67,66;67,15;66,8;60,86;77,22;70,59;69,24;65,67;63,26;62,61;22,6;0,0;35,0;21,1;17,5;15,3;14,7;1,89;0,0;3,63;2,33;2,16;1,85;1,66;1,63;0,0371;0,0197;0,0887;0,0552;0,0496;0,0363;0,0273;0,0252;0,262;0,0;2,17;0,779;0,554;0,172;0,0543;0,0335;0,0312;0,0109;0,15;0,112;0,0795;0,0199;0,0127;0,0117;0,374;0,219;1,29;0,603;0,469;0,344;0,272;0,253;13,3;1,16;91,1;31,0;23,0;10,9;5,87;4,92;-1,38;-7,95;58,11;39,58;33,87;9,18;-5,73;-6,24
SanMarco;SanMarco1;33;72,0;67,52;81,73;74,9;73,8;71,38;69,74;69,4;71,84;67,29;81,73;74,76;73,64;71,21;69,55;69,2;69,49;62,89;80,15;72,76;71,62;68,66;66,38;65,82;26,8;0,0;37,9;25,1;21,1;18,3;17,7;2,09;0,0;4,77;2,56;2,39;2,04;1,83;1,78;0,0405;0,0168;0,109;0,0594;0,0538;0,0388;0,0292;0,0269;0,327;0,0;2,35;0,851;0,641;0,257;0,0883;0,0616;0,0228;0,0068;0,194;0,0544;0,0369;0,0171;0,00988;0,00883;0,357;0,203;1,26;0,518;0,449;0,34;0,276;0,262;12,9;1,03;88,2;25,4;21,1;11,4;6,2;5,12;-0,95;-7,67;56,38;44,77;35,22;14,6;-0,2;-1,9
SanMarco;SanMarco1;34;72,0;67,52;81,73;74,9;73,8;71,38;69,74;69,4;71,84;67,29;81,73;74,76;73,64;71,21;69,55;69,2;69,49;62,89;80,15;72,76;71,62;68,66;66,38;65,82;26,8;0,0;37,9;25,1;21,1;18,3;17,7;2,09;0,0;4,77;2,56;2,39;2,04;1,83;1,78;0,0405;0,0168;0,109;0,0594;0,0538;0,0388;0,0292;0,0269;0,327;0,0;2,35;0,851;0,641;0,257;0,0883;0,0616;0,0228;0,0068;0,194;0,0544;0,0369;0,0171;0,00988;0,00883;0,357;0,203;1,26;0,518;0,449;0,34;0,276;0,262;12,9;1,03;88,2;25,4;21,1;11,4;6,2;5,12;-0,95;-7,67;56,38;44,77;35,22;14,6;-0,2;-1,9
SanMarco;SanMarco1;35;72,64;67,69;80,13;76,35;75,46;71,03;69,43;69,0;72,16;67,38;80,05;75,74;74,9;70,63;69,02;68,58;67,07;61,16;78,08;71,5;69,41;65,29;63,15;62,55;24,4;0,0;39,3;22,4;18,3;15,7;15,2;1,87;0,0;3,18;2,26;2,12;1,84;1,66;1,59;0,0384;0,018;0,133;0,0597;0,0516;0,0364;0,0266;0,0247;0,246;0,0;3,15;0,732;0,545;0,164;0,0492;0,0341;0,0228;0,00601;0,154;0,0974;0,0528;0,0147;0,00746;0,00703;0,344;0,187;1,05;0,538;0,459;0,322;0,255;0,241;11,9;0,345;77,4;29,7;20,9;9,5;5,08;4,2;-2,92;-9,3;62,85;41,81;31,79;9,19;-5,72;-7,6
SanMarco;SanMarco1;36;72,64;67,69;80,13;76,35;75,46;71,03;69,43;69,0;72,16;67,38;80,05;75,74;74,9;70,63;69,02;68,58;67,07;61,16;78,08;71,5;69,41;65,29;63,15;62,55;24,4;0,0;39,3;22,4;18,3;15,7;15,2;1,87;0,0;3,18;2,26;2,12;1,84;1,66;1,59;0,0384;0,018;0,133;0,0597;0,0516;0,0364;0,0266;0,0247;0,246;0,0;3,15;0,732;0,545;0,164;0,0492;0,0341;0,0228;0,00601;0,154;0,0974;0,0528;0,0147;0,00746;0,00703;0,344;0,187;1,05;0,538;0,459;0,322;0,255;0,241;11,9;0,345;77,4;29,7;20,9;9,5;5,08;4,2;-2,92;-9,3;62,85;41,81;31,79;9,19;-5,72;-7,6
SanMarco;SanMarco1;37;72,64;67,69;80,13;76,35;75,46;71,03;69,43;69,0;72,16;67,38;80,05;75,74;74,9;70,63;69,02;68,58;67,07;61,16;78,08;71,5;69,41;65,29;63,15;62,55;24,4;0,0;39,3;22,4;18,3;15,7;15,2;1,87;0,0;3,18;2,26;2,12;1,84;1,66;1,59;0,0384;0,018;0,133;0,0597;0,0516;0,0364;0,0266;0,0247;0,246;0,0;3,15;0,732;0,545;0,164;0,0492;0,0341;0,0228;0,00601;0,154;0,0974;0,0528;0,0147;0,00746;0,00703;0,344;0,187;1,05;0,538;0,459;0,322;0,255;0,241;11,9;0,345;77,4;29,7;20,9;9,5;5,08;4,2;-2,92;-9,3;62,85;41,81;31,79;9,19;-5,72;-7,6
SanMarco;SanMarco1;38;72,64;67,69;80,13;76,35;75,46;71,03;69,43;69,0;72,16;67,38;80,05;75,74;74,9;70,63;69,02;68,58;67,07;61,16;78,08;71,5;69,41;65,29;63,15;62,55;24,4;0,0;39,3;22,4;18,3;15,7;15,2;1,87;0,0;3,18;2,26;2,12;1,84;1,66;1,59;0,0384;0,018;0,133;0,0597;0,0516;0,0364;0,0266;0,0247;0,246;0,0;3,15;0,732;0,545;0,164;0,0492;0,0341;0,0228;0,00601;0,154;0,0974;0,0528;0,0147;0,00746;0,00703;0,344;0,187;1,05;0,538;0,459;0,322;0,255;0,241;11,9;0,345;77,4;29,7;20,9;9,5;5,08;4,2;-2,92;-9,3;62,85;41,81;31,79;9,19;-5,72;-7,6
SanMarco;SanMarco2;39;82,27;68,33;98,54;89,54;80,95;72,74;69,92;69,54;82,18;67,88;98,55;89,53;80,86;71,92;69,36;69,11;81,86;61,97;98,44;89,42;80,63;67,67;63,83;63,43;40,7;0,0;80,8;33,2;20,6;16,7;16,2;2,18;0,0;4,62;3,14;2,86;2,04;1,76;1,71;0,0397;0,0159;0,195;0,0688;0,055;0,0363;0,0264;0,0246;0,425;0,0;11,4;1,75;0,927;0,131;0,0299;0,0188;0,0669;0,00646;0,279;0,197;0,166;0,0412;0,0144;0,00968;0,473;0,186;1,45;0,896;0,734;0,422;0,286;0,261;18,9;0,945;170,0;57,6;39,9;12,3;5,64;4,63;-9,94;-7,93;74,15;50,98;42,57;14,42;-5,2;-5,9
SanMarco;SanMarco2;40;82,27;68,33;98,54;89,54;80,95;72,74;69,92;69,54;82,18;67,88;98,55;89,53;80,86;71,92;69,36;69,11;81,86;61,97;98,44;89,42;80,63;67,67;63,83;63,43;40,7;0,0;80,8;33,2;20,6;16,7;16,2;2,18;0,0;4,62;3,14;2,86;2,04;1,76;1,71;0,0397;0,0159;0,195;0,0688;0,055;0,0363;0,0264;0,0246;0,425;0,0;11,4;1,75;0,927;0,131;0,0299;0,0188;0,0669;0,00646;0,279;0,197;0,166;0,0412;0,0144;0,00968;0,473;0,186;1,45;0,896;0,734;0,422;0,286;0,261;18,9;0,945;170,0;57,6;39,9;12,3;5,64;4,63;-9,94;-7,93;74,15;50,98;42,57;14,42;-5,2;-5,9
SanMarco;SanMarco2;41;82,27;68,33;98,54;89,54;80,95;72,74;69,92;69,54;82,18;67,88;98,55;89,53;80,86;71,92;69,36;69,11;81,86;61,97;98,44;89,42;80,63;67,67;63,83;63,43;40,7;0,0;80,8;33,2;20,6;16,7;16,2;2,18;0,0;4,62;3,14;2,86;2,04;1,76;1,71;0,0397;0,0159;0,195;0,0688;0,055;0,0363;0,0264;0,0246;0,425;0,0;11,4;1,75;0,927;0,131;0,0299;0,0188;0,0669;0,00646;0,279;0,197;0,166;0,0412;0,0144;0,00968;0,473;0,186;1,45;0,896;0,734;0,422;0,286;0,261;18,9;0,945;170,0;57,6;39,9;12,3;5,64;4,63;-9,94;-7,93;74,15;50,98;42,57;14,42;-5,2;-5,9
SanMarco;SanMarco2;42;70,78;66,69;76,81;74,06;73,33;69,83;68,12;67,79;70,33;66,43;76,57;73,73;72,94;69,44;67,73;67,4;66,72;60,86;76,1;70,67;69,04;65,6;62,56;61,98;22,4;0,0;35,1;21,1;17,5;15,0;14,5;1,85;0,0;3,16;2,19;2,05;1,82;1,68;1,65;0,0432;0,016;0,414;0,0798;0,0559;0,0374;0,0269;0,0248;0,278;0,0;2,25;0,858;0,596;0,17;0,0394;0,0221;0,0262;0,00652;0,0741;0,0633;0,0532;0,023;0,0101;0,00798;0,368;0,189;1,08;0,627;0,532;0,346;0,269;0,247;13,1;1,11;73,9;30,8;24,1;11,2;5,8;4,77;-1,05;-10,7;58,64;41,65;30,36;7,33;-8,48;-9,11
SanMarco;SanMarco2;43;71,6;68,0;81,38;74,04;73,21;71,0;69,24;68,98;70,58;67,49;81,32;72,27;71,81;70,01;68,61;68,37;65,58;61,68;78,26;68,76;67,18;64,39;62,85;62,59;20,6;0,0;36,0;19,3;16,8;15,4;15,0;1,83;0,0;4,01;2,17;2,06;1,79;1,67;1,63;0,0377;0,0166;0,126;0,059;0,0496;0,0356;0,0262;0,0241;0,189;0,0;2,03;0,539;0,378;0,128;0,0378;0,0265;0,0235;0,00679;0,095;0,0819;0,0448;0,017;0,00943;0,00787;0,349;0,196;1,08;0,57;0,456;0,323;0,263;0,246;11,6;0,803;78,1;27,0;19,7;9,38;4,96;4,07;-0,88;-8,68;60,15;38,1;30,46;9,67;-6,06;-6,56
SanMarco;SanMarco2;44;71,6;68,0;81,38;74,04;73,21;71,0;69,24;68,98;70,58;67,49;81,32;72,27;71,81;70,01;68,61;68,37;65,58;61,68;78,26;68,76;67,18;64,39;62,85;62,59;20,6;0,0;36,0;19,3;16,8;15,4;15,0;1,83;0,0;4,01;2,17;2,06;1,79;1,67;1,63;0,0377;0,0166;0,126;0,059;0,0496;0,0356;0,0262;0,0241;0,189;0,0;2,03;0,539;0,378;0,128;0,0378;0,0265;0,0235;0,00679;0,095;0,0819;0,0448;0,017;0,00943;0,00787;0,349;0,196;1,08;0,57;0,456;0,323;0,263;0,246;11,6;0,803;78,1;27,0;19,7;9,38;4,96;4,07;-0,88;-8,68;60,15;38,1;30,46;9,67;-6,06;-6,56
SanMarco;SanMarco2;45;67,8;64,38;73,25;69,96;69,37;67,42;66,0;65,71;67,37;63,89;73,0;69,48;68,88;66,96;65,64;65,33;63,06;58,09;71,16;66,25;65,09;62,39;60,46;59,89;17,6;0,0;22,3;16,7;14,7;13,2;12,8;1,78;0,0;2,6;2,06;1,99;1,76;1,62;1,59;0,0365;0,0174;0,294;0,0515;0,0473;0,035;0,0261;0,0242;0,201;0,0;1,83;0,529;0,4;0,143;0,0346;0,0217;0,013;0,00508;0,0285;0,023;0,0208;0,0116;0,00748;0,00657;0,328;0,209;0,69;0,43;0,398;0,323;0,269;0,256;9,08;0,857;43,7;17,7;14,9;8,4;4,67;3,86;-2,18;-14,87;55,36;37,47;26,7;4,68;-12,56;-13,08
SanMarco;SanMarco2;46;67,8;64,38;73,25;69,96;69,37;67,42;66,0;65,71;67,37;63,89;73,0;69,48;68,88;66,96;65,64;65,33;63,06;58,09;71,16;66,25;65,09;62,39;60,46;59,89;17,6;0,0;22,3;16,7;14,7;13,2;12,8;1,78;0,0;2,6;2,06;1,99;1,76;1,62;1,59;0,0365;0,0174;0,294;0,0515;0,0473;0,035;0,0261;0,0242;0,201;0,0;1,83;0,529;0,4;0,143;0,0346;0,0217;0,013;0,00508;0,0285;0,023;0,0208;0,0116;0,00748;0,00657;0,328;0,209;0,69;0,43;0,398;0,323;0,269;0,256;9,08;0,857;43,7;17,7;14,9;8,4;4,67;3,86;-2,18;-14,87;55,36;37,47;26,7;4,68;-12,56;-13,08
SanMarco;SanMarco2;47;74,29;68,28;84,51;78,69;77,08;72,59;70,17;69,63;72,68;67,67;82,36;76,36;75,15;71,41;69,32;68,91;67,81;62,12;74,25;71,49;70,55;66,82;64,56;63,95;24,7;0,0;30,7;23,5;19,7;17,4;16,7;1,98;0,0;2,87;2,34;2,21;1,95;1,77;1,74;0,0405;0,0175;0,148;0,064;0,055;0,0379;0,0269;0,0248;0,271;0,0;1,74;0,727;0,552;0,178;0,0415;0,0266;0,0141;0,00497;0,0402;0,0274;0,0246;0,0117;0,00674;0,00599;0,383;0,215;1,04;0,619;0,541;0,346;0,286;0,268;10,0;0,803;52,4;19,2;16,1;8,99;5,13;4,3;-0,94;-6,3;64,61;44,94;34,01;9,75;-2,92;-3,97
SanMarco;SanMarco2;48;74,29;68,28;84,51;78,69;77,08;72,59;70,17;69,63;72,68;67,67;82,36;76,36;75,15;71,41;69,32;68,91;67,81;62,12;74,25;71,49;70,55;66,82;64,56;63,95;24,7;0,0;30,7;23,5;19,7;17,4;16,7;1,98;0,0;2,87;2,34;2,21;1,95;1,77;1,74;0,0405;0,0175;0,148;0,064;0,055;0,0379;0,0269;0,0248;0,271;0,0;1,74;0,727;0,552;0,178;0,0415;0,0266;0,0141;0,00497;0,0402;0,0274;0,0246;0,0117;0,00674;0,00599;0,383;0,215;1,04;0,619;0,541;0,346;0,286;0,268;10,0;0,803;52,4;19,2;16,1;8,99;5,13;4,3;-0,94;-6,3;64,61;44,94;34,01;9,75;-2,92;-3,97
SanMarco;SanMarco2;49;79,1;69,98;92,56;82,92;81,1;77,16;73,65;72,65;78,07;69,03;92,49;81,19;79,72;75,99;72,2;71,23;72,65;62,38;90,92;73,77;71,15;67,62;65,71;64,82;30,3;0,0;79,9;26,4;22,8;18,6;17,4;2,02;0,0;3,87;2,39;2,25;2,03;1,81;1,75;0,0373;0,0138;0,136;0,0559;0,0494;0,0354;0,0267;0,0249;0,33;0,0;4,32;0,934;0,68;0,211;0,0471;0,0285;0,0225;0,00545;0,247;0,0803;0,0401;0,0139;0,00732;0,00641;0,326;0,138;0,856;0,465;0,412;0,315;0,251;0,234;11,7;1,02;114,0;27,2;20,1;9,7;5,28;4,37;-1,58;-8,63;68,16;46,66;35,46;9,36;-5,39;-6,32
SanMarco;SanMarco2;50;79,1;69,98;92,56;82,92;81,1;77,16;73,65;72,65;78,07;69,03;92,49;81,19;79,72;75,99;72,2;71,23;72,65;62,38;90,92;73,77;71,15;67,62;65,71;64,82;30,3;0,0;79,9;26,4;22,8;18,6;17,4;2,02;0,0;3,87;2,39;2,25;2,03;1,81;1,75;0,0373;0,0138;0,136;0,0559;0,0494;0,0354;0,0267;0,0249;0,33;0,0;4,32;0,934;0,68;0,211;0,0471;0,0285;0,0225;0,00545;0,247;0,0803;0,0401;0,0139;0,00732;0,00641;0,326;0,138;0,856;0,465;0,412;0,315;0,251;0,234;11,7;1,02;114,0;27,2;20,1;9,7;5,28;4,37;-1,58;-8,63;68,16;46,66;35,46;9,36;-5,39;-6,32
SanMarco;SanMarco2;51;79,1;69,98;92,56;82,92;81,1;77,16;73,65;72,65;78,07;69,03;92,49;81,19;79,72;75,99;72,2;71,23;72,65;62,38;90,92;73,77;71,15;67,62;65,71;64,82;30,3;0,0;79,9;26,4;22,8;18,6;17,4;2,02;0,0;3,87;2,39;2,25;2,03;1,81;1,75;0,0373;0,0138;0,136;0,0559;0,0494;0,0354;0,0267;0,0249;0,33;0,0;4,32;0,934;0,68;0,211;0,0471;0,0285;0,0225;0,00545;0,247;0,0803;0,0401;0,0139;0,00732;0,00641;0,326;0,138;0,856;0,465;0,412;0,315;0,251;0,234;11,7;1,02;114,0;27,2;20,1;9,7;5,28;4,37;-1,58;-8,63;68,16;46,66;35,46;9,36;-5,39;-6,32
SanMarco;SanMarco3;52;74,5;70,37;83,66;77,33;76,34;73,87;72,19;71,84;74,07;70,06;83,61;76,86;75,7;73,42;71,89;71,57;71,3;66,21;82,95;74,6;73,15;70,26;68,55;68,07;28,4;0,0;52,6;26,8;23,3;21,0;20,4;2,13;0,0;3,65;2,43;2,33;2,1;1,95;1,92;0,046;0,0206;0,184;0,0732;0,0609;0,0431;0,0314;0,029;0,293;0,0;2,88;0,849;0,631;0,176;0,0486;0,0338;0,0269;0,00874;0,11;0,0639;0,0466;0,0223;0,0126;0,0105;0,366;0,188;0,974;0,519;0,462;0,355;0,284;0,261;14,6;1,49;95,4;29,6;23,6;13,0;7,21;6,03;-0,89;-2,43;59,63;45,25;35,6;14,52;-0,06;-0,68
SanMarco;SanMarco3;53;74,5;70,37;83,66;77,33;76,34;73,87;72,19;71,84;74,07;70,06;83,61;76,86;75,7;73,42;71,89;71,57;71,3;66,21;82,95;74,6;73,15;70,26;68,55;68,07;28,4;0,0;52,6;26,8;23,3;21,0;20,4;2,13;0,0;3,65;2,43;2,33;2,1;1,95;1,92;0,046;0,0206;0,184;0,0732;0,0609;0,0431;0,0314;0,029;0,293;0,0;2,88;0,849;0,631;0,176;0,0486;0,0338;0,0269;0,00874;0,11;0,0639;0,0466;0,0223;0,0126;0,0105;0,366;0,188;0,974;0,519;0,462;0,355;0,284;0,261;14,6;1,49;95,4;29,6;23,6;13,0;7,21;6,03;-0,89;-2,43;59,63;45,25;35,6;14,52;-0,06;-0,68
SanMarco;SanMarco3;54;78,13;73,72;83,86;81,31;80,28;77,52;75,78;75,3;77,8;73,27;83,82;80,87;79,87;77,2;75,38;74,95;73,72;68,51;82,65;76,68;75,24;72,92;70,49;70,06;33,2;0,0;45,2;31,3;27,6;24,7;24,0;2,12;0,0;2,97;2,36;2,31;2,11;1,97;1,93;0,0454;0,0205;0,158;0,0666;0,0594;0,0439;0,0325;0,0292;0,571;0,0;2,89;1,39;1,1;0,477;0,144;0,107;0,0209;0,00687;0,0555;0,046;0,0423;0,0174;0,0114;0,00806;0,319;0,135;0,669;0,447;0,412;0,312;0,241;0,215;13,7;1,76;58,2;24,9;21,0;12,5;6,96;5,94;-4,44;-5,24;71,65;49,28;36,61;14,35;-2,51;-3,19
SanMarco;SanMarco3;55;78,13;73,72;83,86;81,31;80,28;77,52;75,78;75,3;77,8;73,27;83,82;80,87;79,87;77,2;75,38;74,95;73,72;68,51;82,65;76,68;75,24;72,92;70,49;70,06;33,2;0,0;45,2;31,3;27,6;24,7;24,0;2,12;0,0;2,97;2,36;2,31;2,11;1,97;1,93;0,0454;0,0205;0,158;0,0666;0,0594;0,0439;0,0325;0,0292;0,571;0,0;2,89;1,39;1,1;0,477;0,144;0,107;0,0209;0,00687;0,0555;0,046;0,0423;0,0174;0,0114;0,00806;0,319;0,135;0,669;0,447;0,412;0,312;0,241;0,215;13,7;1,76;58,2;24,9;21,0;12,5;6,96;5,94;-4,44;-5,24;71,65;49,28;36,61;14,35;-2,51;-3,19
SanMarco;SanMarco3;56;78,13;73,72;83,86;81,31;80,28;77,52;75,78;75,3;77,8;73,27;83,82;80,87;79,87;77,2;75,38;74,95;73,72;68,51;82,65;76,68;75,24;72,92;70,49;70,06;33,2;0,0;45,2;31,3;27,6;24,7;24,0;2,12;0,0;2,97;2,36;2,31;2,11;1,97;1,93;0,0454;0,0205;0,158;0,0666;0,0594;0,0439;0,0325;0,0292;0,571;0,0;2,89;1,39;1,1;0,477;0,144;0,107;0,0209;0,00687;0,0555;0,046;0,0423;0,0174;0,0114;0,00806;0,319;0,135;0,669;0,447;0,412;0,312;0,241;0,215;13,7;1,76;58,2;24,9;21,0;12,5;6,96;5,94;-4,44;-5,24;71,65;49,28;36,61;14,35;-2,51;-3,19
SanMarco;SanMarco3;57;76,74;72,05;84,76;79,82;78,67;75,95;74,56;74,26;76,5;71,86;84,62;79,68;78,43;75,69;74,3;73,98;73,91;68,2;84,55;77,6;76,36;72,75;70,7;70,24;34,1;0,0;45,1;32,0;26,9;23,8;23,2;2,2;0,0;2,93;2,62;2,51;2,15;1,98;1,95;0,0427;0,0184;0,0968;0,062;0,0565;0,0418;0,0314;0,0288;0,431;0,0;4,07;1,39;0,994;0,277;0,0855;0,0612;0,0344;0,0108;0,139;0,0845;0,0623;0,0268;0,0166;0,0143;0,361;0,234;0,735;0,492;0,457;0,351;0,281;0,266;16,7;2,3;80,6;35,3;28,4;14,5;7,8;6,43;-1,33;-5,66;66,07;47,34;39,29;13,65;-3,13;-4,17
SanMarco;SanMarco3;58;76,74;72,05;84,76;79,82;78,67;75,95;74,56;74,26;76,5;71,86;84,62;79,68;78,43;75,69;74,3;73,98;73,91;68,2;84,55;77,6;76,36;72,75;70,7;70,24;34,1;0,0;45,1;32,0;26,9;23,8;23,2;2,2;0,0;2,93;2,62;2,51;2,15;1,98;1,95;0,0427;0,0184;0,0968;0,062;0,0565;0,0418;0,0314;0,0288;0,431;0,0;4,07;1,39;0,994;0,277;0,0855;0,0612;0,0344;0,0108;0,139;0,0845;0,0623;0,0268;0,0166;0,0143;0,361;0,234;0,735;0,492;0,457;0,351;0,281;0,266;16,7;2,3;80,6;35,3;28,4;14,5;7,8;6,43;-1,33;-5,66;66,07;47,34;39,29;13,65;-3,13;-4,17
SanMarco;SanMarco3;59;77,91;72,58;87,69;81,36;79,42;76,62;74,35;73,84;77,65;72,22;87,68;81,31;79,14;76,27;74,02;73,56;76,22;69,36;87,6;80,25;77,92;74,15;71,32;70,86;39,3;0,0;66,0;36,0;28,8;24,7;23,8;2,34;0,0;4,19;2,93;2,62;2,28;2,06;2,0;0,0463;0,0172;0,135;0,0652;0,0597;0,0456;0,0332;0,0301;0,512;0,0;6,22;1,64;1,03;0,268;0,0843;0,0608;0,0339;0,00749;0,185;0,0811;0,0648;0,0304;0,0112;0,01;0,348;0,125;0,695;0,452;0,422;0,344;0,284;0,267;16,0;1,77;89,7;35,5;28,8;13,2;6,99;5,89;-0,38;-3,89;63,02;51,28;42,85;13,8;-1,59;-2,24
SanMarco;SanMarco3;60;77,91;72,58;87,69;81,36;79,42;76,62;74,35;73,84;77,65;72,22;87,68;81,31;79,14;76,27;74,02;73,56;76,22;69,36;87,6;80,25;77,92;74,15;71,32;70,86;39,3;0,0;66,0;36,0;28,8;24,7;23,8;2,34;0,0;4,19;2,93;2,62;2,28;2,06;2,0;0,0463;0,0172;0,135;0,0652;0,0597;0,0456;0,0332;0,0301;0,512;0,0;6,22;1,64;1,03;0,268;0,0843;0,0608;0,0339;0,00749;0,185;0,0811;0,0648;0,0304;0,0112;0,01;0,348;0,125;0,695;0,452;0,422;0,344;0,284;0,267;16,0;1,77;89,7;35,5;28,8;13,2;6,99;5,89;-0,38;-3,89;63,02;51,28;42,85;13,8;-1,59;-2,24
SanMarco;SanMarco3;61;76,83;72,17;84,38;80,6;79,23;75,68;73,93;73,59;76,6;71,82;84,37;80,41;79,04;75,37;73,64;73,29;73,83;67,68;82,64;78,1;76,61;72,27;69,88;69,48;35,0;0,0;49,9;33,0;26,3;23,1;22,4;2,19;0,0;4,3;2,63;2,46;2,14;1,97;1,93;0,0509;0,022;0,294;0,0876;0,0678;0,0455;0,0323;0,03;0,299;0,0;1,87;0,735;0,59;0,229;0,0892;0,064;0,0299;0,0116;0,0726;0,0573;0,0518;0,0272;0,0145;0,0134;0,378;0,139;0,994;0,547;0,495;0,361;0,28;0,262;16,4;1,8;88,7;32,9;27,4;14,4;7,75;6,47;-1,15;-4,12;62,61;47,66;37,93;15,02;-1,16;-1,78
SanMarco;SanMarco3;63;76,32;72,85;83,23;78,62;78,0;75,94;74,24;73,79;76,16;72,68;83,24;78,49;77,88;75,77;74,05;73,6;72,39;68,32;81,36;75,73;74,8;71,69;69,8;69,3;31,5;0,0;42,8;30,1;26,1;23,5;22,7;2,1;0,0;2,85;2,34;2,27;2,08;1,95;1,92;0,045;0,0244;0,0963;0,0653;0,0594;0,0436;0,0326;0,03;0,271;0,0;2,33;0,732;0,535;0,212;0,088;0,0682;0,0229;0,00869;0,0611;0,0473;0,0426;0,0188;0,0119;0,0109;0,344;0,197;0,651;0,443;0,419;0,338;0,284;0,272;14,2;1,2;61,9;27,0;22,7;12,8;7,37;6,25;-3,16;-6,06;66,7;46,77;36,45;12,4;-3,95;-4,43
SanMarco;SanMarco3;64;76,32;72,85;83,23;78,62;78,0;75,94;74,24;73,79;76,16;72,68;83,24;78,49;77,88;75,77;74,05;73,6;72,39;68,32;81,36;75,73;74,8;71,69;69,8;69,3;31,5;0,0;42,8;30,1;26,1;23,5;22,7;2,1;0,0;2,85;2,34;2,27;2,08;1,95;1,92;0,045;0,0244;0,0963;0,0653;0,0594;0,0436;0,0326;0,03;0,271;0,0;2,33;0,732;0,535;0,212;0,088;0,0682;0,0229;0,00869;0,0611;0,0473;0,0426;0,0188;0,0119;0,0109;0,344;0,197;0,651;0,443;0,419;0,338;0,284;0,272;14,2;1,2;61,9;27,0;22,7;12,8;7,37;6,25;-3,16;-6,06;66,7;46,77;36,45;12,4;-3,95;-4,43
SanMarco;SanMarco3;65;76,32;72,85;83,23;78,62;78,0;75,94;74,24;73,79;76,16;72,68;83,24;78,49;77,88;75,77;74,05;73,6;72,39;68,32;81,36;75,73;74,8;71,69;69,8;69,3;31,5;0,0;42,8;30,1;26,1;23,5;22,7;2,1;0,0;2,85;2,34;2,27;2,08;1,95;1,92;0,045;0,0244;0,0963;0,0653;0,0594;0,0436;0,0326;0,03;0,271;0,0;2,33;0,732;0,535;0,212;0,088;0,0682;0,0229;0,00869;0,0611;0,0473;0,0426;0,0188;0,0119;0,0109;0,344;0,197;0,651;0,443;0,419;0,338;0,284;0,272;14,2;1,2;61,9;27,0;22,7;12,8;7,37;6,25;-3,16;-6,06;66,7;46,77;36,45;12,4;-3,95;-4,43
SanMarco;SanMarco3;66;75,42;72,43;81,3;78,03;77,39;75,2;73,47;73,11;75,31;72,29;81,29;77,93;77,29;75,1;73,34;72,98;73,17;68,78;79,63;76,02;75,36;72,77;70,6;70,17;32,8;0,0;47,2;31,2;26,6;23,7;23,1;2,21;0,0;3,78;2,58;2,48;2,18;2,05;2,01;0,0464;0,0235;0,103;0,0662;0,0614;0,0451;0,0337;0,0309;0,371;0,0;3,14;1,0;0,76;0,268;0,0825;0,0577;0,0289;0,0119;0,0748;0,0599;0,0495;0,0278;0,0161;0,0151;0,381;0,203;0,839;0,612;0,527;0,355;0,288;0,267;16,0;2,64;62,3;31,2;26,4;14,3;7,78;6,49;-0,48;-4,96;59,29;47,21;38,56;14,52;-2,34;-3,15
SanMarco;SanMarco3;67;75,89;72,14;83,2;78,86;78,05;75,0;73,15;72,84;75,75;71,79;83,19;78,79;77,96;74,85;72,88;72,55;72,79;67,84;81,43;76,67;75,25;71,77;68,98;68,54;31,9;0,0;42,4;29,8;25,5;22,2;21,7;2,1;0,0;2,95;2,39;2,29;2,08;1,95;1,92;0,0457;0,0219;0,123;0,068;0,0617;0,0437;0,0325;0,0297;0,287;0,0;2,82;0,786;0,573;0,209;0,0645;0,0433;0,0229;0,00674;0,0745;0,0603;0,0502;0,0171;0,00964;0,00875;0,341;0,182;0,941;0,478;0,433;0,334;0,272;0,252;13,9;1,46;72,3;27,8;22,4;12,3;6,6;5,46;-0,84;-5,27;59,61;46,55;37,15;13,91;-2,76;-3,29
SanMarco;SanMarco3;68;75,89;72,14;83,2;78,86;78,05;75,0;73,15;72,84;75,75;71,79;83,19;78,79;77,96;74,85;72,88;72,55;72,79;67,84;81,43;76,67;75,25;71,77;68,98;68,54;31,9;0,0;42,4;29,8;25,5;22,2;21,7;2,1;0,0;2,95;2,39;2,29;2,08;1,95;1,92;0,0457;0,0219;0,123;0,068;0,0617;0,0437;0,0325;0,0297;0,287;0,0;2,82;0,786;0,573;0,209;0,0645;0,0433;0,0229;0,00674;0,0745;0,0603;0,0502;0,0171;0,00964;0,00875;0,341;0,182;0,941;0,478;0,433;0,334;0,272;0,252;13,9;1,46;72,3;27,8;22,4;12,3;6,6;5,46;-0,84;-5,27;59,61;46,55;37,15;13,91;-2,76;-3,29
SanMarco;SanMarco3;69;75,76;72,0;82,57;78,72;77,9;75,17;73,35;72,95;75,6;71,59;82,51;78,64;77,78;74,98;73,1;72,66;73,06;67,09;81,78;76,81;75,67;72,03;69,67;69,15;32,4;0,0;48,8;30,6;25,5;22,4;21,6;2,13;0,0;3,25;2,59;2,45;2,11;1,92;1,87;0,0455;0,0232;0,143;0,0647;0,0589;0,044;0,0329;0,0303;0,371;0,0;2,48;1,04;0,784;0,274;0,0792;0,0579;0,0381;0,00976;0,122;0,099;0,0855;0,0297;0,0138;0,0128;0,37;0,144;0,85;0,565;0,496;0,349;0,279;0,257;16,1;2,42;79,2;34,8;27,8;13,8;7,43;6,14;-0,98;-6,16;60,52;47,28;36,71;12,32;-3,74;-4,54
SanMarco;SanMarco3;70;75,35;72,73;82,26;77,54;76,71;74,88;73,72;73,46;75,17;72,46;82,19;77,43;76,57;74,67;73,47;73,21;72,23;67,95;80,31;75,1;74,03;71,65;69,83;69,4;30,6;0,0;49,8;29,1;25,2;22,9;22,3;2,11;0,0;3,23;2,46;2,33;2,09;1,93;1,9;0,046;0,0208;0,095;0,0653;0,0606;0,0446;0,0338;0,0316;0,333;0,0;2,48;0,89;0,687;0,244;0,0638;0,0424;0,0219;0,00794;0,0738;0,061;0,0479;0,0166;0,0101;0,00933;0,347;0,202;0,803;0,503;0,454;0,332;0,27;0,258;13,2;1,47;82,6;27,5;21,6;11,4;6,26;5,17;-0,93;-4,61;62,22;47,3;38,36;13,51;-2,08;-2,58
SanMarco;SanMarco3;71;75,92;71,49;84,29;78,6;77,9;75,31;73,03;72,68;75,77;71,28;84,27;78,46;77,79;75,13;72,83;72,49;73,46;67,87;83,54;76,39;75,85;72,61;69,87;69,21;33,2;0,0;47,7;32,0;26,7;22,8;21,9;2,16;0,0;3,29;2,48;2,38;2,14;1,99;1,95;0,0486;0,0219;0,479;0,0679;0,0614;0,0444;0,0334;0,0309;0,391;0,0;2,87;0,975;0,764;0,289;0,0824;0,059;0,0237;0,00702;0,0765;0,0503;0,0385;0,0206;0,0115;0,00954;0,347;0,202;0,702;0,463;0,42;0,34;0,281;0,262;13,8;1,69;59,5;26,7;22,0;12,5;7,48;6,24;-0,81;-5,65;60,41;48,8;39,58;12,41;-3,92;-4,45
Noorderplantsoen;Noorderplantsoen1;2;62,57;52,82;70,99;67,28;66,34;60,34;55,15;54,3;59,96;52,02;68,15;64,29;63,55;57,86;53,99;53,32;48,75;44,94;55,79;52,04;50,62;47,82;46,14;45,75;8,16;0,0;11,5;7,7;6,41;5,4;5,18;2,01;0,0;3,36;2,53;2,36;1,97;1,71;1,64;0,02;0,0102;0,0419;0,0285;0,0259;0,0193;0,0148;0,0137;0,102;0,0;1,28;0,256;0,133;0,0227;0,0038;0,00185;0,00707;0,00203;0,0224;0,0176;0,0137;0,00552;0,00285;0,00249;0,417;0,238;1,04;0,673;0,56;0,389;0,309;0,291;4,93;0,0541;46,4;11,3;8,55;4,1;1,98;1,52;-0,6;-13,12;55,43;22,94;19,09;5,33;-9,93;-11,04
Noorderplantsoen;Noorderplantsoen1;73;62,57;52,82;70,99;67,28;66,34;60,34;55,15;54,3;59,96;52,02;68,15;64,29;63,55;57,86;53,99;53,32;48,75;44,94;55,79;52,04;50,62;47,82;46,14;45,75;8,16;0,0;11,5;7,7;6,41;5,4;5,18;2,01;0,0;3,36;2,53;2,36;1,97;1,71;1,64;0,02;0,0102;0,0419;0,0285;0,0259;0,0193;0,0148;0,0137;0,102;0,0;1,28;0,256;0,133;0,0227;0,0038;0,00185;0,00707;0,00203;0,0224;0,0176;0,0137;0,00552;0,00285;0,00249;0,417;0,238;1,04;0,673;0,56;0,389;0,309;0,291;4,93;0,0541;46,4;11,3;8,55;4,1;1,98;1,52;-0,6;-13,12;55,43;22,94;19,09;5,33;-9,93;-11,04
Noorderplantsoen;Noorderplantsoen1;88;71,91;61,52;78,77;77,55;76,37;70,03;64,49;63,87;71,02;59,79;77,72;76,31;75,5;69,27;63,24;62,52;64,28;51,0;71,87;68,97;68,16;63,09;53,66;52,43;24,8;0,0;29,3;23,6;17,9;9,69;8,72;2,13;0,0;2,94;2,51;2,43;2,14;1,85;1,79;0,034;0,0144;0,0992;0,0591;0,0507;0,0312;0,0203;0,0186;0,21;0,0;1,08;0,675;0,495;0,12;0,0246;0,0118;0,00891;0,00242;0,0285;0,0259;0,0189;0,0075;0,00291;0,00278;0,343;0,228;0,68;0,5;0,435;0,328;0,27;0,258;6,49;0,147;40,6;13,1;10,6;5,78;2,95;2,3;-2,75;-14,02;64,62;39,21;32,3;11,15;-11,88;-12,6
Noorderplantsoen;Noorderplantsoen1;98;72,11;57,44;78,45;76,26;75,66;70,77;59,69;59,03;71,33;56,66;77,7;75,58;74,96;69,96;58,72;58,11;56,41;48,94;63,41;60,1;59,58;55,99;50,81;50,1;16,0;0,0;21,7;15,1;11,8;7,95;7,37;1,83;0,0;3,54;2,6;2,45;1,76;1,52;1,47;0,0261;0,0106;0,1;0,0414;0,036;0,0242;0,0172;0,0158;0,408;0,0;1,22;0,925;0,861;0,242;0,0106;0,00315;0,0158;0,0036;0,0487;0,0351;0,0287;0,0143;0,00566;0,00448;0,407;0,176;1,7;0,738;0,631;0,375;0,255;0,234;7,03;0,227;54,2;17,7;12,8;5,51;2,57;2,03;-6,24;-7,37;68,89;29,14;23,97;9,69;-3,52;-4,47
Noorderplantsoen;Noorderplantsoen1;97;58,11;54,35;61,5;60,02;59,5;57,86;56,64;56,38;57,13;53,66;60,52;58,9;58,47;56,9;55,77;55,5;49,93;45,19;59,65;54,19;51,76;48,44;46,99;46,76;8,61;0,0;12,5;7,9;6,48;5,69;5,48;1,87;0,0;3,41;2,43;2,24;1,81;1,54;1,47;0,0201;0,00982;0,0482;0,0281;0,0258;0,0199;0,0149;0,0138;0,255;0,0;1,2;0,646;0,531;0,187;0,0346;0,0193;0,0173;0,00383;0,0475;0,037;0,0325;0,0164;0,0058;0,00507;0,44;0,245;1,2;0,699;0,599;0,41;0,308;0,289;8,22;0,0;58,5;20,2;15,6;6,65;2,95;2,3;-5,08;-15,81;49,61;24,88;20,09;-1,12;-14,36;-14,73
Noorderplantsoen;Noorderplantsoen1;96;65,56;58,05;75,12;72,93;68,99;62,82;59,28;58,8;65,05;57,03;74,88;72,63;68,76;62,12;58,28;57,85;60,49;49,15;70,96;67,65;64,63;56,63;50,95;50,43;22,9;0,0;28,7;18,6;11,0;7,58;7,26;2,07;0,0;3,03;2,62;2,47;2,02;1,73;1,67;0,033;0,0125;0,211;0,096;0,0515;0,0252;0,0176;0,0162;0,11;0,0;0,572;0,27;0,21;0,0499;0,0083;0,00463;0,0134;0,00334;0,043;0,0344;0,0285;0,0118;0,005;0,00464;0,398;0,227;0,959;0,571;0,524;0,389;0,289;0,272;7,43;0,212;42,8;16,0;12,9;6,41;3,03;2,37;-1,39;-6,43;56,21;35,54;29,56;11,23;-4,84;-5,27
Noorderplantsoen;Noorderplantsoen1;3;62,33;57,69;67,57;65,81;65,16;61,01;59,29;58,93;61,58;56,79;66,6;64,92;64,46;60,23;58,48;58,15;56,87;50,15;63,96;60,58;59,89;55,17;51,76;51,19;13,6;0,0;18,2;13,1;9,85;8,06;7,79;2,06;0,0;3,34;2,51;2,39;2,04;1,75;1,67;0,0265;0,0125;0,0712;0,0446;0,0387;0,0243;0,0178;0,0165;0,161;0,0;1,52;0,347;0,267;0,056;0,00651;0,00259;0,0124;0,00396;0,0761;0,0511;0,0231;0,00685;0,00459;0,00445;0,525;0,227;1,22;0,819;0,725;0,5;0,345;0,315;7,79;0,372;47,8;18,5;14,0;6,42;3,13;2,47;-1,75;-7,63;52,0;32,95;25,38;8,38;-5,1;-5,75
Noorderplantsoen;Noorderplantsoen1;4;72,02;60,94;78,14;76,85;76,06;68,09;64,02;62,99;71,43;59,89;77,45;76,06;75,34;67,76;63,03;61,88;66,66;51,76;74,92;71,87;71,08;62,59;55,51;53,82;29,4;0,0;38,4;27,3;16,4;10,1;9,3;2,07;0,0;3,73;2,7;2,5;2,02;1,73;1,62;0,0328;0,0155;0,0816;0,0509;0,0461;0,0316;0,0216;0,0195;0,107;0,0;0,814;0,274;0,202;0,0526;0,00884;0,00398;0,00714;0,00266;0,0167;0,0151;0,0118;0,00662;0,00356;0,00308;0,372;0,217;0,816;0,538;0,5;0,345;0,275;0,263;7,39;0,544;45,2;14,6;12,0;6,61;3,44;2,73;-1,17;-3,74;59,99;42,47;35,73;13,76;-0,45;-1,42
Noorderplantsoen;Noorderplantsoen1;90;72,02;60,94;78,14;76,85;76,06;68,09;64,02;62,99;71,43;59,89;77,45;76,06;75,34;67,76;63,03;61,88;66,66;51,76;74,92;71,87;71,08;62,59;55,51;53,82;29,4;0,0;38,4;27,3;16,4;10,1;9,3;2,07;0,0;3,73;2,7;2,5;2,02;1,73;1,62;0,0328;0,0155;0,0816;0,0509;0,0461;0,0316;0,0216;0,0195;0,107;0,0;0,814;0,274;0,202;0,0526;0,00884;0,00398;0,00714;0,00266;0,0167;0,0151;0,0118;0,00662;0,00356;0,00308;0,372;0,217;0,816;0,538;0,5;0,345;0,275;0,263;7,39;0,544;45,2;14,6;12,0;6,61;3,44;2,73;-1,17;-3,74;59,99;42,47;35,73;13,76;-0,45;-1,42
Noorderplantsoen;Noorderplantsoen1;5;61,75;55,11;72,39;65,33;64,48;60,37;57,75;57,24;59,52;54,13;67,46;63,58;62,17;58,55;56,43;55,84;51,18;46,48;59,45;55,7;54,64;50,47;47,64;47,22;10,3;0,0;13,8;9,28;7,13;5,82;5,65;1,78;0,0;2,77;2,2;2,09;1,76;1,48;1,42;0,0243;0,00914;0,206;0,0446;0,0324;0,0217;0,0161;0,0147;0,132;0,0;0,904;0,369;0,219;0,0411;0,00477;0,00229;0,0101;0,00239;0,0389;0,0289;0,0211;0,00748;0,00344;0,00296;0,466;0,221;1,2;0,779;0,677;0,432;0,304;0,283;6,85;0,0638;40,7;17,7;13,9;5,25;2,27;1,74;-2,13;-13,96;53,11;26,71;19,66;1,97;-12,25;-12,76
Noorderplantsoen;Noorderplantsoen1;87;61,75;55,11;72,39;65,33;64,48;60,37;57,75;57,24;59,52;54,13;67,46;63,58;62,17;58,55;56,43;55,84;51,18;46,48;59,45;55,7;54,64;50,47;47,64;47,22;10,3;0,0;13,8;9,28;7,13;5,82;5,65;1,78;0,0;2,77;2,2;2,09;1,76;1,48;1,42;0,0243;0,00914;0,206;0,0446;0,0324;0,0217;0,0161;0,0147;0,132;0,0;0,904;0,369;0,219;0,0411;0,00477;0,00229;0,0101;0,00239;0,0389;0,0289;0,0211;0,00748;0,00344;0,00296;0,466;0,221;1,2;0,779;0,677;0,432;0,304;0,283;6,85;0,0638;40,7;17,7;13,9;5,25;2,27;1,74;-2,13;-13,96;53,11;26,71;19,66;1,97;-12,25;-12,76
Noorderplantsoen;Noorderplantsoen1;84;63,68;59,0;73,02;68,87;65,06;61,54;60,34;59,94;63,05;57,91;72,79;68,47;64,42;60,89;59,67;59,37;59,25;51,16;70,55;66,3;60,57;54,84;52,32;51,91;20,5;0,0;29,3;14,2;9,92;8,32;8,1;2,06;0,0;3,34;2,72;2,43;1,99;1,78;1,73;0,0278;0,0124;0,12;0,0485;0,0388;0,0246;0,0178;0,0164;0,143;0,0;1,04;0,384;0,279;0,0688;0,0125;0,00595;0,0148;0,00555;0,0386;0,0355;0,027;0,0113;0,00663;0,0063;0,415;0,205;1,16;0,726;0,605;0,387;0,273;0,249;8,7;0,463;51,7;20,9;16,3;7,04;3,29;2,55;-1,67;-11,79;52,22;32,56;29,09;10,23;-7,92;-8,89
Noorderplantsoen;Noorderplantsoen1;83;65,96;60,28;74,54;69,55;68,01;65,37;62,33;61,94;65,22;59,55;74,38;69,09;67,44;63,89;61,54;61,19;60,61;51,04;72,64;65,49;63,26;58,37;53,2;52,69;18,0;0,0;30,0;16,7;12,8;9,03;8,66;2,05;0,0;3,03;2,46;2,36;2,03;1,76;1,7;0,0324;0,0127;0,123;0,0679;0,0575;0,0288;0,0198;0,018;0,122;0,0;2,0;0,32;0,244;0,0742;0,0157;0,00938;0,0134;0,00261;0,0603;0,0401;0,0289;0,00804;0,00294;0,00284;0,501;0,263;1,27;0,948;0,804;0,433;0,311;0,292;7,97;0,194;77,3;22,8;16,7;5,68;2,61;1,97;-1,17;-12,15;56,61;35,1;30,51;8,72;-10,08;-10,51
Noorderplantsoen;Noorderplantsoen1;6;67,46;57,57;78,04;72,25;70,37;64,71;61,11;59,98;66,19;56,57;74,19;71,2;69,59;63,78;60,32;58,69;60,09;49,95;69,31;66,06;64,44;55,78;52,3;51,29;20,9;0,0;27,5;18,8;10,8;8,15;7,51;2,01;0,0;3,09;2,66;2,49;1,93;1,65;1,6;0,0412;0,0112;0,176;0,125;0,075;0,0292;0,0189;0,0175;0,198;0,0;0,731;0,455;0,351;0,173;0,0512;0,0327;0,00935;0,00329;0,0317;0,0222;0,0165;0,00755;0,005;0,00375;0,379;0,198;1,18;0,563;0,5;0,36;0,26;0,24;6,6;0,0433;51,1;13,2;10,7;5,83;3,03;2,41;-1,54;-5,8;57,66;34,52;30,53;10,32;-0,44;-1,59
Noorderplantsoen;Noorderplantsoen1;7;65,64;57,63;78,8;70,2;69,35;63,42;60,44;59,85;65,25;56,91;78,09;69,96;69,06;62,87;59,78;59,15;62,06;50,18;78,65;67,74;66,78;58,53;52,05;51,6;21,3;0,0;41,8;20,2;12,5;8,34;8,02;2,08;0,0;3,54;2,55;2,48;2,06;1,75;1,69;0,0338;0,0119;0,273;0,0697;0,0592;0,0289;0,0192;0,017;0,16;0,0;1,25;0,501;0,344;0,0858;0,0191;0,0107;0,0182;0,00541;0,0663;0,0431;0,0324;0,0149;0,0084;0,00741;0,428;0,169;3,8;0,739;0,604;0,381;0,273;0,255;8,33;0,589;154,0;18,9;14,7;6,62;3,25;2,57;-1,52;-8,73;55,18;36,6;30,91;14,14;-3,05;-4,17
Noorderplantsoen;Noorderplantsoen1;85;65,64;57,63;78,8;70,2;69,35;63,42;60,44;59,85;65,25;56,91;78,09;69,96;69,06;62,87;59,78;59,15;62,06;50,18;78,65;67,74;66,78;58,53;52,05;51,6;21,3;0,0;41,8;20,2;12,5;8,34;8,02;2,08;0,0;3,54;2,55;2,48;2,06;1,75;1,69;0,0338;0,0119;0,273;0,0697;0,0592;0,0289;0,0192;0,017;0,16;0,0;1,25;0,501;0,344;0,0858;0,0191;0,0107;0,0182;0,00541;0,0663;0,0431;0,0324;0,0149;0,0084;0,00741;0,428;0,169;3,8;0,739;0,604;0,381;0,273;0,255;8,33;0,589;154,0;18,9;14,7;6,62;3,25;2,57;-1,52;-8,73;55,18;36,6;30,91;14,14;-3,05;-4,17
Noorderplantsoen;Noorderplantsoen1;8;65,18;60,01;71,12;68,9;68,04;64,4;62,02;61,69;64,66;59,34;70,44;68,64;67,64;63,8;61,34;60,95;60,71;51,66;70,25;66,58;65,62;57,82;53,6;52,85;17,5;0,0;21,6;16,4;11,4;9,21;8,81;1,97;0,0;3,17;2,39;2,27;1,93;1,74;1,69;0,0341;0,0102;0,174;0,0807;0,0584;0,0272;0,0192;0,0172;0,243;0,0;1,62;0,77;0,54;0,0862;0,0102;0,00505;0,0308;0,0092;0,0735;0,0595;0,0527;0,0262;0,0148;0,0127;0,5;0,18;1,25;0,867;0,734;0,463;0,325;0,286;12,9;0,424;65,9;33,0;25,1;10,2;4,22;3,26;-1,76;-6,22;52,69;36,99;26,73;8,8;-3,21;-4,11
Noorderplantsoen;Noorderplantsoen1;10;66,08;60,82;71,25;69,21;68,44;65,67;62,9;62,01;65,61;59,89;71,05;68,88;68,05;65,15;62,26;61,33;60,33;51,92;67,72;64,45;63,25;59,65;54,53;53,68;16,8;0,0;21,7;15,8;12,2;9,23;8,75;1,76;0,0;2,93;2,16;2,07;1,75;1,51;1,45;0,0477;0,0144;0,314;0,113;0,0804;0,0368;0,0249;0,0216;0,13;0,0;1,37;0,332;0,237;0,0651;0,0109;0,00536;0,0318;0,00466;0,118;0,101;0,0766;0,0237;0,0066;0,00504;0,441;0,204;1,7;0,7;0,618;0,409;0,301;0,279;11,9;0,569;83,3;30,1;22,5;9,37;4,29;3,42;-1,58;-11,56;54,81;37,41;25,56;5,18;-9,36;-10,13
Noorderplantsoen;Noorderplantsoen1;9;66,08;60,82;71,25;69,21;68,44;65,67;62,9;62,01;65,61;59,89;71,05;68,88;68,05;65,15;62,26;61,33;60,33;51,92;67,72;64,45;63,25;59,65;54,53;53,68;16,8;0,0;21,7;15,8;12,2;9,23;8,75;1,76;0,0;2,93;2,16;2,07;1,75;1,51;1,45;0,0477;0,0144;0,314;0,113;0,0804;0,0368;0,0249;0,0216;0,13;0,0;1,37;0,332;0,237;0,0651;0,0109;0,00536;0,0318;0,00466;0,118;0,101;0,0766;0,0237;0,0066;0,00504;0,441;0,204;1,7;0,7;0,618;0,409;0,301;0,279;11,9;0,569;83,3;30,1;22,5;9,37;4,29;3,42;-1,58;-11,56;54,81;37,41;25,56;5,18;-9,36;-10,13
Noorderplantsoen;Noorderplantsoen1;11;76,11;72,94;78,92;78,12;78,02;75,39;74,12;73,83;75,91;72,74;78,76;77,95;77,85;75,18;73,92;73,61;64,3;59,5;73,59;68,89;66,92;63,15;60,41;60,25;22,7;0,0;31,9;20,9;16,6;14,2;13,8;1,7;0,0;2,41;2,14;2,06;1,69;1,34;1,31;0,0238;0,00933;0,0876;0,0396;0,0338;0,0221;0,0153;0,0141;1,27;0,0;1,74;1,65;1,62;1,24;1,0;0,886;0,0344;0,00278;0,137;0,12;0,0926;0,0206;0,00396;0,00349;0,344;0,0915;1,47;0,552;0,484;0,32;0,218;0,186;11,9;0,223;94,1;33,4;25,9;8,74;3,38;2,66;-16,14;-13,0;75,23;35,91;27,65;8,26;-10,99;-11,62
Noorderplantsoen;Noorderplantsoen1;79;76,11;72,94;78,92;78,12;78,02;75,39;74,12;73,83;75,91;72,74;78,76;77,95;77,85;75,18;73,92;73,61;64,3;59,5;73,59;68,89;66,92;63,15;60,41;60,25;22,7;0,0;31,9;20,9;16,6;14,2;13,8;1,7;0,0;2,41;2,14;2,06;1,69;1,34;1,31;0,0238;0,00933;0,0876;0,0396;0,0338;0,0221;0,0153;0,0141;1,27;0,0;1,74;1,65;1,62;1,24;1,0;0,886;0,0344;0,00278;0,137;0,12;0,0926;0,0206;0,00396;0,00349;0,344;0,0915;1,47;0,552;0,484;0,32;0,218;0,186;11,9;0,223;94,1;33,4;25,9;8,74;3,38;2,66;-16,14;-13,0;75,23;35,91;27,65;8,26;-10,99;-11,62
Noorderplantsoen;Noorderplantsoen1;13;73,53;67,56;76,64;75,34;75,05;73,94;70,04;69,07;73,13;66,38;76,38;74,98;74,69;73,65;68,33;67,91;60,15;57,45;66,48;61,77;61,34;59,92;59,0;58,62;16,4;0,0;22,1;15,7;13,8;12,3;12,0;1,66;0,0;2,8;2,17;2,07;1,64;1,4;1,36;0,0256;0,00978;0,139;0,0463;0,0384;0,0236;0,0159;0,0141;0,931;0,0;1,36;1,28;1,25;1,14;0,282;0,242;0,0127;0,00208;0,0396;0,0294;0,0242;0,0103;0,00359;0,00276;0,313;0,122;0,884;0,613;0,481;0,282;0,194;0,176;8,75;0,104;59,4;21,0;16,7;7,12;3,09;2,41;-15,73;-3,45;72,39;31,72;24,91;9,78;0,01;-0,67
Noorderplantsoen;Noorderplantsoen1;15;70,59;67,34;75,78;73,32;72,16;70,29;68,66;68,47;70,29;66,97;75,45;72,81;71,84;70,05;68,41;68,22;60,19;56,14;68,78;63,83;62,87;59,14;57,48;56,9;17,9;0,0;24,0;16,5;13,3;11,8;11,5;1,74;0,0;2,7;2,19;2,02;1,73;1,5;1,47;0,0315;0,014;0,137;0,051;0,0438;0,0294;0,0212;0,0193;0,522;0,0;1,35;0,715;0,658;0,502;0,393;0,329;0,0277;0,00673;0,0896;0,0729;0,0618;0,0237;0,0107;0,00869;0,358;0,033;1,71;0,628;0,531;0,318;0,226;0,203;9,72;0,403;80,1;25,1;18,9;7,62;3,27;2,47;-11,19;-12,27;67,8;32,55;26,14;5,95;-10,85;-11,3
Noorderplantsoen;Noorderplantsoen1;81;70,59;67,34;75,78;73,32;72,16;70,29;68,66;68,47;70,29;66,97;75,45;72,81;71,84;70,05;68,41;68,22;60,19;56,14;68,78;63,83;62,87;59,14;57,48;56,9;17,9;0,0;24,0;16,5;13,3;11,8;11,5;1,74;0,0;2,7;2,19;2,02;1,73;1,5;1,47;0,0315;0,014;0,137;0,051;0,0438;0,0294;0,0212;0,0193;0,522;0,0;1,35;0,715;0,658;0,502;0,393;0,329;0,0277;0,00673;0,0896;0,0729;0,0618;0,0237;0,0107;0,00869;0,358;0,033;1,71;0,628;0,531;0,318;0,226;0,203;9,72;0,403;80,1;25,1;18,9;7,62;3,27;2,47;-11,19;-12,27;67,8;32,55;26,14;5,95;-10,85;-11,3
Noorderplantsoen;Noorderplantsoen1;80;65,53;54,49;73,79;71,25;69,61;62,59;57,51;56,41;63,75;53,61;71,53;69,41;67,8;60,84;56,07;55,1;57,07;47,45;65,13;62,08;61,23;54,37;49,47;48,86;15,8;0,0;21,0;15,1;9,29;6,78;6,38;2,11;0,0;3,47;2,64;2,53;2,09;1,71;1,63;0,0274;0,0127;0,15;0,0444;0,0377;0,025;0,0179;0,0163;0,142;0,0;1,77;0,397;0,278;0,08;0,0161;0,0103;0,0132;0,004;0,0372;0,0316;0,0293;0,0101;0,00531;0,00471;0,489;0,237;1,34;0,86;0,736;0,428;0,308;0,293;7,74;0,363;52,0;16,7;13,8;6,54;3,2;2,58;-2,41;-10,25;56,3;33,55;25,16;10,23;-8,12;-8,58
Noorderplantsoen;Noorderplantsoen1;16;63,44;53,79;71,02;67,67;67,2;60,46;56,55;55,88;61,92;52,8;68,57;66,24;65,66;59,53;55,01;54,25;55,88;44,91;66,77;60,62;59,3;54,13;47,98;47,16;12,9;0,0;15,7;12,1;8,89;5,8;5,38;2,19;0,0;4,48;3,46;3,14;2,11;1,61;1,55;0,0269;0,0116;0,164;0,0481;0,0398;0,0242;0,0166;0,015;0,21;0,0;1,25;0,558;0,395;0,112;0,00897;0,0039;0,0246;0,00441;0,0827;0,0716;0,0608;0,0169;0,00883;0,0066;0,625;0,258;1,36;1,17;1,08;0,545;0,366;0,335;12,6;0,0781;75,1;39,5;30,6;7,88;3,24;2,5;-2,34;-12,09;55,9;30,52;27,74;6,01;-10,29;-10,93
Noorderplantsoen;Noorderplantsoen1;18;57,02;53,17;63,89;59,9;58,88;56,45;54,81;54,41;56,17;52,38;63,71;59,16;58,05;55,58;53,93;53,52;53,02;46,35;61,85;57,01;55,86;51,63;48,65;48,03;10,0;0,0;15,0;9,26;7,38;6,09;5,74;2,17;0,0;3,41;2,78;2,63;2,16;1,8;1,74;0,0219;0,0106;0,121;0,0352;0,0297;0,0203;0,0146;0,0133;0,314;0,0;2,14;1,13;0,698;0,172;0,0234;0,0111;0,0231;0,00955;0,0521;0,0439;0,0398;0,0207;0,0137;0,0123;0,495;0,241;1,22;0,839;0,756;0,45;0,327;0,31;10,6;0,0838;57,4;23,6;19,6;8,77;4,03;3,22;-1,72;-10,78;44,63;27,21;22,0;5,37;-8,8;-9,16
Noorderplantsoen;Noorderplantsoen1;17;57,02;53,17;63,89;59,9;58,88;56,45;54,81;54,41;56,17;52,38;63,71;59,16;58,05;55,58;53,93;53,52;53,02;46,35;61,85;57,01;55,86;51,63;48,65;48,03;10,0;0,0;15,0;9,26;7,38;6,09;5,74;2,17;0,0;3,41;2,78;2,63;2,16;1,8;1,74;0,0219;0,0106;0,121;0,0352;0,0297;0,0203;0,0146;0,0133;0,314;0,0;2,14;1,13;0,698;0,172;0,0234;0,0111;0,0231;0,00955;0,0521;0,0439;0,0398;0,0207;0,0137;0,0123;0,495;0,241;1,22;0,839;0,756;0,45;0,327;0,31;10,6;0,0838;57,4;23,6;19,6;8,77;4,03;3,22;-1,72;-10,78;44,63;27,21;22,0;5,37;-8,8;-9,16
Noorderplantsoen;Noorderplantsoen1;19;71,76;60,2;83,66;78,31;73,55;67,15;63,64;62,83;71,19;59,51;83,43;78,08;72,96;65,86;62,4;61,49;66,72;51,07;80,09;74,35;67,58;58,92;53,38;52,67;34,9;0,0;54,0;23,5;12,5;8,91;8,38;2,05;0,0;4,3;3,37;2,79;1,95;1,56;1,52;0,0805;0,0128;0,417;0,24;0,183;0,0469;0,0238;0,0215;0,323;0,0;1,51;0,907;0,732;0,21;0,0374;0,0227;0,0127;0,00256;0,0563;0,0482;0,0349;0,00733;0,00378;0,00314;0,345;0,144;0,688;0,495;0,457;0,336;0,23;0,213;6,75;0,0;53,1;17,0;12,3;5,26;2,52;1,96;-2,45;-2,47;64,16;39,29;36,21;18,96;1,34;0,54
Noorderplantsoen;Noorderplantsoen1;20;64,41;58,76;68,76;67,24;66,59;64,0;61,33;60,37;63,54;58,03;67,85;66,08;65,59;63,22;60,5;59,45;53,96;47,84;64,12;59,99;57,0;51,2;49,17;48,8;11,3;0,0;15,5;10,3;8,02;6,93;6,7;1,61;0,0;2,55;2,08;1,94;1,59;1,35;1,3;0,0272;0,0115;0,127;0,052;0,0396;0,0234;0,017;0,0157;0,315;0,0;1,1;0,554;0,51;0,315;0,0845;0,0518;0,0189;0,00514;0,0494;0,0405;0,0328;0,0168;0,00787;0,00671;0,412;0,169;1,16;0,75;0,618;0,381;0,244;0,222;7,98;0,0678;61,0;19,3;15,6;6,35;2,73;1,99;-8,03;-11,99;60,7;29,95;19,8;2,89;-10,55;-10,98
Noorderplantsoen;Noorderplantsoen1;22;64,41;58,76;68,76;67,24;66,59;64,0;61,33;60,37;63,54;58,03;67,85;66,08;65,59;63,22;60,5;59,45;53,96;47,84;64,12;59,99;57,0;51,2;49,17;48,8;11,3;0,0;15,5;10,3;8,02;6,93;6,7;1,61;0,0;2,55;2,08;1,94;1,59;1,35;1,3;0,0272;0,0115;0,127;0,052;0,0396;0,0234;0,017;0,0157;0,315;0,0;1,1;0,554;0,51;0,315;0,0845;0,0518;0,0189;0,00514;0,0494;0,0405;0,0328;0,0168;0,00787;0,00671;0,412;0,169;1,16;0,75;0,618;0,381;0,244;0,222;7,98;0,0678;61,0;19,3;15,6;6,35;2,73;1,99;-8,03;-11,99;60,7;29,95;19,8;2,89;-10,55;-10,98
Noorderplantsoen;Noorderplantsoen1;21;64,41;58,76;68,76;67,24;66,59;64,0;61,33;60,37;63,54;58,03;67,85;66,08;65,59;63,22;60,5;59,45;53,96;47,84;64,12;59,99;57,0;51,2;49,17;48,8;11,3;0,0;15,5;10,3;8,02;6,93;6,7;1,61;0,0;2,55;2,08;1,94;1,59;1,35;1,3;0,0272;0,0115;0,127;0,052;0,0396;0,0234;0,017;0,0157;0,315;0,0;1,1;0,554;0,51;0,315;0,0845;0,0518;0,0189;0,00514;0,0494;0,0405;0,0328;0,0168;0,00787;0,00671;0,412;0,169;1,16;0,75;0,618;0,381;0,244;0,222;7,98;0,0678;61,0;19,3;15,6;6,35;2,73;1,99;-8,03;-11,99;60,7;29,95;19,8;2,89;-10,55;-10,98
Noorderplantsoen;Noorderplantsoen1;26;64,05;56,73;74,89;67,97;66,52;62,9;59,03;58,41;61,8;55,68;71,0;65,92;64,48;60,73;57,46;56,62;55,8;47,43;69,37;60,95;58,25;52,62;49,28;48,86;12,4;0,0;19,6;10,7;8,14;6,56;6,32;1,88;0,0;3,28;2,59;2,26;1,81;1,57;1,52;0,0247;0,0112;0,0847;0,0389;0,0345;0,0228;0,0167;0,0154;0,176;0,0;1,37;0,574;0,351;0,065;0,00836;0,00425;0,0313;0,00746;0,151;0,11;0,0684;0,0264;0,0103;0,00881;0,465;0,18;1,2;0,783;0,702;0,425;0,297;0,266;11,6;0,227;74,5;29,4;23,0;9,18;3,35;2,5;-2,9;-12,86;55,97;29,32;22,31;4,99;-10,01;-10,63
Noorderplantsoen;Noorderplantsoen1;27;64,05;56,73;74,89;67,97;66,52;62,9;59,03;58,41;61,8;55,68;71,0;65,92;64,48;60,73;57,46;56,62;55,8;47,43;69,37;60,95;58,25;52,62;49,28;48,86;12,4;0,0;19,6;10,7;8,14;6,56;6,32;1,88;0,0;3,28;2,59;2,26;1,81;1,57;1,52;0,0247;0,0112;0,0847;0,0389;0,0345;0,0228;0,0167;0,0154;0,176;0,0;1,37;0,574;0,351;0,065;0,00836;0,00425;0,0313;0,00746;0,151;0,11;0,0684;0,0264;0,0103;0,00881;0,465;0,18;1,2;0,783;0,702;0,425;0,297;0,266;11,6;0,227;74,5;29,4;23,0;9,18;3,35;2,5;-2,9;-12,86;55,97;29,32;22,31;4,99;-10,01;-10,63
Noorderplantsoen;Noorderplantsoen1;28;62,17;56,92;74,25;66,73;64,45;60,43;58,51;58,17;60,2;54,93;72,26;63,89;61,98;58,95;57,0;56,58;53,51;48,19;61,16;57,01;56,09;52,62;50,03;49,57;10,8;0,0;13,8;10,1;7,89;6,6;6,33;1,93;0,0;3,26;2,38;2,25;1,9;1,63;1,58;0,027;0,0116;0,112;0,0518;0,0389;0,0238;0,0172;0,0156;0,125;0,0;0,944;0,345;0,229;0,051;0,00827;0,00422;0,0305;0,00834;0,0675;0,0596;0,0495;0,0285;0,014;0,0126;0,572;0,275;1,34;0,983;0,845;0,531;0,373;0,35;11,7;0,398;58,6;26,4;21,6;9,91;4,48;3,45;-2,48;-10,75;53,35;27,27;21,47;6,38;-8,87;-9,45
Noorderplantsoen;Noorderplantsoen1;78;62,17;56,92;74,25;66,73;64,45;60,43;58,51;58,17;60,2;54,93;72,26;63,89;61,98;58,95;57,0;56,58;53,51;48,19;61,16;57,01;56,09;52,62;50,03;49,57;10,8;0,0;13,8;10,1;7,89;6,6;6,33;1,93;0,0;3,26;2,38;2,25;1,9;1,63;1,58;0,027;0,0116;0,112;0,0518;0,0389;0,0238;0,0172;0,0156;0,125;0,0;0,944;0,345;0,229;0,051;0,00827;0,00422;0,0305;0,00834;0,0675;0,0596;0,0495;0,0285;0,014;0,0126;0,572;0,275;1,34;0,983;0,845;0,531;0,373;0,35;11,7;0,398;58,6;26,4;21,6;9,91;4,48;3,45;-2,48;-10,75;53,35;27,27;21,47;6,38;-8,87;-9,45
Noorderplantsoen;Noorderplantsoen1;30;64,58;56,39;76,37;70,98;68,98;61,04;57,94;57,58;62,75;55,29;73,69;69,09;66,65;59,49;56,81;56,51;55,41;47,39;67,83;61,47;58,82;53,01;49,77;49,07;14,1;0,0;26,1;12,0;8,46;7,05;6,69;1,98;0,0;3,63;2,85;2,51;1,91;1,61;1,56;0,0249;0,0111;0,069;0,0423;0,0365;0,023;0,016;0,0149;0,103;0,0;0,919;0,33;0,181;0,0369;0,00618;0,00287;0,0161;0,00494;0,0382;0,0289;0,0262;0,0149;0,00664;0,00556;0,508;0,177;2,09;0,995;0,818;0,438;0,312;0,292;8,3;0,32;87,6;19,5;14,9;6,75;3,07;2,44;-1,41;-8,55;57,41;31,71;23,46;11,13;-5,03;-6,04
Noorderplantsoen;Noorderplantsoen1;31;64,58;56,39;76,37;70,98;68,98;61,04;57,94;57,58;62,75;55,29;73,69;69,09;66,65;59,49;56,81;56,51;55,41;47,39;67,83;61,47;58,82;53,01;49,77;49,07;14,1;0,0;26,1;12,0;8,46;7,05;6,69;1,98;0,0;3,63;2,85;2,51;1,91;1,61;1,56;0,0249;0,0111;0,069;0,0423;0,0365;0,023;0,016;0,0149;0,103;0,0;0,919;0,33;0,181;0,0369;0,00618;0,00287;0,0161;0,00494;0,0382;0,0289;0,0262;0,0149;0,00664;0,00556;0,508;0,177;2,09;0,995;0,818;0,438;0,312;0,292;8,3;0,32;87,6;19,5;14,9;6,75;3,07;2,44;-1,41;-8,55;57,41;31,71;23,46;11,13;-5,03;-6,04
Noorderplantsoen;Noorderplantsoen1;32;67,39;58,59;78,23;73,04;69,82;64,42;60,94;60,07;66,94;57,63;77,99;72,83;69,52;63,59;60,19;59,2;62,84;49,29;75,21;69,52;65,76;58,09;52,98;51,93;24,3;0,0;39,4;18,2;11,1;8,42;7,94;2,08;0,0;3,96;2,84;2,55;2,01;1,68;1,6;0,0331;0,0133;0,189;0,0633;0,0507;0,0286;0,0194;0,0174;0,222;0,0;1,73;0,678;0,566;0,0828;0,0113;0,0048;0,0485;0,00816;0,117;0,109;0,0923;0,0443;0,0158;0,013;0,517;0,104;1,41;1,06;0,872;0,465;0,253;0,195;14,3;0,712;97,5;35,3;27,7;11,4;4,86;3,8;-3,45;-4,26;59,9;36,52;29,34;17,66;1,28;-0,72
Noorderplantsoen;Noorderplantsoen1;77;67,39;58,59;78,23;73,04;69,82;64,42;60,94;60,07;66,94;57,63;77,99;72,83;69,52;63,59;60,19;59,2;62,84;49,29;75,21;69,52;65,76;58,09;52,98;51,93;24,3;0,0;39,4;18,2;11,1;8,42;7,94;2,08;0,0;3,96;2,84;2,55;2,01;1,68;1,6;0,0331;0,0133;0,189;0,0633;0,0507;0,0286;0,0194;0,0174;0,222;0,0;1,73;0,678;0,566;0,0828;0,0113;0,0048;0,0485;0,00816;0,117;0,109;0,0923;0,0443;0,0158;0,013;0,517;0,104;1,41;1,06;0,872;0,465;0,253;0,195;14,3;0,712;97,5;35,3;27,7;11,4;4,86;3,8;-3,45;-4,26;59,9;36,52;29,34;17,66;1,28;-0,72
Noorderplantsoen;Noorderplantsoen1;33;68,34;60,67;77,08;75,76;72,09;65,41;61,87;61,57;67,83;60,06;76,99;75,68;71,85;64,49;61,24;60,86;63,47;55,26;74,3;71,96;67,34;58,06;56,21;55,9;28,1;0,0;36,6;22,3;12,4;10,9;10,7;2,16;0,0;3,53;2,66;2,38;2,12;1,92;1,87;0,0461;0,0146;0,364;0,188;0,113;0,0286;0,0215;0,02;0,189;0,0;1,07;0,486;0,415;0,106;0,0195;0,00918;0,01;0,00437;0,0222;0,0183;0,0159;0,00934;0,00622;0,00509;0,346;0,195;0,623;0,493;0,432;0,343;0,263;0,245;6,99;0,29;40,9;13,6;11,4;6,31;3,23;2,56;-1,66;-7,16;58,5;36,73;32,54;11,44;-3,71;-4,37
Noorderplantsoen;Noorderplantsoen1;34;70,2;57,52;80,16;77,45;74,17;65,12;60,12;59,64;69,86;56,78;79,96;77,14;73,96;64,25;59,2;58,79;65,68;50,47;75,99;73,35;70,1;60,02;53,12;52,12;32,1;0,0;41,4;24,9;13,4;8,86;8,44;2,17;0,0;3,67;3,13;2,66;2,09;1,84;1,79;0,0432;0,0115;0,275;0,127;0,0863;0,0313;0,0198;0,0175;0,187;0,0;1,46;0,533;0,384;0,0797;0,0123;0,00618;0,0207;0,00524;0,12;0,0722;0,0395;0,0153;0,00639;0,00587;0,46;0,2;1,44;0,887;0,71;0,393;0,299;0,288;9,83;0,539;78,6;26,3;18,7;7,35;3,61;2,9;-2,12;-0,88;61,19;39,0;34,68;16,88;2,21;1,42
Noorderplantsoen;Noorderplantsoen1;35;70,2;57,52;80,16;77,45;74,17;65,12;60,12;59,64;69,86;56,78;79,96;77,14;73,96;64,25;59,2;58,79;65,68;50,47;75,99;73,35;70,1;60,02;53,12;52,12;32,1;0,0;41,4;24,9;13,4;8,86;8,44;2,17;0,0;3,67;3,13;2,66;2,09;1,84;1,79;0,0432;0,0115;0,275;0,127;0,0863;0,0313;0,0198;0,0175;0,187;0,0;1,46;0,533;0,384;0,0797;0,0123;0,00618;0,0207;0,00524;0,12;0,0722;0,0395;0,0153;0,00639;0,00587;0,46;0,2;1,44;0,887;0,71;0,393;0,299;0,288;9,83;0,539;78,6;26,3;18,7;7,35;3,61;2,9;-2,12;-0,88;61,19;39,0;34,68;16,88;2,21;1,42
Noorderplantsoen;Noorderplantsoen1;36;69,44;60,35;80,43;75,3;72,48;66,2;63,02;62,4;68,99;59,9;80,2;75,02;71,98;65,48;62,43;61,76;63,49;54,97;76,66;69,05;65,14;60,43;56,88;56,28;26,1;0,0;43,5;20,1;13,6;11,2;10,7;2,04;0,0;3,38;2,61;2,38;1,99;1,76;1,71;0,0744;0,0147;0,5;0,211;0,169;0,0386;0,0253;0,0227;0,151;0,0;1,37;0,36;0,268;0,103;0,0157;0,00717;0,0129;0,00331;0,035;0,0306;0,0236;0,0111;0,00472;0,00417;0,487;0,233;1,06;0,794;0,717;0,444;0,339;0,316;8,49;0,398;37,0;18,1;14,4;7,45;3,61;2,86;-1,93;-3,37;58,67;38,09;31,14;13,89;0,51;-0,81
Noorderplantsoen;Noorderplantsoen1;76;69,44;60,35;80,43;75,3;72,48;66,2;63,02;62,4;68,99;59,9;80,2;75,02;71,98;65,48;62,43;61,76;63,49;54,97;76,66;69,05;65,14;60,43;56,88;56,28;26,1;0,0;43,5;20,1;13,6;11,2;10,7;2,04;0,0;3,38;2,61;2,38;1,99;1,76;1,71;0,0744;0,0147;0,5;0,211;0,169;0,0386;0,0253;0,0227;0,151;0,0;1,37;0,36;0,268;0,103;0,0157;0,00717;0,0129;0,00331;0,035;0,0306;0,0236;0,0111;0,00472;0,00417;0,487;0,233;1,06;0,794;0,717;0,444;0,339;0,316;8,49;0,398;37,0;18,1;14,4;7,45;3,61;2,86;-1,93;-3,37;58,67;38,09;31,14;13,89;0,51;-0,81
Noorderplantsoen;Noorderplantsoen1;37;61,66;57,21;73,27;66,9;64,01;60,53;58,44;58,17;60,3;56,54;69,78;65,59;62,48;59,26;57,65;57,39;53,08;47,99;63,68;56,39;55,34;51,99;49,52;49,22;10,8;0,0;14,1;10,2;8,08;6,81;6,62;1,99;0,0;2,84;2,4;2,32;1,99;1,67;1,61;0,0244;0,0118;0,131;0,039;0,033;0,0221;0,0168;0,0158;0,107;0,0;0,916;0,274;0,196;0,0332;0,00613;0,00306;0,0232;0,00597;0,0944;0,0637;0,0478;0,0153;0,00975;0,00844;0,452;0,229;1,27;0,659;0,596;0,437;0,338;0,319;8,79;0,286;57,7;19,3;15,8;7,38;3,47;2,77;-2,79;-9,75;52,51;27,71;21,46;6,4;-7,74;-8,26
Noorderplantsoen;Noorderplantsoen1;38;61,66;57,21;73,27;66,9;64,01;60,53;58,44;58,17;60,3;56,54;69,78;65,59;62,48;59,26;57,65;57,39;53,08;47,99;63,68;56,39;55,34;51,99;49,52;49,22;10,8;0,0;14,1;10,2;8,08;6,81;6,62;1,99;0,0;2,84;2,4;2,32;1,99;1,67;1,61;0,0244;0,0118;0,131;0,039;0,033;0,0221;0,0168;0,0158;0,107;0,0;0,916;0,274;0,196;0,0332;0,00613;0,00306;0,0232;0,00597;0,0944;0,0637;0,0478;0,0153;0,00975;0,00844;0,452;0,229;1,27;0,659;0,596;0,437;0,338;0,319;8,79;0,286;57,7;19,3;15,8;7,38;3,47;2,77;-2,79;-9,75;52,51;27,71;21,46;6,4;-7,74;-8,26
Noorderplantsoen;Noorderplantsoen1;39;63,58;58,85;71,24;67,33;66,22;62,51;60,56;60,24;62,53;58,19;70,73;66,35;64,95;61,51;59,62;59,31;57,56;50,28;66,03;62,65;60,99;55,5;52,49;51,88;16,7;0,0;23,6;14,5;10,3;8,33;8,0;2,2;0,0;3,51;2,92;2,77;2,12;1,85;1,78;0,0247;0,0111;0,0648;0,0379;0,0331;0,0236;0,0176;0,0162;0,769;0,0;2,31;1,86;1,57;0,388;0,0101;0,00562;0,0319;0,00649;0,136;0,105;0,0682;0,0239;0,0107;0,00872;0,522;0,252;1,09;0,862;0,763;0,481;0,338;0,317;9,74;0,398;49,1;24,8;18,4;7,79;3,79;3,05;-1,37;-7,2;51,74;31,14;26,69;11,75;-5,17;-5,62
Noorderplantsoen;Noorderplantsoen1;40;63,58;58,85;71,24;67,33;66,22;62,51;60,56;60,24;62,53;58,19;70,73;66,35;64,95;61,51;59,62;59,31;57,56;50,28;66,03;62,65;60,99;55,5;52,49;51,88;16,7;0,0;23,6;14,5;10,3;8,33;8,0;2,2;0,0;3,51;2,92;2,77;2,12;1,85;1,78;0,0247;0,0111;0,0648;0,0379;0,0331;0,0236;0,0176;0,0162;0,769;0,0;2,31;1,86;1,57;0,388;0,0101;0,00562;0,0319;0,00649;0,136;0,105;0,0682;0,0239;0,0107;0,00872;0,522;0,252;1,09;0,862;0,763;0,481;0,338;0,317;9,74;0,398;49,1;24,8;18,4;7,79;3,79;3,05;-1,37;-7,2;51,74;31,14;26,69;11,75;-5,17;-5,62
Noorderplantsoen;Noorderplantsoen1;74;75,3;71,26;77,84;77,3;77,07;75,26;72,88;72,27;74,53;70,19;77,01;76,51;76,29;74,51;72,14;71,53;55,94;52,73;60,51;58,04;57,61;55,58;54,12;53,64;13,9;0,0;17,1;13,2;11,3;10,2;9,79;1,59;0,0;2,7;2,12;2,0;1,54;1,27;1,23;0,0272;0,0104;0,0956;0,0547;0,043;0,0236;0,0157;0,0141;0,877;0,0;1,32;1,24;1,21;1,0;0,459;0,41;0,0111;0,00326;0,0245;0,0199;0,0174;0,0117;0,00391;0,00364;0,443;0,21;1,57;0,887;0,706;0,379;0,257;0,24;8,82;0,0;55,8;23,0;18,5;6,5;2,59;1,93;-10,21;-7,67;74,14;27,44;23,86;7,16;-3,37;-4,6
Noorderplantsoen;Noorderplantsoen1;75;75,3;71,26;77,84;77,3;77,07;75,26;72,88;72,27;74,53;70,19;77,01;76,51;76,29;74,51;72,14;71,53;55,94;52,73;60,51;58,04;57,61;55,58;54,12;53,64;13,9;0,0;17,1;13,2;11,3;10,2;9,79;1,59;0,0;2,7;2,12;2,0;1,54;1,27;1,23;0,0272;0,0104;0,0956;0,0547;0,043;0,0236;0,0157;0,0141;0,877;0,0;1,32;1,24;1,21;1,0;0,459;0,41;0,0111;0,00326;0,0245;0,0199;0,0174;0,0117;0,00391;0,00364;0,443;0,21;1,57;0,887;0,706;0,379;0,257;0,24;8,82;0,0;55,8;23,0;18,5;6,5;2,59;1,93;-10,21;-7,67;74,14;27,44;23,86;7,16;-3,37;-4,6
Noorderplantsoen;Noorderplantsoen1;41;68,31;59,55;77,72;74,13;72,07;66,02;62,14;61,17;67,35;58,23;74,45;73,46;71,27;65,02;60,74;59,73;62,37;52,18;71,01;68,18;66,42;60,24;55,99;54,29;24,7;0,0;27,8;21,1;13,2;10,3;9,49;2,13;0,0;3,47;2,82;2,7;2,01;1,81;1,78;0,0512;0,0152;0,241;0,152;0,123;0,0336;0,022;0,0196;0,181;0,0;1,92;0,464;0,367;0,0952;0,0167;0,0102;0,0142;0,00224;0,0671;0,0384;0,0338;0,00991;0,00454;0,00309;0,37;0,192;0,884;0,647;0,546;0,352;0,249;0,237;8,14;0,284;58,0;19,8;15,3;6,43;3,11;2,43;-2,37;-4,36;59,06;37,11;30,99;12,96;-1,04;-1,76
Noorderplantsoen;Noorderplantsoen1;91;62,68;57,35;71,94;66,98;64,84;61,17;59,44;59,07;61,74;56,46;71,79;65,67;63,48;60,35;58,54;58,15;56,33;50,65;67,05;61,39;58,72;54,45;51,69;51,32;13,4;0,0;21,8;12,4;9,56;8,02;7,71;2,02;0,0;3,14;2,51;2,4;1,99;1,76;1,7;0,0255;0,0134;0,116;0,0412;0,0337;0,0232;0,0173;0,0161;0,151;0,0;0,989;0,399;0,327;0,0787;0,0158;0,00967;0,0181;0,0049;0,0809;0,0499;0,0342;0,0161;0,00653;0,00592;0,464;0,163;1,17;0,758;0,671;0,444;0,32;0,292;9,26;0,6;65,7;20,2;16,4;7,9;3,76;2,99;-2,23;-9,25;51,46;31,17;25,21;7,77;-6,58;-7,26
Noorderplantsoen;Noorderplantsoen1;42;62,41;56,28;69,55;65,68;64,64;61,77;58,72;58,0;61,82;55,74;69,51;65,41;64,19;61,1;57,72;57,18;57,54;49,35;66,87;61,39;60,03;56,67;51,6;50,79;14,9;0,0;19,3;13,7;10,7;8,03;7,46;2,15;0,0;3,56;2,65;2,52;2,11;1,84;1,78;0,0314;0,0113;0,126;0,0738;0,0517;0,0262;0,0179;0,0158;0,13;0,0;0,936;0,313;0,246;0,0853;0,015;0,00754;0,0139;0,00396;0,0498;0,033;0,0257;0,0117;0,00568;0,00446;0,493;0,228;1,43;0,85;0,74;0,439;0,322;0,3;8,93;0,284;61,7;24,7;17,2;6,82;3,19;2,47;-1,81;-9,82;50,0;31,39;25,91;8,98;-7,35;-7,89
Noorderplantsoen;Noorderplantsoen1;43;73,64;58,51;84,68;81,02;79,46;66,1;61,83;60,42;73,01;57,17;83,97;80,68;78,71;65,34;60,78;59,08;68,25;49,94;78,58;76,0;74,94;60,11;54,37;51,01;39,7;0,0;49,9;34,8;14,1;9,24;7,77;2,27;0,0;3,78;3,35;2,83;2,19;1,82;1,71;0,0317;0,0127;0,0992;0,0514;0,0457;0,0293;0,0197;0,0174;0,178;0,0;1,75;0,569;0,349;0,046;0,00726;0,00337;0,0145;0,00399;0,0597;0,0521;0,0434;0,00958;0,00546;0,00468;0,438;0,227;1,23;0,687;0,593;0,41;0,312;0,277;8,49;0,267;53,5;19,9;15,4;6,86;3,26;2,54;-6,11;-2,96;63,86;43,39;37,45;17,91;-0,24;-1,01
Noorderplantsoen;Noorderplantsoen1;44;73,64;58,51;84,68;81,02;79,46;66,1;61,83;60,42;73,01;57,17;83,97;80,68;78,71;65,34;60,78;59,08;68,25;49,94;78,58;76,0;74,94;60,11;54,37;51,01;39,7;0,0;49,9;34,8;14,1;9,24;7,77;2,27;0,0;3,78;3,35;2,83;2,19;1,82;1,71;0,0317;0,0127;0,0992;0,0514;0,0457;0,0293;0,0197;0,0174;0,178;0,0;1,75;0,569;0,349;0,046;0,00726;0,00337;0,0145;0,00399;0,0597;0,0521;0,0434;0,00958;0,00546;0,00468;0,438;0,227;1,23;0,687;0,593;0,41;0,312;0,277;8,49;0,267;53,5;19,9;15,4;6,86;3,26;2,54;-6,11;-2,96;63,86;43,39;37,45;17,91;-0,24;-1,01
Noorderplantsoen;Noorderplantsoen1;45;71,19;57,97;78,73;76,93;76,1;67,06;61,41;60,78;70,83;57,17;78,64;76,75;75,95;65,36;60,57;60,1;68,44;53,75;76,59;74,85;73,39;60,85;56,24;55,76;34,3;0,0;39,8;31,9;13,2;9,91;9,21;2,21;0,0;3,51;3,17;3,02;2,08;1,69;1,65;0,111;0,0181;0,451;0,326;0,259;0,0808;0,0352;0,0308;0,388;0,0;1,54;0,935;0,761;0,321;0,0961;0,0652;0,0158;0,00427;0,0587;0,0432;0,0278;0,0131;0,0057;0,00478;0,36;0,0944;1,26;0,752;0,568;0,314;0,178;0,137;7,97;0,509;66,8;19,5;14,7;6,44;3,11;2,52;-0,6;-1,71;56,99;41,59;36,26;18,96;2,11;1,18
Noorderplantsoen;Noorderplantsoen1;46;71,19;57,97;78,73;76,93;76,1;67,06;61,41;60,78;70,83;57,17;78,64;76,75;75,95;65,36;60,57;60,1;68,44;53,75;76,59;74,85;73,39;60,85;56,24;55,76;34,3;0,0;39,8;31,9;13,2;9,91;9,21;2,21;0,0;3,51;3,17;3,02;2,08;1,69;1,65;0,111;0,0181;0,451;0,326;0,259;0,0808;0,0352;0,0308;0,388;0,0;1,54;0,935;0,761;0,321;0,0961;0,0652;0,0158;0,00427;0,0587;0,0432;0,0278;0,0131;0,0057;0,00478;0,36;0,0944;1,26;0,752;0,568;0,314;0,178;0,137;7,97;0,509;66,8;19,5;14,7;6,44;3,11;2,52;-0,6;-1,71;56,99;41,59;36,26;18,96;2,11;1,18
Noorderplantsoen;Noorderplantsoen1;47;62,57;55,63;69,33;67,62;67,1;59,61;57,45;56,94;62,01;54,67;68,17;67,26;66,64;58,56;56,58;56,02;57,88;49,61;65,13;63,97;63,14;54,07;51,61;51,1;17,7;0,0;19,5;16,9;9,06;7,79;7,39;2,08;0,0;3,15;2,78;2,68;2,01;1,74;1,7;0,0328;0,0129;0,125;0,0772;0,0556;0,0258;0,0174;0,0163;0,218;0,0;0,833;0,519;0,45;0,163;0,0312;0,0209;0,00952;0,00288;0,0236;0,0213;0,0196;0,00588;0,00323;0,00313;0,499;0,174;1,13;0,953;0,892;0,442;0,239;0,204;6,81;0,208;41,9;15,5;12,5;5,68;2,86;2,23;-3,05;-12,14;53,03;33,43;24,98;9,69;-6,59;-8,56
Noorderplantsoen;Noorderplantsoen1;48;60,3;53,31;75,86;65,05;63,41;57,96;55,96;55,34;59,43;52,58;75,07;64,15;62,2;57,05;54,94;54,28;56,31;46,81;75,45;60,88;58,43;51,88;48,18;47,69;10,8;0,0;35,9;9,91;7,21;5,92;5,73;1,98;0,0;4,13;2,42;2,3;1,96;1,65;1,59;0,0271;0,0104;0,365;0,0535;0,0359;0,0218;0,0158;0,0144;0,188;0,0;1,3;0,574;0,374;0,0792;0,0106;0,00568;0,038;0,0118;0,108;0,0883;0,0699;0,0325;0,0169;0,0145;0,56;0,195;4,63;1,09;0,741;0,482;0,351;0,315;12,8;0,676;184,0;30,1;23,9;10,1;4,1;3,16;-1,02;-10,21;48,45;29,62;25,51;11,11;-5,11;-7,21
Noorderplantsoen;Noorderplantsoen1;67;64,29;53,35;72,94;71,15;68,55;60,67;56,93;56,38;64,03;52,48;72,71;70,92;68,4;60,14;56,29;55,68;62,07;47,93;71,51;69,29;67,44;56,14;50,99;50,3;23,6;0,0;28,8;19,9;9,84;6,96;6,58;2,09;0,0;3,5;2,74;2,58;2,09;1,66;1,58;0,0466;0,0113;0,24;0,132;0,1;0,0305;0,0177;0,0162;0,222;0,0;1,08;0,638;0,498;0,146;0,0324;0,0211;0,0216;0,00702;0,0509;0,0428;0,0405;0,0185;0,00874;0,00805;0,43;0,128;0,894;0,714;0,65;0,413;0,244;0,206;10,9;0,386;48,6;24,5;19,7;9,23;4,37;3,38;-0,77;-9,68;50,26;36,5;32,01;10,66;-6,6;-7,37
Noorderplantsoen;Noorderplantsoen1;71;64,29;53,35;72,94;71,15;68,55;60,67;56,93;56,38;64,03;52,48;72,71;70,92;68,4;60,14;56,29;55,68;62,07;47,93;71,51;69,29;67,44;56,14;50,99;50,3;23,6;0,0;28,8;19,9;9,84;6,96;6,58;2,09;0,0;3,5;2,74;2,58;2,09;1,66;1,58;0,0466;0,0113;0,24;0,132;0,1;0,0305;0,0177;0,0162;0,222;0,0;1,08;0,638;0,498;0,146;0,0324;0,0211;0,0216;0,00702;0,0509;0,0428;0,0405;0,0185;0,00874;0,00805;0,43;0,128;0,894;0,714;0,65;0,413;0,244;0,206;10,9;0,386;48,6;24,5;19,7;9,23;4,37;3,38;-0,77;-9,68;50,26;36,5;32,01;10,66;-6,6;-7,37
Noorderplantsoen;Noorderplantsoen1;72;64,29;53,35;72,94;71,15;68,55;60,67;56,93;56,38;64,03;52,48;72,71;70,92;68,4;60,14;56,29;55,68;62,07;47,93;71,51;69,29;67,44;56,14;50,99;50,3;23,6;0,0;28,8;19,9;9,84;6,96;6,58;2,09;0,0;3,5;2,74;2,58;2,09;1,66;1,58;0,0466;0,0113;0,24;0,132;0,1;0,0305;0,0177;0,0162;0,222;0,0;1,08;0,638;0,498;0,146;0,0324;0,0211;0,0216;0,00702;0,0509;0,0428;0,0405;0,0185;0,00874;0,00805;0,43;0,128;0,894;0,714;0,65;0,413;0,244;0,206;10,9;0,386;48,6;24,5;19,7;9,23;4,37;3,38;-0,77;-9,68;50,26;36,5;32,01;10,66;-6,6;-7,37
Noorderplantsoen;Noorderplantsoen1;49;62,16;55,23;70,02;67,16;66,11;60,4;57,13;56,77;61,63;54,47;69,88;66,82;65,58;59,8;56,19;55,82;56,96;48,06;65,93;61,59;60,64;55,85;50,47;49,51;15,9;0,0;19,8;14,9;9,04;6,9;6,65;1,86;0,0;2,66;2,31;2,23;1,84;1,61;1,54;0,0346;0,0118;0,141;0,0646;0,0553;0,032;0,0193;0,0173;0,0807;0,0;0,428;0,175;0,141;0,0386;0,00629;0,00245;0,00693;0,00307;0,0179;0,0173;0,0152;0,00648;0,00335;0,00315;0,402;0,243;0,663;0,55;0,514;0,406;0,321;0,289;6,26;0,417;27,2;13,5;11,0;5,38;2,82;2,18;-2,29;-13,96;51,54;31,72;25,17;4,7;-11,32;-12,03
Noorderplantsoen;Noorderplantsoen1;51;57,98;54,17;64,15;61,17;60,08;56,95;55,63;55,0;55,76;53,09;60,21;57,6;57,19;55,33;54,38;53,79;49,58;46,96;55,21;51,94;51,03;49,2;47,83;47,57;7,82;0,0;11,0;7,44;6,51;5,84;5,68;1,97;0,0;2,82;2,48;2,32;1,93;1,69;1,62;0,0219;0,0118;0,0384;0,0319;0,0292;0,0215;0,0157;0,0144;0,138;0,0;0,945;0,389;0,176;0,0278;0,00239;0,000591;0,0121;0,00883;0,0172;0,0167;0,0152;0,012;0,00953;0,00901;0,475;0,305;0,931;0,667;0,614;0,452;0,348;0,334;7,07;0,51;40,2;16,2;13,0;6,09;2,78;2,1;-2,06;-13,86;50,31;24,69;18,52;4,5;-10,78;-11,79
Noorderplantsoen;Noorderplantsoen1;50;57,98;54,17;64,15;61,17;60,08;56,95;55,63;55,0;55,76;53,09;60,21;57,6;57,19;55,33;54,38;53,79;49,58;46,96;55,21;51,94;51,03;49,2;47,83;47,57;7,82;0,0;11,0;7,44;6,51;5,84;5,68;1,97;0,0;2,82;2,48;2,32;1,93;1,69;1,62;0,0219;0,0118;0,0384;0,0319;0,0292;0,0215;0,0157;0,0144;0,138;0,0;0,945;0,389;0,176;0,0278;0,00239;0,000591;0,0121;0,00883;0,0172;0,0167;0,0152;0,012;0,00953;0,00901;0,475;0,305;0,931;0,667;0,614;0,452;0,348;0,334;7,07;0,51;40,2;16,2;13,0;6,09;2,78;2,1;-2,06;-13,86;50,31;24,69;18,52;4,5;-10,78;-11,79
Noorderplantsoen;Noorderplantsoen1;53;57,98;54,17;64,15;61,17;60,08;56,95;55,63;55,0;55,76;53,09;60,21;57,6;57,19;55,33;54,38;53,79;49,58;46,96;55,21;51,94;51,03;49,2;47,83;47,57;7,82;0,0;11,0;7,44;6,51;5,84;5,68;1,97;0,0;2,82;2,48;2,32;1,93;1,69;1,62;0,0219;0,0118;0,0384;0,0319;0,0292;0,0215;0,0157;0,0144;0,138;0,0;0,945;0,389;0,176;0,0278;0,00239;0,000591;0,0121;0,00883;0,0172;0,0167;0,0152;0,012;0,00953;0,00901;0,475;0,305;0,931;0,667;0,614;0,452;0,348;0,334;7,07;0,51;40,2;16,2;13,0;6,09;2,78;2,1;-2,06;-13,86;50,31;24,69;18,52;4,5;-10,78;-11,79
Noorderplantsoen;Noorderplantsoen1;52;57,98;54,17;64,15;61,17;60,08;56,95;55,63;55,0;55,76;53,09;60,21;57,6;57,19;55,33;54,38;53,79;49,58;46,96;55,21;51,94;51,03;49,2;47,83;47,57;7,82;0,0;11,0;7,44;6,51;5,84;5,68;1,97;0,0;2,82;2,48;2,32;1,93;1,69;1,62;0,0219;0,0118;0,0384;0,0319;0,0292;0,0215;0,0157;0,0144;0,138;0,0;0,945;0,389;0,176;0,0278;0,00239;0,000591;0,0121;0,00883;0,0172;0,0167;0,0152;0,012;0,00953;0,00901;0,475;0,305;0,931;0,667;0,614;0,452;0,348;0,334;7,07;0,51;40,2;16,2;13,0;6,09;2,78;2,1;-2,06;-13,86;50,31;24,69;18,52;4,5;-10,78;-11,79
Noorderplantsoen;Noorderplantsoen1;54;66,52;58,3;74,92;71,88;70,65;64,37;59,83;59,38;63,35;56,8;71,54;68,16;66,9;61,8;58,12;57,72;52,01;47,85;60,87;55,65;54,1;50,86;49,23;48,86;9,92;0,0;15,1;9,19;7,47;6,62;6,42;1,74;0,0;3,14;2,16;2,06;1,69;1,48;1,43;0,0254;0,0132;0,075;0,0412;0,0344;0,0236;0,0179;0,0165;0,113;0,0;0,713;0,253;0,167;0,029;0,00232;0,000306;0,0138;0,00293;0,0487;0,0422;0,0334;0,0086;0,00452;0,00325;0,471;0,253;1,34;0,821;0,662;0,429;0,318;0,296;6,84;0,0993;52,5;17,5;12,4;5,39;2,56;1,95;-2,99;-11,72;59,55;27,23;20,13;3,42;-9,42;-10,07
Noorderplantsoen;Noorderplantsoen1;93;66,52;58,3;74,92;71,88;70,65;64,37;59,83;59,38;63,35;56,8;71,54;68,16;66,9;61,8;58,12;57,72;52,01;47,85;60,87;55,65;54,1;50,86;49,23;48,86;9,92;0,0;15,1;9,19;7,47;6,62;6,42;1,74;0,0;3,14;2,16;2,06;1,69;1,48;1,43;0,0254;0,0132;0,075;0,0412;0,0344;0,0236;0,0179;0,0165;0,113;0,0;0,713;0,253;0,167;0,029;0,00232;0,000306;0,0138;0,00293;0,0487;0,0422;0,0334;0,0086;0,00452;0,00325;0,471;0,253;1,34;0,821;0,662;0,429;0,318;0,296;6,84;0,0993;52,5;17,5;12,4;5,39;2,56;1,95;-2,99;-11,72;59,55;27,23;20,13;3,42;-9,42;-10,07
Noorderplantsoen;Noorderplantsoen1;95;66,52;58,3;74,92;71,88;70,65;64,37;59,83;59,38;63,35;56,8;71,54;68,16;66,9;61,8;58,12;57,72;52,01;47,85;60,87;55,65;54,1;50,86;49,23;48,86;9,92;0,0;15,1;9,19;7,47;6,62;6,42;1,74;0,0;3,14;2,16;2,06;1,69;1,48;1,43;0,0254;0,0132;0,075;0,0412;0,0344;0,0236;0,0179;0,0165;0,113;0,0;0,713;0,253;0,167;0,029;0,00232;0,000306;0,0138;0,00293;0,0487;0,0422;0,0334;0,0086;0,00452;0,00325;0,471;0,253;1,34;0,821;0,662;0,429;0,318;0,296;6,84;0,0993;52,5;17,5;12,4;5,39;2,56;1,95;-2,99;-11,72;59,55;27,23;20,13;3,42;-9,42;-10,07
Noorderplantsoen;Noorderplantsoen1;94;71,67;61,54;88,32;78,29;72,58;68,44;64,69;63,57;70,79;59,74;88,2;75,52;70,09;67,25;62,82;62,22;69,35;51,57;88,56;66,67;65,04;61,7;52,98;52,58;20,1;0,0;70,6;18,8;14,8;8,72;8,42;1,99;0,0;4,81;2,53;2,42;1,92;1,63;1,56;0,032;0,0146;0,131;0,0505;0,0438;0,0298;0,0212;0,0191;0,125;0,0;1,81;0,273;0,171;0,0401;0,00721;0,00358;0,025;0,00318;0,216;0,167;0,0841;0,00864;0,0041;0,00347;0,43;0,265;1,47;0,681;0,541;0,401;0,327;0,311;8,58;0,185;227,0;16,5;12,5;6,37;3,32;2,67;-1,13;-7,31;62,75;42,4;36,56;14,44;-3,63;-4,55
Noorderplantsoen;Noorderplantsoen1;57;66,97;58,77;74,2;71,89;71,0;64,14;60,49;59,95;65,58;57,78;74,09;70,12;69,43;63,27;59,64;59,24;60,23;50,78;70,84;65,07;64,0;57,68;53,05;52,28;17,2;0,0;25,2;16,3;11,2;8,55;8,18;1,91;0,0;2,81;2,26;2,18;1,9;1,67;1,62;0,0678;0,0143;0,288;0,208;0,158;0,0395;0,0211;0,0189;0,16;0,0;0,936;0,464;0,313;0,112;0,0165;0,00925;0,0121;0,00361;0,0573;0,0432;0,0299;0,00942;0,00488;0,00396;0,45;0,254;1,7;0,9;0,645;0,409;0,295;0,28;7,25;0,271;55,5;15,2;12,5;6,21;3,13;2,51;-0,7;-7,14;56,15;37,1;24,45;8,49;-4,72;-5,45
Noorderplantsoen;Noorderplantsoen1;55;66,97;58,77;74,2;71,89;71,0;64,14;60,49;59,95;65,58;57,78;74,09;70,12;69,43;63,27;59,64;59,24;60,23;50,78;70,84;65,07;64,0;57,68;53,05;52,28;17,2;0,0;25,2;16,3;11,2;8,55;8,18;1,91;0,0;2,81;2,26;2,18;1,9;1,67;1,62;0,0678;0,0143;0,288;0,208;0,158;0,0395;0,0211;0,0189;0,16;0,0;0,936;0,464;0,313;0,112;0,0165;0,00925;0,0121;0,00361;0,0573;0,0432;0,0299;0,00942;0,00488;0,00396;0,45;0,254;1,7;0,9;0,645;0,409;0,295;0,28;7,25;0,271;55,5;15,2;12,5;6,21;3,13;2,51;-0,7;-7,14;56,15;37,1;24,45;8,49;-4,72;-5,45
Noorderplantsoen;Noorderplantsoen1;59;70,97;61,68;77,78;76,89;76,24;69,23;64,74;63,69;70,08;60,98;77,13;76,13;75,35;68,33;63,31;62,01;64,02;55,95;69,6;67,97;67,02;63,52;57,09;56,62;23,5;0,0;26,0;21,7;16,2;11,1;10,5;2,22;0,0;3,38;2,66;2,55;2,17;1,95;1,9;0,04;0,0156;0,117;0,0738;0,0619;0,0362;0,0242;0,0208;0,223;0,0;0,896;0,721;0,59;0,0804;0,0122;0,00644;0,00974;0,00474;0,0197;0,0191;0,018;0,00962;0,00559;0,00523;0,429;0,203;0,858;0,703;0,617;0,413;0,269;0,251;8,14;0,492;41,8;18,3;14,2;7,11;3,65;2,88;-5,96;-6,27;65,67;41,11;30,49;14,77;-2,36;-3,62
Noorderplantsoen;Noorderplantsoen1;60;70,97;61,68;77,78;76,89;76,24;69,23;64,74;63,69;70,08;60,98;77,13;76,13;75,35;68,33;63,31;62,01;64,02;55,95;69,6;67,97;67,02;63,52;57,09;56,62;23,5;0,0;26,0;21,7;16,2;11,1;10,5;2,22;0,0;3,38;2,66;2,55;2,17;1,95;1,9;0,04;0,0156;0,117;0,0738;0,0619;0,0362;0,0242;0,0208;0,223;0,0;0,896;0,721;0,59;0,0804;0,0122;0,00644;0,00974;0,00474;0,0197;0,0191;0,018;0,00962;0,00559;0,00523;0,429;0,203;0,858;0,703;0,617;0,413;0,269;0,251;8,14;0,492;41,8;18,3;14,2;7,11;3,65;2,88;-5,96;-6,27;65,67;41,11;30,49;14,77;-2,36;-3,62
Noorderplantsoen;Noorderplantsoen1;61;67,59;61,34;75,0;71,66;70,88;65,87;62,79;62,38;66,36;60,6;72,13;70,05;69,52;64,76;61,96;61,52;60,83;54,2;66,35;65,39;65,02;59,45;55,87;55,4;19,6;0,0;21,1;19,0;12,3;9,92;9,59;1,87;0,0;2,58;2,38;2,35;1,83;1,57;1,54;0,0412;0,018;0,127;0,0785;0,0679;0,0363;0,0239;0,0218;0,118;0,0;0,593;0,315;0,236;0,0718;0,0155;0,00961;0,00563;0,00259;0,0164;0,0133;0,0101;0,00488;0,0029;0,00273;0,329;0,203;0,614;0,467;0,427;0,327;0,265;0,252;5,43;0,203;30,5;10,4;8,74;4,95;2,54;2,0;-3,17;-11,97;59,64;37,87;26,54;6,33;-9,79;-10,34
Noorderplantsoen;Noorderplantsoen1;70;66,67;58,91;72,41;70,98;70,26;64,45;61,76;61,12;66,19;58,47;72,29;70,84;70,11;63,35;60,57;60,11;60,92;50,35;68,74;66,66;65,21;56,88;52,34;51,83;21,0;0,0;23,8;19,5;11,4;8,24;7,9;1,95;0,0;3,32;2,51;2,38;1,96;1,59;1,54;0,0475;0,0133;0,249;0,136;0,104;0,0335;0,0212;0,0188;0,233;0,0;1,25;0,515;0,419;0,197;0,0293;0,0166;0,00592;0,00231;0,0198;0,0142;0,00834;0,00527;0,00313;0,00278;0,423;0,157;1,29;0,821;0,629;0,393;0,232;0,203;5,8;0,0404;40,7;11,7;9,46;5,2;2,58;1,99;-3,2;-9,67;57,99;35,54;29,32;8,86;-5,61;-6,71
