mean_fit_time;std_fit_time;mean_score_time;std_score_time;param_model__max_depth;param_model__min_samples_split;param_model__n_estimators;params;split0_test_score;split1_test_score;split2_test_score;split3_test_score;split4_test_score;mean_test_score;std_test_score;rank_test_score
0,3000810146331787;0,005132015829413055;0,005506277084350586;0,002230450562456758;;2;5;{'model__max_depth': None, 'model__min_samples_split': 2, 'model__n_estimators': 5};-0,27021424260587246;-0,2711610666123511;-0,2640355584312633;-0,2568414945784956;-0,252267211678601;-0,2629039147813167;0,007386399098675742;567
0,5902723789215087;0,012478401636675417;0,0044348716735839845;0,0008491055409897118;;2;10;{'model__max_depth': None, 'model__min_samples_split': 2, 'model__n_estimators': 10};-0,25458390909496587;-0,2535818290362685;-0,2451115391125004;-0,25194703575822974;-0,24359917230408448;-0,2497646970612098;0,00452158108975585;528
0,8796431541442871;0,012399983695028963;0,0052105426788330075;0,0007899105035905618;;2;15;{'model__max_depth': None, 'model__min_samples_split': 2, 'model__n_estimators': 15};-0,24794700480556137;-0,24905768474191053;-0,24134376139493185;-0,2511535678970238;-0,24126277613958313;-0,24615295899580217;0,004091561837295674;513
1,1875675678253175;0,03596758277191499;0,006150531768798828;0,0010618700626324215;;2;20;{'model__max_depth': None, 'model__min_samples_split': 2, 'model__n_estimators': 20};-0,2462821897358095;-0,2523437389876182;-0,23722347136732871;-0,25090282605057174;-0,23925242445183265;-0,24520093011863214;0,0060617658469123824;504
1,5287282466888428;0,04182606104027582;0,009137821197509766;0,0018871101207563175;;2;25;{'model__max_depth': None, 'model__min_samples_split': 2, 'model__n_estimators': 25};-0,24530422696286774;-0,24901864163736095;-0,23829390412723087;-0,24817470616389067;-0,23887354070383157;-0,24393300391903633;0,004541665246579348;480
2,3515241146087646;0,031664612456586;0,00939350128173828;0,0007822255595684245;;2;40;{'model__max_depth': None, 'model__min_samples_split': 2, 'model__n_estimators': 40};-0,24193729956623014;-0,2497682908308432;-0,23783187102673722;-0,24613370137362858;-0,23895130880181745;-0,24292449431985133;0,0044683806741534;436
2,887429714202881;0,03888971843569008;0,010756111145019532;0,0010803654949650165;;2;50;{'model__max_depth': None, 'model__min_samples_split': 2, 'model__n_estimators': 50};-0,24272026071846406;-0,24960954685947698;-0,24013371072570558;-0,24661618994391293;-0,23962997481766407;-0,24374193661304472;0,003838268560388796;468
5,740635204315185;0,05475176826793707;0,01802983283996582;0,00010014325068798916;;2;100;{'model__max_depth': None, 'model__min_samples_split': 2, 'model__n_estimators': 100};-0,2427602347740534;-0,24969805700693246;-0,24199525529789787;-0,2442428816819423;-0,2391816821863764;-0,2435756221894405;0,003475588244437316;464
11,444408655166626;0,0991617902723688;0,03216385841369629;0,0017028622568560305;;2;200;{'model__max_depth': None, 'model__min_samples_split': 2, 'model__n_estimators': 200};-0,24177509937978595;-0,24815482256191215;-0,2405569976737084;-0,24430092506655604;-0,23934721868435357;-0,24282701267326318;0,0031281442368643222;431
0,27002835273742676;0,0027919177208569593;0,004024696350097656;0,0012351758522823;;5;5;{'model__max_depth': None, 'model__min_samples_split': 5, 'model__n_estimators': 5};-0,25526998312384164;-0,267404830480144;-0,258752467188447;-0,25065105106280455;-0,2540307346448805;-0,2572218133000235;0,005713217668088648;550
0,5272993087768555;0,010467814414112748;0,0041163921356201175;0,0001968021160737255;;5;10;{'model__max_depth': None, 'model__min_samples_split': 5, 'model__n_estimators': 10};-0,24347243149754633;-0,25376985898686333;-0,23691228721030755;-0,2481106812718443;-0,24077383091359778;-0,24460781797603187;0,00585530186702542;493
0,7816584587097168;0,012131633192582526;0,00516667366027832;0,0008018365339700745;;5;15;{'model__max_depth': None, 'model__min_samples_split': 5, 'model__n_estimators': 15};-0,24112928443836953;-0,24825030467356526;-0,2349547976546677;-0,24708651951547977;-0,24106127801599078;-0,2424964368596146;0,0047954345403734095;418
1,0293496131896973;0,021775453765364956;0,006341123580932617;0,001261549610965048;;5;20;{'model__max_depth': None, 'model__min_samples_split': 5, 'model__n_estimators': 20};-0,24036583021879762;-0,25032425977265;-0,23348219688371968;-0,2480066735159433;-0,23949192158714408;-0,24233417639565094;0,006104571996449642;407
1,297556734085083;0,03638804968225468;0,007233858108520508;0,0007475909324002411;;5;25;{'model__max_depth': None, 'model__min_samples_split': 5, 'model__n_estimators': 25};-0,23942298061815342;-0,2460853874393071;-0,23509412199431398;-0,24538701705490912;-0,23845601683705234;-0,24088910478874723;0,004216250248518434;341
2,046350049972534;0,029345501905094586;0,009253787994384765;0,0005450913120934058;;5;40;{'model__max_depth': None, 'model__min_samples_split': 5, 'model__n_estimators': 40};-0,23995333128837382;-0,24893377851736623;-0,2368047851048218;-0,24578973369159599;-0,23824382436326538;-0,2419450905930846;0,004641384638284092;386
2,5431133270263673;0,03612838529691493;0,010431146621704102;0,00035448815181770893;;5;50;{'model__max_depth': None, 'model__min_samples_split': 5, 'model__n_estimators': 50};-0,2407769516867713;-0,2467750165616129;-0,2383767122838334;-0,24624150389560248;-0,23914801418321746;-0,2422636397222075;0,003555319763233808;400
5,072554636001587;0,05605765454096825;0,017051315307617186;0,0008554210175486259;;5;100;{'model__max_depth': None, 'model__min_samples_split': 5, 'model__n_estimators': 100};-0,24171080906835568;-0,24658945255019862;-0,2414548551723256;-0,2433603449523104;-0,23841014042406408;-0,2423051204334509;0,0026726775622315183;405
10,13054404258728;0,1302300181209089;0,030598831176757813;0,0009666941053353482;;5;200;{'model__max_depth': None, 'model__min_samples_split': 5, 'model__n_estimators': 200};-0,2416342222567424;-0,245809942030857;-0,23963607664205802;-0,24345009494584413;-0,23731355859810982;-0,24156877889472228;0,0029452787791754225;369
0,23982086181640624;0,005811041673834076;0,0046097755432128905;0,0004909136943933289;;10;5;{'model__max_depth': None, 'model__min_samples_split': 10, 'model__n_estimators': 5};-0,2545281126521771;-0,2555435094666402;-0,25775070726769594;-0,25375832726805253;-0,24909392317402473;-0,25413491596571813;0,002855384856640338;540
0,47360477447509763;0,0130151785459292;0,005098199844360352;0,0007397474631310212;;10;10;{'model__max_depth': None, 'model__min_samples_split': 10, 'model__n_estimators': 10};-0,24373446826804304;-0,24335209321125545;-0,23823497080714484;-0,2456858053404447;-0,24191850025542386;-0,2425851675764624;0,002485625828684812;420
0,701839542388916;0,019117227997360913;0,005941629409790039;0,0004895409385470648;;10;15;{'model__max_depth': None, 'model__min_samples_split': 10, 'model__n_estimators': 15};-0,2412923500205649;-0,24204030056866555;-0,23559685051589302;-0,24415386589115132;-0,23797716475208028;-0,24021210634967102;0,0030444125584284916;320
0,9347486019134521;0,032108513411823275;0,00584707260131836;0,0004204928830612616;;10;20;{'model__max_depth': None, 'model__min_samples_split': 10, 'model__n_estimators': 20};-0,24039650301948048;-0,24290676078733564;-0,23361817011977357;-0,2440436741217423;-0,23718699617413944;-0,2396304208444943;0,0038187844323981715;286
1,1644545555114747;0,029471738551669024;0,0071490764617919925;0,00019580379503310726;;10;25;{'model__max_depth': None, 'model__min_samples_split': 10, 'model__n_estimators': 25};-0,2392493984715358;-0,23989592672387833;-0,23441691375368037;-0,2429380271699503;-0,23711556779823736;-0,23872316678345645;0,0028476489741105864;225
1,8565507411956788;0,040466125415923045;0,008428955078125;0,0009924573257339253;;10;40;{'model__max_depth': None, 'model__min_samples_split': 10, 'model__n_estimators': 40};-0,23998987220587994;-0,2415736975034549;-0,2352542597111634;-0,24356749366040062;-0,23696364138714218;-0,2394697928936082;0,0030179318765742036;272
2,2801054954528808;0,04314462653272742;0,011054182052612304;0,0005526166323798757;;10;50;{'model__max_depth': None, 'model__min_samples_split': 10, 'model__n_estimators': 50};-0,24017480587396503;-0,24050227980147382;-0,23751549359476654;-0,24253360255508044;-0,23731825888163946;-0,23960888814138506;0,001964772204274937;284
4,561999082565308;0,054153425557387724;0,017400169372558595;0,0006786409624887342;;10;100;{'model__max_depth': None, 'model__min_samples_split': 10, 'model__n_estimators': 100};-0,24071170254735536;-0,24120712255766774;-0,23955438707612278;-0,24125599496095967;-0,23555964851208103;-0,23965777113083733;0,0021387322388203393;289
9,187400770187377;0,09752017662752753;0,0297029972076416;0,0013518454754670188;;10;200;{'model__max_depth': None, 'model__min_samples_split': 10, 'model__n_estimators': 200};-0,23962115745294785;-0,2411190970395693;-0,23772204243983983;-0,24089589242515771;-0,23422583071083158;-0,23871680401366926;0,0025493405039764537;223
0,044667816162109374;0,002875304074131983;0,004217195510864258;0,00040329829757125953;1;2;5;{'model__max_depth': 1, 'model__min_samples_split': 2, 'model__n_estimators': 5};-0,23342653580018685;-0,24894543177276796;-0,2328664146782362;-0,24795559029475017;-0,2391684295939727;-0,24047248042798275;0,006884561834050515;327
0,08111586570739746;0,0021058239585757957;0,003956651687622071;0,0006577659933598734;1;2;10;{'model__max_depth': 1, 'model__min_samples_split': 2, 'model__n_estimators': 10};-0,23107846413147032;-0,24783907542798211;-0,23247629696202038;-0,24876575588842414;-0,23824147384177907;-0,2396802132503352;0,007444065904343437;292
0,11550912857055665;0,00118992795433872;0,004828643798828125;0,0006937081878493109;1;2;15;{'model__max_depth': 1, 'model__min_samples_split': 2, 'model__n_estimators': 15};-0,23104008982800125;-0,24763986241714092;-0,2343502078918985;-0,2481859466507412;-0,23791189639497287;-0,23982560063655095;0,006953926408183309;308
0,15153160095214843;0,0022990955281978957;0,006438159942626953;0,0007947617387219067;1;2;20;{'model__max_depth': 1, 'model__min_samples_split': 2, 'model__n_estimators': 20};-0,23196027022262014;-0,2474214961827075;-0,23364194041982392;-0,24813163367304014;-0,23768439618705217;-0,2397679473370488;0,00680230883049931;302
0,1905524253845215;0,004165097208656783;0,0060198307037353516;0,00096026035911048;1;2;25;{'model__max_depth': 1, 'model__min_samples_split': 2, 'model__n_estimators': 25};-0,23154395920920143;-0,24693411155812972;-0,23308134159544316;-0,2476899793318256;-0,2377946084038901;-0,23940880001969803;0,006777998380167025;268
0,29853205680847167;0,005049456268279864;0,008243179321289063;0,0007551311421896748;1;2;40;{'model__max_depth': 1, 'model__min_samples_split': 2, 'model__n_estimators': 40};-0,23106266001283465;-0,2463539482696082;-0,23335527393285485;-0,24774776134470933;-0,23729324884626984;-0,23916257848125536;0,006756463909900631;251
0,3694756031036377;0,005753591549008367;0,009257888793945313;0,0008141316976327592;1;2;50;{'model__max_depth': 1, 'model__min_samples_split': 2, 'model__n_estimators': 50};-0,2314115088124164;-0,24582754397432796;-0,23354113127701653;-0,2482880545952752;-0,2372833246487634;-0,2392703126615599;0,0066760675657387;259
0,7312119007110596;0,006583338393618872;0,014460945129394531;0,0005467662917105231;1;2;100;{'model__max_depth': 1, 'model__min_samples_split': 2, 'model__n_estimators': 100};-0,230859979918013;-0,24545718910669234;-0,23362776907984514;-0,24804309859665577;-0,23698101748794184;-0,2389938108378296;0,006673377169595591;237
1,4732648849487304;0,006414117771202615;0,026775312423706055;0,0006009492723702993;1;2;200;{'model__max_depth': 1, 'model__min_samples_split': 2, 'model__n_estimators': 200};-0,23113442672534393;-0,2456467864151863;-0,23302118240344563;-0,24856240305100955;-0,23701188210600435;-0,23907533614019796;0,006887046676787373;244
0,04549989700317383;0,0021958664499422235;0,004557895660400391;0,0008477289451805144;1;5;5;{'model__max_depth': 1, 'model__min_samples_split': 5, 'model__n_estimators': 5};-0,23342653580018685;-0,24894543177276796;-0,2328664146782362;-0,24795559029475017;-0,2391684295939727;-0,24047248042798275;0,006884561834050515;327
0,08154406547546386;0,0026602906106795374;0,0046158313751220705;0,0008657250036335481;1;5;10;{'model__max_depth': 1, 'model__min_samples_split': 5, 'model__n_estimators': 10};-0,23107846413147032;-0,24783907542798211;-0,23247629696202038;-0,24876575588842414;-0,23824147384177907;-0,2396802132503352;0,007444065904343437;292
0,11653189659118653;0,0011461884296903708;0,005656528472900391;0,0008258451674946818;1;5;15;{'model__max_depth': 1, 'model__min_samples_split': 5, 'model__n_estimators': 15};-0,23104008982800125;-0,24763986241714092;-0,2343502078918985;-0,2481859466507412;-0,23791189639497287;-0,23982560063655095;0,006953926408183309;308
0,15473651885986328;0,0010481821895234752;0,0061013221740722655;0,00022852200794106094;1;5;20;{'model__max_depth': 1, 'model__min_samples_split': 5, 'model__n_estimators': 20};-0,23196027022262014;-0,2474214961827075;-0,23364194041982392;-0,24813163367304014;-0,23768439618705217;-0,2397679473370488;0,00680230883049931;302
0,19100489616394042;0,003226434929171531;0,006975507736206055;0,0008038826884684713;1;5;25;{'model__max_depth': 1, 'model__min_samples_split': 5, 'model__n_estimators': 25};-0,23154395920920143;-0,24693411155812972;-0,23308134159544316;-0,2476899793318256;-0,2377946084038901;-0,23940880001969803;0,006777998380167025;268
0,29940104484558105;0,0016918402109149108;0,008548116683959961;0,0008869786471894568;1;5;40;{'model__max_depth': 1, 'model__min_samples_split': 5, 'model__n_estimators': 40};-0,23106266001283465;-0,2463539482696082;-0,23335527393285485;-0,24774776134470933;-0,23729324884626984;-0,23916257848125536;0,006756463909900631;251
0,37275352478027346;0,0026903660932372105;0,010088682174682617;0,0011455327022406472;1;5;50;{'model__max_depth': 1, 'model__min_samples_split': 5, 'model__n_estimators': 50};-0,2314115088124164;-0,24582754397432796;-0,23354113127701653;-0,2482880545952752;-0,2372833246487634;-0,2392703126615599;0,0066760675657387;259
0,7340695858001709;0,009574468084974903;0,01608281135559082;0,00131694034499863;1;5;100;{'model__max_depth': 1, 'model__min_samples_split': 5, 'model__n_estimators': 100};-0,230859979918013;-0,24545718910669234;-0,23362776907984514;-0,24804309859665577;-0,23698101748794184;-0,2389938108378296;0,006673377169595591;237
1,4668200492858887;0,01680763177093334;0,027959060668945313;0,0014532345658626088;1;5;200;{'model__max_depth': 1, 'model__min_samples_split': 5, 'model__n_estimators': 200};-0,23113442672534393;-0,2456467864151863;-0,23302118240344563;-0,24856240305100955;-0,23701188210600435;-0,23907533614019796;0,006887046676787373;244
0,04606852531433105;0,0012864310918947915;0,003961896896362305;0,0005160575206020074;1;10;5;{'model__max_depth': 1, 'model__min_samples_split': 10, 'model__n_estimators': 5};-0,23342653580018685;-0,24894543177276796;-0,2328664146782362;-0,24795559029475017;-0,2391684295939727;-0,24047248042798275;0,006884561834050515;327
0,08215823173522949;0,0011019666655998717;0,004468107223510742;0,0005575405009296076;1;10;10;{'model__max_depth': 1, 'model__min_samples_split': 10, 'model__n_estimators': 10};-0,23107846413147032;-0,24783907542798211;-0,23247629696202038;-0,24876575588842414;-0,23824147384177907;-0,2396802132503352;0,007444065904343437;292
0,11665472984313965;0,0010427380035104943;0,0045531272888183595;0,0006605337470978811;1;10;15;{'model__max_depth': 1, 'model__min_samples_split': 10, 'model__n_estimators': 15};-0,23104008982800125;-0,24763986241714092;-0,2343502078918985;-0,2481859466507412;-0,23791189639497287;-0,23982560063655095;0,006953926408183309;308
0,15472612380981446;0,00288518774022135;0,006275081634521484;0,0005160788450824875;1;10;20;{'model__max_depth': 1, 'model__min_samples_split': 10, 'model__n_estimators': 20};-0,23196027022262014;-0,2474214961827075;-0,23364194041982392;-0,24813163367304014;-0,23768439618705217;-0,2397679473370488;0,00680230883049931;302
0,190635347366333;0,0021430118704075657;0,006133937835693359;0,0006585201191122284;1;10;25;{'model__max_depth': 1, 'model__min_samples_split': 10, 'model__n_estimators': 25};-0,23154395920920143;-0,24693411155812972;-0,23308134159544316;-0,2476899793318256;-0,2377946084038901;-0,23940880001969803;0,006777998380167025;268
0,2989625930786133;0,003569927116141151;0,008061885833740234;0,0008438194207228356;1;10;40;{'model__max_depth': 1, 'model__min_samples_split': 10, 'model__n_estimators': 40};-0,23106266001283465;-0,2463539482696082;-0,23335527393285485;-0,24774776134470933;-0,23729324884626984;-0,23916257848125536;0,006756463909900631;251
0,37447419166564944;0,004964569433460936;0,009248828887939453;0,0009347701965353988;1;10;50;{'model__max_depth': 1, 'model__min_samples_split': 10, 'model__n_estimators': 50};-0,2314115088124164;-0,24582754397432796;-0,23354113127701653;-0,2482880545952752;-0,2372833246487634;-0,2392703126615599;0,0066760675657387;259
0,7349468231201172;0,008505159991875049;0,01432785987854004;0,0008943455283256815;1;10;100;{'model__max_depth': 1, 'model__min_samples_split': 10, 'model__n_estimators': 100};-0,230859979918013;-0,24545718910669234;-0,23362776907984514;-0,24804309859665577;-0,23698101748794184;-0,2389938108378296;0,006673377169595591;237
1,4778387546539307;0,011133714670547997;0,02666182518005371;0,0033272649672547094;1;10;200;{'model__max_depth': 1, 'model__min_samples_split': 10, 'model__n_estimators': 200};-0,23113442672534393;-0,2456467864151863;-0,23302118240344563;-0,24856240305100955;-0,23701188210600435;-0,23907533614019796;0,006887046676787373;244
0,07254590988159179;0,001479664384678641;0,004630327224731445;0,0008011224432069081;2;2;5;{'model__max_depth': 2, 'model__min_samples_split': 2, 'model__n_estimators': 5};-0,23383561954328844;-0,24295112848984193;-0,23538391727714594;-0,23949708578971624;-0,2327713251823043;-0,23688781525645936;0,003797240008641377;167
0,13697681427001954;0,00220814669821256;0,004034757614135742;0,00030409693011145146;2;2;10;{'model__max_depth': 2, 'model__min_samples_split': 2, 'model__n_estimators': 10};-0,23039450738336942;-0,24193097029971966;-0,23218270258644366;-0,23918816226221187;-0,23478780241501138;-0,2356968289893512;0,004297533106365923;135
0,20132265090942383;0,0019449641025283875;0,0059394359588623045;0,0006727334050734174;2;2;15;{'model__max_depth': 2, 'model__min_samples_split': 2, 'model__n_estimators': 15};-0,23195049141916319;-0,24101715595555434;-0,23342020389508855;-0,23942095136838484;-0,23400658011822312;-0,2359630765512828;0,00357478771274976;142
0,2655592441558838;0,005396122064841594;0,005121088027954102;0,0009228529459811114;2;2;20;{'model__max_depth': 2, 'model__min_samples_split': 2, 'model__n_estimators': 20};-0,2328466031041573;-0,2410015112307809;-0,23239473348690343;-0,23980150304670328;-0,2343729168981962;-0,23608345355334825;0,0036061329859346804;148
0,3313158988952637;0,002500159136753684;0,0060898780822753905;0,0006387417934078403;2;2;25;{'model__max_depth': 2, 'model__min_samples_split': 2, 'model__n_estimators': 25};-0,2324491699894543;-0,24008174973235252;-0,2307271337644736;-0,23981288363568917;-0,23570106657731357;-0,23575440073985665;0,003778836879429877;138
0,5253039360046386;0,005824758107624108;0,00901498794555664;0,0014589527334598958;2;2;40;{'model__max_depth': 2, 'model__min_samples_split': 2, 'model__n_estimators': 40};-0,23279278527598138;-0,23971313508535538;-0,22967249825498426;-0,23971952908001973;-0,23543075364651114;-0,2354657402685704;0,003920271609625351;118
0,649710750579834;0,002765622881170613;0,008961915969848633;0,0009204331725250499;2;2;50;{'model__max_depth': 2, 'model__min_samples_split': 2, 'model__n_estimators': 50};-0,2332218013057348;-0,23899418422098578;-0,2295685296918209;-0,23893851138265937;-0,23592394049547907;-0,23532939341933604;0,003589969518620003;111
1,285084342956543;0,014417679252880235;0,014635610580444335;0,0008851535809754093;2;2;100;{'model__max_depth': 2, 'model__min_samples_split': 2, 'model__n_estimators': 100};-0,2333878063280738;-0,23800394789138293;-0,23065386496723186;-0,2402354974264907;-0,23554932734594522;-0,2355660887918249;0,00336516484968099;124
2,726568603515625;0,09607892512424131;0,031302452087402344;0,007274987473664823;2;2;200;{'model__max_depth': 2, 'model__min_samples_split': 2, 'model__n_estimators': 200};-0,23385933025094083;-0,23871958289859055;-0,23004926641586368;-0,24035724694273303;-0,23520683115057664;-0,23563845153174096;0,0036428274616116716;129
0,07257413864135742;0,002080713419662978;0,004409980773925781;0,0008026610152752937;2;5;5;{'model__max_depth': 2, 'model__min_samples_split': 5, 'model__n_estimators': 5};-0,23383561954328844;-0,24295112848984193;-0,23538391727714594;-0,23949708578971624;-0,2327713251823043;-0,23688781525645936;0,003797240008641377;167
0,1356112003326416;0,0011782114872981564;0,005231428146362305;0,000984050951798;2;5;10;{'model__max_depth': 2, 'model__min_samples_split': 5, 'model__n_estimators': 10};-0,23039450738336942;-0,24193097029971966;-0,23218270258644366;-0,23918816226221187;-0,23478780241501138;-0,2356968289893512;0,004297533106365923;135
0,20083861351013182;0,0023257148198622085;0,005339908599853516;0,0014663266614529393;2;5;15;{'model__max_depth': 2, 'model__min_samples_split': 5, 'model__n_estimators': 15};-0,23195049141916319;-0,24101715595555434;-0,23342020389508855;-0,23942095136838484;-0,23400658011822312;-0,2359630765512828;0,00357478771274976;142
0,26489825248718263;0,0035420053649961123;0,009294462203979493;0,006548876241943192;2;5;20;{'model__max_depth': 2, 'model__min_samples_split': 5, 'model__n_estimators': 20};-0,2328466031041573;-0,2410015112307809;-0,23239473348690343;-0,23980150304670328;-0,2343729168981962;-0,23608345355334825;0,0036061329859346804;148
0,36171908378601075;0,02851479194841409;0,00684971809387207;0,0005229647136897839;2;5;25;{'model__max_depth': 2, 'model__min_samples_split': 5, 'model__n_estimators': 25};-0,2324491699894543;-0,24008174973235252;-0,2307271337644736;-0,23981288363568917;-0,23570106657731357;-0,23575440073985665;0,003778836879429877;138
0,5777469635009765;0,07101907535177181;0,010863351821899413;0,004953712022252392;2;5;40;{'model__max_depth': 2, 'model__min_samples_split': 5, 'model__n_estimators': 40};-0,23279278527598138;-0,23971313508535538;-0,22967249825498426;-0,23971952908001973;-0,23543075364651114;-0,2354657402685704;0,003920271609625351;118
0,64643235206604;0,014387690014761492;0,009595012664794922;0,0007931518082253594;2;5;50;{'model__max_depth': 2, 'model__min_samples_split': 5, 'model__n_estimators': 50};-0,2332218013057348;-0,23899418422098578;-0,2295685296918209;-0,23893851138265937;-0,23592394049547907;-0,23532939341933604;0,003589969518620003;111
1,3446778774261474;0,05994350466203905;0,014825582504272461;0,0011387424639257469;2;5;100;{'model__max_depth': 2, 'model__min_samples_split': 5, 'model__n_estimators': 100};-0,2333878063280738;-0,23800394789138293;-0,23065386496723186;-0,2402354974264907;-0,23554932734594522;-0,2355660887918249;0,00336516484968099;124
2,5907567977905273;0,042863139260613414;0,026836395263671875;0,0010523840589131042;2;5;200;{'model__max_depth': 2, 'model__min_samples_split': 5, 'model__n_estimators': 200};-0,23385933025094083;-0,23871958289859055;-0,23004926641586368;-0,24035724694273303;-0,23520683115057664;-0,23563845153174096;0,0036428274616116716;129
0,07259812355041503;0,0021081677357899535;0,004435443878173828;0,0005965337592287095;2;10;5;{'model__max_depth': 2, 'model__min_samples_split': 10, 'model__n_estimators': 5};-0,23383561954328844;-0,24295112848984193;-0,23538391727714594;-0,23949708578971624;-0,2327713251823043;-0,23688781525645936;0,003797240008641377;167
0,1368396282196045;0,001463482455185641;0,004324865341186523;0,0008821784401096134;2;10;10;{'model__max_depth': 2, 'model__min_samples_split': 10, 'model__n_estimators': 10};-0,23039450738336942;-0,24193097029971966;-0,23218270258644366;-0,23918816226221187;-0,23478780241501138;-0,2356968289893512;0,004297533106365923;135
0,2012324333190918;0,002436953200412646;0,004528951644897461;0,0004602934898423446;2;10;15;{'model__max_depth': 2, 'model__min_samples_split': 10, 'model__n_estimators': 15};-0,23195049141916319;-0,24101715595555434;-0,23342020389508855;-0,23942095136838484;-0,23400658011822312;-0,2359630765512828;0,00357478771274976;142
0,26690335273742677;0,0029026496209247077;0,005877351760864258;0,0006855187442994248;2;10;20;{'model__max_depth': 2, 'model__min_samples_split': 10, 'model__n_estimators': 20};-0,2328466031041573;-0,2410015112307809;-0,23239473348690343;-0,23980150304670328;-0,2343729168981962;-0,23608345355334825;0,0036061329859346804;148
0,3281237602233887;0,003717784225435784;0,0057430267333984375;0,00040820900919621126;2;10;25;{'model__max_depth': 2, 'model__min_samples_split': 10, 'model__n_estimators': 25};-0,2324491699894543;-0,24008174973235252;-0,2307271337644736;-0,23981288363568917;-0,23570106657731357;-0,23575440073985665;0,003778836879429877;138
0,5187184810638428;0,003653325294032264;0,007912826538085938;0,00024541472110860323;2;10;40;{'model__max_depth': 2, 'model__min_samples_split': 10, 'model__n_estimators': 40};-0,23279278527598138;-0,23971313508535538;-0,22967249825498426;-0,23971952908001973;-0,23543075364651114;-0,2354657402685704;0,003920271609625351;118
0,6527729034423828;0,009582806778859466;0,009421634674072265;0,0011567191167669597;2;10;50;{'model__max_depth': 2, 'model__min_samples_split': 10, 'model__n_estimators': 50};-0,2332218013057348;-0,23899418422098578;-0,2295685296918209;-0,23893851138265937;-0,23592394049547907;-0,23532939341933604;0,003589969518620003;111
1,2856266021728515;0,010344762313390179;0,014342021942138673;0,0006064094966034303;2;10;100;{'model__max_depth': 2, 'model__min_samples_split': 10, 'model__n_estimators': 100};-0,2333878063280738;-0,23800394789138293;-0,23065386496723186;-0,2402354974264907;-0,23554932734594522;-0,2355660887918249;0,00336516484968099;124
2,567295503616333;0,018767045663039304;0,027682065963745117;0,00147077358573847;2;10;200;{'model__max_depth': 2, 'model__min_samples_split': 10, 'model__n_estimators': 200};-0,23385933025094083;-0,23871958289859055;-0,23004926641586368;-0,24035724694273303;-0,23520683115057664;-0,23563845153174096;0,0036428274616116716;129
0,09761004447937012;0,0010064815893169564;0,0044037818908691405;0,0007170896289621992;3;2;5;{'model__max_depth': 3, 'model__min_samples_split': 2, 'model__n_estimators': 5};-0,23661559738720572;-0,2413945923624713;-0,23726301013225448;-0,2378187272116533;-0,22877167946447197;-0,23637272131161136;0,004145782484613578;155
0,18796176910400392;0,0024469467454018776;0,004924488067626953;0,0006568010718246677;3;2;10;{'model__max_depth': 3, 'model__min_samples_split': 2, 'model__n_estimators': 10};-0,231279706673832;-0,24259359184927443;-0,23120275827116918;-0,2379644126678195;-0,22983088733218085;-0,23457427135885522;0,0049096539228657135;94
0,2786856651306152;0,004575744229265155;0,005526971817016601;0,0007645886358881662;3;2;15;{'model__max_depth': 3, 'model__min_samples_split': 2, 'model__n_estimators': 15};-0,23391557996372908;-0,24021056150548092;-0,23055321529459225;-0,23691942842068714;-0,23221606921793414;-0,23476297088048473;0,0034424809157843758;100
0,36837425231933596;0,00233861412036083;0,005917072296142578;0,0005072748015470024;3;2;20;{'model__max_depth': 3, 'model__min_samples_split': 2, 'model__n_estimators': 20};-0,23302989316733366;-0,23971572042982145;-0,22870803546335555;-0,2386213496841512;-0,2319062677440029;-0,23439625329773292;0,004161032569902634;86
0,45838165283203125;0,0036983980933743073;0,00614476203918457;0,00020691474754794942;3;2;25;{'model__max_depth': 3, 'model__min_samples_split': 2, 'model__n_estimators': 25};-0,23311949104152915;-0,23799281310357234;-0,2292523080986461;-0,23873251746572766;-0,23373217161244061;-0,2345658602643832;0,0034677339952986232;93
0,7247652530670166;0,003411566191751028;0,008946657180786133;0,001124754458584114;3;2;40;{'model__max_depth': 3, 'model__min_samples_split': 2, 'model__n_estimators': 40};-0,23308548312583235;-0,23644784372047956;-0,22851127962767118;-0,23785967791077728;-0,23431216272465114;-0,2340432894218823;0,0032230271668112005;74
0,9091531276702881;0,0054241711493491305;0,009380149841308593;0,001150042016806634;3;2;50;{'model__max_depth': 3, 'model__min_samples_split': 2, 'model__n_estimators': 50};-0,2325789667066899;-0,23561444231702447;-0,22860091072695782;-0,23742414094538683;-0,23468086451619;-0,2337798650424498;0,0030239690904365194;63
1,8083703994750977;0,008308183387631498;0,016004610061645507;0,00048376351506054484;3;2;100;{'model__max_depth': 3, 'model__min_samples_split': 2, 'model__n_estimators': 100};-0,2322321616603954;-0,23538994522006762;-0,2293273105772573;-0,23792000308454236;-0,23441503771217329;-0,2338568916508872;0,0029095534722219825;66
3,60813045501709;0,016683079744769944;0,02610602378845215;0,00040219120057040196;3;2;200;{'model__max_depth': 3, 'model__min_samples_split': 2, 'model__n_estimators': 200};-0,23313619625773283;-0,23601062393357194;-0,22902435704250645;-0,2385429545960251;-0,23352231473677187;-0,23404728931332164;0,003174940208077654;75
0,09665565490722657;0,0010165211742596502;0,004025506973266602;0,0006381613144035658;3;5;5;{'model__max_depth': 3, 'model__min_samples_split': 5, 'model__n_estimators': 5};-0,23661559738720572;-0,2413945923624713;-0,23726301013225448;-0,2378187272116533;-0,22886023372564004;-0,23639043216384498;0,004113335051867726;156
0,18882284164428711;0,0015074389188328987;0,004717063903808594;0,0008685673117196003;3;5;10;{'model__max_depth': 3, 'model__min_samples_split': 5, 'model__n_estimators': 10};-0,231279706673832;-0,24259359184927443;-0,23120275827116918;-0,2379644126678195;-0,22987516446276487;-0,234583126784972;0,004901122926739732;96
0,27794480323791504;0,0025451255168411364;0,0050240039825439455;0,0009027076443530581;3;5;15;{'model__max_depth': 3, 'model__min_samples_split': 5, 'model__n_estimators': 15};-0,23391557996372908;-0,24021056150548092;-0,23055321529459225;-0,23691942842068714;-0,2322455873049902;-0,2347688744978959;0,0034381306549249153;101
0,3706026077270508;0,002413545805829075;0,006392860412597656;0,0004757079486819968;3;5;20;{'model__max_depth': 3, 'model__min_samples_split': 5, 'model__n_estimators': 20};-0,23302989316733366;-0,23971572042982145;-0,22870803546335555;-0,2386213496841512;-0,23188003522133868;-0,2343910067932001;0,004164184144825787;85
0,460081672668457;0,006410363699009474;0,006244945526123047;0,0007550901125234332;3;5;25;{'model__max_depth': 3, 'model__min_samples_split': 5, 'model__n_estimators': 25};-0,23311949104152915;-0,23799281310357234;-0,2292523080986461;-0,23873251746572766;-0,23371118559430926;-0,23456166306075693;0,0034687530685087835;92
0,7331423282623291;0,017899506992570896;0,008678674697875977;0,0007235560882808983;3;5;40;{'model__max_depth': 3, 'model__min_samples_split': 5, 'model__n_estimators': 40};-0,23308548312583235;-0,23644784372047956;-0,22851127962767118;-0,23791713283363036;-0,23429904646331903;-0,23405215715418648;0,0032364822847811324;77
0,916231918334961;0,00298233373706546;0,009249305725097657;0,0007580123231321927;3;5;50;{'model__max_depth': 3, 'model__min_samples_split': 5, 'model__n_estimators': 50};-0,2325789667066899;-0,23561444231702447;-0,22859425803218072;-0,23747010488366926;-0,2346703715071243;-0,23378562868933775;0,0030367435323185193;64
1,8050056934356689;0,018281128320624097;0,015386152267456054;0,0006060945311958781;3;5;100;{'model__max_depth': 3, 'model__min_samples_split': 5, 'model__n_estimators': 100};-0,2322321616603954;-0,2353817320732431;-0,22934720437959427;-0,23794298505368358;-0,23440982365610988;-0,23386278136460525;0,002908741473409169;67
3,5967907428741457;0,022986056428891774;0,026742982864379882;0,0020054332227619318;3;5;200;{'model__max_depth': 3, 'model__min_samples_split': 5, 'model__n_estimators': 200};-0,2330857930716819;-0,2360158497647307;-0,2290513469685971;-0,23856384210952308;-0,23352414754280026;-0,23404819589146664;0,0031759114455182933;76
0,09840350151062012;0,0014377662628669912;0,0037204265594482423;0,0003873554186926459;3;10;5;{'model__max_depth': 3, 'model__min_samples_split': 10, 'model__n_estimators': 5};-0,23704207195475938;-0,2413945923624713;-0,23726301013225448;-0,23794785501861557;-0,2289818641773051;-0,23652587872908115;0,004085299566032982;157
0,18642725944519042;0,0014137579531823233;0,005056238174438477;0,0008458481759156261;3;10;10;{'model__max_depth': 3, 'model__min_samples_split': 10, 'model__n_estimators': 10};-0,23149294395760878;-0,24235551296977806;-0,23117372041209672;-0,23797270235886545;-0,2298805248188166;-0,23457508090343313;0,00479972151004352;95
0,27802209854125975;0,0028436090332955707;0,005980968475341797;0,0006555370231582302;3;10;15;{'model__max_depth': 3, 'model__min_samples_split': 10, 'model__n_estimators': 15};-0,23405773815291364;-0,24007726491258397;-0,23053385672187732;-0,2369249548813844;-0,2321285689508964;-0,23474447672393114;0,0034128292955789142;99
0,3683296203613281;0,002156245822317401;0,006336116790771484;0,0008648653408294194;3;10;20;{'model__max_depth': 3, 'model__min_samples_split': 10, 'model__n_estimators': 20};-0,23313651180922207;-0,23918234006397207;-0,22869351653381936;-0,23862549452967413;-0,23179227145576833;-0,2342860268784912;0,004040327592264642;81
0,4569249629974365;0,004349196780177036;0,00623936653137207;0,0006804614175740349;3;10;25;{'model__max_depth': 3, 'model__min_samples_split': 10, 'model__n_estimators': 25};-0,23320478595503988;-0,23754802400036104;-0,22924565621899848;-0,23873583334214601;-0,23364097458185296;-0,23447505481967967;0,003383881078269175;89
0,731237268447876;0,0024956160827755663;0,008142948150634766;0,000911944239721749;3;10;40;{'model__max_depth': 3, 'model__min_samples_split': 10, 'model__n_estimators': 40};-0,23311503143141782;-0,2361811535375549;-0,2284435864772446;-0,23777911405401492;-0,23425516458053386;-0,2339548100161532;0,00318593573949122;70
0,9108688831329346;0,01405911523966262;0,010497188568115235;0,0012098868117633142;3;10;50;{'model__max_depth': 3, 'model__min_samples_split': 10, 'model__n_estimators': 50};-0,23262524738872867;-0,23541673903622376;-0,2285664442634121;-0,2371988791556208;-0,23463526600089618;-0,23368851516897632;0,0029520128362165135;60
1,8024207592010497;0,005426620246231481;0,014448785781860351;0,001169506338629749;3;10;100;{'model__max_depth': 3, 'model__min_samples_split': 10, 'model__n_estimators': 100};-0,23228715267363587;-0,2351877700210577;-0,22933241471751586;-0,237769718660038;-0,23439482901296982;-0,23379437701704348;0,0028385299232292845;65
3,5954540729522706;0,024430850908475424;0,0265505313873291;0,0004901761905049697;3;10;200;{'model__max_depth': 3, 'model__min_samples_split': 10, 'model__n_estimators': 200};-0,2331113628426549;-0,2359584501410836;-0,229052862058622;-0,238399798606205;-0,2334856990564867;-0,23400163454101044;0,0031216052486048628;72
0,12184305191040039;0,0007896068065133044;0,0037299156188964843;0,00040822704455752834;4;2;5;{'model__max_depth': 4, 'model__min_samples_split': 2, 'model__n_estimators': 5};-0,24396541827655166;-0,23930827039884034;-0,2380709689823172;-0,2393197110489331;-0,22872974176959657;-0,23787882209524777;0,004998174221356986;195
0,237487268447876;0,0011632916555577902;0,004030704498291016;0,0011003394394241343;4;2;10;{'model__max_depth': 4, 'model__min_samples_split': 2, 'model__n_estimators': 10};-0,23579776436680383;-0,23863784806586225;-0,22949819524354823;-0,2374162792964951;-0,22861720988517514;-0,2339934593715769;0,004138913316768059;71
0,3525275707244873;0,0036235777606873926;0,004749011993408203;0,0006840585348316514;4;2;15;{'model__max_depth': 4, 'model__min_samples_split': 2, 'model__n_estimators': 15};-0,23429341124932931;-0,2377131449433182;-0,22773304443278505;-0,236312657374793;-0,23062537117969065;-0,23333552583598327;0,0036790526456572216;52
0,4702033042907715;0,00499189614645603;0,005633878707885742;0,0009847412752302732;4;2;20;{'model__max_depth': 4, 'model__min_samples_split': 2, 'model__n_estimators': 20};-0,23427863495312762;-0,2376990428049121;-0,2264602372153498;-0,2372794466477037;-0,23055421699062692;-0,23325431572234404;0,004253387911102755;49
0,58469557762146;0,002867945133067606;0,007132720947265625;0,0007955452229715519;4;2;25;{'model__max_depth': 4, 'model__min_samples_split': 2, 'model__n_estimators': 25};-0,23623596495959948;-0,23514231263763824;-0,22604702329511986;-0,23670877674201815;-0,23261808286689614;-0,23335043210025436;0,003916420050249861;53
0,9255300521850586;0,0035210696651369017;0,008168172836303712;0,000908270231622647;4;2;40;{'model__max_depth': 4, 'model__min_samples_split': 2, 'model__n_estimators': 40};-0,23559806363157465;-0,23636039745705875;-0,2253768024883407;-0,23548879426558594;-0,23375231547317415;-0,23331527466314683;0,004060010613443405;51
1,1534412384033204;0,011659118739603179;0,00845041275024414;0,0003803261543578462;4;2;50;{'model__max_depth': 4, 'model__min_samples_split': 2, 'model__n_estimators': 50};-0,23502538024980135;-0,2355418504049057;-0,2258612159383176;-0,23513028644691533;-0,2338251913735996;-0,23307678488270792;0,0036528068132450522;38
2,301323890686035;0,013073908507891693;0,014640998840332032;0,0014064022586003063;4;2;100;{'model__max_depth': 4, 'model__min_samples_split': 2, 'model__n_estimators': 100};-0,23205289094950524;-0,23502111244384294;-0,22736995810833105;-0,2371674224351705;-0,23398926570729764;-0,23312012992882947;0,0033152129089977864;40
4,605813312530517;0,024131735134819383;0,027310991287231447;0,0018551090481591147;4;2;200;{'model__max_depth': 4, 'model__min_samples_split': 2, 'model__n_estimators': 200};-0,23177550953562975;-0,23465421243688542;-0,22811465018935925;-0,23835369595689943;-0,23279901682751472;-0,23313941698925772;0,003367720523026895;41
0,12105035781860352;0,002188672951862148;0,004412221908569336;0,0004918018883739654;4;5;5;{'model__max_depth': 4, 'model__min_samples_split': 5, 'model__n_estimators': 5};-0,24140714419676185;-0,23868256681845113;-0,2380709689823172;-0,2404770278395116;-0,22938299932112588;-0,23760414143163353;0,0042821586430751585;188
0,23484082221984864;0,0014985036039641146;0,004816389083862305;0,0009896687225038388;4;5;10;{'model__max_depth': 4, 'model__min_samples_split': 5, 'model__n_estimators': 10};-0,2345186273269089;-0,23819176573594314;-0,22941321348161098;-0,23815411791363705;-0,22917355321308433;-0,23389025553423687;0,003984207570973671;69
0,3519320487976074;0,0034831254625199387;0,0049225807189941405;0,0006761886396007517;4;5;15;{'model__max_depth': 4, 'model__min_samples_split': 5, 'model__n_estimators': 15};-0,23347344036728124;-0,23730903023456318;-0,22771175077204256;-0,2365191441495694;-0,23080252028300866;-0,23316317716129303;0,0035731673893883596;44
0,469663143157959;0,004343248753757154;0,006120824813842773;0,0002052950713842898;4;5;20;{'model__max_depth': 4, 'model__min_samples_split': 5, 'model__n_estimators': 20};-0,233936329865127;-0,23733626247867282;-0,2265053040756252;-0,237434311728786;-0,23077309996437856;-0,23319706162251794;0,004154250808791357;46
0,5824982166290283;0,007238664987101756;0,006837797164916992;0,0006685519077261327;4;5;25;{'model__max_depth': 4, 'model__min_samples_split': 5, 'model__n_estimators': 25};-0,2358949860607168;-0,23477099920731093;-0,22611056056825016;-0,23681396227828114;-0,2326862992957779;-0,23325536148206738;0,003828849099328745;50
0,9207499980926513;0,009335159804802767;0,00894913673400879;0,00141106485899074;4;5;40;{'model__max_depth': 4, 'model__min_samples_split': 5, 'model__n_estimators': 40};-0,23537253839633718;-0,23625812898428114;-0,22547433578341716;-0,23542258113778253;-0,23371361559473963;-0,23324823997931152;0,003973663195858823;47
1,159421730041504;0,013337542593973286;0,009873390197753906;0,0014215518832200616;4;5;50;{'model__max_depth': 4, 'model__min_samples_split': 5, 'model__n_estimators': 50};-0,23466988837752442;-0,23544934204997914;-0,22573209073294678;-0,23501350082955805;-0,23379196198837507;-0,2329313567956767;0,0036405532194837714;31
2,3072574615478514;0,01544460106746203;0,014633369445800782;0,0007813118111803089;4;5;100;{'model__max_depth': 4, 'model__min_samples_split': 5, 'model__n_estimators': 100};-0,23192130929166874;-0,2349254165793357;-0,2273200760074149;-0,2372416192505838;-0,2340006486227941;-0,23308181395035943;0,0033493731691353924;39
4,606793165206909;0,035758902367071924;0,02737870216369629;0,0014406872398854062;4;5;200;{'model__max_depth': 4, 'model__min_samples_split': 5, 'model__n_estimators': 200};-0,23169720267947314;-0,23465570924723822;-0,22817673140420777;-0,23837353253380733;-0,23283374506779225;-0,23314738418650377;0,0033614418340685314;43
0,1241307258605957;0,0011525680950561844;0,003429746627807617;0,0004887844311197181;4;10;5;{'model__max_depth': 4, 'model__min_samples_split': 10, 'model__n_estimators': 5};-0,24232167631777898;-0,23858233977524643;-0,23785205095993306;-0,24023506215647397;-0,22833193822621967;-0,2374646134871304;0,0048181245820768034;183
0,23756933212280273;0,002517397593245345;0,0049286365509033205;0,0010401862585039362;4;10;10;{'model__max_depth': 4, 'model__min_samples_split': 10, 'model__n_estimators': 10};-0,2355153114544745;-0,23702256724103674;-0,22921873853494013;-0,2374012821203737;-0,22906209139036965;-0,23364399814823894;0,003731233512796147;59
0,35088653564453126;0,0018018920710489309;0,005333948135375977;0,0009356885098563104;4;10;15;{'model__max_depth': 4, 'model__min_samples_split': 10, 'model__n_estimators': 15};-0,23443486768938007;-0,2359306283798723;-0,22698006584107963;-0,23616186922398544;-0,2306437891311263;-0,23283024405308878;0,0035296486087230366;23
0,4680937767028809;0,005210688721229948;0,006149148941040039;0,001009350269297849;4;10;20;{'model__max_depth': 4, 'model__min_samples_split': 10, 'model__n_estimators': 20};-0,23473658619358992;-0,23597162354022264;-0,2260216963453306;-0,23713080542781856;-0,23069342229749273;-0,2329108267608909;0,004071537665714951;28
0,5757946968078613;0,005979442532932296;0,0059395313262939455;0,0006602322213150679;4;10;25;{'model__max_depth': 4, 'model__min_samples_split': 10, 'model__n_estimators': 25};-0,23636599676243128;-0,23381670408479782;-0,2257084769282342;-0,23652557494615295;-0,23247584250585207;-0,23297851904549366;0,0039462732063428275;32
0,9207869052886963;0,004364574743721031;0,00795135498046875;0,00048575337412646013;4;10;40;{'model__max_depth': 4, 'model__min_samples_split': 10, 'model__n_estimators': 40};-0,2357226652222193;-0,23494497190796543;-0,22531952366824215;-0,2350209803111203;-0,23340331437277448;-0,23288229109646436;0,0038565084024053185;25
1,1480041980743407;0,006011121622638702;0,011966276168823241;0,0033539769932131457;4;10;50;{'model__max_depth': 4, 'model__min_samples_split': 10, 'model__n_estimators': 50};-0,23487182878298993;-0,2346408919244887;-0,22549912366547836;-0,23457522084666507;-0,23345236157779126;-0,23260788535948268;0,0035882195401830794;17
2,2878902912139893;0,01128804984617243;0,015024995803833008;0,0010229080954306919;4;10;100;{'model__max_depth': 4, 'model__min_samples_split': 10, 'model__n_estimators': 100};-0,2321214183829284;-0,23427126529977038;-0,2272650461500915;-0,2370606634609051;-0,2339381281686122;-0,2329313042924615;0,0032441699549542466;30
4,611174154281616;0,027979327589567754;0,0264528751373291;0,00036432685578029217;4;10;200;{'model__max_depth': 4, 'model__min_samples_split': 10, 'model__n_estimators': 200};-0,231863571579599;-0,23431368760248952;-0,22803499645664055;-0,23807239883418355;-0,2328456028841626;-0,23302605147141503;0,0032685831751323928;36
0,14556736946105958;0,0012139951288857808;0,0045168399810791016;0,00031761818506223163;5;2;5;{'model__max_depth': 5, 'model__min_samples_split': 2, 'model__n_estimators': 5};-0,24539772856817962;-0,24033996226970972;-0,24138413264282343;-0,2374359785138566;-0,22722293358310794;-0,23835614711553546;0,006123450695282229;211
0,28435912132263186;0,0020563498571382296;0,005120325088500977;0,0009770474519667231;5;2;10;{'model__max_depth': 5, 'model__min_samples_split': 2, 'model__n_estimators': 10};-0,23592732617159884;-0,2362133811912403;-0,22885544329004404;-0,2364482103093253;-0,23005500391312178;-0,23349987297506605;0,003328248754232288;55
0,4248396873474121;0,00278851240815009;0,005262231826782227;0,000833332350253867;5;2;15;{'model__max_depth': 5, 'model__min_samples_split': 2, 'model__n_estimators': 15};-0,23368634107528857;-0,23607246295661324;-0,22728180969378836;-0,2323398325720695;-0,2294993236295338;-0,2317759539854587;0,0030921806520483306;7
0,5634145259857177;0,004970313971028678;0,006144046783447266;0,0007975498397711454;5;2;20;{'model__max_depth': 5, 'model__min_samples_split': 2, 'model__n_estimators': 20};-0,23311809375317938;-0,23629474047605892;-0,22697092471211497;-0,23443132863467575;-0,22931524513802198;-0,23202606654281022;0,0034088824539503237;10
0,7022357940673828;0,007197819243424497;0,006675243377685547;0,0007593894112574271;5;2;25;{'model__max_depth': 5, 'model__min_samples_split': 2, 'model__n_estimators': 25};-0,23423007099409532;-0,23494611767098467;-0,22657881382247672;-0,23551134679099114;-0,23040158195105687;-0,23233358624592096;0,0033873347389892176;13
1,1490269660949708;0,046261227372656935;0,008327198028564454;0,000703202613433249;5;2;40;{'model__max_depth': 5, 'model__min_samples_split': 2, 'model__n_estimators': 40};-0,23393961802021812;-0,2355864817211599;-0,227462751528456;-0,23659441334097442;-0,23107116926269267;-0,23293088677470025;0,0033121051445516967;29
1,4020598888397218;0,008256840406227936;0,009446382522583008;0,0009660441567808592;5;2;50;{'model__max_depth': 5, 'model__min_samples_split': 2, 'model__n_estimators': 50};-0,2347044471481563;-0,23438524284225662;-0,22864294758512085;-0,23636395611782438;-0,23099537018884178;-0,23301839277644;0,002797891832440703;35
2,7784499168395995;0,01843329061985606;0,015392780303955078;0,0009757043748828762;5;2;100;{'model__max_depth': 5, 'model__min_samples_split': 2, 'model__n_estimators': 100};-0,23228238819933317;-0,2339250975476375;-0,2307190852240632;-0,23697904480493728;-0,23198841749754984;-0,2331788066547042;0,0021572937678636717;45
5,6025643825531;0,04154201161552829;0,026974248886108398;0,0009664100741086307;5;2;200;{'model__max_depth': 5, 'model__min_samples_split': 2, 'model__n_estimators': 200};-0,2315914121181526;-0,23388778501273289;-0,22959102564236322;-0,2382254428902166;-0,2319367408744084;-0,23304648130757472;0,002926375199048999;37
0,14552793502807618;0,0015372801693684323;0,003819704055786133;0,0003916411366281669;5;5;5;{'model__max_depth': 5, 'model__min_samples_split': 5, 'model__n_estimators': 5};-0,2440111953772044;-0,24006546208578497;-0,2367021197076227;-0,23846386555806576;-0,2276934543257159;-0,23738721941087873;0,005415674500634713;182
0,288831090927124;0,0028449040917659664;0,004724025726318359;0,0007574898880530237;5;5;10;{'model__max_depth': 5, 'model__min_samples_split': 5, 'model__n_estimators': 10};-0,2353339361458434;-0,2350127140414329;-0,22761270152927116;-0,23712104954788452;-0,22941238886363907;-0,2328985580256142;0,0036965879193980077;27
0,42339506149291994;0,001439438262816973;0,0050394535064697266;0,0008803624935685142;5;5;15;{'model__max_depth': 5, 'model__min_samples_split': 5, 'model__n_estimators': 15};-0,23291616146643004;-0,23462032378953002;-0,2260706206833551;-0,23324347738622656;-0,22963650418978626;-0,2312974175030656;0,003083090180489906;3
0,5693489074707031;0,008881450894934799;0,006085348129272461;0,0006760363313091233;5;5;20;{'model__max_depth': 5, 'model__min_samples_split': 5, 'model__n_estimators': 20};-0,23286659661613812;-0,23504151393507533;-0,22570346485547121;-0,23593110622196303;-0,22923041625405324;-0,23175461957654017;0,0038071323599719506;6
0,7016737937927247;0,0061291863153912106;0,00612945556640625;0,0007968003902325458;5;5;25;{'model__max_depth': 5, 'model__min_samples_split': 5, 'model__n_estimators': 25};-0,2341864684256194;-0,2339762223908428;-0,22535828676515948;-0,23699577639875427;-0,23031283144162815;-0,23216591708440082;0,004011611421471006;11
1,1209343433380128;0,015135467603558144;0,008433914184570313;0,0011564530730002207;5;5;40;{'model__max_depth': 5, 'model__min_samples_split': 5, 'model__n_estimators': 40};-0,23420115048690476;-0,23447474702341561;-0,22579592058633377;-0,23657373784701793;-0,23142860052443456;-0,23249483129362133;0,003727769383295285;15
1,3824129581451416;0,005377612439755082;0,009114646911621093;0,0011100051879657325;5;5;50;{'model__max_depth': 5, 'model__min_samples_split': 5, 'model__n_estimators': 50};-0,23500936246158285;-0,2335957139178873;-0,22697520802830748;-0,23665338464244656;-0,2313608380252538;-0,2327189014150956;0,0033564719611251202;19
2,7739490509033202;0,016177960652166513;0,015705299377441407;0,000810314672335066;5;5;100;{'model__max_depth': 5, 'model__min_samples_split': 5, 'model__n_estimators': 100};-0,23213409949518019;-0,23320935942928356;-0,23011676856884217;-0,2369424233674261;-0,23204242779697612;-0,2328890157315416;0,002258525958819104;26
5,559124565124511;0,03451891509341689;0,02715020179748535;0,0011362654327205892;5;5;200;{'model__max_depth': 5, 'model__min_samples_split': 5, 'model__n_estimators': 200};-0,23147476291412558;-0,2334066839352143;-0,22944384133367726;-0,23805728848173444;-0,23157636146158841;-0,232791787625268;0,0029163043723838965;21
0,14474411010742189;0,0018469164773468726;0,004719257354736328;0,0007555413373716326;5;10;5;{'model__max_depth': 5, 'model__min_samples_split': 10, 'model__n_estimators': 5};-0,24475527632653862;-0,23694870573840293;-0,23737745854959585;-0,2396353831192;-0,22736775083234695;-0,23721691491321684;0,005652957186707572;179
0,28328633308410645;0,003791232744066795;0,004950141906738282;0,00098781457944376;5;10;10;{'model__max_depth': 5, 'model__min_samples_split': 10, 'model__n_estimators': 10};-0,23498572909812698;-0,2329941619303434;-0,22725022510212006;-0,23808898181302238;-0,2299238446201058;-0,23264858851274375;0,003788035986052456;18
0,42311758995056153;0,0033328753764067004;0,005469036102294922;0,0008776769240549983;5;10;15;{'model__max_depth': 5, 'model__min_samples_split': 10, 'model__n_estimators': 15};-0,23276421012958545;-0,2331375581676982;-0,2251403337229469;-0,2327544175380874;-0,22968870614042577;-0,23069704513974876;0,0030448594525007257;1
0,5561669826507568;0,0051043097524813615;0,006422948837280273;0,0005828636591844949;5;10;20;{'model__max_depth': 5, 'model__min_samples_split': 10, 'model__n_estimators': 20};-0,23275089864718193;-0,23352897319304894;-0,22532243834500387;-0,2354236449419217;-0,229049174577012;-0,2312150259408337;0,0036010895978066063;2
0,6914499282836915;0,007718837734859055;0,007199764251708984;0,0011645916925753794;5;10;25;{'model__max_depth': 5, 'model__min_samples_split': 10, 'model__n_estimators': 25};-0,23336857703115754;-0,23219354568090697;-0,22540421020501794;-0,2362130943839976;-0,23004276135619323;-0,23144443773145468;0,003618082538210692;4
1,1034376621246338;0,005211082413148089;0,007931375503540039;0,0003691477475976377;5;10;40;{'model__max_depth': 5, 'model__min_samples_split': 10, 'model__n_estimators': 40};-0,233657206180416;-0,23255967725551957;-0,22607564903444335;-0,2364083627415196;-0,2311316092292944;-0,23196650088823856;0,0034158354455935884;9
1,3786710262298585;0,015396692606844507;0,009415864944458008;0,000887760458707552;5;10;50;{'model__max_depth': 5, 'model__min_samples_split': 10, 'model__n_estimators': 50};-0,23469287775442108;-0,23192225439021225;-0,22728908722529745;-0,23616813262341568;-0,23146381479906797;-0,23230723335848288;0,003054151162081213;12
2,758999967575073;0,025954725149918194;0,01497788429260254;0,0005556365809824105;5;10;100;{'model__max_depth': 5, 'model__min_samples_split': 10, 'model__n_estimators': 100};-0,2320796505925108;-0,23267203501632872;-0,22998543444904837;-0,23713296839186043;-0,23221698918677056;-0,23281741552730378;0,002348193251705123;22
5,519831418991089;0,04245903185258094;0,028491115570068358;0,0013488010224918464;5;10;200;{'model__max_depth': 5, 'model__min_samples_split': 10, 'model__n_estimators': 200};-0,2312068758852191;-0,23333090200743586;-0,2292846054849666;-0,23815043711498213;-0,231666039907148;-0,23272777207995032;0,0030021611693681087;20
0,17128796577453614;0,00339142711766143;0,0042079448699951175;0,0003516199144528927;6;2;5;{'model__max_depth': 6, 'model__min_samples_split': 2, 'model__n_estimators': 5};-0,245868491699971;-0,24040226748566107;-0,24333007857787228;-0,24003186849315739;-0,23054007522266226;-0,2400345562958648;0,0051995318828386376;315
0,3379530429840088;0,0048515984216025996;0,00461125373840332;0,0008016230284622408;6;2;10;{'model__max_depth': 6, 'model__min_samples_split': 2, 'model__n_estimators': 10};-0,23528118943172183;-0,23667983206939;-0,23251137139319436;-0,24048087720024197;-0,23109445570949133;-0,23520954516080791;0,0032914410472509336;107
0,5059104442596436;0,009950743579247608;0,005230093002319336;0,000747934953231167;6;2;15;{'model__max_depth': 6, 'model__min_samples_split': 2, 'model__n_estimators': 15};-0,23108922356629474;-0,23602808639618977;-0,22935457633752837;-0,23613564503126724;-0,2303191753208264;-0,2325853413304213;0,0029075374165294693;16
0,6592869281768798;0,004651945323845558;0,006415843963623047;0,0005865596152988138;6;2;20;{'model__max_depth': 6, 'model__min_samples_split': 2, 'model__n_estimators': 20};-0,23029701531796834;-0,23795831323856956;-0,22945809135672174;-0,2379485419389495;-0,22867382359505706;-0,23286715708945324;0,004184536930514905;24
0,8212591648101807;0,010365882179690753;0,006728363037109375;0,0008837087781271477;6;2;25;{'model__max_depth': 6, 'model__min_samples_split': 2, 'model__n_estimators': 25};-0,2317290224907962;-0,2381159632636547;-0,22923737968836608;-0,23850799962101396;-0,23000206650685623;-0,23351848631413744;0,003998182094856375;57
1,2990571975708007;0,00443695618321445;0,008366918563842774;0,0006949440448440138;6;2;40;{'model__max_depth': 6, 'model__min_samples_split': 2, 'model__n_estimators': 40};-0,23235280015955004;-0,23966249756852756;-0,2287194007370593;-0,24018809290228385;-0,2310714003582263;-0,23439883834512942;0,004663382980307191;87
1,6302239418029785;0,008248205656769257;0,010200119018554688;0,0006758750098708246;6;2;50;{'model__max_depth': 6, 'model__min_samples_split': 2, 'model__n_estimators': 50};-0,23367029152376206;-0,23737615381902993;-0,22967368329861235;-0,23920795059679578;-0,2303779736802254;-0,2340612105836851;0,0037535910510280547;78
3,2529882907867433;0,016506874706695186;0,015471553802490235;0,0008023595287239757;6;2;100;{'model__max_depth': 6, 'model__min_samples_split': 2, 'model__n_estimators': 100};-0,23371108841731225;-0,23638180429419636;-0,23207776725153675;-0,23831093685031138;-0,23104622619190227;-0,2343055646010518;0,0026941992482897394;83
6,495588731765747;0,023575261153830584;0,029490566253662108;0,0030899429414594937;6;2;200;{'model__max_depth': 6, 'model__min_samples_split': 2, 'model__n_estimators': 200};-0,23278432685672612;-0,2349650319633833;-0,23054598264571904;-0,23946056906670435;-0,23101786246900366;-0,23375475460030729;0,0032480645320244494;62
0,1690338134765625;0,002764050895421912;0,004321050643920898;0,0004612196511635083;6;5;5;{'model__max_depth': 6, 'model__min_samples_split': 5, 'model__n_estimators': 5};-0,24234814290478113;-0,2429906136337747;-0,2403561331081697;-0,2420341919251934;-0,23221425227831893;-0,23998866677004757;0,003983454228736809;313
0,3302599430084229;0,004668979031813377;0,0044094562530517575;0,0008005385512189657;6;5;10;{'model__max_depth': 6, 'model__min_samples_split': 5, 'model__n_estimators': 10};-0,23679081942489635;-0,23729078119548042;-0,22925738530244133;-0,24054757692823125;-0,23245305199580427;-0,23526792296937074;0,003958180809056299;109
0,49035000801086426;0,0036366662011225515;0,004931116104125976;0,0009306483552731232;6;5;15;{'model__max_depth': 6, 'model__min_samples_split': 5, 'model__n_estimators': 15};-0,2321020944649695;-0,23678319605866266;-0,2275626415677576;-0,23690180800073515;-0,23236997898927933;-0,23314394381628084;0,003469902203985568;42
0,6518971920013428;0,005248950687707579;0,006459856033325195;0,00045923252183343227;6;5;20;{'model__max_depth': 6, 'model__min_samples_split': 5, 'model__n_estimators': 20};-0,23192078908435262;-0,23772395230805973;-0,2286710004535975;-0,23765550328447896;-0,23029945092264062;-0,2332541392106259;0,0037646885964488894;48
0,8082160949707031;0,006699614175071256;0,006948995590209961;0,0005374194751651443;6;5;25;{'model__max_depth': 6, 'model__min_samples_split': 5, 'model__n_estimators': 25};-0,23391449719411278;-0,23789674168558342;-0,22851632981665743;-0,23852906126303136;-0,23115384037794823;-0,23400209406746666;0,0038438403652221254;73
1,2881792545318604;0,00711680922930056;0,009196138381958008;0,0008121418835040404;6;5;40;{'model__max_depth': 6, 'model__min_samples_split': 5, 'model__n_estimators': 40};-0,23437936160033343;-0,23968637448115968;-0,2285183180790942;-0,24003144075155508;-0,23101665133791624;-0,2347264292500117;0,004586234973232189;98
1,614852237701416;0,013196103360091593;0,010427427291870118;0,00064659544850523;6;5;50;{'model__max_depth': 6, 'model__min_samples_split': 5, 'model__n_estimators': 50};-0,23557840479943068;-0,237164986783706;-0,22909756805687953;-0,23889709206542087;-0,23049135753978953;-0,23424588184904532;0,0038087303711651097;80
3,2178080081939697;0,01249531280733124;0,015532493591308594;0,0005973929835593821;6;5;100;{'model__max_depth': 6, 'model__min_samples_split': 5, 'model__n_estimators': 100};-0,23409992023570161;-0,23542667554156763;-0,23136507074346652;-0,23850790026701918;-0,23118718768457927;-0,23411735089446686;0,002725892922268199;79
6,449890565872193;0,03295765653489069;0,028672552108764647;0,002302076443309768;6;5;200;{'model__max_depth': 6, 'model__min_samples_split': 5, 'model__n_estimators': 200};-0,23282846805147087;-0,2343234843482873;-0,2302379880103171;-0,23951935383830877;-0,23068073082871204;-0,23351800501541922;0,0033451183010064205;56
0,16498298645019532;0,0007798827542083942;0,004108238220214844;0,0002016785790526489;6;10;5;{'model__max_depth': 6, 'model__min_samples_split': 10, 'model__n_estimators': 5};-0,2458501379929054;-0,23687976439420871;-0,24077467114463774;-0,2403140847229694;-0,22990195541854247;-0,23874412273465273;0,005267696179702151;226
0,32602953910827637;0,004561082568262545;0,004409980773925781;0,0008003984403467203;6;10;10;{'model__max_depth': 6, 'model__min_samples_split': 10, 'model__n_estimators': 10};-0,2350211055949234;-0,23428245067881723;-0,23184603023244663;-0,23676253104194905;-0,23082237871647823;-0,23374689925292294;0,0021526994969038224;61
0,48482556343078614;0,0044310013873871575;0,005348825454711914;0,0007396253209219562;6;10;15;{'model__max_depth': 6, 'model__min_samples_split': 10, 'model__n_estimators': 15};-0,23175962612871304;-0,23295256451690013;-0,22817594187474957;-0,23361965214609243;-0,23150452422277842;-0,2316024617778467;0,001879742824534232;5
0,6403716564178467;0,0034249117614692202;0,005583524703979492;0,0004677887962775592;6;10;20;{'model__max_depth': 6, 'model__min_samples_split': 10, 'model__n_estimators': 20};-0,23054880393952093;-0,23455506946353377;-0,22837683202255632;-0,23534039380937888;-0,23040661554667674;-0,23184554295633336;0,0026585528427452336;8
0,7988756179809571;0,004824225198688117;0,006293249130249023;0,0008394214083578151;6;10;25;{'model__max_depth': 6, 'model__min_samples_split': 10, 'model__n_estimators': 25};-0,2320960865274506;-0,2347141962093777;-0,22765794209622214;-0,23702714858268245;-0,23092587756121516;-0,2324842501953896;0,0032088325338262957;14
1,2652677059173585;0,006577812043982053;0,009426355361938477;0,001096473302047942;6;10;40;{'model__max_depth': 6, 'model__min_samples_split': 10, 'model__n_estimators': 40};-0,23274848096205178;-0,23686629586300953;-0,22748194686042242;-0,2396753208623106;-0,23053225233954683;-0,23346085937746822;0,004360003355031882;54
1,6121867656707765;0,02908158686198212;0,009393739700317382;0,000727071760771515;6;10;50;{'model__max_depth': 6, 'model__min_samples_split': 10, 'model__n_estimators': 50};-0,23365429441420754;-0,23462578453985744;-0,2283586732251748;-0,23814364460287288;-0,23024068927694155;-0,23300461721181084;0,00342590016360769;33
3,154836416244507;0,017422344947161036;0,015326595306396485;0,0008688616754947023;6;10;100;{'model__max_depth': 6, 'model__min_samples_split': 10, 'model__n_estimators': 100};-0,23339446027892274;-0,2342503104235945;-0,23122393743041986;-0,23789929304491894;-0,23107982591628295;-0,2335695654188278;0,002487624985330698;58
6,3043890476226805;0,03152541058248141;0,027806901931762697;0,0012800468644277065;6;10;200;{'model__max_depth': 6, 'model__min_samples_split': 10, 'model__n_estimators': 200};-0,23215149709449834;-0,2331316103712808;-0,23032728974775835;-0,23871781079551527;-0,2307624804666533;-0,23301813769514118;0,003019233930599115;34
0,19269733428955077;0,002563827693185313;0,0039327144622802734;0,0011938408529668214;7;2;5;{'model__max_depth': 7, 'model__min_samples_split': 2, 'model__n_estimators': 5};-0,250948873175444;-0,2433174814049121;-0,25325890274771995;-0,24843324595159638;-0,2300379078903009;-0,2451992822339947;0,008269005339168349;503
0,3757803916931152;0,0029915669478684293;0,004997730255126953;0,0011883798853469913;7;2;10;{'model__max_depth': 7, 'model__min_samples_split': 2, 'model__n_estimators': 10};-0,23873730220202294;-0,24011897455819478;-0,23668976973757871;-0,2447057223974851;-0,23055184496483094;-0,23816072277202247;0,004627373732664426;202
0,5620766639709472;0,005346808464046615;0,005628347396850586;0,0007627600816632387;7;2;15;{'model__max_depth': 7, 'model__min_samples_split': 2, 'model__n_estimators': 15};-0,23644960865006226;-0,23505106442059337;-0,23275173398595086;-0,24222047248882422;-0,2306501165178259;-0,2354245992126513;0,0039322756692976675;117
0,7460685253143311;0,006403944638585783;0,005783653259277344;0,00045602554408548433;7;2;20;{'model__max_depth': 7, 'model__min_samples_split': 2, 'model__n_estimators': 20};-0,23477052472119153;-0,24013533581257632;-0,23171031181152177;-0,24102538468190415;-0,22986406503358434;-0,2355011244121556;0,0044423831746217245;121
0,9262558937072753;0,009940474064815673;0,006618690490722656;0,001016978258649644;7;2;25;{'model__max_depth': 7, 'model__min_samples_split': 2, 'model__n_estimators': 25};-0,23585942330070717;-0,23959327929768487;-0,2317994125655544;-0,23876592533454327;-0,2315527918926962;-0,2355141664782372;0,0033711773778776957;122
1,4774034023284912;0,012338057485317341;0,008770227432250977;0,0006977073249426402;7;2;40;{'model__max_depth': 7, 'model__min_samples_split': 2, 'model__n_estimators': 40};-0,23548153576004607;-0,24220259581291673;-0,2316859280991345;-0,24000803468736967;-0,2313398980793925;-0,23614359848777192;0,004359587266921415;151
1,8530220985412598;0,010161287644105654;0,010611677169799804;0,0009010059813764348;7;2;50;{'model__max_depth': 7, 'model__min_samples_split': 2, 'model__n_estimators': 50};-0,23625193249788323;-0,2396848606983236;-0,23245792504408677;-0,239624642715209;-0,23092318030270023;-0,23578850825164058;0,0036021230572132086;141
3,689639186859131;0,0264047489269938;0,016634082794189452;0,000607941058468107;7;2;100;{'model__max_depth': 7, 'model__min_samples_split': 2, 'model__n_estimators': 100};-0,23566113149179968;-0,23840306683691498;-0,23421333759870744;-0,23820273681452267;-0,2305861861989343;-0,2354132917881758;0,0028817363287530697;116
7,374785137176514;0,03328607492096845;0,028669118881225586;0,0015644386084204694;7;2;200;{'model__max_depth': 7, 'model__min_samples_split': 2, 'model__n_estimators': 200};-0,23505523384340338;-0,23661588749109458;-0,2327549818238147;-0,24009716423573232;-0,23068137673817035;-0,2350409288264431;0,0032334954477224852;104
0,18877873420715333;0,0006807478242772822;0,00408639907836914;0,0002156376888110234;7;5;5;{'model__max_depth': 7, 'model__min_samples_split': 5, 'model__n_estimators': 5};-0,2505199026144719;-0,2504513716718227;-0,25304175791236916;-0,2510207203460674;-0,23071460216156142;-0,24714967094125853;0,008271310505697581;517
0,3714740753173828;0,002621608880716656;0,004175949096679688;0,00021745224745382764;7;5;10;{'model__max_depth': 7, 'model__min_samples_split': 5, 'model__n_estimators': 10};-0,23681088369934541;-0,24134324113110112;-0,23737413519513195;-0,2449764914456498;-0,231198430557413;-0,23834063640572825;0,004633261908421804;209
0,549599027633667;0,001602041038983343;0,005631542205810547;0,0005761145795542039;7;5;15;{'model__max_depth': 7, 'model__min_samples_split': 5, 'model__n_estimators': 15};-0,2340209493035527;-0,23749766106381942;-0,23334313203034093;-0,24105453601670077;-0,23101974266271513;-0,23538720421542578;0,0035126138942711874;114
0,728725814819336;0,00405833907609416;0,005837154388427734;0,0008127680815146426;7;5;20;{'model__max_depth': 7, 'model__min_samples_split': 5, 'model__n_estimators': 20};-0,23372987455547847;-0,24125247038112207;-0,23224399881661575;-0,2413497627973029;-0,22970859122769602;-0,235656939555643;0,0047846168814907305;133
0,9172766208648682;0,008321660535130698;0,0068356037139892575;0,0007488366570405083;7;5;25;{'model__max_depth': 7, 'model__min_samples_split': 5, 'model__n_estimators': 25};-0,23473856141339253;-0,23979199929843623;-0,2314587325648759;-0,23960094545908223;-0,23144401882852073;-0,2354068515128615;0,0037029243281392335;115
1,4465532779693604;0,007648617295879883;0,008849859237670898;0,000931394377801514;7;5;40;{'model__max_depth': 7, 'model__min_samples_split': 5, 'model__n_estimators': 40};-0,23539674465180163;-0,24113919923430202;-0,2311115526081519;-0,24045491505853414;-0,2321675718143386;-0,23605399667342564;0,004127745134117365;147
1,806033992767334;0,008598941211589498;0,009576034545898438;0,0004986408027319088;7;5;50;{'model__max_depth': 7, 'model__min_samples_split': 5, 'model__n_estimators': 50};-0,2359219635793227;-0,23859329409548993;-0,2327026220997666;-0,23936384778270947;-0,23124758892219743;-0,23556586329589724;0,003180014922418338;123
3,6051077842712402;0,013846528968761346;0,015782499313354494;0,000928941196835765;7;5;100;{'model__max_depth': 7, 'model__min_samples_split': 5, 'model__n_estimators': 100};-0,23595562373308668;-0,23806410212923507;-0,23408758310795008;-0,23788987510996334;-0,23064579459401718;-0,2353285957348505;0,002753363406685919;110
7,215860319137573;0,042500885782590356;0,028942441940307616;0,0015906313210542551;7;5;200;{'model__max_depth': 7, 'model__min_samples_split': 5, 'model__n_estimators': 200};-0,23523815192331546;-0,23604915209896926;-0,23277900127162324;-0,2393570647470048;-0,2305135139031774;-0,234787376788818;0,002999226546085157;102
0,18479008674621583;0,0013448290996734625;0,004113531112670899;0,00020360475396234812;7;10;5;{'model__max_depth': 7, 'model__min_samples_split': 10, 'model__n_estimators': 5};-0,2510214704828202;-0,24351342520069694;-0,24645262835733192;-0,25002904860130926;-0,23146461626579276;-0,24449623778159024;0,007039988655630198;491
0,3595949649810791;0,0029813005920472442;0,004120779037475586;0,0007980510334357246;7;10;10;{'model__max_depth': 7, 'model__min_samples_split': 10, 'model__n_estimators': 10};-0,23736628281067618;-0,23702786017733765;-0,23605324246044726;-0,2441908756907626;-0,2338119101431952;-0,23769003425648377;0,0034791712485887946;191
0,5344289779663086;0,0059095420785217;0,005670690536499023;0,0007858213666323168;7;10;15;{'model__max_depth': 7, 'model__min_samples_split': 10, 'model__n_estimators': 15};-0,2348110193506838;-0,23473611540294612;-0,2307727818818821;-0,24031871582748932;-0,23156511578541603;-0,23444074964968348;0,00336149028361113;88
0,7120560646057129;0,006316776038829487;0,006589221954345703;0,0012233118628186422;7;10;20;{'model__max_depth': 7, 'model__min_samples_split': 10, 'model__n_estimators': 20};-0,23366101261405658;-0,23718657321707942;-0,23086497939018535;-0,24040697638193606;-0,23036283809749572;-0,23449647594015066;0,0038247448753497802;90
0,8865092277526856;0,008894895560660617;0,006740760803222656;0,0006746063432115161;7;10;25;{'model__max_depth': 7, 'model__min_samples_split': 10, 'model__n_estimators': 25};-0,2345674317511457;-0,2359829190037175;-0,2304777523657976;-0,23854995129302659;-0,23193212540641112;-0,2343020359640197;0,002869920153944179;82
1,4046032905578614;0,005994851376175113;0,00868682861328125;0,0008378171810999851;7;10;40;{'model__max_depth': 7, 'model__min_samples_split': 10, 'model__n_estimators': 40};-0,23525883386620935;-0,2385038779246583;-0,2303159925750801;-0,23991776184359853;-0,23160852869148965;-0,23512099898020722;0,0037389125814508172;106
1,7602879047393798;0,010270882841626342;0,010702037811279297;0,0005884653261746018;7;10;50;{'model__max_depth': 7, 'model__min_samples_split': 10, 'model__n_estimators': 50};-0,23580807532517378;-0,23586336869523564;-0,23103997717925545;-0,23826761333112068;-0,2315251694218602;-0,23450084079052913;0,0027779890864573385;91
3,507085609436035;0,01562950063420033;0,016509008407592774;0,0009578158027061779;7;10;100;{'model__max_depth': 7, 'model__min_samples_split': 10, 'model__n_estimators': 100};-0,23509193449749652;-0,23550527144509212;-0,2332454592311823;-0,23849707111062934;-0,2309981807901381;-0,23466758341490768;0,0024913339360870396;97
7,040568017959595;0,03750440961442809;0,027744150161743163;0,0005884143985397823;7;10;200;{'model__max_depth': 7, 'model__min_samples_split': 10, 'model__n_estimators': 200};-0,23426624533233706;-0,23394023445808237;-0,23202465022704308;-0,23892034511488147;-0,23028306994525316;-0,23388690901551942;0,0028961312970953966;68
0,21279735565185548;0,0030811817442301832;0,004152488708496094;0,0002997544701063512;8;2;5;{'model__max_depth': 8, 'model__min_samples_split': 2, 'model__n_estimators': 5};-0,2536381964210882;-0,24685287461574215;-0,2555639772849214;-0,24999308760058625;-0,23934413288691936;-0,24907845376185148;0,005716642878078906;522
0,41475138664245603;0,0037688094234341945;0,0044651031494140625;0,0008768720683415686;8;2;10;{'model__max_depth': 8, 'model__min_samples_split': 2, 'model__n_estimators': 10};-0,23749403011469444;-0,24123224401360466;-0,23837342873153858;-0,2452300227110284;-0,23528835802240888;-0,23952361671865496;0,0034310944899741073;277
0,622718334197998;0,007451814437936003;0,005760049819946289;0,0003876019933222706;8;2;15;{'model__max_depth': 8, 'model__min_samples_split': 2, 'model__n_estimators': 15};-0,23732006466162078;-0,23760989871378738;-0,23417757379427798;-0,24244593122962477;-0,23348109879826195;-0,23700691343951458;0,0031774549929970844;173
0,8270332336425781;0,006252259749481117;0,006014871597290039;0,0006512681357928556;8;2;20;{'model__max_depth': 8, 'model__min_samples_split': 2, 'model__n_estimators': 20};-0,2364942527630492;-0,2433600053804449;-0,23179559939198383;-0,24279990352909622;-0,23131374629826099;-0,23715270147256703;0,005170048506628022;178
1,0417720794677734;0,009641035720865684;0,007033634185791016;0,0005577735555000173;8;2;25;{'model__max_depth': 8, 'model__min_samples_split': 2, 'model__n_estimators': 25};-0,23591166179698522;-0,24048519207956084;-0,23119482422836596;-0,24127184970525076;-0,23286515598203092;-0,23634573675843873;0,0040059067045061444;154
1,6503376007080077;0,014670939355326096;0,008739471435546875;0,000986569684829743;8;2;40;{'model__max_depth': 8, 'model__min_samples_split': 2, 'model__n_estimators': 40};-0,23604928625538102;-0,24387580685439708;-0,23163954450508;-0,24047740484226657;-0,23221370473478903;-0,23685114943838276;0,004728747064297907;166
2,0592982292175295;0,017933902104817677;0,009445476531982421;0,0009737194505166623;8;2;50;{'model__max_depth': 8, 'model__min_samples_split': 2, 'model__n_estimators': 50};-0,23667661075019122;-0,24157011423167526;-0,23370984327692113;-0,2397619291671206;-0,23239138411963445;-0,23682197630910853;0,0034792179248857;165
4,119635438919067;0,02209546026507447;0,016233253479003906;0,0006436552498637096;8;2;100;{'model__max_depth': 8, 'model__min_samples_split': 2, 'model__n_estimators': 100};-0,2383735403670298;-0,24073149006046446;-0,23591866312689164;-0,23846990928003048;-0,2322055974870949;-0,23713984006430225;0,0028992782954969766;177
8,241533422470093;0,03473951983543192;0,02942667007446289;0,002182202457532203;8;2;200;{'model__max_depth': 8, 'model__min_samples_split': 2, 'model__n_estimators': 200};-0,23745654207884395;-0,2389255958928067;-0,2348467692957636;-0,2399689197000454;-0,2323573685272033;-0,2367110390989326;0,002775023309581651;162
0,20660157203674318;0,0010412934147158066;0,0038469314575195314;0,0008088583865549651;8;5;5;{'model__max_depth': 8, 'model__min_samples_split': 5, 'model__n_estimators': 5};-0,2539230952973748;-0,24928211711280082;-0,2501088074010823;-0,2560709156673207;-0,2382893490526979;-0,2495348569062553;0,006145428280657471;526
0,4240351676940918;0,03723514963463558;0,005222845077514649;0,0007379949004046535;8;5;10;{'model__max_depth': 8, 'model__min_samples_split': 5, 'model__n_estimators': 10};-0,23692104450181403;-0,24070130372454723;-0,23433623163947387;-0,24683487829941902;-0,23497182865868488;-0,2387530573647878;0,004610288594947445;227
0,6035035610198974;0,0037334791043764667;0,00523228645324707;0,0006887418218192202;8;5;15;{'model__max_depth': 8, 'model__min_samples_split': 5, 'model__n_estimators': 15};-0,2364908486179661;-0,23863038653331498;-0,23121033357962556;-0,24210611941970814;-0,2329884040146419;-0,23628521843305134;0,003899959668326508;153
0,8053477287292481;0,006816623468496448;0,006114149093627929;0,0004986504285225267;8;5;20;{'model__max_depth': 8, 'model__min_samples_split': 5, 'model__n_estimators': 20};-0,23773190293298824;-0,24250049583702177;-0,22985746733062398;-0,24205626228807314;-0,23108126002740947;-0,23664547768322333;0,0053249554009959996;160
1,0104521751403808;0,012157925796228838;0,006425619125366211;0,0010325600214975308;8;5;25;{'model__max_depth': 8, 'model__min_samples_split': 5, 'model__n_estimators': 25};-0,23649723363241584;-0,23947076808132983;-0,23010726035968332;-0,23889339252633848;-0,2332464856210471;-0,2356430280441629;0,003530843233236048;132
1,592647171020508;0,008140176489958881;0,008756637573242188;0,0004892813277592614;8;5;40;{'model__max_depth': 8, 'model__min_samples_split': 5, 'model__n_estimators': 40};-0,23726330622141859;-0,2417178915313482;-0,2309086566792448;-0,24034697648220865;-0,23326038186305773;-0,23669944255545555;0,004102867670650957;161
1,9863365173339844;0,007257101931666386;0,00980081558227539;0,0004227002216704499;8;5;50;{'model__max_depth': 8, 'model__min_samples_split': 5, 'model__n_estimators': 50};-0,23810654255157165;-0,23903180191247578;-0,23337720444383123;-0,24058523750196423;-0,23340505038456297;-0,23690116735888117;0,002973417370637499;170
3,963059091567993;0,011163980862889914;0,016528224945068358;0,0006642895379023898;8;5;100;{'model__max_depth': 8, 'model__min_samples_split': 5, 'model__n_estimators': 100};-0,23806443910566386;-0,2394845402950595;-0,23563687064113334;-0,23884697705407343;-0,23194257262465912;-0,23679507994411786;0,0027547423649064706;164
7,944133186340332;0,0345624055827102;0,02953338623046875;0,0014536235181990716;8;5;200;{'model__max_depth': 8, 'model__min_samples_split': 5, 'model__n_estimators': 200};-0,2374474246956384;-0,23805082370900252;-0,2347916521132505;-0,2401229870449169;-0,23256942535048017;-0,2365964625826577;0,0026362870589634224;159
0,20022454261779785;0,002475015002042931;0,004397010803222657;0,0008760191708814934;8;10;5;{'model__max_depth': 8, 'model__min_samples_split': 10, 'model__n_estimators': 5};-0,24935784840143543;-0,24148694635654924;-0,24854490159901788;-0,25363587446003116;-0,24014811422584367;-0,24663473700857547;0,0050725932964751485;515
0,3875441551208496;0,0022833157197316677;0,004537391662597656;0,00042260518422428264;8;10;10;{'model__max_depth': 8, 'model__min_samples_split': 10, 'model__n_estimators': 10};-0,2344121778169127;-0,23616388044763434;-0,23443861152007356;-0,24536538095308882;-0,23651900920737015;-0,23737981198901595;0,004085248961816687;181
0,5814271450042725;0,003611546401916398;0,004953575134277344;0,0010914714995366762;8;10;15;{'model__max_depth': 8, 'model__min_samples_split': 10, 'model__n_estimators': 15};-0,23403592673026966;-0,23475637928033366;-0,23047065553521215;-0,24198925843931593;-0,23418997869855496;-0,23508843973673726;0,003767506063972201;105
0,7734367370605468;0,007154931496788203;0,006173467636108399;0,0006109293720966034;8;10;20;{'model__max_depth': 8, 'model__min_samples_split': 10, 'model__n_estimators': 20};-0,23345644423702236;-0,23833397215658486;-0,22943128361419826;-0,24267185961226845;-0,23230472365094681;-0,23523965665420415;0,004697729342318499;108
0,9597655773162842;0,009963540431346347;0,007307767868041992;0,0011683460605668471;8;10;25;{'model__max_depth': 8, 'model__min_samples_split': 10, 'model__n_estimators': 25};-0,23308369153212402;-0,23601694549184074;-0,22894767122077814;-0,23992100887766407;-0,23388906418039504;-0,2343716762605604;0,0036003792325486695;84
1,5312489509582519;0,013851926262701778;0,008460283279418945;0,00034428874519484924;8;10;40;{'model__max_depth': 8, 'model__min_samples_split': 10, 'model__n_estimators': 40};-0,23503048024457776;-0,23837303991566866;-0,22962654125505527;-0,24089570454547693;-0,23407835892426257;-0,23560082497700824;0,003848537054432127;128
1,9375224113464355;0,023043231839164124;0,010480737686157227;0,0008030177376721189;8;10;50;{'model__max_depth': 8, 'model__min_samples_split': 10, 'model__n_estimators': 50};-0,23512652684371324;-0,23626345039126898;-0,23225982787085298;-0,23991615116612103;-0,2343510853321214;-0,23558340832081553;0,002530164635793058;127
3,805777406692505;0,01681433880466192;0,015407228469848632;0,0008188579116322963;8;10;100;{'model__max_depth': 8, 'model__min_samples_split': 10, 'model__n_estimators': 100};-0,2355020398931663;-0,23644403571017564;-0,23506634154132888;-0,23885040869116658;-0,23245770095009594;-0,23566410535718668;0,0020700452317586153;134
7,62319507598877;0,034328675659397664;0,028864383697509766;0,000722255454560898;8;10;200;{'model__max_depth': 8, 'model__min_samples_split': 10, 'model__n_estimators': 200};-0,23510363689702254;-0,2352506034679377;-0,23339357876021927;-0,239314682908009;-0,23177553144817029;-0,23496760669627173;0,002516448740267014;103
0,23331451416015625;0,0042426681719418035;0,004138565063476563;0,0010007857731098837;9;2;5;{'model__max_depth': 9, 'model__min_samples_split': 2, 'model__n_estimators': 5};-0,26003516742568034;-0,257231063989058;-0,2565892641055464;-0,25255295210297407;-0,24474719543363563;-0,25423112861137886;0,00531052816112074;541
0,45384902954101564;0,006507654009922802;0,004464626312255859;0,00040273627990950064;9;2;10;{'model__max_depth': 9, 'model__min_samples_split': 2, 'model__n_estimators': 10};-0,2432137679669611;-0,2455381457148142;-0,2409719534752806;-0,2461061441626746;-0,2411691413044696;-0,24339983052484002;0,0021354955396395603;460
0,6824521064758301;0,006289238730906256;0,005463600158691406;0,000751531365301838;9;2;15;{'model__max_depth': 9, 'model__min_samples_split': 2, 'model__n_estimators': 15};-0,23995428313616227;-0,24179787285987622;-0,23769426187467554;-0,24392469162954253;-0,23851709819268552;-0,24037764153858845;0,002255659622074839;326
0,9007462978363037;0,009777087959683625;0,006014490127563476;0,00031522977832432414;9;2;20;{'model__max_depth': 9, 'model__min_samples_split': 2, 'model__n_estimators': 20};-0,2389781252517224;-0,24608318463384582;-0,23395264216919923;-0,24479189113650776;-0,23445477710353846;-0,23965212405896272;0,005054236427160742;288
1,1287482738494874;0,0062546113327375755;0,006917810440063477;0,0007369318209338578;9;2;25;{'model__max_depth': 9, 'model__min_samples_split': 2, 'model__n_estimators': 25};-0,23741006220264085;-0,2426927447249639;-0,23358104263754692;-0,24278154829757004;-0,23653565886079275;-0,2386002113447029;0,0036084150158214134;217
1,7955304622650146;0,011541085629683605;0,008834171295166015;0,0009929429804379068;9;2;40;{'model__max_depth': 9, 'model__min_samples_split': 2, 'model__n_estimators': 40};-0,23795430804883577;-0,24390544872497696;-0,23326742817896012;-0,24100965617212888;-0,23539718056708914;-0,23830680433839818;0,0038114486275825925;206
2,2456640243530273;0,010134131362491153;0,010048818588256837;0,0008333362356107589;9;2;50;{'model__max_depth': 9, 'model__min_samples_split': 2, 'model__n_estimators': 50};-0,23908590110858455;-0,2422752712288549;-0,23650441095660316;-0,2415063235442089;-0,23534687336338983;-0,23894375604032825;0,0027045857469458;236
4,478873062133789;0,00986148007942287;0,016690492630004883;0,0009352648453845644;9;2;100;{'model__max_depth': 9, 'model__min_samples_split': 2, 'model__n_estimators': 100};-0,2406577540051179;-0,24303419483954833;-0,23780899965995594;-0,24018911410687882;-0,2342313976516841;-0,23918429205263703;0,002980775102792029;255
8,985536670684814;0,05315117320119826;0,029567861557006837;0,0008043342216557494;9;2;200;{'model__max_depth': 9, 'model__min_samples_split': 2, 'model__n_estimators': 200};-0,2400383143683046;-0,2416550080196155;-0,23707562641513327;-0,24148876135039082;-0,23384781946527522;-0,2388211059237439;0,002980243610001764;230
0,2202660083770752;0,0023812275014207687;0,003819561004638672;0,0002278799540722628;9;5;5;{'model__max_depth': 9, 'model__min_samples_split': 5, 'model__n_estimators': 5};-0,2511719028869776;-0,2556069358241414;-0,25544729175832115;-0,2559197369120227;-0,2423473734412932;-0,2520986481645512;0,005178193333094815;533
0,43379950523376465;0,0038906333270229037;0,004303407669067383;0,0011965606072445486;9;5;10;{'model__max_depth': 9, 'model__min_samples_split': 5, 'model__n_estimators': 10};-0,23783108543125736;-0,24482216202845603;-0,2375002911579918;-0,24865985261069495;-0,2360061813050647;-0,24096391450669294;0,004909255757360995;346
0,6458400249481201;0,005788779615326301;0,005908298492431641;0,0005784582377874469;9;5;15;{'model__max_depth': 9, 'model__min_samples_split': 5, 'model__n_estimators': 15};-0,23841102339933093;-0,24188787448749252;-0,23406041254887605;-0,24486660144847128;-0,23695105953929504;-0,23923539428469315;0,0037795331431100102;257
0,8681780815124511;0,009643951847610183;0,006664896011352539;0,0004981930779417437;9;5;20;{'model__max_depth': 9, 'model__min_samples_split': 5, 'model__n_estimators': 20};-0,23735486196685146;-0,24402840414055915;-0,23263880924722416;-0,24420091914237738;-0,23349674802689055;-0,23834394850478055;0,0049727135353906556;210
1,075840997695923;0,009057213712504139;0,007097196578979492;0,0008028428571283637;9;5;25;{'model__max_depth': 9, 'model__min_samples_split': 5, 'model__n_estimators': 25};-0,23558330197079017;-0,240453881094222;-0,2321374951437679;-0,24203432664599317;-0,23506093337698597;-0,23705398764635185;0,003651578623366136;176
1,7084054470062255;0,005590805321846672;0,008188676834106446;0,0006624082270843423;9;5;40;{'model__max_depth': 9, 'model__min_samples_split': 5, 'model__n_estimators': 40};-0,2372956209937481;-0,2413558006103371;-0,23261606390555375;-0,24089078645473966;-0,23446194011723268;-0,23732404241632227;0,0034448290574762884;180
2,1432652473449707;0,02113798211401099;0,011021137237548828;0,0010850207563949123;9;5;50;{'model__max_depth': 9, 'model__min_samples_split': 5, 'model__n_estimators': 50};-0,2378361732080413;-0,23917384640295095;-0,23588564430299733;-0,2408841490863331;-0,23435637884597335;-0,23762723836925917;0,002314078196968973;189
4,264776372909546;0,012257135757550419;0,016075325012207032;0,0001528489145232781;9;5;100;{'model__max_depth': 9, 'model__min_samples_split': 5, 'model__n_estimators': 100};-0,23796447214176572;-0,24016426542901434;-0,23681041553075474;-0,23909098111173402;-0,23390414610256377;-0,2375868560631665;0,0021546803780607216;187
8,534036636352539;0,05323581590753228;0,029478693008422853;0,0009588140816668477;9;5;200;{'model__max_depth': 9, 'model__min_samples_split': 5, 'model__n_estimators': 200};-0,23795231088421614;-0,23957085746213833;-0,23652243659530553;-0,2410059756145094;-0,23313031413557375;-0,2376363789383486;0,002710781786269336;190
0,20825662612915039;0,002922074693565495;0,00411529541015625;0,0007458348443974336;9;10;5;{'model__max_depth': 9, 'model__min_samples_split': 10, 'model__n_estimators': 5};-0,2505033703602296;-0,2484314942068101;-0,2541835903643462;-0,25446942707737;-0,24256280077010217;-0,2500301365557716;0,0043703361473605325;529
0,41035938262939453;0,004207196457320864;0,0042247772216796875;0,0007437904790331402;9;10;10;{'model__max_depth': 9, 'model__min_samples_split': 10, 'model__n_estimators': 10};-0,23921110521807057;-0,23906913472909805;-0,2360046616052026;-0,2469497753915276;-0,2378723486938197;-0,2398214051275437;0,003744820194602248;307
0,6134898662567139;0,006495918604819117;0,006039190292358399;0,0006341972279255087;9;10;15;{'model__max_depth': 9, 'model__min_samples_split': 10, 'model__n_estimators': 15};-0,23820168241203868;-0,23657955734698374;-0,23175640537287667;-0,24319811921845533;-0,23800762932667435;-0,23754867873540575;0,0036617715436712394;185
0,816347074508667;0,014174211319311323;0,00612030029296875;0,0008017429091493404;9;10;20;{'model__max_depth': 9, 'model__min_samples_split': 10, 'model__n_estimators': 20};-0,2356708692390906;-0,23937227680316497;-0,23178304798945631;-0,24365158074268004;-0,2341657216270587;-0,23692869928029014;0,004168023881872677;172
1,0192046165466309;0,011036891656238442;0,007267189025878906;0,0013633174079806902;9;10;25;{'model__max_depth': 9, 'model__min_samples_split': 10, 'model__n_estimators': 25};-0,23448418628287987;-0,23668946941577484;-0,23212205396563435;-0,24162492208371708;-0,2350466117283997;-0,2359934486952812;0,0031736416871504664;145
1,6161729335784911;0,018281804785131042;0,008319568634033204;0,0009619729114933549;9;10;40;{'model__max_depth': 9, 'model__min_samples_split': 10, 'model__n_estimators': 40};-0,23668570351523047;-0,23833966327037315;-0,23269539116991664;-0,24137076127240545;-0,23388924207456072;-0,23659615226049727;0,0031108854407030924;158
2,0156005859375;0,008440174733872414;0,009547805786132813;0,0009160780938912659;9;10;50;{'model__max_depth': 9, 'model__min_samples_split': 10, 'model__n_estimators': 50};-0,2369004037283937;-0,23623873380187926;-0,23550675430954324;-0,24107057156589173;-0,23424684096117235;-0,23679266087337605;0,002313167453202018;163
4,077230834960938;0,06521302206510815;0,016155052185058593;0,0007432394629465663;9;10;100;{'model__max_depth': 9, 'model__min_samples_split': 10, 'model__n_estimators': 100};-0,23746781664300382;-0,23738260276257303;-0,23690417680888362;-0,2402529881952295;-0,2331228879561341;-0,2370260944731648;0,002279690538678416;174
8,242202997207642;0,1222995119821745;0,028949689865112305;0,0007638178388233367;9;10;200;{'model__max_depth': 9, 'model__min_samples_split': 10, 'model__n_estimators': 200};-0,2365676139642235;-0,2365015302504853;-0,2353438310858489;-0,23995836649766003;-0,2317624413788821;-0,23602675663541994;0,0026315875306721047;146
0,25255112648010253;0,012682262719132776;0,004216766357421875;0,0003978242037395078;10;2;5;{'model__max_depth': 10, 'model__min_samples_split': 2, 'model__n_estimators': 5};-0,257103985026215;-0,26001812993963436;-0,25634991594391787;-0,2545596706935159;-0,2452140659928235;-0,25464915351922135;0,0050353467043059465;545
0,48522582054138186;0,003931782416608683;0,004815292358398437;0,0006840287687303465;10;2;10;{'model__max_depth': 10, 'model__min_samples_split': 2, 'model__n_estimators': 10};-0,24479788195059365;-0,24734231038854299;-0,2398835822527311;-0,24965393822714027;-0,23948070822818962;-0,2442316842094395;0,004021819914939724;485
0,7292299270629883;0,006744064482507845;0,006015968322753906;0,0005241676875427946;10;2;15;{'model__max_depth': 10, 'model__min_samples_split': 2, 'model__n_estimators': 15};-0,24287704691879794;-0,2450741685391699;-0,2359901252970749;-0,24626729726217914;-0,23805202439705928;-0,24165213248285622;0,003988222553661019;373
1,0188911437988282;0,07692816136270635;0,006219053268432617;0,0006065110847404373;10;2;20;{'model__max_depth': 10, 'model__min_samples_split': 2, 'model__n_estimators': 20};-0,24000779851719597;-0,24726234472274136;-0,23285656055573548;-0,24569033533950985;-0,23697277554603485;-0,24055796293624349;0,005362048671213753;336
1,2543330669403077;0,0822278707012144;0,006735420227050782;0,0006760209472391142;10;2;25;{'model__max_depth': 10, 'model__min_samples_split': 2, 'model__n_estimators': 25};-0,23859000880041664;-0,2427641268940827;-0,23399264347013574;-0,243270266285604;-0,23642244857848665;-0,23900789880574513;0,0035857773773762735;241
1,9165074825286865;0,012277335058925178;0,008536767959594727;0,000840226222824562;10;2;40;{'model__max_depth': 10, 'model__min_samples_split': 2, 'model__n_estimators': 40};-0,24064854527069424;-0,24440959876310275;-0,23622466303848558;-0,24277838338409718;-0,23606250101030946;-0,24002473829333787;0,003386402043459376;314
2,408997058868408;0,036520796340709843;0,010760259628295899;0,0008748867969582856;10;2;50;{'model__max_depth': 10, 'model__min_samples_split': 2, 'model__n_estimators': 50};-0,24004804427878734;-0,24380526092620391;-0,23848920369894963;-0,2438959374181959;-0,23630057688168046;-0,24050780464076346;0,002977903841343352;333
4,818263912200928;0,017480165615010947;0,018193769454956054;0,0010302082793177683;10;2;100;{'model__max_depth': 10, 'model__min_samples_split': 2, 'model__n_estimators': 100};-0,24177295746627211;-0,24386647283604052;-0,2398120885185817;-0,24030430462039223;-0,23566587152501992;-0,24028433899326126;0,0027055989620813742;322
9,603506278991699;0,06255419830299011;0,0300539493560791;0,0012596631007668964;10;2;200;{'model__max_depth': 10, 'model__min_samples_split': 2, 'model__n_estimators': 200};-0,2419526933283527;-0,24331742973876463;-0,23796981016553206;-0,2424318250050075;-0,23590384003382592;-0,24031511965429658;0,002868303310706774;324
0,23440265655517578;0,002212520406160342;0,005312442779541016;0,0006820741282193135;10;5;5;{'model__max_depth': 10, 'model__min_samples_split': 5, 'model__n_estimators': 5};-0,24938964927800775;-0,2595383338650736;-0,2533172258835762;-0,2528725038008495;-0,24644640197068052;-0,25231282295963753;0,0043929469679216465;534
0,4610117435455322;0,007057718298439017;0,005118083953857422;0,0006693881976709088;10;5;10;{'model__max_depth': 10, 'model__min_samples_split': 5, 'model__n_estimators': 10};-0,2401107581189631;-0,24759083828992143;-0,23401478772005876;-0,24702342717289533;-0,23904053535803657;-0,24155606933197502;0,005130267091744622;368
0,6842090606689453;0,007914742708764327;0,005721044540405273;0,0006892947970634472;10;5;15;{'model__max_depth': 10, 'model__min_samples_split': 5, 'model__n_estimators': 15};-0,2397179857810522;-0,24459275993017596;-0,22962425884060295;-0,24309191573470626;-0,23753140006461093;-0,23891166407022965;0,005264228974391339;233
0,914191722869873;0,010596092825473122;0,005538558959960938;0,0006359963424273094;10;5;20;{'model__max_depth': 10, 'model__min_samples_split': 5, 'model__n_estimators': 20};-0,23977466455571922;-0,24607555372323273;-0,22952282570355104;-0,24432008434054173;-0,23442137848391975;-0,2388229013613929;0,006157769905550562;231
1,1380362510681152;0,0029754775265539084;0,006432771682739258;0,0011918440845232533;10;5;25;{'model__max_depth': 10, 'model__min_samples_split': 5, 'model__n_estimators': 25};-0,23911075292335207;-0,24323140662201054;-0,23045094707215832;-0,24154652872373678;-0,234572094430741;-0,23778234595439973;0,004683612357382321;193
1,808144474029541;0,015058352838073047;0,009159374237060546;0,000724725036243781;10;5;40;{'model__max_depth': 10, 'model__min_samples_split': 5, 'model__n_estimators': 40};-0,24000690520002554;-0,24604981631360165;-0,23242095942685603;-0,24150825785815355;-0,23603687222174524;-0,23920456220407643;0,004666043253914562;256
2,2623563766479493;0,0128340216854819;0,010322380065917968;0,0011479535687652996;10;5;50;{'model__max_depth': 10, 'model__min_samples_split': 5, 'model__n_estimators': 50};-0,2403146663494794;-0,24370609772558494;-0,23559984323647506;-0,24257738050269548;-0,2360365162334149;-0,23964690080952997;0,003314340158727832;287
4,506723928451538;0,02567171322959972;0,016196680068969727;0,000723186259721691;10;5;100;{'model__max_depth': 10, 'model__min_samples_split': 5, 'model__n_estimators': 100};-0,24052831365194585;-0,2428296163278503;-0,23877701566855677;-0,240492933160652;-0,23489305875657934;-0,23950418751311683;0,002641068587011708;274
9,02365460395813;0,04889727880086308;0,028904533386230467;0,0005171876055579469;10;5;200;{'model__max_depth': 10, 'model__min_samples_split': 5, 'model__n_estimators': 200};-0,24045394533351658;-0,24238954426691253;-0,23734739366281152;-0,24071921946397634;-0,234751200312072;-0,2391322606078578;0,002729638257624163;250
0,21994800567626954;0,0023964395832757014;0,0043071269989013675;0,0008729357535736562;10;10;5;{'model__max_depth': 10, 'model__min_samples_split': 10, 'model__n_estimators': 5};-0,2493249321643392;-0,2534821823485166;-0,2534296836345178;-0,2529703316085573;-0,24398087389112288;-0,25063760072941077;0,0036705344529803464;530
0,4303598880767822;0,004383175291784699;0,005363321304321289;0,0010460378989246247;10;10;10;{'model__max_depth': 10, 'model__min_samples_split': 10, 'model__n_estimators': 10};-0,2398778117043671;-0,24197557935403619;-0,2368195294059955;-0,246219333006829;-0,23791393267414676;-0,2405612372290749;0,0033313685105174962;337
0,642340898513794;0,008396282719257585;0,005510377883911133;0,0007764490918872038;10;10;15;{'model__max_depth': 10, 'model__min_samples_split': 10, 'model__n_estimators': 15};-0,23819401014844654;-0,238953314455649;-0,23172720829036422;-0,24279727905022355;-0,23689275759017872;-0,2377129139069724;0,003581121169055755;192
0,8593547821044922;0,01463415807710557;0,006733942031860352;0,00037945658441041635;10;10;20;{'model__max_depth': 10, 'model__min_samples_split': 10, 'model__n_estimators': 20};-0,23668035766336135;-0,24091525401220976;-0,23110992701317512;-0,24351986348386262;-0,23560633627688773;-0,23756634768989932;0,004312111197213576;186
1,074617862701416;0,029523942167202683;0,006913518905639649;0,0004140102372311447;10;10;25;{'model__max_depth': 10, 'model__min_samples_split': 10, 'model__n_estimators': 25};-0,2355551675295046;-0,2376710979911049;-0,23082452603695458;-0,2413048544361339;-0,23601843093768987;-0,23627481538627756;0,0033923495683729895;152
1,6864012718200683;0,019422152512468625;0,008325719833374023;0,0003871215794270121;10;10;40;{'model__max_depth': 10, 'model__min_samples_split': 10, 'model__n_estimators': 40};-0,2368223589749362;-0,2400652213952061;-0,23240426461544916;-0,2422427036558753;-0,23605640824398574;-0,23751819137709052;0,003393570914806974;184
2,1142012596130373;0,01814817250285909;0,009451007843017578;0,0010680724948608702;10;10;50;{'model__max_depth': 10, 'model__min_samples_split': 10, 'model__n_estimators': 50};-0,23792118871308054;-0,23885142054475655;-0,235418012160458;-0,24229892524016072;-0,23613698556999851;-0,23812530644569088;0,002419539701131129;201
4,213837814331055;0,0330788316555865;0,017429161071777343;0,0014060186593288157;10;10;100;{'model__max_depth': 10, 'model__min_samples_split': 10, 'model__n_estimators': 100};-0,2382533248323056;-0,23891064690317854;-0,23761091276283336;-0,2404700113066516;-0,23456289811775008;-0,23796155878454384;0,0019468989033733244;198
8,744278383255004;0,10079536617391653;0,03018498420715332;0,0011732290437280275;10;10;200;{'model__max_depth': 10, 'model__min_samples_split': 10, 'model__n_estimators': 200};-0,2379871175366616;-0,23816878056556465;-0,23584603868312934;-0,23998437490175448;-0,2331526263157892;-0,23702778760057988;0,002339956958104582;175
0,25865755081176756;0,0032339108886704957;0,0037603855133056642;0,0003773510256019064;11;2;5;{'model__max_depth': 11, 'model__min_samples_split': 2, 'model__n_estimators': 5};-0,26261620742346686;-0,2636999004427089;-0,2586726248243573;-0,25626871837510395;-0,2507159170680415;-0,25839467362673574;0,004680321015779866;558
0,5126697063446045;0,004589420461709871;0,00562138557434082;0,00048152713798598444;11;2;10;{'model__max_depth': 11, 'model__min_samples_split': 2, 'model__n_estimators': 10};-0,24983612866881183;-0,2511949296113327;-0,24654012162078118;-0,24859323657343563;-0,24302155621603824;-0,2478371945380799;0,0028535764451609828;518
0,7881398677825928;0,029814708019495477;0,005830001831054687;0,0004928822712990011;11;2;15;{'model__max_depth': 11, 'model__min_samples_split': 2, 'model__n_estimators': 15};-0,24401885610180105;-0,2484210189704603;-0,24092023033599547;-0,24443985063359772;-0,2414754800934052;-0,24385508722705196;0,002664297890736686;474
1,0896870613098144;0,01832269371193759;0,00654144287109375;0,0013037330338651755;11;2;20;{'model__max_depth': 11, 'model__min_samples_split': 2, 'model__n_estimators': 20};-0,24220104966371236;-0,2519096008927936;-0,2368567799395177;-0,2452190834393707;-0,23831497981351846;-0,24290029874978253;0,005377406553021421;435
1,3877947807312012;0,05880607099176865;0,008348655700683594;0,0014857380554726767;11;2;25;{'model__max_depth': 11, 'model__min_samples_split': 2, 'model__n_estimators': 25};-0,24030445074862367;-0,2480499835627961;-0,23570725197470135;-0,24415353560789912;-0,23729726094084128;-0,2411024965669723;0,004512244991030291;354
2,0806750774383547;0,02410759817402251;0,013910913467407226;0,010960675450899564;11;2;40;{'model__max_depth': 11, 'model__min_samples_split': 2, 'model__n_estimators': 40};-0,24031736509847504;-0,24859687486426527;-0,23643548922740304;-0,24246294862179157;-0,23734057840468106;-0,2410306512433232;0,004348336332298625;349
2,618852138519287;0,058033642683963674;0,010656023025512695;0,00073764224895254;11;2;50;{'model__max_depth': 11, 'model__min_samples_split': 2, 'model__n_estimators': 50};-0,24123975050799232;-0,24792126522030714;-0,23838269006572946;-0,24344972576224896;-0,23761819930568168;-0,24172232617239192;0,0037320412805233933;375
5,158134603500367;0,08706375426124915;0,020181655883789062;0,006087987998489029;11;2;100;{'model__max_depth': 11, 'model__min_samples_split': 2, 'model__n_estimators': 100};-0,24234312459179536;-0,24642678115119457;-0,2401296601947324;-0,24211549215054817;-0,23656166786296284;-0,24151534519024667;0,003213304849519226;366
10,183147287368774;0,07880291372326295;0,03170852661132813;0,0025336349553718423;11;2;200;{'model__max_depth': 11, 'model__min_samples_split': 2, 'model__n_estimators': 200};-0,24177273951385916;-0,24505223892599604;-0,23872759498812005;-0,24341874017532555;-0,2372031821752574;-0,2412348991557116;0,0029041980914152783;357
0,2503348827362061;0,006922277625361183;0,004320478439331055;0,0008139990550200058;11;5;5;{'model__max_depth': 11, 'model__min_samples_split': 5, 'model__n_estimators': 5};-0,25263792332333507;-0,26377016494517563;-0,2581203924547875;-0,25392936571923874;-0,2507743368519845;-0,2558464366589043;0,004640091813313154;547
0,49870123863220217;0,01880068566290186;0,003920555114746094;0,0002063883206065692;11;5;10;{'model__max_depth': 11, 'model__min_samples_split': 5, 'model__n_estimators': 10};-0,24136292692784145;-0,24941725136458645;-0,2391449205759015;-0,24869247762682875;-0,24019802584298072;-0,24376312046762777;0,0043832945863578115;470
0,7189122676849365;0,007691955945068957;0,00531620979309082;0,001335876846164186;11;5;15;{'model__max_depth': 11, 'model__min_samples_split': 5, 'model__n_estimators': 15};-0,24025564375783245;-0,24540260855638665;-0,23413430610926567;-0,2452045364949024;-0,23940294359153774;-0,24088000770198498;0,004176876978512808;340
0,9491905212402344;0,009840747074335163;0,006830167770385742;0,0006040417284049971;11;5;20;{'model__max_depth': 11, 'model__min_samples_split': 5, 'model__n_estimators': 20};-0,24050830691855166;-0,24770917577481366;-0,23248017277666438;-0,2465569929950572;-0,23743737968156525;-0,24093840562933044;0,005681473803990113;343
1,193939208984375;0,017746620531394173;0,00673069953918457;0,0008144874272911939;11;5;25;{'model__max_depth': 11, 'model__min_samples_split': 5, 'model__n_estimators': 25};-0,2391066741863691;-0,24464924506013153;-0,23360077249163805;-0,24471354588667563;-0,23686213189271396;-0,23978647390350566;0,004363470807908127;305
1,8781464576721192;0,016413331610698353;0,008991479873657227;0,0009064041875156477;11;5;40;{'model__max_depth': 11, 'model__min_samples_split': 5, 'model__n_estimators': 40};-0,24018036480916075;-0,24578641417615354;-0,23490449284284748;-0,24281940182387016;-0,23720561944528953;-0,2401792586194643;0,003874951218704359;319
2,347914457321167;0,016668954604680254;0,010091543197631836;0,0003910392072975345;11;5;50;{'model__max_depth': 11, 'model__min_samples_split': 5, 'model__n_estimators': 50};-0,24176410467117807;-0,24511563527369037;-0,2374464577407322;-0,24318569320946418;-0,23738387420925244;-0,24097915302086345;0,0030984325004968097;347
4,6690106868743895;0,020674565809362035;0,017003822326660156;0,000817858180235041;11;5;100;{'model__max_depth': 11, 'model__min_samples_split': 5, 'model__n_estimators': 100};-0,24194522143971262;-0,24474649520857475;-0,2401343216110107;-0,24072464317528555;-0,23603308577524149;-0,24071675344196503;0,002829274968077901;339
9,391501903533936;0,04398844614155678;0,029314279556274414;0,001328570866170059;11;5;200;{'model__max_depth': 11, 'model__min_samples_split': 5, 'model__n_estimators': 200};-0,24156494447289845;-0,24342109896338224;-0,23824674825828418;-0,24200210937433414;-0,23656993256062553;-0,24036096672590493;0,0025435872577814593;325
0,22854342460632324;0,002711827035447459;0,0036404609680175783;0,00041527666800771204;11;10;5;{'model__max_depth': 11, 'model__min_samples_split': 10, 'model__n_estimators': 5};-0,2537263307876498;-0,25194250502176535;-0,2527389689001789;-0,25436978317315284;-0,2463485715123613;-0,2518252318790216;0,002861167434962248;532
0,446045446395874;0,004632618086089218;0,004911375045776367;0,0011179090826937187;11;10;10;{'model__max_depth': 11, 'model__min_samples_split': 10, 'model__n_estimators': 10};-0,24185683896119956;-0,24319923969263277;-0,23496766074360176;-0,2460885378760546;-0,23956517223209317;-0,24113548990111636;0,003736846424685943;355
0,6586594581604004;0,011501426141682721;0,005313968658447266;0,0012510621647152977;11;10;15;{'model__max_depth': 11, 'model__min_samples_split': 10, 'model__n_estimators': 15};-0,23888240879053463;-0,23981731728922465;-0,23025444957380445;-0,24405921472622377;-0,2373024348444047;-0,23806316504483843;0,004500123774706785;199
0,8772770881652832;0,017070083614610283;0,006096410751342774;0,0005845178804457961;11;10;20;{'model__max_depth': 11, 'model__min_samples_split': 10, 'model__n_estimators': 20};-0,23797726929306945;-0,24254441158247822;-0,22964603690795138;-0,24373719277985753;-0,23576122063954894;-0,2379332262405811;0,005066480297062385;197
1,0971223354339599;0,012405872616773563;0,006467866897583008;0,0005216881249208458;11;10;25;{'model__max_depth': 11, 'model__min_samples_split': 10, 'model__n_estimators': 25};-0,23721859063259979;-0,2388780883600526;-0,2302815887957021;-0,24180237787055422;-0,2364573578871377;-0,2369276007092093;0,003795869656628546;171
1,7591462135314941;0,046681486588240236;0,009912919998168946;0,000509671883952109;11;10;40;{'model__max_depth': 11, 'model__min_samples_split': 10, 'model__n_estimators': 40};-0,238909452587477;-0,24060950490930771;-0,23263651076893654;-0,24286116348410788;-0,2363331541854642;-0,2382699571870587;0,003534078029323621;205
2,1648535251617433;0,015150636562343023;0,010052871704101563;0,00021820739422329278;11;10;50;{'model__max_depth': 11, 'model__min_samples_split': 10, 'model__n_estimators': 50};-0,23954224043890976;-0,23980824979944348;-0,23544294700576995;-0,24252896076763766;-0,23661272057696162;-0,23878702371774446;0,002511007411172728;229
4,327865982055664;0,020869452258821704;0,016318035125732423;0,0003905318275268875;11;10;100;{'model__max_depth': 11, 'model__min_samples_split': 10, 'model__n_estimators': 100};-0,23933123068799894;-0,23990902821955504;-0,23822131354905374;-0,2407561700278197;-0,23469954777809296;-0,23858345805250405;0,0021096390767572516;216
8,871485090255737;0,24846642615142384;0,02925982475280762;0,0008812597744374464;11;10;200;{'model__max_depth': 11, 'model__min_samples_split': 10, 'model__n_estimators': 200};-0,2387086971987369;-0,23926204281278182;-0,23693501111291976;-0,24053370616681907;-0,23350901093684184;-0,23778969364561992;0,0024329698313836985;194
0,2700614929199219;0,0030763653127474054;0,004315519332885742;0,0006131423462052759;12;2;5;{'model__max_depth': 12, 'model__min_samples_split': 2, 'model__n_estimators': 5};-0,25870864656144715;-0,27270787933979024;-0,2565775082983248;-0,2513295457644183;-0,2523967369959078;-0,2583440633919777;0,007670032531583376;557
0,5312797546386718;0,004825909512239242;0,005248117446899414;0,0007223180424932445;12;2;10;{'model__max_depth': 12, 'model__min_samples_split': 2, 'model__n_estimators': 10};-0,25109982319422647;-0,2573524509383109;-0,2421547240513977;-0,25001735447008777;-0,2432204818597409;-0,24876896690275277;0,005571381436011863;520
0,7976766586303711;0,010409909628291702;0,005644845962524414;0,0007144650443970529;12;2;15;{'model__max_depth': 12, 'model__min_samples_split': 2, 'model__n_estimators': 15};-0,2458235796222769;-0,2516341086200329;-0,2392142790933896;-0,24742990606021154;-0,2405914288327214;-0,24493866044572649;0,004549403861598433;498
1,0636967658996581;0,013100132400145487;0,006467580795288086;0,0006756201182670407;12;2;20;{'model__max_depth': 12, 'model__min_samples_split': 2, 'model__n_estimators': 20};-0,2447801537749459;-0,2527282355685201;-0,23701865897319713;-0,24954853531980326;-0,23746033773891462;-0,2443071842750762;0,006302562564141044;488
1,329793882369995;0,02099865277069843;0,007455635070800781;0,0005875367847939318;12;2;25;{'model__max_depth': 12, 'model__min_samples_split': 2, 'model__n_estimators': 25};-0,24302494968991847;-0,24876839698166436;-0,23802241400442226;-0,24662972251059986;-0,2373301741130667;-0,24275513145993433;0,004540339120616392;425
2,146659326553345;0,08035522297279503;0,009429216384887695;0,000597364970014944;12;2;40;{'model__max_depth': 12, 'model__min_samples_split': 2, 'model__n_estimators': 40};-0,24262391752284773;-0,24989861386544707;-0,2396045607856411;-0,24463894660978902;-0,2374901065108786;-0,2428512290589207;0,0042940826037517945;433
2,8123029232025147;0,20035573088761102;0,01062469482421875;0,000769823508798658;12;2;50;{'model__max_depth': 12, 'model__min_samples_split': 2, 'model__n_estimators': 50};-0,24306980226122743;-0,24941554066850424;-0,2412295669476735;-0,24490629166980382;-0,2378635675340279;-0,24329695381624736;0,0038438118107058956;456
5,318071174621582;0,08984290609673737;0,017624044418334962;0,0007004018438905262;12;2;100;{'model__max_depth': 12, 'model__min_samples_split': 2, 'model__n_estimators': 100};-0,24366661568401005;-0,24828803408443126;-0,24236456755293795;-0,24330174344922803;-0,23736785344160957;-0,2429977628424434;0,0034820555504766343;442
10,519514799118042;0,06885375349801615;0,030893754959106446;0,0011321404916980467;12;2;200;{'model__max_depth': 12, 'model__min_samples_split': 2, 'model__n_estimators': 200};-0,24260560938426728;-0,24650275186595555;-0,2407038992201333;-0,2440519059544781;-0,23789310102771438;-0,2423514534905097;0,002925089870717679;409
0,25061721801757814;0,004166752001558535;0,004256820678710938;0,0007703393887229315;12;5;5;{'model__max_depth': 12, 'model__min_samples_split': 5, 'model__n_estimators': 5};-0,25532714775262855;-0,263998837207046;-0,25549865159571433;-0,25451616601825816;-0,24803209370219767;-0,2554745792551689;0,0050792605031545965;546
0,4968924045562744;0,0063962921211823285;0,005461835861206054;0,0005993607614303207;12;5;10;{'model__max_depth': 12, 'model__min_samples_split': 5, 'model__n_estimators': 10};-0,24298771915425432;-0,24956166467555074;-0,23672153413571265;-0,2476585347225339;-0,2399812700591129;-0,2433821445494329;0,004744665039311418;458
0,7367451190948486;0,014409384206209104;0,005532121658325196;0,0005498308680051487;12;5;15;{'model__max_depth': 12, 'model__min_samples_split': 5, 'model__n_estimators': 15};-0,2396269776592332;-0,24542444041678613;-0,23457100073377404;-0,24648618700763583;-0,24062230159926487;-0,2413461814833388;0,00429964163117593;360
0,9792195796966553;0,011998532645799451;0,006167554855346679;0,00043772073584327244;12;5;20;{'model__max_depth': 12, 'model__min_samples_split': 5, 'model__n_estimators': 20};-0,23906234713243704;-0,24691452485978874;-0,23294135503891472;-0,24722089896933427;-0,23832348786693835;-0,24089252277348266;0,00546778576710994;342
1,217226266860962;0,01005948279305916;0,006513166427612305;0,0006870987905982675;12;5;25;{'model__max_depth': 12, 'model__min_samples_split': 5, 'model__n_estimators': 25};-0,23898442925198418;-0,24415944205757162;-0,2349044531803995;-0,24505554263690818;-0,23775284598097227;-0,24017134262156717;0,0038667392111251422;318
1,9366055011749268;0,01609629421228286;0,009404230117797851;0,000391793604320004;12;5;40;{'model__max_depth': 12, 'model__min_samples_split': 5, 'model__n_estimators': 40};-0,23951315541951318;-0,24608835171681512;-0,23583917873847207;-0,24512920958395681;-0,2386047972209309;-0,2410349385359376;0,003937445129233193;350
2,4118568897247314;0,018401529159741737;0,010658359527587891;0,0007535897487539121;12;5;50;{'model__max_depth': 12, 'model__min_samples_split': 5, 'model__n_estimators': 50};-0,24023664844273668;-0,24528404667445242;-0,23801170052871212;-0,24489651444652974;-0,23877463407331947;-0,2414407088331501;0,0030669089389978844;362
4,867872858047486;0,06955296602607615;0,01651458740234375;0,0005898272187803095;12;5;100;{'model__max_depth': 12, 'model__min_samples_split': 5, 'model__n_estimators': 100};-0,24097437812889658;-0,24521392288324118;-0,24062771500933658;-0,24176272148870387;-0,23750885688753323;-0,2412175188795423;0,0024669678006299096;356
9,67874035835266;0,030903455636060794;0,030002021789550783;0,0016450731138560805;12;5;200;{'model__max_depth': 12, 'model__min_samples_split': 5, 'model__n_estimators': 200};-0,2405867503615372;-0,24431885056217242;-0,23857187308036262;-0,2419448438804438;-0,23715437550691945;-0,2405153386782871;0,0025135003231334654;334
0,23205962181091308;0,0022082276365860006;0,003653860092163086;0,00032749579404369556;12;10;5;{'model__max_depth': 12, 'model__min_samples_split': 10, 'model__n_estimators': 5};-0,24796520474742278;-0,2554938755750296;-0,2535859618025987;-0,2526898597971298;-0,2451801736047457;-0,2509830151053853;0,003816193426047515;531
0,4572745800018311;0,009413002271824305;0,005061912536621094;0,0008770884333959048;12;10;10;{'model__max_depth': 12, 'model__min_samples_split': 10, 'model__n_estimators': 10};-0,23833717527920747;-0,2437812387615243;-0,23642712027709248;-0,2469390180805413;-0,23982073222483252;-0,24106105692463958;0,003804763383149089;352
0,7246009826660156;0,054662404465515145;0,006280660629272461;0,0007594170618624236;12;10;15;{'model__max_depth': 12, 'model__min_samples_split': 10, 'model__n_estimators': 15};-0,23755679328462337;-0,24045319181457167;-0,23366268770531198;-0,2446461866440283;-0,23717568229473088;-0,2386989083486532;0,0036724866888984747;222
0,8992169857025146;0,020390068956725918;0,006176376342773437;0,0008949218833736916;12;10;20;{'model__max_depth': 12, 'model__min_samples_split': 10, 'model__n_estimators': 20};-0,2373352241718433;-0,24312234239113664;-0,2318543526100979;-0,2452926059004338;-0,2350995296624759;-0,2385408109471975;0,004991627929034837;215
1,121394968032837;0,0160147733759954;0,007144308090209961;0,0009731693102571625;12;10;25;{'model__max_depth': 12, 'model__min_samples_split': 10, 'model__n_estimators': 25};-0,23725173529454702;-0,24057864771105406;-0,23254588652346067;-0,24324187288245755;-0,23587255163716844;-0,23789813880973756;0,003712359552739173;196
1,7694904804229736;0,02342996476693503;0,009048652648925782;0,0006428902656931107;12;10;40;{'model__max_depth': 12, 'model__min_samples_split': 10, 'model__n_estimators': 40};-0,238730174274746;-0,2421470907501861;-0,2361305445728728;-0,242606585094107;-0,235045172805939;-0,23893191349957021;0,0030605782420451456;234
2,2035197734832765;0,017177560078588977;0,010044717788696289;0,0007050776725060756;12;10;50;{'model__max_depth': 12, 'model__min_samples_split': 10, 'model__n_estimators': 50};-0,2393665320525231;-0,24061557281525242;-0,23782943599432554;-0,2422881875363008;-0,23545067508518164;-0,23911008069671671;0,0023436696518142723;249
4,438362121582031;0,03431834265770716;0,016698551177978516;0,0009404895293363873;12;10;100;{'model__max_depth': 12, 'model__min_samples_split': 10, 'model__n_estimators': 100};-0,23952536144393466;-0,24094041797828225;-0,23991978740883477;-0,2405707924284062;-0,23438427038038334;-0,23906812592796825;0,0023931727275272965;243
8,846566104888916;0,09730896477335885;0,028984737396240235;0,0013589851847864238;12;10;200;{'model__max_depth': 12, 'model__min_samples_split': 10, 'model__n_estimators': 200};-0,23882474986969487;-0,23995058244122566;-0,23766194880116454;-0,24045516629068422;-0,2334370947804744;-0,2380659084366487;0,002507009723467081;200
0,2776608467102051;0,00501219192843222;0,0046883106231689455;0,0007577340857976353;13;2;5;{'model__max_depth': 13, 'model__min_samples_split': 2, 'model__n_estimators': 5};-0,2642410529372525;-0,269979283162545;-0,25740087916798593;-0,2510690264300156;-0,24654810585314949;-0,2578476695101897;0,0085074222172552;553
0,5524580478668213;0,01085194966931843;0,005364513397216797;0,0007027988590139753;13;2;10;{'model__max_depth': 13, 'model__min_samples_split': 2, 'model__n_estimators': 10};-0,2502652577261451;-0,25409098816388165;-0,24228417951450026;-0,24702450637737142;-0,2384578909947588;-0,2464245645553315;0,005558697348749417;514
0,8256333827972412;0,010396729584722462;0,0059430599212646484;0,0010751059826990036;13;2;15;{'model__max_depth': 13, 'model__min_samples_split': 2, 'model__n_estimators': 15};-0,24506668304786253;-0,24924175528078105;-0,24121108676539849;-0,24699230352449328;-0,23897808697899592;-0,24429798311950623;0,003744899711714604;487
1,0930943012237548;0,025734485724556663;0,006023979187011719;0,0008420543860944593;13;2;20;{'model__max_depth': 13, 'model__min_samples_split': 2, 'model__n_estimators': 20};-0,24149796185301411;-0,2525227081007894;-0,23852373725379367;-0,24809931738245236;-0,2368048118522009;-0,2434897072884501;0,005935643927203205;463
1,363765811920166;0,01736956376741747;0,007045125961303711;0,0006263086736340853;13;2;25;{'model__max_depth': 13, 'model__min_samples_split': 2, 'model__n_estimators': 25};-0,24171209335112626;-0,24985777381098587;-0,23935170794200358;-0,24656549113296872;-0,2363191896783606;-0,242761251183089;0,004879728449502423;426
2,205929231643677;0,033667263199590014;0,008762311935424805;0,0007278173063551684;13;2;40;{'model__max_depth': 13, 'model__min_samples_split': 2, 'model__n_estimators': 40};-0,24178837226769503;-0,25056705659517114;-0,24004018917995412;-0,24506037931253566;-0,23652350250061227;-0,24279589997119366;0,004763838075102488;429
2,78379545211792;0,05013716267656684;0,011400222778320312;0,0015469840607739138;13;2;50;{'model__max_depth': 13, 'model__min_samples_split': 2, 'model__n_estimators': 50};-0,24196627167326407;-0,24936224310787572;-0,24116999590195606;-0,24470291891350412;-0,23689684628761398;-0,2428196551768428;0,004120229202431565;430
5,475361394882202;0,07021772516924533;0,017631101608276366;0,0008562041911585088;13;2;100;{'model__max_depth': 13, 'model__min_samples_split': 2, 'model__n_estimators': 100};-0,24330008401610334;-0,24925898404869;-0,2412114255269355;-0,243409119619628;-0,2370901266440498;-0,2428539479710813;0,00393576565244815;434
10,991488981246949;0,14258330878248068;0,031345367431640625;0,0011581850216689647;13;2;200;{'model__max_depth': 13, 'model__min_samples_split': 2, 'model__n_estimators': 200};-0,24245879830908584;-0,24766842027797756;-0,2403208968409922;-0,24380347754499926;-0,23782223465548433;-0,24241476552570784;0,003316835060034532;415
0,2669116497039795;0,013896715288708643;0,004527378082275391;0,0007806101638536267;13;5;5;{'model__max_depth': 13, 'model__min_samples_split': 5, 'model__n_estimators': 5};-0,2602393203122973;-0,2632646761023092;-0,25807893061131726;-0,2540669737931012;-0,25083202932482707;-0,25729638602877036;0,004407056514419573;551
0,5099627017974854;0,008682478519549891;0,004822874069213867;0,0009381820903970574;13;5;10;{'model__max_depth': 13, 'model__min_samples_split': 5, 'model__n_estimators': 10};-0,2468142609884309;-0,25060582445661544;-0,23615994526768064;-0,24723935472006353;-0,23736143434358498;-0,2436361639552751;0,0057779845882126;466
0,787027645111084;0,03665792104164763;0,005638837814331055;0,0012432548808002945;13;5;15;{'model__max_depth': 13, 'model__min_samples_split': 5, 'model__n_estimators': 15};-0,24391931668033956;-0,24573449811013587;-0,23574170386769067;-0,24559889531000437;-0,23764686916013344;-0,2417282566256608;0,004203072599601353;377
1,001116895675659;0,014280959000584922;0,006613349914550782;0,0007353788095600112;13;5;20;{'model__max_depth': 13, 'model__min_samples_split': 5, 'model__n_estimators': 20};-0,24354195202103618;-0,24946697737808357;-0,23407188323832523;-0,2461565867509139;-0,2363455439173662;-0,24191658866114504;0,005834444315233409;385
1,2726539611816405;0,030995781552425543;0,007433128356933594;0,001027317072173431;13;5;25;{'model__max_depth': 13, 'model__min_samples_split': 5, 'model__n_estimators': 25};-0,24161218674459714;-0,24569923721928094;-0,23542032132311813;-0,24409689744225202;-0,23624554491148594;-0,2406148375281468;0,004124179518364593;338
2,0296793937683106;0,05053883823614372;0,010585546493530273;0,0015339469104494227;13;5;40;{'model__max_depth': 13, 'model__min_samples_split': 5, 'model__n_estimators': 40};-0,24126744286692084;-0,24815828503075105;-0,237991768615445;-0,24330954684102454;-0,23770204788190702;-0,2416858182472097;0,0038528116428046327;374
2,497893190383911;0,05309708743116359;0,011475944519042968;0,0008031086516719999;13;5;50;{'model__max_depth': 13, 'model__min_samples_split': 5, 'model__n_estimators': 50};-0,2419300907259018;-0,24673991840220427;-0,23989654971200342;-0,2442157939938028;-0,237926963830697;-0,24214186333292184;0,0031078918100061683;395
4,975911951065063;0,05303779732083917;0,017070722579956055;0,001551825190526946;13;5;100;{'model__max_depth': 13, 'model__min_samples_split': 5, 'model__n_estimators': 100};-0,24217896759671026;-0,24681326894607905;-0,24206874402390335;-0,24106819820339;-0,23708073951953706;-0,24184198365792392;0,0031031224767894086;381
10,082074499130249;0,47468179669330307;0,03112635612487793;0,002502493044601005;13;5;200;{'model__max_depth': 13, 'model__min_samples_split': 5, 'model__n_estimators': 200};-0,24165577425637147;-0,24531968944812804;-0,23967606963007024;-0,24164622501085523;-0,23685308951017256;-0,2410301695711195;0,002773174022242336;348
0,23221077919006347;0,0038835714826726177;0,004427337646484375;0,0004991360822889929;13;10;5;{'model__max_depth': 13, 'model__min_samples_split': 10, 'model__n_estimators': 5};-0,2535978679009611;-0,25270501414192187;-0,25559092631665076;-0,25330520921760874;-0,24741807496624396;-0,25252341850867727;0,002730302255114184;536
0,46039695739746095;0,008982799343433226;0,005320501327514648;0,000501908300929047;13;10;10;{'model__max_depth': 13, 'model__min_samples_split': 10, 'model__n_estimators': 10};-0,2414322677623326;-0,24343037502853765;-0,23798349410180542;-0,24677363138683667;-0,2390413217813871;-0,24173221801217987;0,0031522502977988577;378
0,6878067016601562;0,008361481963120738;0,0052317619323730465;0,00081931608060958;13;10;15;{'model__max_depth': 13, 'model__min_samples_split': 10, 'model__n_estimators': 15};-0,23919071130607444;-0,24066378465482266;-0,23540550763545504;-0,24516940757265648;-0,2366102128091844;-0,2394079247956386;0,003425363775108084;267
0,9120775699615479;0,01787584235341697;0,0068457603454589845;0,00040058576834635617;13;10;20;{'model__max_depth': 13, 'model__min_samples_split': 10, 'model__n_estimators': 20};-0,2389869260892951;-0,24262980979579166;-0,2329205766911769;-0,24549957706420764;-0,23505112399038033;-0,23901760272617034;0,0046469700304974685;242
1,1445888042449952;0,01774489325872489;0,006709480285644531;0,0009244974431121919;13;10;25;{'model__max_depth': 13, 'model__min_samples_split': 10, 'model__n_estimators': 25};-0,23800751929808545;-0,24022298182804103;-0,23395672564746547;-0,24388929336292658;-0,23548288695573816;-0,23831188141845133;0,0035163349252833116;207
2,015346622467041;0,183939421492807;0,010715675354003907;0,0027750054907791743;13;10;40;{'model__max_depth': 13, 'model__min_samples_split': 10, 'model__n_estimators': 40};-0,2394722270961334;-0,24231309928927838;-0,23547009072735103;-0,2432163930016916;-0,2354072595849969;-0,23917581393989024;0,0032921447638609254;254
2,6113633155822753;0,24759916305145907;0,013064241409301758;0,004091602398599986;13;10;50;{'model__max_depth': 13, 'model__min_samples_split': 10, 'model__n_estimators': 50};-0,23977491309855253;-0,24114678645885698;-0,23778223019888864;-0,24267969211013177;-0,23571468404244936;-0,23941966118177588;0,0024554023347546985;271
4,973182201385498;0,5764278670656081;0,0175048828125;0,0012196971838865118;13;10;100;{'model__max_depth': 13, 'model__min_samples_split': 10, 'model__n_estimators': 100};-0,240345683340948;-0,2412355025507022;-0,23986609817726423;-0,24121260352285706;-0,23437305573766393;-0,2394065886658871;0,0025704519914188794;265
9,363712549209595;0,3988970558464147;0,029079198837280273;0,0010552736084133815;13;10;200;{'model__max_depth': 13, 'model__min_samples_split': 10, 'model__n_estimators': 200};-0,2393614400701377;-0,2404952677671081;-0,23762758401222367;-0,24049513110984258;-0,23366297742510175;-0,23832848007688273;0,002557910171528056;208
0,30745887756347656;0,02632886720826285;0,004767847061157226;0,0005559187230489379;14;2;5;{'model__max_depth': 14, 'model__min_samples_split': 2, 'model__n_estimators': 5};-0,2616242500007893;-0,2700885365274172;-0,262970552620447;-0,24848885835072407;-0,2527140896593674;-0,25917725743174896;0,00768696669817569;560
0,6306963443756104;0,06605280452465985;0,005940389633178711;0,0002188097287548708;14;2;10;{'model__max_depth': 14, 'model__min_samples_split': 2, 'model__n_estimators': 10};-0,2513531793664958;-0,25419304410147625;-0,24096660360012293;-0,24751177990879536;-0,24057182367189042;-0,24691928612975614;0,00545238887271961;516
0,8737659931182862;0,03980871158647563;0,005533933639526367;0,0008486549293889053;14;2;15;{'model__max_depth': 14, 'model__min_samples_split': 2, 'model__n_estimators': 15};-0,2449750403815605;-0,2477788881689326;-0,2384442164227984;-0,2457955827182692;-0,24025645914847293;-0,24345003736800672;0,003516343317081813;462
1,1494874477386474;0,03659135976490774;0,0064370155334472655;0,0009633558041809239;14;2;20;{'model__max_depth': 14, 'model__min_samples_split': 2, 'model__n_estimators': 20};-0,24579164984505092;-0,25109523434761166;-0,23536928702887025;-0,24708301192727028;-0,2359883778651698;-0,24306551220279457;0,0062827745553089755;448
1,3889170646667481;0,015142703855586161;0,007233428955078125;0,0008670079142612512;14;2;25;{'model__max_depth': 14, 'model__min_samples_split': 2, 'model__n_estimators': 25};-0,2448867892821516;-0,24753948859231106;-0,23706600276315246;-0,2458998946672802;-0,23635572715377817;-0,2423495804917347;0,004686571811774131;408
2,205325984954834;0,029601081328318846;0,008747625350952148;0,0006092138676700336;14;2;40;{'model__max_depth': 14, 'model__min_samples_split': 2, 'model__n_estimators': 40};-0,24255094725722942;-0,24986274811672224;-0,23801371167710614;-0,24478843295922928;-0,23595327880020456;-0,24223382376209832;0,004941288765050478;399
2,761738109588623;0,03640755365409768;0,010161638259887695;0,0004902787858473793;14;2;50;{'model__max_depth': 14, 'model__min_samples_split': 2, 'model__n_estimators': 50};-0,24233251861021254;-0,2488602616388457;-0,23926290268854108;-0,24511171148799182;-0,23751087737178142;-0,2426156543594745;0,004064610165217217;421
5,540675640106201;0,03188668170429414;0,01811385154724121;0,0003437239236933382;14;2;100;{'model__max_depth': 14, 'model__min_samples_split': 2, 'model__n_estimators': 100};-0,2421170811650994;-0,2498208525500884;-0,2413401761772542;-0,24389173715353488;-0,23799698697814967;-0,24303336680482532;0,003895596437802597;444
11,050579977035522;0,04925541038640686;0,03219947814941406;0,0012892042340712203;14;2;200;{'model__max_depth': 14, 'model__min_samples_split': 2, 'model__n_estimators': 200};-0,24181812494877575;-0,24777957124674244;-0,23980141516011586;-0,24457736634186927;-0,23842267613307336;-0,24247983076611535;0,003363307096211334;416
0,264963436126709;0,013321112411930632;0,004426813125610352;0,0008156549100898141;14;5;5;{'model__max_depth': 14, 'model__min_samples_split': 5, 'model__n_estimators': 5};-0,25738808206290725;-0,27045220498321626;-0,2533689106911736;-0,2535609685040413;-0,25010646814222065;-0,2569753268767118;0,00712238599706647;548
0,5109292030334472;0,007863245264599753;0,005572700500488281;0,00044309140973337256;14;5;10;{'model__max_depth': 14, 'model__min_samples_split': 5, 'model__n_estimators': 10};-0,24548629419786935;-0,2551692281757346;-0,2357335296913381;-0,2500095942344814;-0,23859151880100857;-0,2449980330200864;0,007150969193686612;501
0,7635565280914307;0,010040422631506915;0,006126260757446289;0,0003559037483237363;14;5;15;{'model__max_depth': 14, 'model__min_samples_split': 5, 'model__n_estimators': 15};-0,24228705291800146;-0,25062823827727326;-0,23542195577720612;-0,24823347096994278;-0,23958665964741085;-0,2432314755179669;0,005565919028839062;453
1,0080838680267334;0,01826435026433885;0,0061852455139160155;0,0006835542308451493;14;5;20;{'model__max_depth': 14, 'model__min_samples_split': 5, 'model__n_estimators': 20};-0,24191417383572225;-0,2525601936919023;-0,23432363136184362;-0,2483689423291553;-0,2376552052843214;-0,24296442930058898;0,0067118066203394255;439
1,2577037334442138;0,023650517035995862;0,006903457641601563;0,0007751687595309478;14;5;25;{'model__max_depth': 14, 'model__min_samples_split': 5, 'model__n_estimators': 25};-0,24001115404840473;-0,24728384242107881;-0,23558982222401073;-0,245591128505046;-0,23699906258521047;-0,24109500195675015;0,004621154612101201;353
2,0046957969665526;0,01736735026673982;0,008742427825927735;0,0007614876911969985;14;5;40;{'model__max_depth': 14, 'model__min_samples_split': 5, 'model__n_estimators': 40};-0,24155249754029448;-0,24903507293399849;-0,23703689111467466;-0,24555272609929232;-0,23766318819526194;-0,2421680751767044;0,0045959441355809165;397
2,519755983352661;0,01698394804129439;0,010254955291748047;0,000670623965773269;14;5;50;{'model__max_depth': 14, 'model__min_samples_split': 5, 'model__n_estimators': 50};-0,24164012854479355;-0,24717306604600464;-0,2384502097246402;-0,2463542849375707;-0,23817899417603455;-0,24235933668580872;0,0038054014068197944;411
4,979482650756836;0,025928587135612136;0,018427324295043946;0,0014818239847208298;14;5;100;{'model__max_depth': 14, 'model__min_samples_split': 5, 'model__n_estimators': 100};-0,2419374231436924;-0,24610918152919414;-0,24075488414138285;-0,24396201023038736;-0,2371236150643233;-0,241977422821796;0,0030353144069225034;387
9,903886651992797;0,07278436310424335;0,03063626289367676;0,0008243505488973221;14;5;200;{'model__max_depth': 14, 'model__min_samples_split': 5, 'model__n_estimators': 200};-0,24192089259471228;-0,24482068879240612;-0,23934543296918975;-0,24354733784450666;-0,236918932881815;-0,241310657016526;0,0028581391878794295;359
0,23357300758361815;0,004345862194600536;0,005118799209594726;0,0009209576311596453;14;10;5;{'model__max_depth': 14, 'model__min_samples_split': 10, 'model__n_estimators': 5};-0,25249429715986227;-0,25495557498613447;-0,25541863468199283;-0,25083696040245657;-0,24888633394683626;-0,2525183602354565;0,002464585441708266;535
0,46446075439453127;0,009890128681527175;0,004983091354370117;0,0005435727474868513;14;10;10;{'model__max_depth': 14, 'model__min_samples_split': 10, 'model__n_estimators': 10};-0,24188690658583262;-0,24545854907255668;-0,23744120237174346;-0,2464821177180569;-0,24007229275072642;-0,2422682136997832;0,003352692325778571;401
0,6937856674194336;0,01075238094532966;0,005416297912597656;0,0009728049116574179;14;10;15;{'model__max_depth': 14, 'model__min_samples_split': 10, 'model__n_estimators': 15};-0,24025439026744425;-0,240929154691057;-0,23385215138754756;-0,24496963094403656;-0,23752933161309908;-0,23950693178063692;0,0036962126038133894;275
0,9221570014953613;0,01904581955584305;0,0063153266906738285;0,0003947472618334509;14;10;20;{'model__max_depth': 14, 'model__min_samples_split': 10, 'model__n_estimators': 20};-0,2396009373572427;-0,2420847004453063;-0,23278610238738917;-0,24466235287777346;-0,23639125177740028;-0,2391050689690224;0,0041785556366932056;248
1,153489112854004;0,025339023931670077;0,006936120986938477;0,0009840970469577944;14;10;25;{'model__max_depth': 14, 'model__min_samples_split': 10, 'model__n_estimators': 25};-0,2380892233707481;-0,23882815836371643;-0,23408358582087258;-0,243086786720306;-0,23714802716774563;-0,23824715628867774;0,002909568105316243;204
1,804038906097412;0,020251807283506045;0,008653879165649414;0,0007254237324737266;14;10;40;{'model__max_depth': 14, 'model__min_samples_split': 10, 'model__n_estimators': 40};-0,2390951965047857;-0,24101750937030172;-0,23581000211616512;-0,2433639174176427;-0,2361644949605071;-0,2390902240738805;0,0028739747762326247;247
2,2583922386169433;0,04291920268690197;0,010384750366210938;0,0011819945759346975;14;10;50;{'model__max_depth': 14, 'model__min_samples_split': 10, 'model__n_estimators': 50};-0,23909699354974268;-0,24037695763505865;-0,23780930050762383;-0,24285379448795877;-0,23646313961961746;-0,23932003716000025;0,0021953796475622928;262
4,513561487197876;0,04239694821851296;0,01781611442565918;0,0012704066045668384;14;10;100;{'model__max_depth': 14, 'model__min_samples_split': 10, 'model__n_estimators': 100};-0,23926083319748967;-0,2411989625857631;-0,23986929596906809;-0,24121754231940404;-0,2346667117885573;-0,23924266917205644;0,0024107917752796454;258
9,067632007598878;0,11010920410423454;0,028842592239379884;0,0006755365096501173;14;10;200;{'model__max_depth': 14, 'model__min_samples_split': 10, 'model__n_estimators': 200};-0,23883944813576505;-0,2407610846409137;-0,23791494232399468;-0,24064237749782713;-0,23396037726342486;-0,23842364597238505;0,0024794687947406724;213
0,30273990631103515;0,014724890441697018;0,004557943344116211;0,0007123715679080149;15;2;5;{'model__max_depth': 15, 'model__min_samples_split': 2, 'model__n_estimators': 5};-0,26123461259209574;-0,27009247110964973;-0,26067573594815446;-0,2527468090147494;-0,25391485541449316;-0,25973289681582845;0,006214819449724591;561
0,5698946952819824;0,007593969356451563;0,0047661781311035155;0,0008127135419893885;15;2;10;{'model__max_depth': 15, 'model__min_samples_split': 2, 'model__n_estimators': 10};-0,2516063129354238;-0,25521142677064823;-0,2428999179143424;-0,2501200707606203;-0,24418941783676226;-0,2488054292435594;0,0046215292157032175;521
0,8568014144897461;0,01609643629090763;0,005873918533325195;0,0006599379240265344;15;2;15;{'model__max_depth': 15, 'model__min_samples_split': 2, 'model__n_estimators': 15};-0,2465528781383994;-0,24989393382102737;-0,2394309006148745;-0,24730237341399472;-0,24179797881163176;-0,24499561295998556;0,0038191793232669282;500
1,1311999320983888;0,01865792679192854;0,006555509567260742;0,000521830538697859;15;2;20;{'model__max_depth': 15, 'model__min_samples_split': 2, 'model__n_estimators': 20};-0,24676251367627874;-0,2514142542685424;-0,2375628383132946;-0,24684209644507465;-0,2387234220016116;-0,24426102494096041;0,0052842940158204675;486
1,4188393592834472;0,019463214774253706;0,0067828655242919925;0,0008766238511774251;15;2;25;{'model__max_depth': 15, 'model__min_samples_split': 2, 'model__n_estimators': 25};-0,24556369742185033;-0,248856755620514;-0,23898061485051458;-0,2456901834167115;-0,23774985578231916;-0,24336822141838194;0,004269724906978183;457
2,2400253772735597;0,03138931285270288;0,010428524017333985;0,0008912821816427735;15;2;40;{'model__max_depth': 15, 'model__min_samples_split': 2, 'model__n_estimators': 40};-0,24367645757608106;-0,24946172971360983;-0,2391068040464616;-0,2455977921627195;-0,23855252017262202;-0,2432790607342988;0,004086752915093291;455
2,806520366668701;0,029981795593278553;0,011263561248779298;0,0008441075485021884;15;2;50;{'model__max_depth': 15, 'model__min_samples_split': 2, 'model__n_estimators': 50};-0,24305941965922614;-0,24937228251367932;-0,24102818301239406;-0,24599507324144115;-0,2395828200721769;-0,2438075556997835;0,003518079837130101;472
5,593233680725097;0,024788099816710953;0,017756175994873048;0,0004229000286486108;15;2;100;{'model__max_depth': 15, 'model__min_samples_split': 2, 'model__n_estimators': 100};-0,2431873415203848;-0,24995348561061573;-0,24294487078697335;-0,24403846688639103;-0,2395306457081083;-0,24393096210249463;0,003381433977111508;479
11,191027212142945;0,07443865769245506;0,03117203712463379;0,0009663287661539438;15;2;200;{'model__max_depth': 15, 'model__min_samples_split': 2, 'model__n_estimators': 200};-0,2423483757885306;-0,24791209931881478;-0,24093671165598196;-0,24475678488311534;-0,23883862816263296;-0,2429585199618151;0,003137043141175123;438
0,2639057159423828;0,006363525974137066;0,0042098045349121095;0,0002464142187925076;15;5;5;{'model__max_depth': 15, 'model__min_samples_split': 5, 'model__n_estimators': 5};-0,2627199202526729;-0,26277426780644564;-0,2555283505529772;-0,2569487985039563;-0,25499151345656473;-0,25859257011452336;0,0034519748096533847;559
0,5179421901702881;0,008861096560985125;0,005323362350463867;0,0006827558577547063;15;5;10;{'model__max_depth': 15, 'model__min_samples_split': 5, 'model__n_estimators': 10};-0,24692178300402182;-0,24976833794337644;-0,2370798992771243;-0,24832504087907084;-0,23989359754353384;-0,24439773172942542;0,004989506982928837;489
0,7714235305786132;0,016990530772335893;0,005683231353759766;0,00032460846359456936;15;5;15;{'model__max_depth': 15, 'model__min_samples_split': 5, 'model__n_estimators': 15};-0,24248479639328202;-0,24487174977313414;-0,23585042960181007;-0,24722457656201727;-0,2402145976547623;-0,24212922999700118;0,003916619721414497;394
1,0267240047454833;0,021009441333091614;0,0064888477325439455;0,0006082239619330445;15;5;20;{'model__max_depth': 15, 'model__min_samples_split': 5, 'model__n_estimators': 20};-0,24180299630771634;-0,24870218494773239;-0,23294589227889914;-0,24764292594927045;-0,23758211095385373;-0,24173522208749443;0,0059656480005433965;379
1,2801671028137207;0,025729569858162257;0,0068130970001220705;0,0008863081866997734;15;5;25;{'model__max_depth': 15, 'model__min_samples_split': 5, 'model__n_estimators': 25};-0,24058094124425067;-0,2457272947866798;-0,23561065362050293;-0,2456211368613732;-0,23722455840182083;-0,24095291698292548;0,004175302665423383;345
2,0182861328125;0,028701398074511927;0,008381509780883789;0,0008834305368920093;15;5;40;{'model__max_depth': 15, 'model__min_samples_split': 5, 'model__n_estimators': 40};-0,24082135296670695;-0,2487286724508014;-0,2367295307710415;-0,2448860589351506;-0,23744778682955409;-0,24172268039065092;0,00454113505129189;376
2,523238182067871;0,0291536613554352;0,010270977020263672;0,00038682729615084426;15;5;50;{'model__max_depth': 15, 'model__min_samples_split': 5, 'model__n_estimators': 50};-0,24122312553593656;-0,24724145096739542;-0,23953528174387467;-0,24498041399870396;-0,23766442511389277;-0,2421289394719607;0,003514203423769559;393
5,039830493927002;0,041158355022324365;0,017075061798095703;0,0008084754963511787;15;5;100;{'model__max_depth': 15, 'model__min_samples_split': 5, 'model__n_estimators': 100};-0,2412882344151004;-0,24668123622231458;-0,2428778682490008;-0,24196377091038715;-0,23645107340231206;-0,24185243663982298;0,0032825069592215803;383
9,987309455871582;0,08087251367389409;0,030473041534423827;0,0006875378287689563;15;5;200;{'model__max_depth': 15, 'model__min_samples_split': 5, 'model__n_estimators': 200};-0,2410164037834314;-0,2454675929832434;-0,240410206003721;-0,2423060208020578;-0,23713483942825503;-0,24126701260014172;0,0027054090649545233;358
0,235831880569458;0,0036348363388215084;0,004459857940673828;0,0006830478834641685;15;10;5;{'model__max_depth': 15, 'model__min_samples_split': 10, 'model__n_estimators': 5};-0,2533524563447684;-0,2564645835100123;-0,2584439033887303;-0,25231015106384674;-0,24898193434336222;-0,253910605730144;0,003293580959246463;538
0,46625919342041017;0,011793698031884325;0,005601692199707031;0,0009584410558278625;15;10;10;{'model__max_depth': 15, 'model__min_samples_split': 10, 'model__n_estimators': 10};-0,24314817430078775;-0,24511268239615278;-0,23920518889496126;-0,2456223224013814;-0,241114838886335;-0,24284064137592365;0,0024161707389701156;432
0,6943148612976074;0,014705202599969951;0,005912351608276367;0,00037577186666385397;15;10;15;{'model__max_depth': 15, 'model__min_samples_split': 10, 'model__n_estimators': 15};-0,24114830826039632;-0,24254573957988196;-0,23532140590837697;-0,2441053526668577;-0,2372935403904297;-0,24008286936118856;0,0032812543950761874;316
0,9215049266815185;0,025629768890161927;0,007324695587158203;0,0007507690893451027;15;10;20;{'model__max_depth': 15, 'model__min_samples_split': 10, 'model__n_estimators': 20};-0,24021699127296536;-0,24323627514864302;-0,23355107501873784;-0,2436555396670271;-0,23672437389429207;-0,23947685100033306;0,003868681111866318;273
1,1513991355895996;0,01849391460786;0,006919431686401367;0,0009746504902961495;15;10;25;{'model__max_depth': 15, 'model__min_samples_split': 10, 'model__n_estimators': 25};-0,23819302663590414;-0,24029781546391718;-0,23420790643006592;-0,24159729148718748;-0,23693182664993923;-0,2382455733334028;0,0025875532021853984;203
1,8222697257995606;0,030019420502883604;0,009009790420532227;0,0010781212582464685;15;10;40;{'model__max_depth': 15, 'model__min_samples_split': 10, 'model__n_estimators': 40};-0,23955519537690464;-0,2420101243871802;-0,23599907367554937;-0,24248238538708516;-0,23672898765981026;-0,2393551532973059;0,0026468277332745327;264
2,2578556537628174;0,023169809940366774;0,009785079956054687;0,0004406623101198668;15;10;50;{'model__max_depth': 15, 'model__min_samples_split': 10, 'model__n_estimators': 50};-0,24017073848646428;-0,24107273953905298;-0,23821210513443944;-0,24192727006508533;-0,23667747127887123;-0,23961206490078263;0,0019171639783900182;285
4,720329523086548;0,26224849575873593;0,021217155456542968;0,005781055731310616;15;10;100;{'model__max_depth': 15, 'model__min_samples_split': 10, 'model__n_estimators': 100};-0,24043614764963023;-0,24118324123080118;-0,24021270048312823;-0,24041346004082095;-0,2345233133568011;-0,23935377255223633;0,0024377252634372915;263
9,653794860839843;0,4055875928859833;0,029087591171264648;0,0009922876705771857;15;10;200;{'model__max_depth': 15, 'model__min_samples_split': 10, 'model__n_estimators': 200};-0,2392673018297989;-0,24124479578206678;-0,23795841982663526;-0,24020550603634525;-0,23333690334741108;-0,23840258536445144;0,0027544449493622416;212
0,29430718421936036;0,0214038544894005;0,004535293579101563;0,0013902412483709579;16;2;5;{'model__max_depth': 16, 'model__min_samples_split': 2, 'model__n_estimators': 5};-0,26490241991617536;-0,26704007941031943;-0,26643635592051684;-0,25080086077652175;-0,2562091702834506;-0,2610777772613968;0,006453055864326279;562
0,5766292572021484;0,022042483255978473;0,00433201789855957;0,0005912121882183133;16;2;10;{'model__max_depth': 16, 'model__min_samples_split': 2, 'model__n_estimators': 10};-0,2516152933113357;-0,25438500081976373;-0,24663212046448887;-0,24680808671717422;-0,24371799084317697;-0,2486316984311879;0,003833294164869397;519
0,888370418548584;0,07895538878687532;0,005831861495971679;0,0002487583910566647;16;2;15;{'model__max_depth': 16, 'model__min_samples_split': 2, 'model__n_estimators': 15};-0,24521744679115934;-0,25026003022198534;-0,24220895674913137;-0,24842364681442775;-0,24269209035246858;-0,24576043418583446;0,0031515592067287933;510
1,2350892066955566;0,12963219524627467;0,005931949615478516;0,00037920573866114806;16;2;20;{'model__max_depth': 16, 'model__min_samples_split': 2, 'model__n_estimators': 20};-0,2442365113725423;-0,25345817499415074;-0,23957924045164447;-0,24818474133098992;-0,23958151361271057;-0,2450080363524076;0,0053105653626855575;502
1,4401309490203857;0,056349460232776934;0,0070724964141845705;0,0009794505611465116;16;2;25;{'model__max_depth': 16, 'model__min_samples_split': 2, 'model__n_estimators': 25};-0,2434535718912601;-0,24975482846884997;-0,24068600778700275;-0,24831924750207077;-0,2388061686292169;-0,2442039648556801;0,004238465612747753;484
2,2660136222839355;0,04874052311945137;0,009254789352416993;0,0006405377453626142;16;2;40;{'model__max_depth': 16, 'model__min_samples_split': 2, 'model__n_estimators': 40};-0,24162697417342877;-0,25090395285604017;-0,24160478191321627;-0,2459904619483627;-0,2389254743486226;-0,2438103290479341;0,004208699568734606;473
2,8134647369384767;0,03343519764512359;0,010782098770141602;0,0007287565266744484;16;2;50;{'model__max_depth': 16, 'model__min_samples_split': 2, 'model__n_estimators': 50};-0,24214153154541204;-0,2500284974285941;-0,24218041761897505;-0,24672841696493902;-0,23966726026974064;-0,2441492247655322;0,0037205676673350606;483
5,6211402893066404;0,04311578544311437;0,01807088851928711;0,0006837484118790469;16;2;100;{'model__max_depth': 16, 'model__min_samples_split': 2, 'model__n_estimators': 100};-0,2424153391125235;-0,24974502024486275;-0,24343324372227707;-0,24504714642926678;-0,23953827476166265;-0,24403580485411852;0,0033714898258594673;482
11,27681860923767;0,08138975083598098;0,0313751220703125;0,0003914394946562677;16;2;200;{'model__max_depth': 16, 'model__min_samples_split': 2, 'model__n_estimators': 200};-0,2417660010443556;-0,24853397049485043;-0,2410771854486964;-0,24482008557473872;-0,23920789531151523;-0,24308102757483127;0,003271230373651367;449
0,26400136947631836;0,005836335089447301;0,003955268859863281;0,00010521934588354951;16;5;5;{'model__max_depth': 16, 'model__min_samples_split': 5, 'model__n_estimators': 5};-0,2557050280293127;-0,26653349065257437;-0,2596412889376118;-0,25737968190365484;-0,2514084167861546;-0,25813358126186164;0,004990505635276651;555
0,5186861038208008;0,010192221575830204;0,0055602073669433595;0,0009058977054353786;16;5;10;{'model__max_depth': 16, 'model__min_samples_split': 5, 'model__n_estimators': 10};-0,24326976902226702;-0,25249092840981063;-0,23864536835336891;-0,2500861710448106;-0,23865079350352222;-0,24462860606675588;0,005744230893780526;494
0,7707036972045899;0,01289927117405003;0,005080413818359375;0,0008817254468506555;16;5;15;{'model__max_depth': 16, 'model__min_samples_split': 5, 'model__n_estimators': 15};-0,24023449931827784;-0,24709161292281767;-0,23620550042265206;-0,24639124967101259;-0,2393288122751612;-0,24185033492198427;0,004217204275855298;382
1,0240644931793212;0,018156798387499774;0,0065212249755859375;0,00042982438409676566;16;5;20;{'model__max_depth': 16, 'model__min_samples_split': 5, 'model__n_estimators': 20};-0,23917035881900336;-0,24873984799536106;-0,2351772013336592;-0,24689892301924973;-0,2381067549486138;-0,24161861722317743;0,005261416948343473;372
1,2751661777496337;0,023632738988420485;0,007091712951660156;0,0009765157627865034;16;5;25;{'model__max_depth': 16, 'model__min_samples_split': 5, 'model__n_estimators': 25};-0,23793682108539893;-0,24561758237925863;-0,23604101798774751;-0,2453195235404217;-0,23748646796918862;-0,24048028259240306;0,004121875658457891;330
2,0162464141845704;0,020094000528986515;0,009738826751708984;0,0006106530056071549;16;5;40;{'model__max_depth': 16, 'model__min_samples_split': 5, 'model__n_estimators': 40};-0,23852883399397418;-0,2489487260126517;-0,2372358118057304;-0,2449975828854937;-0,2379943380092081;-0,24154105854141159;0,0046262073152536715;367
2,5291996002197266;0,0376404007726079;0,00991053581237793;0,00032296344410847455;16;5;50;{'model__max_depth': 16, 'model__min_samples_split': 5, 'model__n_estimators': 50};-0,2395392562788031;-0,24726809568530406;-0,23860146045670488;-0,2455047526026941;-0,23843578118163528;-0,2418698692410283;0,003748611459124388;384
5,028381776809693;0,049091726455556144;0,01651616096496582;0,0006997775850187234;16;5;100;{'model__max_depth': 16, 'model__min_samples_split': 5, 'model__n_estimators': 100};-0,24085566063622948;-0,2466160787429409;-0,2416579887915856;-0,24316349143820692;-0,2380698679277929;-0,24207261750735115;0,002810976738683152;389
10,045770025253296;0,10030154556571474;0,030031299591064452;0,0004101876073193942;16;5;200;{'model__max_depth': 16, 'model__min_samples_split': 5, 'model__n_estimators': 200};-0,2412702715839108;-0,24564515299692977;-0,23937174925787116;-0,24330181719086832;-0,2374444054656911;-0,2414066792990542;0,002878032945759533;361
0,23774275779724122;0,005432541903021323;0,00403285026550293;0,0009504819008390354;16;10;5;{'model__max_depth': 16, 'model__min_samples_split': 10, 'model__n_estimators': 5};-0,25452918903131944;-0,25805982495837465;-0,2569065145238935;-0,253140149070118;-0,24903069882076165;-0,25433327528089344;0,0031650586777638118;543
0,4675929546356201;0,008593354891073069;0,0055010318756103516;0,0009421943525482012;16;10;10;{'model__max_depth': 16, 'model__min_samples_split': 10, 'model__n_estimators': 10};-0,24314733468031696;-0,24517253348853743;-0,23895682874087426;-0,2457417846241186;-0,24041453312419525;-0,2426866029316085;0,002638172715195728;422
0,6950045585632324;0,009421031765380608;0,00562443733215332;0,0008084299711456749;16;10;15;{'model__max_depth': 16, 'model__min_samples_split': 10, 'model__n_estimators': 15};-0,24116611985258815;-0,2426931552118851;-0,235066429978075;-0,2440380829087797;-0,23754213056032727;-0,24010118370233108;0,0033241263128741014;317
0,9219500064849854;0,025445352924869637;0,005959653854370117;0,00010450107984217621;16;10;20;{'model__max_depth': 16, 'model__min_samples_split': 10, 'model__n_estimators': 20};-0,2402991159239203;-0,24320921577630436;-0,23394310252033693;-0,24437076404260133;-0,23673277339596333;-0,23971099433182524;0,0039098662363566475;297
1,1511214256286622;0,025688284689021335;0,007499504089355469;0,000964188521211558;16;10;25;{'model__max_depth': 16, 'model__min_samples_split': 10, 'model__n_estimators': 25};-0,2389725569499151;-0,24039806080493858;-0,23518215093030254;-0,24320100006057502;-0,23695889350147112;-0,23894253244944047;0,0027687290696182193;235
1,8172065258026122;0,03147004448552044;0,009062051773071289;0,000514903393350516;16;10;40;{'model__max_depth': 16, 'model__min_samples_split': 10, 'model__n_estimators': 40};-0,23973048876084682;-0,2418853659009653;-0,23607574144528137;-0,24373469099249043;-0,23690744954633539;-0,2396667473291839;0,0028977075248428634;290
2,2717066287994383;0,04013704955367883;0,010117387771606446;0,0002507717216161365;16;10;50;{'model__max_depth': 16, 'model__min_samples_split': 10, 'model__n_estimators': 50};-0,23976242216704624;-0,24070985912882373;-0,23796128492723181;-0,24282053359409014;-0,23727862284733783;-0,23970654453290594;0,0019822928726100668;296
4,571218395233155;0,047646255918088944;0,016304874420166017;0,0004884814107313902;16;10;100;{'model__max_depth': 16, 'model__min_samples_split': 10, 'model__n_estimators': 100};-0,2400888365567967;-0,24109394593260733;-0,23968887384237067;-0,24139014747997461;-0,23546423195936791;-0,23954520715422345;0,0021341475204354693;278
9,138530683517455;0,09965377222179601;0,029882049560546874;0,0009398462638099901;16;10;200;{'model__max_depth': 16, 'model__min_samples_split': 10, 'model__n_estimators': 200};-0,23913244572595574;-0,24100780291843604;-0,23760830259097593;-0,2409422801978853;-0,23399467449213107;-0,23853710118507682;0,0025976911036696727;214
0,29176907539367675;0,0041525247810452436;0,004624795913696289;0,0007927522715970774;17;2;5;{'model__max_depth': 17, 'model__min_samples_split': 2, 'model__n_estimators': 5};-0,2604983938945183;-0,2752025280826232;-0,26290969788999224;-0,25931984196528207;-0,25274354492353485;-0,2621348013511901;0,007350693430851233;564
0,5766938209533692;0,008130407377420223;0,005021858215332031;0,0008363286515858867;17;2;10;{'model__max_depth': 17, 'model__min_samples_split': 2, 'model__n_estimators': 10};-0,24914036598509762;-0,25562360751458413;-0,2464180487503412;-0,25221582878333937;-0,24515762731165752;-0,24971109566900399;0,003824537848162455;527
0,8608770370483398;0,013834035548561009;0,005736827850341797;0,0005948930261460689;17;2;15;{'model__max_depth': 17, 'model__min_samples_split': 2, 'model__n_estimators': 15};-0,24472759009277564;-0,25072470525946366;-0,24135004116906733;-0,24901287671140784;-0,2420787463456702;-0,24557879191567694;0,0037183479917409037;507
1,1449098587036133;0,015730531353928618;0,007032203674316406;0,0006319448829280034;17;2;20;{'model__max_depth': 17, 'model__min_samples_split': 2, 'model__n_estimators': 20};-0,24391784437769073;-0,25139551750244127;-0,23911823300622473;-0,24890862630815802;-0,2412423924460327;-0,24491652272810946;0,00460501943005321;497
1,4253573894500733;0,023549025703272504;0,007236766815185547;0,0010506756088311201;17;2;25;{'model__max_depth': 17, 'model__min_samples_split': 2, 'model__n_estimators': 25};-0,24373780142442583;-0,24793795611862135;-0,239972055363554;-0,24722900494405342;-0,2405449421391975;-0,2438843519979704;0,0032893041795444182;475
2,2736666679382322;0,02908650442322661;0,009795522689819336;0,0007400381901902683;17;2;40;{'model__max_depth': 17, 'model__min_samples_split': 2, 'model__n_estimators': 40};-0,2421590927725136;-0,24836731306113632;-0,23963460031134512;-0,2452358290351997;-0,23991538245790944;-0,24306244352762083;0,003326721822178341;446
2,8279972076416016;0,015613518653435372;0,010153961181640626;0,0006564063733080993;17;2;50;{'model__max_depth': 17, 'model__min_samples_split': 2, 'model__n_estimators': 50};-0,24184381909233454;-0,24788467742257964;-0,2414499265540213;-0,24563640692966948;-0,24013854325346082;-0,24339067465041317;0,0028974125802372105;459
5,690717029571533;0,06789630730418544;0,01737947463989258;0,0008662653341944739;17;2;100;{'model__max_depth': 17, 'model__min_samples_split': 2, 'model__n_estimators': 100};-0,2440346459331869;-0,24860093558311464;-0,24309635664122164;-0,24363366787722723;-0,24018043269596712;-0,2439092077461435;0,0027080789260260324;477
11,323051404953002;0,07549387977251011;0,03181638717651367;0,0002772724473435865;17;2;200;{'model__max_depth': 17, 'model__min_samples_split': 2, 'model__n_estimators': 200};-0,24248175050584264;-0,2475829243135621;-0,24105053470031126;-0,24423642868609904;-0,2399752005041011;-0,24306536774198323;0,002673162768499609;447
0,2640693187713623;0,00409905576501668;0,004223680496215821;0,0003941131546130273;17;5;5;{'model__max_depth': 17, 'model__min_samples_split': 5, 'model__n_estimators': 5};-0,25709166420449886;-0,2676680389340214;-0,2564699010954039;-0,256037699255313;-0,25354160990569347;-0,25816178267898615;0,004903758796566138;556
0,5209352016448975;0,010176821904342354;0,005908203125;0,0005261804465778488;17;5;10;{'model__max_depth': 17, 'model__min_samples_split': 5, 'model__n_estimators': 10};-0,2423683562846208;-0,2526506637154867;-0,23752069848296342;-0,2509236362590859;-0,24126551264764184;-0,2449457734779598;0,005838138656306875;499
0,7758211612701416;0,0076329891370535115;0,005803823471069336;0,0010641267935474433;17;5;15;{'model__max_depth': 17, 'model__min_samples_split': 5, 'model__n_estimators': 15};-0,23961037295781026;-0,24755704060165074;-0,23701013753894815;-0,24876833664553374;-0,24225353019402443;-0,24303988358759349;0,004515697380409796;445
1,029907464981079;0,021344117188515727;0,005936717987060547;0,0006600343634951028;17;5;20;{'model__max_depth': 17, 'model__min_samples_split': 5, 'model__n_estimators': 20};-0,23954465506590647;-0,2507684435504496;-0,23580384223273432;-0,24917205998254568;-0,24045517679962336;-0,24314883552625188;0,0058057299265709805;451
1,289036464691162;0,012403645481630917;0,006947183609008789;0,0006817671313617491;17;5;25;{'model__max_depth': 17, 'model__min_samples_split': 5, 'model__n_estimators': 25};-0,23823665945082262;-0,24663300917963596;-0,2368225499593229;-0,24687148321657704;-0,23931426700386604;-0,24157559376204488;0,004300637214488561;370
2,0354660987854003;0,04010784183706503;0,009670591354370118;0,00037570718363068463;17;5;40;{'model__max_depth': 17, 'model__min_samples_split': 5, 'model__n_estimators': 40};-0,23879957985077357;-0,25032045213106;-0,2377051098158433;-0,24613142919767556;-0,23887433363126484;-0,24236618092532347;0,0049817015086112025;413
2,5326587200164794;0,026512939375903294;0,010770082473754883;0,000564869617843342;17;5;50;{'model__max_depth': 17, 'model__min_samples_split': 5, 'model__n_estimators': 50};-0,23973213160940182;-0,24800747674328438;-0,23988710403054464;-0,24661781315113265;-0,23926142388661872;-0,24270118988419642;0,0037963928773238655;423
5,048134994506836;0,0532735993633384;0,016981172561645507;0,0010939771424547124;17;5;100;{'model__max_depth': 17, 'model__min_samples_split': 5, 'model__n_estimators': 100};-0,24079905937132717;-0,2472417241133835;-0,24174856363668623;-0,24331302524808401;-0,23838740138111048;-0,24229795475011828;0,0029432012923664556;403
10,082539510726928;0,1031263956418153;0,03056368827819824;0,001310949543439348;17;5;200;{'model__max_depth': 17, 'model__min_samples_split': 5, 'model__n_estimators': 200};-0,24134296590266965;-0,2458424395421987;-0,23946036412814928;-0,24324255415376736;-0,2376696921623596;-0,2415116031778289;0,002854772681540093;365
0,2391261100769043;0,003793471215403672;0,004414701461791992;0,0004983338564324291;17;10;5;{'model__max_depth': 17, 'model__min_samples_split': 10, 'model__n_estimators': 5};-0,2537639550170991;-0,25577395123264846;-0,25668696472463876;-0,2547237357811579;-0,24898947325603532;-0,2539876160023159;0,002685174279526044;539
0,4720161914825439;0,009116178093898798;0,005158519744873047;0,0009431457318952602;17;10;10;{'model__max_depth': 17, 'model__min_samples_split': 10, 'model__n_estimators': 10};-0,24342238062054322;-0,24366719658365107;-0,23806872084301173;-0,24646017787475924;-0,2409430750295101;-0,24251231019029507;0,0028268581605995456;419
0,6975306987762451;0,012743138097816244;0,004913806915283203;0,0007946453543618529;17;10;15;{'model__max_depth': 17, 'model__min_samples_split': 10, 'model__n_estimators': 15};-0,24099280485667318;-0,24218841264329155;-0,23605808398575268;-0,2447841534432458;-0,23740694967347872;-0,2402860809204884;0,0031785636990057965;323
0,9242001056671143;0,023891960309228983;0,006072854995727539;0,0006076476920870819;17;10;20;{'model__max_depth': 17, 'model__min_samples_split': 10, 'model__n_estimators': 20};-0,24018843754411562;-0,24316133289461953;-0,2345735114891715;-0,24434214905536908;-0,2366782305319208;-0,2397887323030393;0,0037186436386403023;306
1,1511926651000977;0,023338798843860406;0,006234550476074218;0,00041145171788173915;17;10;25;{'model__max_depth': 17, 'model__min_samples_split': 10, 'model__n_estimators': 25};-0,2387938293312088;-0,23954710669633453;-0,23514530624143526;-0,24319552888788387;-0,23676706785128881;-0,23868976780163026;0,0027315828597884876;221
1,827047061920166;0,028397808604234673;0,009159612655639648;0,00022767036415437229;17;10;40;{'model__max_depth': 17, 'model__min_samples_split': 10, 'model__n_estimators': 40};-0,23963351660939397;-0,24168107895774918;-0,23616569791614778;-0,24388046344944345;-0,23655376316634052;-0,23958290401981497;0,0029572591574197876;280
2,274201583862305;0,036876291573589216;0,010055065155029297;0,0010513722693659738;17;10;50;{'model__max_depth': 17, 'model__min_samples_split': 10, 'model__n_estimators': 50};-0,23974453682063668;-0,2404595424634599;-0,23802846476925224;-0,24270097881769148;-0,23699614573350997;-0,23958593372091003;0,001981139292848654;281
4,545648670196533;0,06327212011024314;0,01712908744812012;0,0009963024971387515;17;10;100;{'model__max_depth': 17, 'model__min_samples_split': 10, 'model__n_estimators': 100};-0,24036227780979824;-0,24113899650133694;-0,2402164446224381;-0,24107935767835167;-0,23513951930840096;-0,23958731918406517;0,0022544695512751118;282
9,160178184509277;0,11480486702633336;0,033904075622558594;0,009520273173849141;17;10;200;{'model__max_depth': 17, 'model__min_samples_split': 10, 'model__n_estimators': 200};-0,2394066185670236;-0,2408629269055801;-0,23822856617751278;-0,2407775751800411;-0,23389849868611878;-0,23863483710325525;0,0025592700102761586;218
0,2927943229675293;0,00288014945792976;0,0049267768859863285;0,0006032355037397355;18;2;5;{'model__max_depth': 18, 'model__min_samples_split': 2, 'model__n_estimators': 5};-0,26973647735559697;-0,2681028726981743;-0,26236100081290015;-0,2573128133610469;-0,2559474248274606;-0,2626921178110358;0,005539615656641836;566
0,6212577819824219;0,03285648006614331;0,01044774055480957;0,011877362025906335;18;2;10;{'model__max_depth': 18, 'model__min_samples_split': 2, 'model__n_estimators': 10};-0,2544970473259876;-0,25148760635574535;-0,24291491769740903;-0,25293774517106304;-0,2440725492565885;-0,2491819731613587;0,004755081030188664;523
0,865154218673706;0,013122137176426862;0,006476306915283203;0,0008511868585519298;18;2;15;{'model__max_depth': 18, 'model__min_samples_split': 2, 'model__n_estimators': 15};-0,24720797088118482;-0,24837071556977613;-0,24058868781703016;-0,2511333021705682;-0,2420913114275687;-0,24587839757322558;0,003947568549974908;511
1,143329906463623;0,019839801893271412;0,006722402572631836;0,0008720051291518219;18;2;20;{'model__max_depth': 18, 'model__min_samples_split': 2, 'model__n_estimators': 20};-0,24602829568320309;-0,25195840621612126;-0,2380365512624099;-0,25088859392930696;-0,2395043651442294;-0,24528324244705413;0,005699874330454303;506
1,4288954734802246;0,021977856009100877;0,00703125;0,0010365635306365834;18;2;25;{'model__max_depth': 18, 'model__min_samples_split': 2, 'model__n_estimators': 25};-0,24380273963943502;-0,24848242342515647;-0,23901144839760394;-0,2476605890116106;-0,23822280350912342;-0,2434360007965859;0,004247401892942841;461
2,266126775741577;0,026158721183428768;0,009782695770263672;0,0005056118382731166;18;2;40;{'model__max_depth': 18, 'model__min_samples_split': 2, 'model__n_estimators': 40};-0,24191484963445678;-0,25033915048600475;-0,23965399729345765;-0,2451655849542531;-0,23796682847822548;-0,24300808216927955;0,004387679624554172;443
2,8457512855529785;0,030566451575100358;0,010804414749145508;0,0008079475817132856;18;2;50;{'model__max_depth': 18, 'model__min_samples_split': 2, 'model__n_estimators': 50};-0,24194715248417714;-0,25033056051399766;-0,24064800969172842;-0,24566476041895433;-0,23931723451769568;-0,24358154352531064;0,003983722105772026;465
5,740065288543701;0,05633377897207187;0,017817163467407228;0,0004056140836697166;18;2;100;{'model__max_depth': 18, 'model__min_samples_split': 2, 'model__n_estimators': 100};-0,24303760633780888;-0,25006608396962005;-0,24300067227490424;-0,24434570956506343;-0,239080033750265;-0,2439060211795323;0,0035497508390893427;476
11,438964128494263;0,11548266918450091;0,0317171573638916;0,0005173188199041303;18;2;200;{'model__max_depth': 18, 'model__min_samples_split': 2, 'model__n_estimators': 200};-0,24210120994039766;-0,2483718167570812;-0,24149836927686102;-0,24432272748780387;-0,23918600264928347;-0,2430960252222855;0,003103843206518752;450
0,26966047286987305;0,006455439095776623;0,003940105438232422;0,0008127816437891323;18;5;5;{'model__max_depth': 18, 'model__min_samples_split': 5, 'model__n_estimators': 5};-0,2561113770189894;-0,2644727903019366;-0,25889883218407767;-0,2550706596695012;-0,25209031856535796;-0,25732879554797256;0,004183888208380143;552
0,5296365261077881;0,0070716592473179;0,005472850799560547;0,00040477704534447177;18;5;10;{'model__max_depth': 18, 'model__min_samples_split': 5, 'model__n_estimators': 10};-0,24345212306617045;-0,25203947874462107;-0,23722610055583832;-0,2503801764414192;-0,24091471439072892;-0,2448025186397556;0,005618265910013342;495
0,7769172191619873;0,0179907605775673;0,0060256004333496095;0,0006212901696534165;18;5;15;{'model__max_depth': 18, 'model__min_samples_split': 5, 'model__n_estimators': 15};-0,24046090329825204;-0,24750633746594208;-0,23621467835653825;-0,24861558679948165;-0,2407832509756934;-0,24271615137918148;0,004665632226495892;424
1,032457160949707;0,01603764395139047;0,006946563720703125;0,0007956788501394163;18;5;20;{'model__max_depth': 18, 'model__min_samples_split': 5, 'model__n_estimators': 20};-0,23993438700351993;-0,25027491090355736;-0,23405687572964506;-0,24863649049241535;-0,2391367675479767;-0,24240788633542287;0,0061195323433160575;414
1,2853963375091553;0,026290286549354648;0,007146263122558593;0,0007311496482376208;18;5;25;{'model__max_depth': 18, 'model__min_samples_split': 5, 'model__n_estimators': 25};-0,23883148172224994;-0,24646875940452478;-0,2356739075122169;-0,24586557435917458;-0,23844203831726046;-0,2410563522630853;0,004316900880520206;351
2,039884567260742;0,028377548848877936;0,008956289291381836;0,000737547257498518;18;5;40;{'model__max_depth': 18, 'model__min_samples_split': 5, 'model__n_estimators': 40};-0,23982757222699036;-0,24914286846919584;-0,23709322182711026;-0,24548970826667885;-0,2384302186778776;-0,24199671789357055;0,004576851167523596;388
2,5318982124328615;0,035580622920263504;0,009736156463623047;0,0005868135727329262;18;5;50;{'model__max_depth': 18, 'model__min_samples_split': 5, 'model__n_estimators': 50};-0,24046291591415586;-0,24728981884437787;-0,2386628024187406;-0,24601679227381282;-0,23907796730482958;-0,24230205935118337;0,0036248695031428314;404
5,087444543838501;0,06429541912928585;0,016927146911621095;0,0008105057126388298;18;5;100;{'model__max_depth': 18, 'model__min_samples_split': 5, 'model__n_estimators': 100};-0,24189106877951602;-0,24709049420381385;-0,24151617656104293;-0,24294982824110922;-0,23814023695983472;-0,24231756094906337;0,0028794027853680793;406
10,088054513931274;0,12069637006456582;0,030016040802001952;0,0011987610913831845;18;5;200;{'model__max_depth': 18, 'model__min_samples_split': 5, 'model__n_estimators': 200};-0,2418862082833974;-0,24579291248049306;-0,23970406419739243;-0,2427431664034107;-0,23742073974499914;-0,24150941822193855;0,0028280390107104946;364
0,23932943344116211;0,005058362143615876;0,004517793655395508;0,0007650255650734671;18;10;5;{'model__max_depth': 18, 'model__min_samples_split': 10, 'model__n_estimators': 5};-0,2557129422540278;-0,2541920293039958;-0,25722187686430004;-0,2532628202693795;-0,24728011477511905;-0,2535339566933644;0,0034048743448312677;537
0,47026596069335935;0,011899019013379713;0,005053472518920898;0,0008657686007106945;18;10;10;{'model__max_depth': 18, 'model__min_samples_split': 10, 'model__n_estimators': 10};-0,2447622485742525;-0,24270674029355926;-0,23813264170852882;-0,2454504040767661;-0,24074816584384906;-0,24236004009939113;0,0026799325314169143;412
0,7032264709472656;0,016095039668879572;0,005355119705200195;0,0008631874111710692;18;10;15;{'model__max_depth': 18, 'model__min_samples_split': 10, 'model__n_estimators': 15};-0,2420797475118884;-0,24146726541066837;-0,23573427026061922;-0,24399693171536566;-0,2378476414986817;-0,24022517127944468;0,003000975422693319;321
0,9266138553619385;0,01838323904076152;0,006518220901489258;0,0007800721386356825;18;10;20;{'model__max_depth': 18, 'model__min_samples_split': 10, 'model__n_estimators': 20};-0,24108840336429946;-0,242251708202612;-0,2346012762955578;-0,243925973489903;-0,23689343410987174;-0,23975215909244882;0,0034686574707193316;300
1,1543620109558106;0,023420527426557196;0,006808137893676758;0,0007164844544835547;18;10;25;{'model__max_depth': 18, 'model__min_samples_split': 10, 'model__n_estimators': 25};-0,2392543397378347;-0,23971072129429682;-0,23535196075221768;-0,24252825990014737;-0,23698112986934608;-0,23876528231076852;0,002454668872700051;228
1,828977108001709;0,024720730449532737;0,009049415588378906;0,000733867924570986;18;10;40;{'model__max_depth': 18, 'model__min_samples_split': 10, 'model__n_estimators': 40};-0,2399077769044073;-0,2413479216330397;-0,23557916663772777;-0,24356766201697572;-0,2366365404882444;-0,239407813536079;0,002954887935590464;266
2,2826540946960447;0,04095244729702861;0,010485410690307617;0,0007937976645864485;18;10;50;{'model__max_depth': 18, 'model__min_samples_split': 10, 'model__n_estimators': 50};-0,24001742027212383;-0,24041177445857778;-0,237704149752094;-0,24274581575243062;-0,23666397174182238;-0,23950862639540973;0,0021401933847502402;276
4,589857959747315;0,049952896029263935;0,016469669342041016;0,0009907930963855974;18;10;100;{'model__max_depth': 18, 'model__min_samples_split': 10, 'model__n_estimators': 100};-0,24064295350938433;-0,2410843946166065;-0,2398662463942761;-0,24114253040798586;-0,23526486831712592;-0,23960019864907575;0,0022151674028445265;283
9,200980186462402;0,07964811030773648;0,029506158828735352;0,0007977619386636301;18;10;200;{'model__max_depth': 18, 'model__min_samples_split': 10, 'model__n_estimators': 200};-0,23951876285582016;-0,2410243803518079;-0,23786876539051735;-0,24091050020173646;-0,23398018614719127;-0,2386605189894146;0,0026045816480195477;219
0,2952124118804932;0,004853827942652876;0,00425262451171875;0,0007646789449826582;19;2;5;{'model__max_depth': 19, 'model__min_samples_split': 2, 'model__n_estimators': 5};-0,2675697165147014;-0,2681855305763406;-0,2624477104234405;-0,2586548793229047;-0,25418399941225844;-0,2622083672499292;0,005320631319043463;565
0,5880487442016602;0,007137873395868815;0,005349302291870117;0,001133279108671308;19;2;10;{'model__max_depth': 19, 'model__min_samples_split': 2, 'model__n_estimators': 10};-0,25243176112124416;-0,253795472469888;-0,24524923937842702;-0,251605934798374;-0,24283470585949352;-0,24918342272548535;0,004323777847537888;524
0,870360279083252;0,014972222177926979;0,006525516510009766;0,0006507632561623931;19;2;15;{'model__max_depth': 19, 'model__min_samples_split': 2, 'model__n_estimators': 15};-0,24616799585893223;-0,24949599566720698;-0,24174556739805245;-0,2514383283022973;-0,24106102831103748;-0,2459817831075053;0,004106521688006596;512
1,153817892074585;0,014891942405909688;0,006439208984375;0,0008502046512246595;19;2;20;{'model__max_depth': 19, 'model__min_samples_split': 2, 'model__n_estimators': 20};-0,24546728299678416;-0,25241559992814006;-0,23896859259585998;-0,25112901282471267;-0,24021276410015985;-0,24563865048913133;0,0054777806545699085;508
1,4303117752075196;0,025239987807073407;0,007448816299438476;0,0009182068807859586;19;2;25;{'model__max_depth': 19, 'model__min_samples_split': 2, 'model__n_estimators': 25};-0,24417195497327462;-0,24964794059803974;-0,24005407361065992;-0,24874786043842345;-0,23949855837668568;-0,2444240775994167;0,004228595108570409;490
2,2788712978363037;0,0219065646843509;0,00934462547302246;0,000741157758388674;19;2;40;{'model__max_depth': 19, 'model__min_samples_split': 2, 'model__n_estimators': 40};-0,24077562614968998;-0,2503313793879114;-0,23917615613442006;-0,2465066221374584;-0,2394427234319597;-0,24324650144828786;0,00442641040212428;454
2,8463798999786376;0,028797610512591436;0,01145777702331543;0,00048754724918883684;19;2;50;{'model__max_depth': 19, 'model__min_samples_split': 2, 'model__n_estimators': 50};-0,24125472283636906;-0,24961353075561904;-0,24028602568426063;-0,2472107252664608;-0,24000212482801922;-0,24367342587414575;0,003964855326400922;467
5,705202293395996;0,015911822839886187;0,017747163772583008;0,0012655843431584684;19;2;100;{'model__max_depth': 19, 'model__min_samples_split': 2, 'model__n_estimators': 100};-0,24285615473347438;-0,24972512076465228;-0,2426569763572035;-0,24504752759135343;-0,23948803928572124;-0,24395476374648095;0,003386265619156169;481
11,422854614257812;0,09684794751069874;0,032542181015014646;0,0017753062972133955;19;2;200;{'model__max_depth': 19, 'model__min_samples_split': 2, 'model__n_estimators': 200};-0,24230315639363362;-0,2477867041257261;-0,24081492863522794;-0,2444315081554623;-0,23955569889939007;-0,242978399241888;0,00290112933097394;441
0,26383085250854493;0,003970462345841162;0,004314231872558594;0,0004103243565275736;19;5;5;{'model__max_depth': 19, 'model__min_samples_split': 5, 'model__n_estimators': 5};-0,2540375222241154;-0,268298354653851;-0,2572844595392699;-0,25238714470219487;-0,25288028311752114;-0,2569775528473905;0,0059119876776471195;549
0,5283767700195312;0,014280434443263799;0,004536104202270508;0,0005512108108294286;19;5;10;{'model__max_depth': 19, 'model__min_samples_split': 5, 'model__n_estimators': 10};-0,24287922198452402;-0,2542524734008778;-0,23638250716324577;-0,24892054498831423;-0,24009299194558786;-0,24450554789650997;0,006365440013928665;492
0,7823002815246582;0,012386701627131564;0,006030225753784179;0,00032434436160992723;19;5;15;{'model__max_depth': 19, 'model__min_samples_split': 5, 'model__n_estimators': 15};-0,24104487863632396;-0,24855443337162725;-0,2344556210943201;-0,24715038878459092;-0,23981913195021096;-0,24220489076741464;0,005135431737743007;398
1,0266372203826903;0,023518161178685614;0,0064237117767333984;0,0004911033605697307;19;5;20;{'model__max_depth': 19, 'model__min_samples_split': 5, 'model__n_estimators': 20};-0,24022941749524757;-0,251122692733881;-0,23252665161168656;-0,24820194867021855;-0,23863377822305068;-0,24214289774681688;0,006720064469016768;396
1,3022793769836425;0,02860412806483942;0,007532978057861328;0,0005526297985976715;19;5;25;{'model__max_depth': 19, 'model__min_samples_split': 5, 'model__n_estimators': 25};-0,23873340981525337;-0,24651666790888516;-0,23406777232817844;-0,24531206174872522;-0,23790669160801975;-0,24050732068181238;0,0047026716907806205;332
2,055899238586426;0,03395922685394864;0,009069395065307618;0,0007192449648803767;19;5;40;{'model__max_depth': 19, 'model__min_samples_split': 5, 'model__n_estimators': 40};-0,2397500698291648;-0,2494197126629592;-0,23649431784936442;-0,24527823159942225;-0,2382103989437124;-0,24183054617692462;0,004803980918214209;380
2,5401264667510985;0,03264160137024493;0,01015644073486328;0,0006677593138768653;19;5;50;{'model__max_depth': 19, 'model__min_samples_split': 5, 'model__n_estimators': 50};-0,24047927370354635;-0,24736480949713024;-0,23790703427664817;-0,24582154507971593;-0,23880768170002797;-0,24207606885141372;0,0038108352993961258;390
5,066999864578247;0,05605175272514567;0,016390895843505858;0,00040865630496842055;19;5;100;{'model__max_depth': 19, 'model__min_samples_split': 5, 'model__n_estimators': 100};-0,2415750549956018;-0,24698745300774413;-0,24128329050064537;-0,24293302523407898;-0,23778660921593725;-0,24211308659080152;0,0029707976494282363;391
10,182869863510131;0,08860407611371605;0,03189663887023926;0,005466588860951993;19;5;200;{'model__max_depth': 19, 'model__min_samples_split': 5, 'model__n_estimators': 200};-0,2415467806024586;-0,24605449063911472;-0,23947186919652386;-0,24306197396875662;-0,23718637031023804;-0,24146429694341837;0,0030298408605331606;363
0,24062371253967285;0,007815977839403986;0,004426383972167968;0,0008575512235178198;19;10;5;{'model__max_depth': 19, 'model__min_samples_split': 10, 'model__n_estimators': 5};-0,2559541553124562;-0,25486567458689485;-0,25775070726769594;-0,25408751684205483;-0,24935668511586326;-0,25440294782499306;0,002806852972497831;544
0,47214794158935547;0,01114926023022785;0,004530906677246094;0,0006367243551202463;19;10;10;{'model__max_depth': 19, 'model__min_samples_split': 10, 'model__n_estimators': 10};-0,24483507901638324;-0,24291496348913558;-0,23864295227218157;-0,2458507049051825;-0,2416961948391909;-0,24278797890441473;0,0025282512824462647;427
0,7016688823699951;0,015046043881951134;0,004920434951782226;0,0006645360337377805;19;10;15;{'model__max_depth': 19, 'model__min_samples_split': 10, 'model__n_estimators': 15};-0,2420926046929813;-0,24165907045804222;-0,23607296151995932;-0,24426379893430988;-0,2383579277478606;-0,2404892726706307;0,002906289191112746;331
0,9323740482330323;0,021591545344313866;0,0065421581268310545;0,0006378246871915564;19;10;20;{'model__max_depth': 19, 'model__min_samples_split': 10, 'model__n_estimators': 20};-0,24087895757941413;-0,2424021701606931;-0,23515153647955656;-0,2441261239041112;-0,23735842580551675;-0,23998344278585834;0,0032879181378721017;312
1,1570745944976806;0,02848501971697585;0,006740427017211914;0,0011719193630991768;19;10;25;{'model__max_depth': 19, 'model__min_samples_split': 10, 'model__n_estimators': 25};-0,23969567840272965;-0,23949225422256426;-0,23551105906749292;-0,24300398699584544;-0,23730451700032382;-0,2390014991377912;0,0025221242918698483;240
1,8586956977844238;0,05291519679555248;0,008884191513061523;0,0005282955033984035;19;10;40;{'model__max_depth': 19, 'model__min_samples_split': 10, 'model__n_estimators': 40};-0,24022925889357385;-0,24120974410948953;-0,23603922409919473;-0,24393669756686093;-0,23698111865380653;-0,23967920866458509;0,002874038381722293;291
2,2887999057769775;0,029277205616714447;0,010688686370849609;0,001118521726542421;19;10;50;{'model__max_depth': 19, 'model__min_samples_split': 10, 'model__n_estimators': 50};-0,24041047251821812;-0,240228698355901;-0,23812767825751716;-0,24296565091958158;-0,2369017651856197;-0,23972685304736752;0,0020855444079074066;299
4,704379224777222;0,13166981094484925;0,01780834197998047;0,0015514135842530604;19;10;100;{'model__max_depth': 19, 'model__min_samples_split': 10, 'model__n_estimators': 100};-0,24071057289511566;-0,24103385584226747;-0,24021466583191162;-0,24141931126230662;-0,23522372005323144;-0,2397204251769666;0,0022828200692168836;298
9,525939750671387;0,10762605550729655;0,029857349395751954;0,00044592569466888563;19;10;200;{'model__max_depth': 19, 'model__min_samples_split': 10, 'model__n_estimators': 200};-0,2394413370172946;-0,24098021553097257;-0,23804602035483094;-0,2409686146226036;-0,23397077865272917;-0,23868139323568616;0,002595652851063759;220
0,2940774917602539;0,0030468507020254944;0,004525089263916015;0,00045383357236070506;20;2;5;{'model__max_depth': 20, 'model__min_samples_split': 2, 'model__n_estimators': 5};-0,2649466720285264;-0,27049559052661754;-0,2615134028129568;-0,2564200074956154;-0,2556535684565431;-0,26180584826405184;0,005519415665883606;563
0,6011587142944336;0,02656411394155009;0,005617284774780273;0,0010272402818878718;20;2;10;{'model__max_depth': 20, 'model__min_samples_split': 2, 'model__n_estimators': 10};-0,2522597159540503;-0,2533381931233066;-0,24401367030267188;-0,25180923541272343;-0,24513316704029323;-0,24931079636660908;0,003915874879552149;525
0,9329066753387452;0,021466970556475208;0,005771827697753906;0,0004909557710626639;20;2;15;{'model__max_depth': 20, 'model__min_samples_split': 2, 'model__n_estimators': 15};-0,24648064355759808;-0,24846940285403474;-0,2406413909247676;-0,25085168058741425;-0,24214853918635995;-0,24571833142203495;0,0038215056950990202;509
1,20467267036438;0,053763416653687626;0,006088924407958984;0,0006482269861580819;20;2;20;{'model__max_depth': 20, 'model__min_samples_split': 2, 'model__n_estimators': 20};-0,24523689643662744;-0,2516561862208632;-0,23845514837590745;-0,2506784143147538;-0,24036561434694764;-0,24527845193901993;0,005301514119746956;505
1,5985651016235352;0,09923734652620064;0,009871768951416015;0,0018277177318030355;20;2;25;{'model__max_depth': 20, 'model__min_samples_split': 2, 'model__n_estimators': 25};-0,2442596674660139;-0,24828317119625437;-0,23954845341447734;-0,24783278911524045;-0,2396504078915326;-0,24391489781670375;0,003789518747713124;478
2,4443532943725588;0,160072494694144;0,009998655319213868;0,00042633265000375516;20;2;40;{'model__max_depth': 20, 'model__min_samples_split': 2, 'model__n_estimators': 40};-0,24144877096997622;-0,24913055002065815;-0,23898703578549044;-0,2459403542956602;-0,23938160001813105;-0,2429776622179832;0,003945373081891849;440
3,0017573833465576;0,10154561151753237;0,010185670852661134;0,0008587475069534052;20;2;50;{'model__max_depth': 20, 'model__min_samples_split': 2, 'model__n_estimators': 50};-0,24187919233775595;-0,2485035262613034;-0,2414432701839607;-0,24684559536805578;-0,24009620128218964;-0,24375355708665308;0,0032969630922681115;469
6,053435659408569;0,13223296619463706;0,018305587768554687;0,0008399351854135069;20;2;100;{'model__max_depth': 20, 'model__min_samples_split': 2, 'model__n_estimators': 100};-0,2427438172343317;-0,24920116240854026;-0,24289905667227588;-0,2444725616206213;-0,23959917645602907;-0,24378315487835964;0,003136801398501079;471
11,889732837677002;0,23514447844742412;0,03372535705566406;0,002070270516606978;20;2;200;{'model__max_depth': 20, 'model__min_samples_split': 2, 'model__n_estimators': 200};-0,24237088360215003;-0,24827345025783537;-0,24102000359400877;-0,2443740230999471;-0,23980881127317502;-0,2431694343654233;0,0029682835369996925;452
0,27613420486450196;0,010137018064653162;0,004170989990234375;0,0007045870898850788;20;5;5;{'model__max_depth': 20, 'model__min_samples_split': 5, 'model__n_estimators': 5};-0,2546105134840593;-0,27038158109484856;-0,258752467188447;-0,2514672073067239;-0,2540307346448805;-0,25784850074379184;0,006688438739037084;554
0,5614054203033447;0,022287777689641772;0,005058813095092774;0,0008916643390085919;20;5;10;{'model__max_depth': 20, 'model__min_samples_split': 5, 'model__n_estimators': 10};-0,24305358200999025;-0,2549503266836784;-0,23763438951039123;-0,24817230818684194;-0,24036307964903722;-0,24483473720798782;0,00613967055483842;496
0,8923617839813233;0,08157561833234589;0,006881237030029297;0,0007968029242110078;20;5;15;{'model__max_depth': 20, 'model__min_samples_split': 5, 'model__n_estimators': 15};-0,2410694852573218;-0,248943598380387;-0,23556539468974025;-0,24700045746789379;-0,24136918880966185;-0,24278962492100095;0,004749074051223442;428
1,0919832706451416;0,044868159855915704;0,006212472915649414;0,00026725486995636397;20;5;20;{'model__max_depth': 20, 'model__min_samples_split': 5, 'model__n_estimators': 20};-0,24034058400480315;-0,2509946209978734;-0,2326659795835609;-0,24807141169369618;-0,23972285468239743;-0,24235909019246624;0,006514345821265635;410
1,3253172874450683;0,045143616955018104;0,007896852493286134;0,000293948717259474;20;5;25;{'model__max_depth': 20, 'model__min_samples_split': 5, 'model__n_estimators': 25};-0,2388914863733865;-0,24738584929062973;-0,23423409526910513;-0,2454960110637893;-0,23871675168159345;-0,2409448387357008;0,004825235584872998;344
2,113636684417725;0,050158410379453816;0,009577178955078125;0,0010095267058040562;20;5;40;{'model__max_depth': 20, 'model__min_samples_split': 5, 'model__n_estimators': 40};-0,23978772953197158;-0,2501086152243737;-0,2362358920929975;-0,245982714015702;-0,23850264760670517;-0,24212351969435;0,005135872283527253;392
2,646464538574219;0,0572288148839548;0,011107683181762695;0,0007951669453663276;20;5;50;{'model__max_depth': 20, 'model__min_samples_split': 5, 'model__n_estimators': 50};-0,24052706585170855;-0,24788312619061326;-0,2381558087244433;-0,24652262432920677;-0,2393616117968153;-0,24249004737855745;0,003943932208104773;417
5,203133296966553;0,03708508224252679;0,017577552795410158;0,001561191600262883;20;5;100;{'model__max_depth': 20, 'model__min_samples_split': 5, 'model__n_estimators': 100};-0,24104659198680511;-0,2470168059151653;-0,24133347368291294;-0,24362643147353955;-0,23844487745558784;-0,24229363610280216;0,0028766178265801977;402
10,680805969238282;0,34466484167427625;0,03478450775146484;0,005512115199965271;20;5;200;{'model__max_depth': 20, 'model__min_samples_split': 5, 'model__n_estimators': 200};-0,241252247829337;-0,24594443361803076;-0,2397294121500291;-0,24350772834756781;-0,23753215192282395;-0,24159319477355773;0,0029216679417654362;371
0,2757627010345459;0,02805220927344272;0,004912328720092773;0,000807681051459901;20;10;5;{'model__max_depth': 20, 'model__min_samples_split': 10, 'model__n_estimators': 5};-0,25504468732953706;-0,2555435094666402;-0,25775070726769594;-0,25413271187607644;-0,24909392317402473;-0,25431310782279487;0,0028684008722281765;542
0,4878238677978516;0,025914788714231203;0,005060720443725586;0,0007453971838686754;20;10;10;{'model__max_depth': 20, 'model__min_samples_split': 10, 'model__n_estimators': 10};-0,244619958983114;-0,24335209321125545;-0,23869098307203382;-0,24600107267076268;-0,24200637850300885;-0,24293409728803494;0,002501514286952721;437
0,7242614269256592;0,02046139063488604;0,0060784339904785155;0,0006418046658232742;20;10;15;{'model__max_depth': 20, 'model__min_samples_split': 10, 'model__n_estimators': 15};-0,24199673142717762;-0,24204030056866555;-0,23626632623030447;-0,24436404411136334;-0,23799060366351896;-0,24053160120020597;0,0029583657003140907;335
0,9449415683746338;0,012797632428154106;0,007263946533203125;0,001756281442576578;20;10;20;{'model__max_depth': 20, 'model__min_samples_split': 10, 'model__n_estimators': 20};-0,24092903619027783;-0,24290676078733564;-0,23467694123395733;-0,2442013077869013;-0,2370829327422605;-0,2399593957481465;0,003572095914851455;311
1,184821653366089;0,04824882990151723;0,007222461700439453;0,00121831637678978;20;10;25;{'model__max_depth': 20, 'model__min_samples_split': 10, 'model__n_estimators': 25};-0,2389594565698564;-0,23989592672387833;-0,23532465678276837;-0,2430641341020775;-0,23709391272840624;-0,23886761738139736;0,0026220299436428367;232
1,8833150386810302;0,04558230589941248;0,008733081817626952;0,000461486179627026;20;10;40;{'model__max_depth': 20, 'model__min_samples_split': 10, 'model__n_estimators': 40};-0,23986536626605873;-0,2416647490268132;-0,2357924322369553;-0,24361612142176042;-0,2369070420559595;-0,23956914220150946;0,0029054319063822687;279
2,3349862575531004;0,047358953395827616;0,010512590408325195;0,0004780282879103853;20;10;50;{'model__max_depth': 20, 'model__min_samples_split': 10, 'model__n_estimators': 50};-0,24007520112210806;-0,24058298246360543;-0,2379460316154001;-0,2425932664158922;-0,23720500318620338;-0,2396804969606418;0,00192826019088223;295
4,7523884773254395;0,0956730364302159;0,01755657196044922;0,0013869839527174026;20;10;100;{'model__max_depth': 20, 'model__min_samples_split': 10, 'model__n_estimators': 100};-0,24073441871873585;-0,2412969576366691;-0,23992521402214406;-0,2411972215071037;-0,23561589827089163;-0,23975394203110886;0,0021249954162866486;301
8,856111097335816;0,16144445593933068;0,023552560806274415;0,00584911888268421;20;10;200;{'model__max_depth': 20, 'model__min_samples_split': 10, 'model__n_estimators': 200};-0,23947238321226882;-0,2411449108162427;-0,2378717567894346;-0,2409258338024722;-0,23419842878009872;-0,23872266268010342;0,0025485707021994496;224
