mean_fit_time;std_fit_time;mean_score_time;std_score_time;param_model__max_depth;param_model__min_samples_split;param_model__n_estimators;params;split0_test_score;split1_test_score;split2_test_score;split3_test_score;split4_test_score;mean_test_score;std_test_score;rank_test_score
0,2747650146484375;0,006365559979675384;0,0037253379821777345;0,0005861874873807814;;2;5;{'model__max_depth': None, 'model__min_samples_split': 2, 'model__n_estimators': 5};-0,32598947259312344;-0,30393876208083953;-0,28791877740374944;-0,29673972807153554;-0,2999421514368379;-0,3029057783172172;0,01269123676540687;565
0,5449581623077393;0,006604736886675888;0,004534626007080078;0,0007658651492077073;;2;10;{'model__max_depth': None, 'model__min_samples_split': 2, 'model__n_estimators': 10};-0,3214497411607251;-0,3071878016655504;-0,27153544920640366;-0,2847161668612704;-0,2874657193031058;-0,29447097563941105;0,01766261439667273;515
0,8391539573669433;0,027551788330396083;0,005608987808227539;0,0008472189014920907;;2;15;{'model__max_depth': None, 'model__min_samples_split': 2, 'model__n_estimators': 15};-0,3119855803921928;-0,2991614253690739;-0,2664247327451538;-0,28440232618121813;-0,28700677457854235;-0,2897961678532362;0,015252385380634543;476
1,1285371780395508;0,02065187028575545;0,0060977935791015625;0,0006179460762917713;;2;20;{'model__max_depth': None, 'model__min_samples_split': 2, 'model__n_estimators': 20};-0,3110245963501608;-0,29457848559880245;-0,2634032107489506;-0,2834512992530706;-0,2823426503107385;-0,2869600484523446;0,01565694311930892;452
1,3476486682891846;0,04165093146578324;0,00546731948852539;0,0005533004698757867;;2;25;{'model__max_depth': None, 'model__min_samples_split': 2, 'model__n_estimators': 25};-0,30804825757768145;-0,2938579071547262;-0,26250338381018445;-0,2826635791204492;-0,28206090834021;-0,2858268072006503;0,015009740224911179;425
2,118420124053955;0,029888868147241898;0,008240842819213867;0,0006802746910418105;;2;40;{'model__max_depth': None, 'model__min_samples_split': 2, 'model__n_estimators': 40};-0,30694060817033697;-0,2891418938988424;-0,2600012258469941;-0,28063953551689336;-0,2834508516208745;-0,28403482301078825;0,01510125795563392;373
2,6480782508850096;0,034492094750319696;0,008932876586914062;0,0006810947311010532;;2;50;{'model__max_depth': None, 'model__min_samples_split': 2, 'model__n_estimators': 50};-0,3058964742850577;-0,2864521119303814;-0,2575629315306614;-0,28064893228801197;-0,2834519864028815;-0,28280248728739876;0,015419123311761635;328
5,285578775405884;0,06513615336733777;0,015430068969726563;0,0008212852603164013;;2;100;{'model__max_depth': None, 'model__min_samples_split': 2, 'model__n_estimators': 100};-0,30745815825881595;-0,2823498474172558;-0,2591107984926757;-0,27662931870795265;-0,2822901540703509;-0,2815676553894102;0,015492898750091504;281
10,543580150604248;0,12783511139165957;0,026624631881713868;0,0009951360198999296;;2;200;{'model__max_depth': None, 'model__min_samples_split': 2, 'model__n_estimators': 200};-0,30784922002418014;-0,28306528556030397;-0,2575152304518418;-0,2740980491265798;-0,2807805501531982;-0,2806616670632208;0,01627140534370865;240
0,2463749885559082;0,007617349403634449;0,0038120269775390623;0,0007568756378388219;;5;5;{'model__max_depth': None, 'model__min_samples_split': 5, 'model__n_estimators': 5};-0,3306542815198806;-0,29731361032112535;-0,28192616165023054;-0,28690555014687746;-0,29549020470918463;-0,2984579616694597;0,01704980209361491;530
0,485945463180542;0,007112233152201888;0,004012298583984375;0,0008743220182572868;;5;10;{'model__max_depth': None, 'model__min_samples_split': 5, 'model__n_estimators': 10};-0,3237946221924252;-0,2959002861082729;-0,26803519406605214;-0,27664211420569074;-0,28469608831351134;-0,2898136609771905;0,019317005699222643;477
0,7229748249053956;0,01386997058301182;0,00482940673828125;0,000977358956603502;;5;15;{'model__max_depth': None, 'model__min_samples_split': 5, 'model__n_estimators': 15};-0,31299962891824307;-0,29428617014092207;-0,26230163398335693;-0,2734773670644099;-0,2810958590333932;-0,284832131828065;0,017511713126423138;392
0,9548693656921386;0,022012333672415233;0,004821062088012695;0,0007531371886112631;;5;20;{'model__max_depth': None, 'model__min_samples_split': 5, 'model__n_estimators': 20};-0,3111874878671721;-0,29023404490068305;-0,26016531673178805;-0,2760462975961272;-0,27648539946968964;-0,282823709313092;0,017081728501567545;330
1,1879426956176757;0,021436007851805914;0,005935001373291016;0,00015401606956581693;;5;25;{'model__max_depth': None, 'model__min_samples_split': 5, 'model__n_estimators': 25};-0,30868199286473214;-0,28940897166741325;-0,26181311092739873;-0,27645450473079675;-0,27943505187584416;-0,283158726413237;0,015523854785383418;341
1,916295862197876;0,043650675778521164;0,007509899139404297;0,0010371708627663172;;5;40;{'model__max_depth': None, 'model__min_samples_split': 5, 'model__n_estimators': 40};-0,3080802368358448;-0,2848431340323905;-0,2600164369637277;-0,27576336031890347;-0,28246113773157966;-0,28223286117648916;0,015558768647880741;313
2,3819998264312745;0,023294757601186378;0,00863785743713379;0,0008003568790058768;;5;50;{'model__max_depth': None, 'model__min_samples_split': 5, 'model__n_estimators': 50};-0,3068250571679482;-0,28251598261081773;-0,2578502270301442;-0,2755627616216618;-0,28282576232123313;-0,281115958150361;0,01573514224488164;265
4,760256814956665;0,059128920968671755;0,01444849967956543;0,0007481110408256762;;5;100;{'model__max_depth': None, 'model__min_samples_split': 5, 'model__n_estimators': 100};-0,30715506883189114;-0,2785211102114531;-0,25875158373365276;-0,2718656408074935;-0,28173013075558334;-0,27960470686801475;0,015871105447967646;196
9,520777559280395;0,19007412922634592;0,025189685821533202;0,0008125329437353957;;5;200;{'model__max_depth': None, 'model__min_samples_split': 5, 'model__n_estimators': 200};-0,3067579880113452;-0,27970297449223214;-0,25717335942065456;-0,27122194992743043;-0,28072647290854225;-0,27911654895204085;0,01619143702022067;172
0,2251051902770996;0,006412889181514359;0,003922224044799805;0,000664639982263752;;10;5;{'model__max_depth': None, 'model__min_samples_split': 10, 'model__n_estimators': 5};-0,3240264462626565;-0,29025906584656497;-0,2785061791713761;-0,28053604557119627;-0,2920438493484334;-0,29307431724004546;0,016349071525601545;501
0,44484148025512693;0,00762296717871597;0,0038631439208984377;0,0004355610653100244;;10;10;{'model__max_depth': None, 'model__min_samples_split': 10, 'model__n_estimators': 10};-0,31940639148140954;-0,28842909185918864;-0,26929227630871266;-0,2716185338432653;-0,28538392676053;-0,28682604405062123;0,017915523331456636;449
0,6573397636413574;0,008272847921815249;0,004664754867553711;0,0008045356805642026;;10;15;{'model__max_depth': None, 'model__min_samples_split': 10, 'model__n_estimators': 15};-0,3107874995451281;-0,2871843555409967;-0,26345861231119094;-0,27170679731898645;-0,28221355766206035;-0,2830701644756725;0,016122345351377538;338
0,8768996238708496;0,016260482544529144;0,005218029022216797;0,0015284854039861037;;10;20;{'model__max_depth': None, 'model__min_samples_split': 10, 'model__n_estimators': 20};-0,3086445695503423;-0,286041812244052;-0,25967127077869606;-0,2732874117895326;-0,278917111939456;-0,2813124352604158;0,01617338027216903;273
1,0863611221313476;0,024610589175294306;0,006020832061767578;9,741259143944302e-06;;10;25;{'model__max_depth': None, 'model__min_samples_split': 10, 'model__n_estimators': 25};-0,3065823283682813;-0,28696867975104917;-0,2614281409457266;-0,27420061610745017;-0,2790369724512091;-0,2816433475247433;0,014974337700486862;283
1,731564426422119;0,026020962629046362;0,007368993759155273;0,0009459969653580039;;10;40;{'model__max_depth': None, 'model__min_samples_split': 10, 'model__n_estimators': 40};-0,3030558496531252;-0,28236515068879947;-0,2587523685367842;-0,2733459999216199;-0,28144985592102373;-0,27979384494427045;0,014386057719227161;204
2,16710524559021;0,04631633638830479;0,008466815948486328;0,00090933236889932;;10;50;{'model__max_depth': None, 'model__min_samples_split': 10, 'model__n_estimators': 50};-0,3025444113775232;-0,2789445971772738;-0,25717173368451396;-0,27432430232733573;-0,2815702492308508;-0,2789110587594995;0,014555029124258944;162
4,35529408454895;0,09675971328228741;0,01406855583190918;0,00041790835003709164;;10;100;{'model__max_depth': None, 'model__min_samples_split': 10, 'model__n_estimators': 100};-0,30379088837416157;-0,27673816541324525;-0,25927130354887784;-0,2708942094809162;-0,28164896800081984;-0,27846870696360415;0,014698537448974454;142
8,705050849914551;0,1346168490720459;0,024436807632446288;0,0009177518259800036;;10;200;{'model__max_depth': None, 'model__min_samples_split': 10, 'model__n_estimators': 200};-0,3041487289537842;-0,2775874224965197;-0,2585370495713788;-0,26988761390652766;-0,28086517106079384;-0,27820519719780085;0,015076751436360976;127
0,04100732803344727;0,0026323639276085386;0,0037107944488525392;0,000602854988698065;1;2;5;{'model__max_depth': 1, 'model__min_samples_split': 2, 'model__n_estimators': 5};-0,3187543252530077;-0,27900903205845123;-0,2999844996134643;-0,2856501565780376;-0,31606827175620356;-0,2998932570518329;0,015851789074182394;550
0,07391109466552734;0,0006761479041090261;0,003649997711181641;0,0010452654276366905;1;2;10;{'model__max_depth': 1, 'model__min_samples_split': 2, 'model__n_estimators': 10};-0,31785642511680506;-0,2773432153102206;-0,3001637598948569;-0,2803191613794141;-0,31582399096665886;-0,2983013105335911;0,01706174080884044;526
0,10730376243591308;0,0007397186162115299;0,004414129257202149;0,0007976491647278116;1;2;15;{'model__max_depth': 1, 'model__min_samples_split': 2, 'model__n_estimators': 15};-0,3178992664197306;-0,28125237934793335;-0,303040966438775;-0,2810650884314001;-0,3160158020050846;-0,29985470052858476;0,016099911339227;547
0,14172439575195311;0,0007285027903530134;0,005124282836914062;0,0009327333437898499;1;2;20;{'model__max_depth': 1, 'model__min_samples_split': 2, 'model__n_estimators': 20};-0,31775207903316544;-0,2800580225269571;-0,3031865115551256;-0,28145792783830276;-0,31593431004721995;-0,2996777702001541;0,01624908703858177;544
0,1773064613342285;0,0021619297582587504;0,00476994514465332;0,0006695063631751043;1;2;25;{'model__max_depth': 1, 'model__min_samples_split': 2, 'model__n_estimators': 25};-0,3184893383362803;-0,2805170663211285;-0,30034482043704214;-0,283145790124312;-0,31711958551076813;-0,2999233201459062;0,016116292610750607;553
0,2795461654663086;0,004387363320418971;0,0063327312469482425;0,0007290950952689629;1;2;40;{'model__max_depth': 1, 'model__min_samples_split': 2, 'model__n_estimators': 40};-0,3197328750141189;-0,2817261504407609;-0,30114186652489644;-0,28323095197262166;-0,31456523801519254;-0,3000794163935181;0,015607302063861997;556
0,3436432838439941;0,004132465649692292;0,00782623291015625;0,0003984081779372191;1;2;50;{'model__max_depth': 1, 'model__min_samples_split': 2, 'model__n_estimators': 50};-0,3192895117255727;-0,2810310414714843;-0,30079420599494416;-0,2834867167543181;-0,31310744097297705;-0,2995417833838593;0,015336108590549428;540
0,6857508182525635;0,004802927458639195;0,01222400665283203;0,0010680758881985385;1;2;100;{'model__max_depth': 1, 'model__min_samples_split': 2, 'model__n_estimators': 100};-0,3200134839753258;-0,2788321603212668;-0,3024166180212274;-0,28247504829577047;-0,3114092134678308;-0,29902930481628426;0,01604393878477078;536
1,3639304637908936;0,007992541744766967;0,021640539169311523;0,0007647742917229065;1;2;200;{'model__max_depth': 1, 'model__min_samples_split': 2, 'model__n_estimators': 200};-0,32040033304414994;-0,27733494805246706;-0,302552058027874;-0,2831184008651775;-0,31147294052609903;-0,2989757361031535;0,01641805310800626;532
0,04144124984741211;0,00036860771947264494;0,0033066272735595703;0,0015397123302445773;1;5;5;{'model__max_depth': 1, 'model__min_samples_split': 5, 'model__n_estimators': 5};-0,3187543252530077;-0,27900903205845123;-0,2999844996134643;-0,2856501565780376;-0,31606827175620356;-0,2998932570518329;0,015851789074182394;550
0,07620182037353515;0,002295411327932348;0,0040074348449707035;0,0006335420884946904;1;5;10;{'model__max_depth': 1, 'model__min_samples_split': 5, 'model__n_estimators': 10};-0,31785642511680506;-0,2773432153102206;-0,3001637598948569;-0,2803191613794141;-0,31582399096665886;-0,2983013105335911;0,01706174080884044;526
0,11090579032897949;0,001875586683539529;0,004419565200805664;0,00027475971922106776;1;5;15;{'model__max_depth': 1, 'model__min_samples_split': 5, 'model__n_estimators': 15};-0,3178992664197306;-0,28125237934793335;-0,303040966438775;-0,2810650884314001;-0,3160158020050846;-0,29985470052858476;0,016099911339227;547
0,1434110164642334;0,0019445653963567444;0,005617809295654297;0,0014925507485149794;1;5;20;{'model__max_depth': 1, 'model__min_samples_split': 5, 'model__n_estimators': 20};-0,31775207903316544;-0,2800580225269571;-0,3031865115551256;-0,28145792783830276;-0,31593431004721995;-0,2996777702001541;0,01624908703858177;544
0,17909493446350097;0,0026390203456756823;0,0056640625;0,0015371239929151872;1;5;25;{'model__max_depth': 1, 'model__min_samples_split': 5, 'model__n_estimators': 25};-0,3184893383362803;-0,2805170663211285;-0,30034482043704214;-0,283145790124312;-0,31711958551076813;-0,2999233201459062;0,016116292610750607;553
0,2839836120605469;0,005542877133815846;0,006686592102050781;0,0012915353357685869;1;5;40;{'model__max_depth': 1, 'model__min_samples_split': 5, 'model__n_estimators': 40};-0,3197328750141189;-0,2817261504407609;-0,30114186652489644;-0,28323095197262166;-0,31456523801519254;-0,3000794163935181;0,015607302063861997;556
0,3459917068481445;0,002258050818560299;0,00731658935546875;0,0007493824318958777;1;5;50;{'model__max_depth': 1, 'model__min_samples_split': 5, 'model__n_estimators': 50};-0,3192895117255727;-0,2810310414714843;-0,30079420599494416;-0,2834867167543181;-0,31310744097297705;-0,2995417833838593;0,015336108590549428;540
0,6914158821105957;0,01009767335220242;0,011011934280395508;0,0004946621345615428;1;5;100;{'model__max_depth': 1, 'model__min_samples_split': 5, 'model__n_estimators': 100};-0,3200134839753258;-0,2788321603212668;-0,3024166180212274;-0,28247504829577047;-0,3114092134678308;-0,29902930481628426;0,01604393878477078;536
1,3643278121948241;0,014366785483822348;0,021220016479492187;0,0007555479339785442;1;5;200;{'model__max_depth': 1, 'model__min_samples_split': 5, 'model__n_estimators': 200};-0,32040033304414994;-0,27733494805246706;-0,302552058027874;-0,2831184008651775;-0,31147294052609903;-0,2989757361031535;0,01641805310800626;532
0,04005894660949707;0,0009770583685701159;0,0036128997802734376;0,0008048417224253783;1;10;5;{'model__max_depth': 1, 'model__min_samples_split': 10, 'model__n_estimators': 5};-0,3187543252530077;-0,27900903205845123;-0,2999844996134643;-0,2856501565780376;-0,31606827175620356;-0,2998932570518329;0,015851789074182394;550
0,07585268020629883;0,003203465482040574;0,004603958129882813;0,0007944015837852054;1;10;10;{'model__max_depth': 1, 'model__min_samples_split': 10, 'model__n_estimators': 10};-0,31785642511680506;-0,2773432153102206;-0,3001637598948569;-0,2803191613794141;-0,31582399096665886;-0,2983013105335911;0,01706174080884044;526
0,11234478950500489;0,005386933219099893;0,004095554351806641;0,0005346307276480952;1;10;15;{'model__max_depth': 1, 'model__min_samples_split': 10, 'model__n_estimators': 15};-0,3178992664197306;-0,28125237934793335;-0,303040966438775;-0,2810650884314001;-0,3160158020050846;-0,29985470052858476;0,016099911339227;547
0,14464964866638183;0,0022042835932199164;0,004443979263305664;0,000971073898248367;1;10;20;{'model__max_depth': 1, 'model__min_samples_split': 10, 'model__n_estimators': 20};-0,31775207903316544;-0,2800580225269571;-0,3031865115551256;-0,28145792783830276;-0,31593431004721995;-0,2996777702001541;0,01624908703858177;544
0,17913274765014647;0,002207498831009256;0,005395698547363281;0,0009733902852392413;1;10;25;{'model__max_depth': 1, 'model__min_samples_split': 10, 'model__n_estimators': 25};-0,3184893383362803;-0,2805170663211285;-0,30034482043704214;-0,283145790124312;-0,31711958551076813;-0,2999233201459062;0,016116292610750607;553
0,27979083061218263;0,0045936153443224;0,006518888473510742;0,0007705426949368685;1;10;40;{'model__max_depth': 1, 'model__min_samples_split': 10, 'model__n_estimators': 40};-0,3197328750141189;-0,2817261504407609;-0,30114186652489644;-0,28323095197262166;-0,31456523801519254;-0,3000794163935181;0,015607302063861997;556
0,3548089027404785;0,004445457448778084;0,007712125778198242;0,000617231839217385;1;10;50;{'model__max_depth': 1, 'model__min_samples_split': 10, 'model__n_estimators': 50};-0,3192895117255727;-0,2810310414714843;-0,30079420599494416;-0,2834867167543181;-0,31310744097297705;-0,2995417833838593;0,015336108590549428;540
0,6831849575042724;0,00894743572014308;0,012790298461914063;0,0009270837773626291;1;10;100;{'model__max_depth': 1, 'model__min_samples_split': 10, 'model__n_estimators': 100};-0,3200134839753258;-0,2788321603212668;-0,3024166180212274;-0,28247504829577047;-0,3114092134678308;-0,29902930481628426;0,01604393878477078;536
1,3709669589996338;0,016625140001122737;0,022935009002685545;0,001355250441498377;1;10;200;{'model__max_depth': 1, 'model__min_samples_split': 10, 'model__n_estimators': 200};-0,32040033304414994;-0,27733494805246706;-0,302552058027874;-0,2831184008651775;-0,31147294052609903;-0,2989757361031535;0,01641805310800626;532
0,0680039405822754;0,0005298176996955243;0,003009462356567383;0,0012732328576974738;2;2;5;{'model__max_depth': 2, 'model__min_samples_split': 2, 'model__n_estimators': 5};-0,3140282656358324;-0,2746108467920473;-0,2811131820692332;-0,2683465305416352;-0,29499520751191216;-0,28661880651013205;0,01630841261098295;444
0,1284456729888916;0,0020021312768102296;0,0036096572875976562;0,0005627184578391354;2;2;10;{'model__max_depth': 2, 'model__min_samples_split': 2, 'model__n_estimators': 10};-0,3163374131876329;-0,2661811903780432;-0,2825578901426485;-0,26443615340149373;-0,29770172292336994;-0,28544287400663765;0,019623301590993493;409
0,1912477970123291;0,00495539389990279;0,004636096954345703;0,0010150224204878383;2;2;15;{'model__max_depth': 2, 'model__min_samples_split': 2, 'model__n_estimators': 15};-0,31471502662165396;-0,26988021830590264;-0,28205942903551473;-0,2673791533762942;-0,29640762374184415;-0,28608829021624194;0,017634873406961273;429
0,2504120826721191;0,0034628925562178972;0,004821205139160156;0,0007527581699153007;2;2;20;{'model__max_depth': 2, 'model__min_samples_split': 2, 'model__n_estimators': 20};-0,3136285541627752;-0,2699421631247064;-0,2813872682330125;-0,26615968777162435;-0,29611075864472364;-0,2854456863873684;0,01753167154825037;412
0,31069002151489256;0,003947162427134696;0,005020570755004883;0,0008886632266555531;2;2;25;{'model__max_depth': 2, 'model__min_samples_split': 2, 'model__n_estimators': 25};-0,31506555333242464;-0,27072731024927493;-0,27940985927623446;-0,26645939622595244;-0,29642513137590937;-0,28561745009195916;0,017951480359009606;419
0,48813786506652834;0,0067150963896178565;0,007315921783447266;0,0008910653615014138;2;2;40;{'model__max_depth': 2, 'model__min_samples_split': 2, 'model__n_estimators': 40};-0,31582119073342185;-0,2707125094358354;-0,2801093259249887;-0,2659616250533212;-0,29511398791405047;-0,2855437278123235;0,018117787669698876;415
0,6200644493103027;0,008329768023563259;0,008030843734741212;0,0012689995576454275;2;2;50;{'model__max_depth': 2, 'model__min_samples_split': 2, 'model__n_estimators': 50};-0,3131759712633165;-0,27026130008176463;-0,2798633102583618;-0,26619233045466445;-0,2946045128070851;-0,2848194849730385;0,017223892620578475;389
1,209793758392334;0,015219287774267294;0,011985588073730468;0,0005926846570733394;2;2;100;{'model__max_depth': 2, 'model__min_samples_split': 2, 'model__n_estimators': 100};-0,314029436448596;-0,2697137239426949;-0,2808372839138519;-0,26504229275086527;-0,2950129812960842;-0,28492714367041844;0,017845167156914987;394
2,433392953872681;0,02819389722302156;0,021532869338989256;0,0008142150316101411;2;2;200;{'model__max_depth': 2, 'model__min_samples_split': 2, 'model__n_estimators': 200};-0,3139951133962923;-0,2690697585488146;-0,2815845134821778;-0,2635828284660587;-0,2943295396227517;-0,284512350703219;0,01816976212620213;381
0,0696474552154541;0,0007360878173983746;0,0036092758178710937;0,0008024700256480853;2;5;5;{'model__max_depth': 2, 'model__min_samples_split': 5, 'model__n_estimators': 5};-0,3140282656358324;-0,2746108467920473;-0,2811131820692332;-0,2683465305416352;-0,29499520751191216;-0,28661880651013205;0,01630841261098295;444
0,12973313331604003;0,0020273469645461432;0,0036115646362304688;0,0008038514109319186;2;5;10;{'model__max_depth': 2, 'model__min_samples_split': 5, 'model__n_estimators': 10};-0,3163374131876329;-0,2661811903780432;-0,2825578901426485;-0,26443615340149373;-0,29770172292336994;-0,28544287400663765;0,019623301590993493;409
0,18900671005249023;0,0032562380682546015;0,0041046142578125;0,0002581696954014309;2;5;15;{'model__max_depth': 2, 'model__min_samples_split': 5, 'model__n_estimators': 15};-0,31471502662165396;-0,26988021830590264;-0,28205942903551473;-0,2673791533762942;-0,29640762374184415;-0,28608829021624194;0,017634873406961273;429
0,2512237548828125;0,005563378476629619;0,0052372455596923825;0,0009927808791652174;2;5;20;{'model__max_depth': 2, 'model__min_samples_split': 5, 'model__n_estimators': 20};-0,3136285541627752;-0,2699421631247064;-0,2813872682330125;-0,26615968777162435;-0,29611075864472364;-0,2854456863873684;0,01753167154825037;412
0,3095510005950928;0,0040041519685141995;0,005621576309204101;0,0008066857810556259;2;5;25;{'model__max_depth': 2, 'model__min_samples_split': 5, 'model__n_estimators': 25};-0,31506555333242464;-0,27072731024927493;-0,27940985927623446;-0,26645939622595244;-0,29642513137590937;-0,28561745009195916;0,017951480359009606;419
0,4931966304779053;0,004195849963696579;0,00670933723449707;0,0006828843027878311;2;5;40;{'model__max_depth': 2, 'model__min_samples_split': 5, 'model__n_estimators': 40};-0,31582119073342185;-0,2707125094358354;-0,2801093259249887;-0,2659616250533212;-0,29511398791405047;-0,2855437278123235;0,018117787669698876;415
0,6113603591918946;0,0074630235702679;0,007467222213745117;0,0004623366070813631;2;5;50;{'model__max_depth': 2, 'model__min_samples_split': 5, 'model__n_estimators': 50};-0,3131759712633165;-0,27026130008176463;-0,2798633102583618;-0,26619233045466445;-0,2946045128070851;-0,2848194849730385;0,017223892620578475;389
1,2201413631439209;0,022568438828552032;0,012820005416870117;0,0009329640156058144;2;5;100;{'model__max_depth': 2, 'model__min_samples_split': 5, 'model__n_estimators': 100};-0,314029436448596;-0,2697137239426949;-0,2808372839138519;-0,26504229275086527;-0,2950129812960842;-0,28492714367041844;0,017845167156914987;394
2,425407075881958;0,022778511067626614;0,021406793594360353;0,0007434276457052424;2;5;200;{'model__max_depth': 2, 'model__min_samples_split': 5, 'model__n_estimators': 200};-0,3139951133962923;-0,2690697585488146;-0,2815845134821778;-0,2635828284660587;-0,2943295396227517;-0,284512350703219;0,01816976212620213;381
0,06735849380493164;0,0009317742637112041;0,0037596702575683595;0,0006281435702033377;2;10;5;{'model__max_depth': 2, 'model__min_samples_split': 10, 'model__n_estimators': 5};-0,3140282656358324;-0,2746108467920473;-0,2811131820692332;-0,2683465305416352;-0,29499520751191216;-0,28661880651013205;0,01630841261098295;444
0,12989110946655275;0,003515387304214965;0,0036172389984130858;0,0008072812023385114;2;10;10;{'model__max_depth': 2, 'model__min_samples_split': 10, 'model__n_estimators': 10};-0,3163374131876329;-0,2661811903780432;-0,2825578901426485;-0,26443615340149373;-0,29770172292336994;-0,28544287400663765;0,019623301590993493;409
0,18979363441467284;0,003468248843228088;0,004011964797973633;8,549359140191816e-06;2;10;15;{'model__max_depth': 2, 'model__min_samples_split': 10, 'model__n_estimators': 15};-0,31471502662165396;-0,26988021830590264;-0,28205942903551473;-0,2673791533762942;-0,29640762374184415;-0,28608829021624194;0,017634873406961273;429
0,24885849952697753;0,005042389843153851;0,0049664974212646484;0,0006598790054028468;2;10;20;{'model__max_depth': 2, 'model__min_samples_split': 10, 'model__n_estimators': 20};-0,3136285541627752;-0,2699421631247064;-0,2813872682330125;-0,26615968777162435;-0,29611075864472364;-0,2854456863873684;0,01753167154825037;412
0,31075711250305177;0,005065213272997666;0,005621576309204101;0,0008063492386721802;2;10;25;{'model__max_depth': 2, 'model__min_samples_split': 10, 'model__n_estimators': 25};-0,31506555333242464;-0,27072731024927493;-0,27940985927623446;-0,26645939622595244;-0,29642513137590937;-0,28561745009195916;0,017951480359009606;419
0,4918105125427246;0,007322057426524054;0,007148027420043945;0,0009103142191656453;2;10;40;{'model__max_depth': 2, 'model__min_samples_split': 10, 'model__n_estimators': 40};-0,31582119073342185;-0,2707125094358354;-0,2801093259249887;-0,2659616250533212;-0,29511398791405047;-0,2855437278123235;0,018117787669698876;415
0,6095643520355225;0,007285986494456477;0,006436538696289062;0,0008016425200791981;2;10;50;{'model__max_depth': 2, 'model__min_samples_split': 10, 'model__n_estimators': 50};-0,3131759712633165;-0,27026130008176463;-0,2798633102583618;-0,26619233045466445;-0,2946045128070851;-0,2848194849730385;0,017223892620578475;389
1,2130351066589355;0,008576825797334755;0,012857484817504882;0,0007542082307108388;2;10;100;{'model__max_depth': 2, 'model__min_samples_split': 10, 'model__n_estimators': 100};-0,314029436448596;-0,2697137239426949;-0,2808372839138519;-0,26504229275086527;-0,2950129812960842;-0,28492714367041844;0,017845167156914987;394
2,414209222793579;0,013919977215005958;0,02369084358215332;0,003833352623622922;2;10;200;{'model__max_depth': 2, 'model__min_samples_split': 10, 'model__n_estimators': 200};-0,3139951133962923;-0,2690697585488146;-0,2815845134821778;-0,2635828284660587;-0,2943295396227517;-0,284512350703219;0,01816976212620213;381
0,09229950904846192;0,0006741005164850521;0,0040628910064697266;0,0002546487669901533;3;2;5;{'model__max_depth': 3, 'model__min_samples_split': 2, 'model__n_estimators': 5};-0,3086266977731859;-0,2745502710051695;-0,28593810680779297;-0,26107633059063434;-0,2937070639556853;-0,2847796940264936;0,016224734051693397;386
0,17977824211120605;0,003391853686940684;0,004364538192749024;0,0009462261627196179;3;2;10;{'model__max_depth': 3, 'model__min_samples_split': 2, 'model__n_estimators': 10};-0,310740058762846;-0,27017344216553824;-0,2781282589968266;-0,2536226556653222;-0,29101912148795533;-0,2807367074156977;0,01928464419912882;243
0,26602516174316404;0,00823857059195582;0,0044116973876953125;0,0011998444496512679;3;2;15;{'model__max_depth': 3, 'model__min_samples_split': 2, 'model__n_estimators': 15};-0,3091253235442815;-0,2716163456660498;-0,2758552695650615;-0,2592034543516033;-0,2886065413769255;-0,28088138690078435;0,01696132997711414;252
0,3477923393249512;0,0022390558026441727;0,004812431335449219;0,000978077766711261;3;2;20;{'model__max_depth': 3, 'model__min_samples_split': 2, 'model__n_estimators': 20};-0,3061964153539164;-0,26991826519509476;-0,27320489361796846;-0,25944880867193953;-0,28866689683702357;-0,2794870559351886;0,016310843218745624;190
0,43486862182617186;0,006021455745579372;0,005415821075439453;0,0013558209322755885;3;2;25;{'model__max_depth': 3, 'model__min_samples_split': 2, 'model__n_estimators': 25};-0,3079525235915174;-0,2695678292973038;-0,2721735892771114;-0,2607910401858337;-0,28933225158644044;-0,2799634467876414;0,016777930990656057;210
0,6859002113342285;0,004807617798818359;0,006470727920532227;0,0008031990288432342;3;2;40;{'model__max_depth': 3, 'model__min_samples_split': 2, 'model__n_estimators': 40};-0,3074747330029736;-0,2698738629233284;-0,27212777591577847;-0,2613499963433686;-0,29012867445876667;-0,28019100852884316;0,016550539442000144;219
0,8569694519042969;0,00710794729051462;0,007623910903930664;0,0007974295653843091;3;2;50;{'model__max_depth': 3, 'model__min_samples_split': 2, 'model__n_estimators': 50};-0,3049472701707428;-0,2686338675145207;-0,27189355447806046;-0,2612051811270369;-0,2903581692701633;-0,27940760851210483;0,015975305720842197;184
1,7241667747497558;0,02752220614741404;0,01254730224609375;0,0007866297836041275;3;2;100;{'model__max_depth': 3, 'model__min_samples_split': 2, 'model__n_estimators': 100};-0,30653487235486815;-0,2661753916809357;-0,271099561723064;-0,2600203275934272;-0,2909087138986558;-0,2789477734501902;0,01724580234388824;164
3,434106969833374;0,040779166530926496;0,02294921875;0,002705218808980747;3;2;200;{'model__max_depth': 3, 'model__min_samples_split': 2, 'model__n_estimators': 200};-0,30748206675358747;-0,26578643770761284;-0,2713499607131824;-0,2577617036087238;-0,2899835863395431;-0,2784727510245299;0,017970330554398173;143
0,09226398468017578;0,0016942486460097715;0,003225851058959961;0,0007442715560029556;3;5;5;{'model__max_depth': 3, 'model__min_samples_split': 5, 'model__n_estimators': 5};-0,3086266977731859;-0,2745502710051695;-0,28593810680779297;-0,26120459380678646;-0,2937070639556853;-0,28480534666972407;0,01618729500038335;387
0,17991843223571777;0,003196658850053327;0,003880882263183594;0,0012918745379037525;3;5;10;{'model__max_depth': 3, 'model__min_samples_split': 5, 'model__n_estimators': 10};-0,310740058762846;-0,27017344216553824;-0,2781282589968266;-0,2536867872733983;-0,29101912148795533;-0,2807495337373129;0,01926661913385465;245
0,26497206687927244;0,006042279722315091;0,004623126983642578;0,0008025818360505004;3;5;15;{'model__max_depth': 3, 'model__min_samples_split': 5, 'model__n_estimators': 15};-0,3091124773504739;-0,2716163456660498;-0,2758552695650615;-0,25924620875698734;-0,2886065413769255;-0,2808873685430996;0,01694612686501662;253
0,3477353096008301;0,00571095085064766;0,005466175079345703;0,0007700218900992591;3;5;20;{'model__max_depth': 3, 'model__min_samples_split': 5, 'model__n_estimators': 20};-0,3061867807085607;-0,26991826519509476;-0,27320489361796846;-0,25948087447597756;-0,28866689683702357;-0,279491542166925;0,01629981164008917;191
0,4311723232269287;0,004880036351835857;0,005669164657592774;0,0007103069031430492;3;5;25;{'model__max_depth': 3, 'model__min_samples_split': 5, 'model__n_estimators': 25};-0,30794481587523287;-0,2695678292973038;-0,2721735892771114;-0,2608166928290641;-0,28933225158644044;-0,2799670357730305;0,016769498413250223;211
0,6884676456451416;0,005328607526134562;0,006416130065917969;0,0010385176843214412;3;5;40;{'model__max_depth': 3, 'model__min_samples_split': 5, 'model__n_estimators': 40};-0,307451688802211;-0,2698738629233284;-0,27212777591577847;-0,26144502501923;-0,2901690217144769;-0,2802134748750049;0,016526185426627586;221
0,8565342903137207;0,009414519175623071;0,007526397705078125;0,0004410594989228124;3;5;50;{'model__max_depth': 3, 'model__min_samples_split': 5, 'model__n_estimators': 50};-0,30495073881254364;-0,2686338675145207;-0,2718992329082441;-0,261281204067726;-0,29039044707473144;-0,2794310980755531;0,0159630023931141;187
1,715782642364502;0,01856561327214773;0,013295269012451172;0,0009319954265745195;3;5;100;{'model__max_depth': 3, 'model__min_samples_split': 5, 'model__n_estimators': 100};-0,3066006324439458;-0,26620605331433067;-0,2711024009381558;-0,2600804951484278;-0,29094512963094815;-0,2789869422951617;0,017253898036407467;166
3,4153372764587404;0,030360969730537708;0,021567487716674806;0,0005748939218322091;3;5;200;{'model__max_depth': 3, 'model__min_samples_split': 5, 'model__n_estimators': 200};-0,30753576427232554;-0,2658017685243103;-0,2713513803207283;-0,25779366911768486;-0,2900088691352723;-0,2784982902740643;0,01798126605983044;145
0,09071574211120606;0,0004364172632066641;0,002963542938232422;0,0008416507460461042;3;10;5;{'model__max_depth': 3, 'model__min_samples_split': 10, 'model__n_estimators': 5};-0,3086266977731859;-0,2745502710051695;-0,28593810680779297;-0,26120459380678646;-0,2937070639556853;-0,28480534666972407;0,01618729500038335;387
0,17561192512512208;0,0010804976325865564;0,004312467575073242;0,000366096565645654;3;10;10;{'model__max_depth': 3, 'model__min_samples_split': 10, 'model__n_estimators': 10};-0,310740058762846;-0,27017344216553824;-0,2781282589968266;-0,2536867872733983;-0,29101912148795533;-0,2807495337373129;0,01926661913385465;245
0,26587934494018556;0,005333549831825557;0,004421806335449219;0,0008079991167561473;3;10;15;{'model__max_depth': 3, 'model__min_samples_split': 10, 'model__n_estimators': 15};-0,30922478700713096;-0,27161634566604975;-0,2758552695650615;-0,25924620875698734;-0,28860654137692543;-0,28090983047443097;0,016983557188951323;254
0,35016689300537107;0,004719455761943429;0,0051691532135009766;0,000947437096018372;3;10;20;{'model__max_depth': 3, 'model__min_samples_split': 10, 'model__n_estimators': 20};-0,30627101295105347;-0,2699027728158375;-0,27320489361796846;-0,2595257546232483;-0,28866689683702357;-0,2795142661690263;0,016318233524400982;193
0,43956871032714845;0,009743824528086505;0,005238628387451172;0,0009862387865562346;3;10;25;{'model__max_depth': 3, 'model__min_samples_split': 10, 'model__n_estimators': 25};-0,3079649831211725;-0,2694893051353884;-0,2721735892771114;-0,26085259694688073;-0,28933225158644044;-0,2799625452133987;0,01677781059229008;209
0,6848321437835694;0,005095224778288077;0,006462955474853515;0,0008127274213098848;3;10;40;{'model__max_depth': 3, 'model__min_samples_split': 10, 'model__n_estimators': 40};-0,30752768832414257;-0,2698914527295371;-0,27212777591577847;-0,26146746509286534;-0,2901690217144769;-0,2802366807553601;0,01654395374894644;223
0,8622281551361084;0,009172646358469051;0,007362174987792969;0,0005580786148426018;3;10;50;{'model__max_depth': 3, 'model__min_samples_split': 10, 'model__n_estimators': 50};-0,3050500518010692;-0,26855587585522456;-0,2718992329082441;-0,2613153447195587;-0,29039044707473144;-0,27944219047176555;0,015997609047385366;188
1,7135574340820312;0,027660065697963913;0,012101697921752929;0,0009803115650205542;3;10;100;{'model__max_depth': 3, 'model__min_samples_split': 10, 'model__n_estimators': 100};-0,3069003713279348;-0,2661733895113177;-0,27109007186880507;-0,2601039025070097;-0,2909207148104978;-0,27903769000511297;0,017347498144003812;168
3,4087424755096434;0,018360129205197178;0,021402263641357423;0,000533666395046462;3;10;200;{'model__max_depth': 3, 'model__min_samples_split': 10, 'model__n_estimators': 200};-0,3077173324837686;-0,26585361801401397;-0,2713585865787828;-0,25782015267703173;-0,28995122143981666;-0,2785401822386827;0,018018666793959862;149
0,115142822265625;0,0013417575136479495;0,003760242462158203;0,0007482817694338173;4;2;5;{'model__max_depth': 4, 'model__min_samples_split': 2, 'model__n_estimators': 5};-0,3049417746126395;-0,28100386507951364;-0,27620851389386847;-0,2589516496908482;-0,2931054370320093;-0,2828422480617759;0,015568358250836547;331
0,224906587600708;0,002363448743314792;0,0040171146392822266;0,0008974362124522916;4;2;10;{'model__max_depth': 4, 'model__min_samples_split': 2, 'model__n_estimators': 10};-0,30513240027994903;-0,27229019654149805;-0,26933256889119483;-0,2518835910469736;-0,28920031863177853;-0,2775678150782788;0,018168507905352325;114
0,334621524810791;0,006281365225755449;0,004309177398681641;0,0004010842279886919;4;2;15;{'model__max_depth': 4, 'model__min_samples_split': 2, 'model__n_estimators': 15};-0,3026982443850039;-0,27043045460435844;-0,2672910748511225;-0,2561277247293422;-0,2875842008913836;-0,2768263398922421;0,016403343031476437;97
0,44394650459289553;0,005385246636110545;0,004566764831542969;0,0008633369581195391;4;2;20;{'model__max_depth': 4, 'model__min_samples_split': 2, 'model__n_estimators': 20};-0,29961119673615383;-0,26874356109612985;-0,26541272903024316;-0,2552377240896272;-0,2872259293397582;-0,2752462280583824;0,015978032127179236;61
0,5524517059326172;0,007555613373119077;0,005317306518554688;0,000678315742409807;4;2;25;{'model__max_depth': 4, 'model__min_samples_split': 2, 'model__n_estimators': 25};-0,30044532057709905;-0,2690441124370121;-0,26491713218085594;-0,2565675187080606;-0,28748961108584753;-0,2756927389977751;0,015987172823553605;72
0,8825640678405762;0,012680287346799105;0,007222509384155274;0,0005151891874097254;4;2;40;{'model__max_depth': 4, 'model__min_samples_split': 2, 'model__n_estimators': 40};-0,3013720222592813;-0,26780204855155987;-0,26507498855591877;-0,2564357986497525;-0,2876245498193709;-0,2756618815671767;0,016417175817616984;71
1,1035752773284913;0,01701859299164484;0,007729101181030274;0,0006052623747539915;4;2;50;{'model__max_depth': 4, 'model__min_samples_split': 2, 'model__n_estimators': 50};-0,2992669824645438;-0,2665984133954059;-0,2660652809120646;-0,25628714688513654;-0,28771408997885434;-0,2751863827272011;0,015817380084408122;58
2,209874391555786;0,03940372786990152;0,012343215942382812;0,0005967617015861483;4;2;100;{'model__max_depth': 4, 'model__min_samples_split': 2, 'model__n_estimators': 100};-0,30160623504332085;-0,2640186178557489;-0,26465601613541917;-0,2573095355800311;-0,2877645436377207;-0,2750709896504482;0,016800841688381724;54
4,348538541793824;0,0204694369010442;0,02235698699951172;0,0005383754424778581;4;2;200;{'model__max_depth': 4, 'model__min_samples_split': 2, 'model__n_estimators': 200};-0,3029981786014395;-0,2648979790716241;-0,26402772936748203;-0,2538825206709117;-0,28753305558765196;-0,2746678926598219;0,01793774508582007;40
0,11478796005249023;0,001883936902922432;0,0036583900451660155;0,0008654704710622837;4;5;5;{'model__max_depth': 4, 'model__min_samples_split': 5, 'model__n_estimators': 5};-0,30463870871015275;-0,2800988265678374;-0,27607934976780135;-0,25928844061275275;-0,2930827422072403;-0,28263761357315687;0,015412910438613309;323
0,2350527286529541;0,008964406686685173;0,004012155532836914;0,0006349297493858548;4;5;10;{'model__max_depth': 4, 'model__min_samples_split': 5, 'model__n_estimators': 10};-0,30517163528393115;-0,2718183060410294;-0,26926798682816133;-0,2521604759756153;-0,289137314567046;-0,27751114373915664;0,01812889976579809;112
0,3348053455352783;0,004232321956354251;0,005160045623779297;0,0009399343910667658;4;5;15;{'model__max_depth': 4, 'model__min_samples_split': 5, 'model__n_estimators': 15};-0,3029209154257089;-0,2704167535521737;-0,26692223148308886;-0,25618904144790905;-0,2877536548369395;-0,276840519349164;0,016525158555360017;98
0,44604268074035647;0,0052187256198615575;0,00528717041015625;0,0009961242707080035;4;5;20;{'model__max_depth': 4, 'model__min_samples_split': 5, 'model__n_estimators': 20};-0,29971542842532184;-0,26873328530699125;-0,2650550108659153;-0,25532963121513036;-0,2872647065835305;-0,2752196124793779;0,016038280529253865;60
0,551478910446167;0,004009863123723664;0,005366182327270508;0,0007741243475947067;4;5;25;{'model__max_depth': 4, 'model__min_samples_split': 5, 'model__n_estimators': 25};-0,30065047713658527;-0,26896732686407854;-0,26452717339707016;-0,25658025985940125;-0,28750314453242254;-0,27564567635791154;0,016109321399763493;69
0,8790117263793945;0,010843420657436443;0,0068623065948486325;0,0006211673964855122;4;5;40;{'model__max_depth': 4, 'model__min_samples_split': 5, 'model__n_estimators': 40};-0,30196591877796114;-0,2677114913105308;-0,26499678194601045;-0,25656860839610596;-0,28750343108983906;-0,2757492463040895;0,01657463508645194;74
1,0988521099090576;0,012340928980277497;0,008005142211914062;0,0006601827761957002;4;5;50;{'model__max_depth': 4, 'model__min_samples_split': 5, 'model__n_estimators': 50};-0,29977330358623777;-0,26641241587361225;-0,26600769219000264;-0,25661124474547264;-0,2876923955034548;-0,275299410379756;0,01591929497184424;62
2,1899975776672362;0,02137758303557736;0,012779331207275391;0,0012633634939798787;4;5;100;{'model__max_depth': 4, 'model__min_samples_split': 5, 'model__n_estimators': 100};-0,30188663261787674;-0,26351453654862617;-0,26450405967362356;-0,2573853616489038;-0,2877158443866454;-0,27500128697513515;0,01695252088616992;51
4,372062110900879;0,04880901004885276;0,02070021629333496;0,0007831269128007179;4;5;200;{'model__max_depth': 4, 'model__min_samples_split': 5, 'model__n_estimators': 200};-0,30314458018700147;-0,2644653686776977;-0,2640834535007675;-0,25404530423129495;-0,2874968008859051;-0,2746471014965334;0,017982844373688453;39
0,11398043632507324;0,0011972891339124955;0,0034215450286865234;0,0005065582322439761;4;10;5;{'model__max_depth': 4, 'model__min_samples_split': 10, 'model__n_estimators': 5};-0,30583386256791645;-0,2775826983258546;-0,27394276047802735;-0,25967077826345597;-0,29308274220724023;-0,2820225683684989;0,01596185101569856;302
0,22157878875732423;0,0009045669186404162;0,004102468490600586;9,240619402633602e-05;4;10;10;{'model__max_depth': 4, 'model__min_samples_split': 10, 'model__n_estimators': 10};-0,30527140287386145;-0,27034545072459276;-0,2681245534874031;-0,2523020019725668;-0,2895559745439918;-0,27711987672048316;0,018384235357962908;105
0,333676815032959;0,004089847486057954;0,004494667053222656;0,0004505005705939568;4;10;15;{'model__max_depth': 4, 'model__min_samples_split': 10, 'model__n_estimators': 15};-0,3029739004971166;-0,26949473155672465;-0,26612767830139183;-0,25639323200780545;-0,28784897767106293;-0,2765677040068203;0,01667683869934901;90
0,44204034805297854;0,005712160897505495;0,005411863327026367;0,00048779655871589313;4;10;20;{'model__max_depth': 4, 'model__min_samples_split': 10, 'model__n_estimators': 20};-0,2998190046427914;-0,26778935525655523;-0,2642847995333096;-0,2554154237192431;-0,2872025141279558;-0,27490221945597104;0,016218514630398334;49
0,5481480598449707;0,00801465062877882;0,005620527267456055;0,000797935593314784;4;10;25;{'model__max_depth': 4, 'model__min_samples_split': 10, 'model__n_estimators': 25};-0,30072697854019503;-0,26796902331190675;-0,26392487851278296;-0,2566488938626915;-0,287318555337913;-0,2753176659130978;0,016260231965547402;63
0,8812891483306885;0,009553960551143294;0,006763935089111328;0,0009687656934731746;4;10;40;{'model__max_depth': 4, 'model__min_samples_split': 10, 'model__n_estimators': 40};-0,30197729641608606;-0,26726084699540326;-0,26474131141545415;-0,25653450058279803;-0,2877553984850179;-0,27565387077895187;0,01669998099930097;70
1,0866765975952148;0,014826474850288667;0,00801849365234375;0,0004925839089598841;4;10;50;{'model__max_depth': 4, 'model__min_samples_split': 10, 'model__n_estimators': 50};-0,2998527428327797;-0,2661603058936297;-0,26562953949126045;-0,25647902520157667;-0,2877802346109427;-0,27518036960603787;0,016061150560112345;57
2,1747254848480226;0,01788696781651927;0,012285089492797852;0,0010571345757308729;4;10;100;{'model__max_depth': 4, 'model__min_samples_split': 10, 'model__n_estimators': 100};-0,3020952623677103;-0,2634705698065647;-0,26447187083949464;-0,25736251878019284;-0,28786892241904627;-0,27505382884260177;0,01705636495426643;53
4,35312786102295;0,0543572514223847;0,022577667236328126;0,0005522851929403918;4;10;200;{'model__max_depth': 4, 'model__min_samples_split': 10, 'model__n_estimators': 200};-0,3034955563320401;-0,26439107940950635;-0,26422794954522005;-0,2540753376533489;-0,28764159837483755;-0,27476630426299054;0,01809951067334567;44
0,13871593475341798;0,0018248887815403927;0,0040108680725097655;5,662930618020448e-06;5;2;5;{'model__max_depth': 5, 'model__min_samples_split': 2, 'model__n_estimators': 5};-0,30702816089504614;-0,29053420882864395;-0,2804460442928951;-0,26617545701533946;-0,2884655136487705;-0,28652987693613896;0,01335122794795932;442
0,271209192276001;0,0037473511548654645;0,004228115081787109;0,0004021062892558449;5;2;10;{'model__max_depth': 5, 'model__min_samples_split': 2, 'model__n_estimators': 10};-0,3086019415789085;-0,2842342753626442;-0,26790541095764314;-0,2577479047771204;-0,28613524116595274;-0,2809249547684538;0,017382741172712466;255
0,4052885055541992;0,005847770854905296;0,004305553436279297;0,00019043286973100847;5;2;15;{'model__max_depth': 5, 'model__min_samples_split': 2, 'model__n_estimators': 15};-0,302369185073372;-0,27804994322942006;-0,26402326997692255;-0,2560176754455109;-0,28361094075910454;-0,276814202896866;0,0161051751482341;96
0,5333799362182617;0,005651151317260653;0,004620504379272461;0,0007271236869398533;5;2;20;{'model__max_depth': 5, 'model__min_samples_split': 2, 'model__n_estimators': 20};-0,2971142930523562;-0,27568495662445114;-0,26217664752866926;-0,25617597758347116;-0,282255007286609;-0,27468137641511137;0,014563109812875459;42
0,6666295528411865;0,007008959205523127;0,005620527267456055;0,0008057923179874007;5;2;25;{'model__max_depth': 5, 'model__min_samples_split': 2, 'model__n_estimators': 25};-0,29663965271043863;-0,27472072482668636;-0,260802896221146;-0,2571353030727095;-0,2819785427791196;-0,27425542392202;0,014387395926315638;34
1,0549354076385498;0,0045077176595902275;0,007700014114379883;0,0007555382436876032;5;2;40;{'model__max_depth': 5, 'model__min_samples_split': 2, 'model__n_estimators': 40};-0,29702276796344035;-0,27051004876025464;-0,2596695944771007;-0,2555165367273552;-0,28499871365778406;-0,273543532317187;0,01555092556573293;20
1,3313085079193114;0,017202721561364237;0,008228445053100586;0,0004051621834902841;5;2;50;{'model__max_depth': 5, 'model__min_samples_split': 2, 'model__n_estimators': 50};-0,2954977891593808;-0,2681061450401861;-0,2604457385370746;-0,25544156260148554;-0,2847706282853489;-0,2728523727246952;0,015062850058036679;2
2,63863582611084;0,02032220507935176;0,013654804229736328;0,0008093595557435186;5;2;100;{'model__max_depth': 5, 'model__min_samples_split': 2, 'model__n_estimators': 100};-0,2984631706887637;-0,2656850852269895;-0,26055632071139484;-0,25686627213985874;-0,2851608490434742;-0,2733463395620962;0,015901634271741284;13
5,2904290676116945;0,02943283004933006;0,022671318054199217;0,0014010150502354218;5;2;200;{'model__max_depth': 5, 'model__min_samples_split': 2, 'model__n_estimators': 200};-0,30020391250503853;-0,2659041639272242;-0,26100263518502614;-0,25399799652575056;-0,2849233769570205;-0,273206417020012;0,01695506131997707;10
0,14053878784179688;0,0024007682037804467;0,0030672550201416016;0,0008808705245209288;5;5;5;{'model__max_depth': 5, 'model__min_samples_split': 5, 'model__n_estimators': 5};-0,3052826838306829;-0,2906154010803774;-0,276848408996673;-0,26511561808179435;-0,2870542291059169;-0,2849832682190889;0,013483141549955405;399
0,2738492965698242;0,005593798484675291;0,003707695007324219;0,0006001239808775329;5;5;10;{'model__max_depth': 5, 'model__min_samples_split': 5, 'model__n_estimators': 10};-0,3072605429309934;-0,28296483816397433;-0,26643031845901344;-0,25712532058531323;-0,2851568959979402;-0,27978758322744696;0,017237648642357474;203
0,40415234565734864;0,005873982971696674;0,004010820388793945;0,0009536078024557325;5;5;15;{'model__max_depth': 5, 'model__min_samples_split': 5, 'model__n_estimators': 15};-0,3021850788775286;-0,27723457096783183;-0,2622564569667178;-0,2557697305105851;-0,28348262466618157;-0,27618569239776897;0,016377720009702463;81
0,5349595069885253;0,004626721827090944;0,0049286365509033205;0,0006673150146855722;5;5;20;{'model__max_depth': 5, 'model__min_samples_split': 5, 'model__n_estimators': 20};-0,29712295239808195;-0,2747696870338035;-0,26059606854257594;-0,2561107839806632;-0,2820112030650922;-0,2741221390040433;0,014826041676080544;32
0,6685534477233886;0,008434981288230906;0,005401325225830078;0,0009986899275169373;5;5;25;{'model__max_depth': 5, 'model__min_samples_split': 5, 'model__n_estimators': 25};-0,2969695934618517;-0,2745411687780333;-0,2599467912295107;-0,25705630962716003;-0,2815177013274833;-0,2740063128848078;0,014621846953332246;30
1,0655606269836426;0,007720108140940288;0,007376480102539063;0,000659724179397454;5;5;40;{'model__max_depth': 5, 'model__min_samples_split': 5, 'model__n_estimators': 40};-0,2973101216776557;-0,2707936578790209;-0,25974983249575445;-0,25551484052505663;-0,28440630817643725;-0,27355495215078496;0,015528758540588833;21
1,313298273086548;0,017688736304367757;0,008431720733642577;0,0008013696595576085;5;5;50;{'model__max_depth': 5, 'model__min_samples_split': 5, 'model__n_estimators': 50};-0,29543944906436553;-0,26840402335196367;-0,26077129707257946;-0,2554447870279223;-0,2840056120484076;-0,27281303371304777;0,014854812473009751;1
2,6605033397674562;0,048039788854347384;0,01293044090270996;0,0009837967426817428;5;5;100;{'model__max_depth': 5, 'model__min_samples_split': 5, 'model__n_estimators': 100};-0,29894751734427866;-0,2655709115442169;-0,26086771098139844;-0,2567677038984153;-0,284774192385147;-0,2733856072306913;0,015981445659367242;14
5,271412944793701;0,06980768473862939;0,02221393585205078;0,0001841633753566507;5;5;200;{'model__max_depth': 5, 'model__min_samples_split': 5, 'model__n_estimators': 200};-0,300211857805048;-0,2657911588626983;-0,2605095053905029;-0,25390278664787436;-0,2847951444436734;-0,27304209062995943;0,01704280014254087;4
0,13507652282714844;0,0009916170189570805;0,0038147449493408205;0,0004042591680668001;5;10;5;{'model__max_depth': 5, 'model__min_samples_split': 10, 'model__n_estimators': 5};-0,3077134141856777;-0,2893100590703728;-0,27634521009183527;-0,26871388862876006;-0,2877529082818097;-0,2859670960516911;0,013247797818907288;427
0,2668756008148193;0,0029345654072617396;0,004014348983764649;9,192698201030623e-06;5;10;10;{'model__max_depth': 5, 'model__min_samples_split': 10, 'model__n_estimators': 10};-0,3076556482033276;-0,2808980414176742;-0,2674103405988729;-0,2603315933536189;-0,28543224672011425;-0,28034557405872157;0,016370090391050113;227
0,4016468048095703;0,0063345601431124615;0,004733371734619141;0,0005911174756025493;5;10;15;{'model__max_depth': 5, 'model__min_samples_split': 10, 'model__n_estimators': 15};-0,3018264782233671;-0,2766179999352448;-0,26382936351484787;-0,2573803333527047;-0,2842407498350965;-0,2767789849722522;0,015665766178274233;95
0,5335186004638672;0,010555754739229015;0,005308675765991211;0,0007633020075999929;5;10;20;{'model__max_depth': 5, 'model__min_samples_split': 10, 'model__n_estimators': 20};-0,2973822322888617;-0,27390032374469603;-0,26163227853657195;-0,25725772339292247;-0,28281290726267977;-0,27459709304514635;0,014531949740133117;38
0,6626617908477783;0,010660712764731513;0,005820465087890625;0,0009992438249694293;5;10;25;{'model__max_depth': 5, 'model__min_samples_split': 10, 'model__n_estimators': 25};-0,29792284988067386;-0,2735797579623478;-0,26160336181154503;-0,25795762498617203;-0,2827698765266139;-0,2747666942334705;0,014542939306048747;45
1,0506579399108886;0,008358643905180867;0,0067481517791748045;0,0008532727269902411;5;10;40;{'model__max_depth': 5, 'model__min_samples_split': 10, 'model__n_estimators': 40};-0,29757832912454435;-0,27011750237898574;-0,2600283736718142;-0,2562830488972748;-0,2854690047175992;-0,27389525175804363;0,015566575082237421;27
1,3150678157806397;0,01620118711212065;0,00812687873840332;0,00019912120245536632;5;10;50;{'model__max_depth': 5, 'model__min_samples_split': 10, 'model__n_estimators': 50};-0,2961434374495259;-0,2681113366929346;-0,2607240688072928;-0,2563300838978298;-0,28483135475203786;-0,2732280563199242;0,015018809688219125;11
2,6121050357818603;0,030660120871809488;0,013052988052368163;0,0008608131559863007;5;10;100;{'model__max_depth': 5, 'model__min_samples_split': 10, 'model__n_estimators': 100};-0,2992848982312997;-0,26525752480064546;-0,2605361510488311;-0,2568589311900949;-0,28523752826223514;-0,27343500670662124;0,016220569497036937;16
5,23201732635498;0,04299487896573991;0,02266249656677246;0,001304946056477922;5;10;200;{'model__max_depth': 5, 'model__min_samples_split': 10, 'model__n_estimators': 200};-0,3005771155218556;-0,265618962058077;-0,26056140828662755;-0,25414067561449283;-0,2850600457902679;-0,27319164145426417;0,017150106553161914;9
0,16021337509155273;0,0012808286292889121;0,0038074493408203126;0,0009831556674959503;6;2;5;{'model__max_depth': 6, 'model__min_samples_split': 2, 'model__n_estimators': 5};-0,3166234812059911;-0,28887260120584307;-0,27696427434992504;-0,26801888318159406;-0,2909087365251916;-0,288277595293709;0,016426641967159376;465
0,3132454872131348;0,002160062786738064;0,00436868667602539;0,0003796850598055196;6;2;10;{'model__max_depth': 6, 'model__min_samples_split': 2, 'model__n_estimators': 10};-0,31180474137837766;-0,2835994909180223;-0,26357614527717577;-0,25730800674556725;-0,2870415888736022;-0,280665994638549;0,019269321214832803;241
0,4674524784088135;0,004018856953949831;0,00432291030883789;0,0009859629915983249;6;2;15;{'model__max_depth': 6, 'model__min_samples_split': 2, 'model__n_estimators': 15};-0,3031626650703864;-0,28048261798993523;-0,26189561636587766;-0,2562427638137567;-0,283000253692484;-0,276956783386488;0,016683001149091964;102
0,6271780014038086;0,00816319277275553;0,004809808731079101;0,0007495906729080713;6;2;20;{'model__max_depth': 6, 'model__min_samples_split': 2, 'model__n_estimators': 20};-0,2993820273736458;-0,2795123974464751;-0,25905284408092494;-0,25576440484370416;-0,2838299131607352;-0,27550831738109705;0,01622245558548315;66
0,7724163055419921;0,008153182578757441;0,005719327926635742;0,0005995555881810432;6;2;25;{'model__max_depth': 6, 'model__min_samples_split': 2, 'model__n_estimators': 25};-0,2994699349199435;-0,27930447254276447;-0,2601961297860033;-0,25794129620258416;-0,28489198170955554;-0,27636076303217016;0,015595211248406272;86
1,2362513065338134;0,011543201399740466;0,007017755508422851;0,0009287497574766321;6;2;40;{'model__max_depth': 6, 'model__min_samples_split': 2, 'model__n_estimators': 40};-0,29659943158170854;-0,275993826210078;-0,25629101492800155;-0,2569633629979212;-0,2865703170215326;-0,2744835905478484;0,01597127655715205;37
1,5301511764526368;0,012713978485034532;0,008319616317749023;0,0003653791289054051;6;2;50;{'model__max_depth': 6, 'model__min_samples_split': 2, 'model__n_estimators': 50};-0,29446777511367345;-0,27325209879493234;-0,2565909231297239;-0,2576075733550792;-0,28528488534024127;-0,27344065114673;0,014946980059830563;17
3,097488451004028;0,029934423317128034;0,013913917541503906;0,0006261825561523438;6;2;100;{'model__max_depth': 6, 'model__min_samples_split': 2, 'model__n_estimators': 100};-0,2991182691996145;-0,2696860376884122;-0,25665328152384015;-0,25790339885551544;-0,2852634638107472;-0,27372489021562585;0,016346462117256984;25
6,125723886489868;0,04622858839518168;0,022783708572387696;0,0010022754485688981;6;2;200;{'model__max_depth': 6, 'model__min_samples_split': 2, 'model__n_estimators': 200};-0,3002217337506087;-0,270346597900726;-0,255876234557964;-0,2551321526100012;-0,2841743041633125;-0,2731502045965225;0,017235422308639572;7
0,1579747676849365;0,0011428132194065202;0,003209686279296875;0,0007482119844922783;6;5;5;{'model__max_depth': 6, 'model__min_samples_split': 5, 'model__n_estimators': 5};-0,3154199837064201;-0,29029776631467913;-0,27829625004630026;-0,2654993757171377;-0,29598457423122965;-0,2890995900031534;0,01682429212512978;471
0,3104252815246582;0,0032669950638768187;0,003411102294921875;0,0005679232927131562;6;5;10;{'model__max_depth': 6, 'model__min_samples_split': 5, 'model__n_estimators': 10};-0,3106019375103114;-0,2853438704258949;-0,2660547464490901;-0,2566663677995664;-0,2899566317434065;-0,28172471078565386;0,018911506539570508;288
0,46294894218444826;0,0035001687104159406;0,005369663238525391;0,0006944285310556386;6;5;15;{'model__max_depth': 6, 'model__min_samples_split': 5, 'model__n_estimators': 15};-0,3018104601425224;-0,28210169735754576;-0,26385982663552204;-0,25542293664510074;-0,28639359157752625;-0,27791770247164344;0,016515742436079724;120
0,6152003765106201;0,0023751038504548952;0,004908847808837891;0,0008512851657268107;6;5;20;{'model__max_depth': 6, 'model__min_samples_split': 5, 'model__n_estimators': 20};-0,2986614826680024;-0,28047960029035107;-0,26080558596936304;-0,25501994402539774;-0,2849298243919094;-0,2759792874690047;0,016027365351366937;75
0,7693164825439454;0,010152322174441229;0,005438423156738282;0,0006176012397302997;6;5;25;{'model__max_depth': 6, 'model__min_samples_split': 5, 'model__n_estimators': 25};-0,2993767132184937;-0,2802329941919172;-0,2615051210470215;-0,25739969479127867;-0,28521003665832034;-0,2767449119814063;0,015508140677689112;93
1,2193045139312744;0,0104583289296089;0,00751953125;0,0007020877094451765;6;5;40;{'model__max_depth': 6, 'model__min_samples_split': 5, 'model__n_estimators': 40};-0,29676764694354024;-0,27626505477037394;-0,25827035433354895;-0,2565728518079525;-0,28796719402607174;-0,27516862037629747;0,015892624757418924;56
1,5320471286773683;0,011728209896249987;0,007657480239868164;0,0008453008035278648;6;5;50;{'model__max_depth': 6, 'model__min_samples_split': 5, 'model__n_estimators': 50};-0,2953479616343457;-0,2736525233838091;-0,25820369739993304;-0,25666750134410915;-0,2863059617177489;-0,27403552909598916;0,015213318333914054;31
3,058545637130737;0,0334591566203462;0,012479734420776368;0,0007791664403497906;6;5;100;{'model__max_depth': 6, 'model__min_samples_split': 5, 'model__n_estimators': 100};-0,2992199524976233;-0,26945994655920597;-0,25784027172926655;-0,25692590105660984;-0,2851258398887568;-0,27371438234629253;0,016326029448399046;24
6,088576316833496;0,04050569581774074;0,02292156219482422;0,0009502740204011687;6;5;200;{'model__max_depth': 6, 'model__min_samples_split': 5, 'model__n_estimators': 200};-0,30019529615935986;-0,269581453260107;-0,2571603038258054;-0,25463483996500985;-0,28427583159755054;-0,2731695449615665;0,017125690197805615;8
0,1550661563873291;0,0017832011674935226;0,003152894973754883;0,0009436306339029169;6;10;5;{'model__max_depth': 6, 'model__min_samples_split': 10, 'model__n_estimators': 5};-0,31608927263295317;-0,28849093200956955;-0,27820904296090493;-0,26563576367478925;-0,2964901358057638;-0,2889830294167961;0,0170441827569793;470
0,30482192039489747;0,004206428598902038;0,004011011123657227;0,0012609833880633259;6;10;10;{'model__max_depth': 6, 'model__min_samples_split': 10, 'model__n_estimators': 10};-0,3110909345243468;-0,283739779281386;-0,26638060055982393;-0,25658753861825345;-0,28992114914868033;-0,2815440004264981;0,018977739915905543;279
0,4617562770843506;0,011207269020689215;0,004228782653808594;0,0004011887049419517;6;10;15;{'model__max_depth': 6, 'model__min_samples_split': 10, 'model__n_estimators': 15};-0,3022090933293018;-0,28053768912417254;-0,2631477832767713;-0,25459779899877794;-0,28489884628616446;-0,2770782422030377;0,016757788112468554;104
0,6098852634429932;0,007024603258759524;0,004813003540039063;0,0009884181164383076;6;10;20;{'model__max_depth': 6, 'model__min_samples_split': 10, 'model__n_estimators': 20};-0,29757087332225624;-0,2786867630589584;-0,2600749094482459;-0,25376539291792344;-0,2839876546074814;-0,274817118670973;0,01598320442046164;46
0,751609468460083;0,007403845760943124;0,005329799652099609;0,0004061213538463325;6;10;25;{'model__max_depth': 6, 'model__min_samples_split': 10, 'model__n_estimators': 25};-0,29820662966343203;-0,27898037952974214;-0,26133047639829193;-0,2566086153602656;-0,2835642354928194;-0,2757380672889102;0,015166492006805383;73
1,2124302387237549;0,01636002794373956;0,007218217849731446;0,0009927235291355796;6;10;40;{'model__max_depth': 6, 'model__min_samples_split': 10, 'model__n_estimators': 40};-0,2960624219634313;-0,2740899830521253;-0,2577574982213171;-0,25615570410523064;-0,28720156729172475;-0,27425343492676585;0,015766778697629887;33
1,4988408088684082;0,008789904928853714;0,007805395126342774;0,0009476024862150288;6;10;50;{'model__max_depth': 6, 'model__min_samples_split': 10, 'model__n_estimators': 50};-0,29415837251575555;-0,2711741184312832;-0,2575555887317048;-0,2567193547738981;-0,28579236440429673;-0,27307995977138766;0,014954681130990476;5
3,023048257827759;0,03619537462040753;0,013469934463500977;0,00045664882504462104;6;10;100;{'model__max_depth': 6, 'model__min_samples_split': 10, 'model__n_estimators': 100};-0,29836376304500833;-0,268070838461246;-0,2579795965747789;-0,2569418448244412;-0,2852291904148595;-0,27331704666406675;0,016125411506340497;12
5,98762731552124;0,04544720412613198;0,022119998931884766;7,858342915780949e-05;6;10;200;{'model__max_depth': 6, 'model__min_samples_split': 10, 'model__n_estimators': 200};-0,2995608393304382;-0,2686173460320421;-0,25700869830373013;-0,25490096321886024;-0,28420669200640736;-0,27285890777829563;0,016932059028586747;3
0,17948369979858397;0,0009115360899080177;0,0031596660614013673;0,001054404397545728;7;2;5;{'model__max_depth': 7, 'model__min_samples_split': 2, 'model__n_estimators': 5};-0,31470069017093943;-0,29389573554014703;-0,2839497246420434;-0,2752499775059283;-0,2980647670304718;-0,29317217897790593;0,01337308278385107;503
0,3530097484588623;0,0017024066667096543;0,0040089130401611325;6,737761352184843e-06;7;2;10;{'model__max_depth': 7, 'model__min_samples_split': 2, 'model__n_estimators': 10};-0,3084006001969348;-0,28770485411415225;-0,26848835906912166;-0,2622414239696173;-0,2922659174316629;-0,28382023095629777;0,016681280979936475;367
0,5261773109436035;0,00191364011604636;0,00512228012084961;0,000497331043114989;7;2;15;{'model__max_depth': 7, 'model__min_samples_split': 2, 'model__n_estimators': 15};-0,2985645360511066;-0,2846293966481129;-0,2632620812617845;-0,2617836995713376;-0,28347150585743247;-0,2783422438779548;0,013974086111299603;136
0,7053579330444336;0,007067605452719027;0,004867839813232422;0,0008278457698155427;7;2;20;{'model__max_depth': 7, 'model__min_samples_split': 2, 'model__n_estimators': 20};-0,2966548960502453;-0,2815492918002215;-0,2609305953511538;-0,26088668744384585;-0,28061202898963006;-0,2761266999270193;0,013668277801279667;78
0,8777714252471924;0,01231763003979916;0,005126953125;0,0009709538251187294;7;2;25;{'model__max_depth': 7, 'model__min_samples_split': 2, 'model__n_estimators': 25};-0,29736357471590463;-0,28183391478121067;-0,261460199807268;-0,2608702623832321;-0,2819674699454915;-0,2766990843266214;0,013884658723821672;91
1,4019200801849365;0,007526490872633501;0,0072368144989013675;0,00075126172623826;7;2;40;{'model__max_depth': 7, 'model__min_samples_split': 2, 'model__n_estimators': 40};-0,2972290378835833;-0,2768069882481389;-0,25749140946412313;-0,25809173245074657;-0,2846868874306448;-0,2748612110954473;0,015385545567984752;47
1,7482808589935304;0,016273526075105575;0,008228302001953125;0,0002439880732672869;7;2;50;{'model__max_depth': 7, 'model__min_samples_split': 2, 'model__n_estimators': 50};-0,2969392041255328;-0,27434093124305203;-0,2558146678500745;-0,25758070980436554;-0,28380271398649526;-0,27369564540190405;0,01563491451112568;23
3,507129192352295;0,015978586630864555;0,013386774063110351;0,0018763828723760095;7;2;100;{'model__max_depth': 7, 'model__min_samples_split': 2, 'model__n_estimators': 100};-0,3008483946461087;-0,2723905662635102;-0,25585018358417866;-0,25719691747939943;-0,2836725257388016;-0,2739917175423997;0,016904102468452673;29
6,954921293258667;0,029432299229432853;0,023670005798339843;0,0009718897999847328;7;2;200;{'model__max_depth': 7, 'model__min_samples_split': 2, 'model__n_estimators': 200};-0,3019114615798592;-0,2735379889427179;-0,2544320172521979;-0,2555089025296074;-0,282235526840825;-0,2735251794290415;0,017724482535136366;19
0,17924847602844238;0,003353776007549813;0,003619527816772461;0,0008083148599977898;7;5;5;{'model__max_depth': 7, 'model__min_samples_split': 5, 'model__n_estimators': 5};-0,31315222615250654;-0,29191085796958044;-0,27987884643556676;-0,27282224329659177;-0,29603152300442614;-0,2907591393717343;0,013933325774253458;484
0,3521864414215088;0,005109740133255819;0,004267168045043945;0,0010020707341646504;7;5;10;{'model__max_depth': 7, 'model__min_samples_split': 5, 'model__n_estimators': 10};-0,30774494157389015;-0,2857761647253788;-0,2675324650817195;-0,25974994271369;-0,28956875474997373;-0,2820744537689304;0,016962867588816842;305
0,5219260215759277;0,0037252727938431518;0,004525327682495117;0,0007831932325359726;7;5;15;{'model__max_depth': 7, 'model__min_samples_split': 5, 'model__n_estimators': 15};-0,29904487510818006;-0,2837724257885206;-0,26109583538139636;-0,26003239002109163;-0,2816807339924917;-0,2771252520583361;0,0147953731992549;106
0,69766206741333;0,008183689945198795;0,004813098907470703;0,000694168778315324;7;5;20;{'model__max_depth': 7, 'model__min_samples_split': 5, 'model__n_estimators': 20};-0,29738382500825394;-0,2812991832260559;-0,25858701945455986;-0,25920708414463245;-0,27925009405406837;-0,2751454411775141;0,014679747863659776;55
0,8628314971923828;0,007770065139940547;0,005717802047729492;0,0006254108877116731;7;5;25;{'model__max_depth': 7, 'model__min_samples_split': 5, 'model__n_estimators': 25};-0,2982617499944763;-0,28091064841801183;-0,2595136389259034;-0,2608364382325224;-0,2821906420894794;-0,27634262353207867;0,014554523576536936;85
1,3799275398254394;0,0060878506249482526;0,007692909240722657;0,000840223735914355;7;5;40;{'model__max_depth': 7, 'model__min_samples_split': 5, 'model__n_estimators': 40};-0,2976122018066401;-0,2767371788424802;-0,25685578847974316;-0,25854051745085377;-0,28522349784657663;-0,2749938368852588;0,015613943490684793;50
1,7198631763458252;0,020986065392498643;0,007673501968383789;0,0007700531096420848;7;5;50;{'model__max_depth': 7, 'model__min_samples_split': 5, 'model__n_estimators': 50};-0,2962970924409453;-0,27412446171672566;-0,255884760487455;-0,25797242426638334;-0,2835037088072007;-0,273556489543742;0,01530723934614399;22
3,453920841217041;0,031438337888493886;0,013591575622558593;0,0009784580368496513;7;5;100;{'model__max_depth': 7, 'model__min_samples_split': 5, 'model__n_estimators': 100};-0,3000646540736825;-0,2718063307460251;-0,2551564355860982;-0,25727293708039767;-0,2831610336476695;-0,27349227822677463;0,016743288571917207;18
6,859789562225342;0,05107338578329952;0,02281928062438965;0,0005956887697872915;7;5;200;{'model__max_depth': 7, 'model__min_samples_split': 5, 'model__n_estimators': 200};-0,3008436893196447;-0,2723450658519213;-0,2548297017868336;-0,25538798389459977;-0,28226776119875396;-0,2731348404103507;0,017331147163851007;6
0,17193760871887206;0,0017797902478305012;0,004017400741577149;8,818780638421793e-06;7;10;5;{'model__max_depth': 7, 'model__min_samples_split': 10, 'model__n_estimators': 5};-0,31482278526839086;-0,2909164565426168;-0,27999208964026734;-0,27876899802985666;-0,2996516201770946;-0,29283038993164523;0,013389566627147131;497
0,3367015361785889;0,002096064818864869;0,003753376007080078;0,00041810702637080325;7;10;10;{'model__max_depth': 7, 'model__min_samples_split': 10, 'model__n_estimators': 10};-0,30926703872385913;-0,28397359095914565;-0,2686541614893944;-0,26332950278589207;-0,29040590091865226;-0,28312603897538874;0,016360957705460623;340
0,5051811218261719;0,00500521219546389;0,004819107055664062;0,0006715119344001483;7;10;15;{'model__max_depth': 7, 'model__min_samples_split': 10, 'model__n_estimators': 15};-0,29900662911109654;-0,28363276956889105;-0,2626989290389704;-0,2617548770109942;-0,2854610524043727;-0,278510851426865;0,014320585254722849;146
0,6732835292816162;0,008934080373269869;0,0048297405242919925;0,0004014352277676245;7;10;20;{'model__max_depth': 7, 'model__min_samples_split': 10, 'model__n_estimators': 20};-0,2975593649707302;-0,2811849104059442;-0,25907805215983265;-0,2606710583357336;-0,28269071808589463;-0,2762368207916271;0,014543064141911954;83
0,8419347286224366;0,011940520291135934;0,005823612213134766;0,0007596810467552387;7;10;25;{'model__max_depth': 7, 'model__min_samples_split': 10, 'model__n_estimators': 25};-0,29765548050509805;-0,28122202584864053;-0,25998713804229656;-0,2619308045194204;-0,28372066409203495;-0,27690322260149813;0,014185295189741603;100
1,3413422107696533;0,016836145886522928;0,007224750518798828;0,0009823176160819477;7;10;40;{'model__max_depth': 7, 'model__min_samples_split': 10, 'model__n_estimators': 40};-0,2973049642243276;-0,27613042212458494;-0,2578033431758341;-0,25932310113272516;-0,28612138224948913;-0,2753366425813922;0,015253838528399342;64
1,6656062602996826;0,020752370949901417;0,008495044708251954;0,00046308738266936033;7;10;50;{'model__max_depth': 7, 'model__min_samples_split': 10, 'model__n_estimators': 50};-0,29588374665396194;-0,273207996099525;-0,2569048377473595;-0,25922088977794516;-0,2843328236386008;-0,2739100587834785;0,014811611029372795;28
3,354283571243286;0,045101547676432575;0,013917779922485352;0,0009656770059326522;7;10;100;{'model__max_depth': 7, 'model__min_samples_split': 10, 'model__n_estimators': 100};-0,2997749570777603;-0,27069667194826574;-0,2569146645137046;-0,2581098803899316;-0,28357210264284777;-0,27381365531450197;0,016193310382842985;26
6,751768255233765;0,09096377341114223;0,0233767032623291;0,001143378618262666;7;10;200;{'model__max_depth': 7, 'model__min_samples_split': 10, 'model__n_estimators': 200};-0,30092622562230426;-0,2712510009780196;-0,2559991740051694;-0,2556575480267177;-0,2831855176502681;-0,2734038932564958;0,017179353428051658;15
0,2010962963104248;0,004477996603225679;0,0036130428314208986;0,0009394006844874924;8;2;5;{'model__max_depth': 8, 'model__min_samples_split': 2, 'model__n_estimators': 5};-0,3122433621226724;-0,2970183413264827;-0,28196377105593606;-0,27782892555696753;-0,3014614260057854;-0,29410316521356883;0,012680100665779343;512
0,40362977981567383;0,011888683077106362;0,0038327693939208983;0,0011427050399449624;8;2;10;{'model__max_depth': 8, 'model__min_samples_split': 2, 'model__n_estimators': 10};-0,3121403731721486;-0,2977681276800522;-0,26721065198573213;-0,26527130779278735;-0,290969928508949;-0,28667207782793386;0,01803866937690189;448
0,6167883396148681;0,03938781349699042;0,00505218505859375;0,0010278753544897775;8;2;15;{'model__max_depth': 8, 'model__min_samples_split': 2, 'model__n_estimators': 15};-0,30483170184986463;-0,29077791002699216;-0,25956951133880946;-0,2625808329172867;-0,28429790862442567;-0,28041157295147573;0,017153623915505484;231
0,7940311431884766;0,019225219705089305;0,005848503112792969;0,0008526514761227049;8;2;20;{'model__max_depth': 8, 'model__min_samples_split': 2, 'model__n_estimators': 20};-0,30118614854471515;-0,29062179952603134;-0,25934953730651794;-0,26348864263703486;-0,2794685399731678;-0,27882293359749344;0,01583727924823544;156
0,9926514625549316;0,0319471859003474;0,006073808670043946;0,0005998245396384412;8;2;25;{'model__max_depth': 8, 'model__min_samples_split': 2, 'model__n_estimators': 25};-0,3000960036251875;-0,28869693523161516;-0,2596269499219358;-0,2649052088759514;-0,2801983865986501;-0,278704696850668;0,0149268230959411;154
1,5675330638885498;0,029794325859105106;0,0074729442596435545;0,0003161448482962047;8;2;40;{'model__max_depth': 8, 'model__min_samples_split': 2, 'model__n_estimators': 40};-0,29906982703492424;-0,2808258608072703;-0,25661343612971294;-0,263358774014239;-0,2824863406709475;-0,2764708477314188;0,015047321571900722;87
1,9416173458099366;0,03706000187059288;0,00812067985534668;0,00017662968776357098;8;2;50;{'model__max_depth': 8, 'model__min_samples_split': 2, 'model__n_estimators': 50};-0,2983606110956258;-0,2781931078159731;-0,25415623944513177;-0,2637126650911845;-0,28298715590782525;-0,2754819558711481;0,015364983721990633;65
3,9205626487731933;0,06260485127887885;0,013623857498168945;0,0008254614606390991;8;2;100;{'model__max_depth': 8, 'model__min_samples_split': 2, 'model__n_estimators': 100};-0,30181197673608445;-0,27429538785089363;-0,2553533405961066;-0,2628472534833681;-0,28365519843739634;-0,27559263142076984;0,016286285324735004;67
7,770662927627564;0,08504755100959885;0,024324655532836914;0,0006135806148018718;8;2;200;{'model__max_depth': 8, 'model__min_samples_split': 2, 'model__n_estimators': 200};-0,3030056865325448;-0,27628646377340405;-0,25427254085661793;-0,2606367108208004;-0,28173701314702965;-0,2751876830260793;0,01712960202303127;59
0,19874649047851561;0,009546041294406492;0,0036560535430908204;0,0005354126404012897;8;5;5;{'model__max_depth': 8, 'model__min_samples_split': 5, 'model__n_estimators': 5};-0,31136701170968706;-0,2877429527749726;-0,27414139425741496;-0,2750543515495193;-0,30142853886246157;-0,28994684983081104;0,014608960340218505;482
0,38414926528930665;0,005898315824179839;0,003989982604980469;0,00014010782161428653;8;5;10;{'model__max_depth': 8, 'model__min_samples_split': 5, 'model__n_estimators': 10};-0,31271044929506786;-0,29306069450657984;-0,2669487968215382;-0,26502243923389507;-0,2902140932754383;-0,2855912946265039;0,017794556967931325;418
0,5901792526245118;0,019340312769896707;0,004693460464477539;0,000979332288190432;8;5;15;{'model__max_depth': 8, 'model__min_samples_split': 5, 'model__n_estimators': 15};-0,30413887475111756;-0,29061247541600593;-0,2605309665589786;-0,2619281551631735;-0,2838366601381845;-0,28020942640549207;0,016825251329824223;220
0,7652055263519287;0,010490607021093338;0,005621957778930664;0,0008069237610891798;8;5;20;{'model__max_depth': 8, 'model__min_samples_split': 5, 'model__n_estimators': 20};-0,2989512572976718;-0,2902446384047992;-0,25808055004731434;-0,26313839968226177;-0,28111318024617404;-0,2783056051356442;0,015593350641794616;134
0,9348407745361328;0,005323193361440652;0,005717039108276367;0,0004001168127173195;8;5;25;{'model__max_depth': 8, 'model__min_samples_split': 5, 'model__n_estimators': 25};-0,29866738973890494;-0,28867332269468693;-0,25805986167800465;-0,2641694863692118;-0,28184280129589023;-0,2782825723553397;0,015128257835429188;132
1,5161981582641602;0,005366430413760678;0,007439136505126953;0,0007226001214135832;8;5;40;{'model__max_depth': 8, 'model__min_samples_split': 5, 'model__n_estimators': 40};-0,2976224645899721;-0,2810314987306815;-0,256634493352683;-0,2621065633177431;-0,28328935452123033;-0,27613687490246197;0,014926073834831232;79
1,8827085494995117;0,025965846661474157;0,008151435852050781;0,0001855174536577716;8;5;50;{'model__max_depth': 8, 'model__min_samples_split': 5, 'model__n_estimators': 50};-0,2965308633390221;-0,278413398869391;-0,2547946259075058;-0,26184759381142414;-0,28177256283922103;-0,2746718089533128;0,014844536768304363;41
3,7603111267089844;0,02705483645256031;0,013539934158325195;0,0012373606782489892;8;5;100;{'model__max_depth': 8, 'model__min_samples_split': 5, 'model__n_estimators': 100};-0,3004492087230232;-0,27502772974840994;-0,2552280903450462;-0,26125907399576365;-0,2830478240751768;-0,27500238537748395;0,0160758943534683;52
7,488519191741943;0,02569751295257542;0,023522567749023438;0,001307841714862063;8;5;200;{'model__max_depth': 8, 'model__min_samples_split': 5, 'model__n_estimators': 200};-0,3019196004917323;-0,27583878403074186;-0,2542141287738594;-0,2597700662918711;-0,2817223110335008;-0,27469297812434107;0,01693570149795314;43
0,18454399108886718;0,002214475388142373;0,003807401657104492;0,00040011861980622987;8;10;5;{'model__max_depth': 8, 'model__min_samples_split': 10, 'model__n_estimators': 5};-0,31261923322861174;-0,2882082691674813;-0,27583990228571775;-0,273853545352955;-0,29828903173204463;-0,2897619963533621;0,01445324319693966;475
0,3648257255554199;0,003144776334702091;0,00410771369934082;0,00037620351585299273;8;10;10;{'model__max_depth': 8, 'model__min_samples_split': 10, 'model__n_estimators': 10};-0,30927116439721014;-0,2852086215685129;-0,26640346828740125;-0,2612587300070464;-0,2886202215915214;-0,28215244117033844;0,01715327889763971;309
0,5486745834350586;0,00853765182526126;0,0040069580078125;1,328314616888439e-06;8;10;15;{'model__max_depth': 8, 'model__min_samples_split': 10, 'model__n_estimators': 15};-0,3014050280223288;-0,2839297653556552;-0,26188601618687696;-0,2598848821987662;-0,2820758056525312;-0,2778362994832317;0,01540943622331816;118
0,7270545959472656;0,007589830556544605;0,005118227005004883;0,0009121965451921882;8;10;20;{'model__max_depth': 8, 'model__min_samples_split': 10, 'model__n_estimators': 20};-0,29945989788175004;-0,2837323725038125;-0,25915310519604423;-0,2607350452325681;-0,2795579053666406;-0,2765276652361631;0,015088138648208698;89
0,9074970245361328;0,012251719947073888;0,006059074401855468;0,0006791724335827811;8;10;25;{'model__max_depth': 8, 'model__min_samples_split': 10, 'model__n_estimators': 25};-0,29896182003433663;-0,28434386938912215;-0,26082743702410277;-0,26192283422067775;-0,2817187891241158;-0,27755494995847096;0,014462736957349684;113
1,4402911186218261;0,017157975035259954;0,0077036857604980465;0,0007465297217953075;8;10;40;{'model__max_depth': 8, 'model__min_samples_split': 10, 'model__n_estimators': 40};-0,2978105643719219;-0,27783043628408055;-0,25887828415028885;-0,2613878326111625;-0,284714665298421;-0,2761243565431749;0,014571121255166563;77
1,8208231449127197;0,018061754386664457;0,008304929733276368;0,0011479074396180378;8;10;50;{'model__max_depth': 8, 'model__min_samples_split': 10, 'model__n_estimators': 50};-0,2963443455725025;-0,2750821445505475;-0,25679761515192673;-0,2610653207340644;-0,28267177108655156;-0,2743922394191186;0,014409019002232844;35
3,6096557140350343;0,029486696095114052;0,013106775283813477;0,000923278419794229;8;10;100;{'model__max_depth': 8, 'model__min_samples_split': 10, 'model__n_estimators': 100};-0,3000697873525099;-0,2733763321528839;-0,25691548691276134;-0,2606251640545142;-0,2833911208162503;-0,2748755782577839;0,015717185256547618;48
7,236293935775757;0,06561756813781672;0,02387852668762207;0,0011145736046793034;8;10;200;{'model__max_depth': 8, 'model__min_samples_split': 10, 'model__n_estimators': 200};-0,3015729430703157;-0,2735454417757137;-0,2553903769210748;-0,2593749081705426;-0,28224046639248535;-0,27442482726602646;0,01665946031679145;36
0,21710643768310547;0,002347375145099231;0,0030147075653076173;0,0008959228332765088;9;2;5;{'model__max_depth': 9, 'model__min_samples_split': 2, 'model__n_estimators': 5};-0,32099729140979916;-0,29039503257641863;-0,2734277580798902;-0,27484915704852375;-0,30096355896280785;-0,29212655961548795;0,017679161269807037;493
0,4246021270751953;0,0013976575611582016;0,0036705493927001952;0,0008728296315985473;9;2;10;{'model__max_depth': 9, 'model__min_samples_split': 2, 'model__n_estimators': 10};-0,3174055142298633;-0,2944319036262019;-0,2663646992969723;-0,2659179329346114;-0,2865450898775253;-0,28613302799303486;0,019216900972116775;433
0,634182071685791;0,005006982149348721;0,004857492446899414;0,001043539065587303;9;2;15;{'model__max_depth': 9, 'model__min_samples_split': 2, 'model__n_estimators': 15};-0,30902743871630195;-0,2901957144620928;-0,26085167643544427;-0,2678460292660593;-0,2813327943456856;-0,2818507306451168;0,01700336680142859;293
0,8490170478820801;0,007872977240473436;0,005440759658813477;0,0005653630861189337;9;2;20;{'model__max_depth': 9, 'model__min_samples_split': 2, 'model__n_estimators': 20};-0,3094580255238827;-0,28871780527151525;-0,258679218607098;-0,2661672946089445;-0,2776831396213665;-0,2801410967265614;0,017860364804450572;218
1,0557559490203858;0,013005957626523321;0,006232166290283203;0,0006086054725765744;9;2;25;{'model__max_depth': 9, 'model__min_samples_split': 2, 'model__n_estimators': 25};-0,30477292051280036;-0,28785728116917486;-0,2609565133235978;-0,26801633598962726;-0,28138742177113;-0,2805980945532661;0,015374221279210065;238
1,6760002613067626;0,0062630359010511566;0,007216453552246094;0,0009376444570834465;9;2;40;{'model__max_depth': 9, 'model__min_samples_split': 2, 'model__n_estimators': 40};-0,3026217055760536;-0,28382813696747294;-0,2576260841612018;-0,26620757034165504;-0,28273368339308236;-0,2786034360878931;0,015588075524220587;152
2,096443033218384;0,024532917567236256;0,008360052108764648;0,0006962304000664828;9;2;50;{'model__max_depth': 9, 'model__min_samples_split': 2, 'model__n_estimators': 50};-0,30136731015469936;-0,2806011564420876;-0,25510067967980066;-0,2661251401109117;-0,28362567882803297;-0,27736399304310644;0,015797557439330905;109
4,202632141113281;0,030906615257201016;0,014000558853149414;0,00011207454620962457;9;2;100;{'model__max_depth': 9, 'model__min_samples_split': 2, 'model__n_estimators': 100};-0,3032697388648599;-0,27689880432846986;-0,2555969249549903;-0,2647188065301156;-0,28301135683991585;-0,27669912630367033;0,01633837532418694;92
8,36878170967102;0,04303989346984956;0,023693132400512695;0,0006766303716349977;9;2;200;{'model__max_depth': 9, 'model__min_samples_split': 2, 'model__n_estimators': 200};-0,30539451133020784;-0,27824657602487485;-0,25475598677480094;-0,26323886844347477;-0,2808425175213165;-0,276495692018935;0,017352005070012597;88
0,21105604171752929;0,004886384439338494;0,0034060955047607424;0,0008006465135412297;9;5;5;{'model__max_depth': 9, 'model__min_samples_split': 5, 'model__n_estimators': 5};-0,32170916598545096;-0,2953751956220516;-0,28084876686256255;-0,2780218278061476;-0,2949390682245472;-0,294178804900152;0,015483332686915801;513
0,4099755764007568;0,006303275296752511;0,00406494140625;0,000338172112489239;9;5;10;{'model__max_depth': 9, 'model__min_samples_split': 5, 'model__n_estimators': 10};-0,319143833015085;-0,298884686287953;-0,26676381202755883;-0,26849529621924445;-0,28691884690113495;-0,28804129489019525;0,019600940004591248;461
0,6087834358215332;0,0049889593905725615;0,005012416839599609;0,0006388241277969998;9;5;15;{'model__max_depth': 9, 'model__min_samples_split': 5, 'model__n_estimators': 15};-0,30863003929174265;-0,2924657765523305;-0,26249389345647917;-0,2663471735291305;-0,28094400531781527;-0,2821761776294996;0,017000885697636636;311
0,8123785972595214;0,006003279680215241;0,005156755447387695;0,0009433238901442419;9;5;20;{'model__max_depth': 9, 'model__min_samples_split': 5, 'model__n_estimators': 20};-0,3054730924886227;-0,2894537924166844;-0,2596477389422577;-0,26795792053259126;-0,2780006204372411;-0,2801066329634795;0,016133316495656084;217
1,0114901542663575;0,007033858026024866;0,006108617782592774;0,0006067109420477882;9;5;25;{'model__max_depth': 9, 'model__min_samples_split': 5, 'model__n_estimators': 25};-0,3034497196308428;-0,2891450375483484;-0,26037775697284926;-0,26923000830212346;-0,2796104512792092;-0,28036259474667463;0,015060149923350832;228
1,655558443069458;0,03797483163059618;0,007644128799438476;0,0009199021342771661;9;5;40;{'model__max_depth': 9, 'model__min_samples_split': 5, 'model__n_estimators': 40};-0,3012007025976617;-0,2834934242221977;-0,2568759086570131;-0,2662735861930685;-0,2822677858618789;-0,278022281506364;0,01529965908367664;123
2,067137908935547;0,050705947711528;0,008455228805541993;0,0011010142041745423;9;5;50;{'model__max_depth': 9, 'model__min_samples_split': 5, 'model__n_estimators': 50};-0,3001861021577717;-0,2809497778884533;-0,2548186245944719;-0,266219524073034;-0,28261488210613145;-0,2769577821639725;0,01544633383084129;103
4,07151951789856;0,046526595119598155;0,014643478393554687;0,0017228232728391645;9;5;100;{'model__max_depth': 9, 'model__min_samples_split': 5, 'model__n_estimators': 100};-0,3029861891101651;-0,2762841282976758;-0,2570085439215213;-0,2650246750645797;-0,28292562403981353;-0,27684583208675106;0,015835753229599993;99
8,065578413009643;0,07309445064296002;0,02446746826171875;0,00018905447796517031;9;5;200;{'model__max_depth': 9, 'model__min_samples_split': 5, 'model__n_estimators': 200};-0,30441124621878557;-0,27754572039243086;-0,2550591528088189;-0,2624169793156181;-0,28128144950362816;-0,27614290964785637;0,017090332286148795;80
0,1951167106628418;0,003238105802013026;0,003596973419189453;0,0007026918575982889;9;10;5;{'model__max_depth': 9, 'model__min_samples_split': 10, 'model__n_estimators': 5};-0,31648435802823843;-0,2882586522817095;-0,28502808731748247;-0,27608123418989644;-0,29597989257532775;-0,2923664448785309;0,013643051548974177;494
0,38481869697570803;0,0019294635421541009;0,004007291793823242;1,8553806742042275e-06;9;10;10;{'model__max_depth': 9, 'model__min_samples_split': 10, 'model__n_estimators': 10};-0,3151303323940336;-0,2884596970904999;-0,26917173981319653;-0,2659665736559926;-0,2859357714068433;-0,2849328228721132;0,017512650726604337;397
0,584557580947876;0,010192085796172553;0,005246543884277343;0,0010132199618048637;9;10;15;{'model__max_depth': 9, 'model__min_samples_split': 10, 'model__n_estimators': 15};-0,3056598468272272;-0,2855482285522505;-0,2642671059509297;-0,2654085507653297;-0,2807670781041954;-0,2803301620399865;0,015163695454253199;226
0,7914396286010742;0,018584380832701412;0,003953790664672852;0,00010987155936101093;9;10;20;{'model__max_depth': 9, 'model__min_samples_split': 10, 'model__n_estimators': 20};-0,3041926364342548;-0,28462018498382485;-0,26214952368718636;-0,2656816044504241;-0,27868103499444447;-0,2790649969100269;0,015017684491477466;170
0,977834939956665;0,01548527982475239;0,006020641326904297;0,0006490303516573456;9;10;25;{'model__max_depth': 9, 'model__min_samples_split': 10, 'model__n_estimators': 25};-0,30260563960661024;-0,2844843040147956;-0,2638691550361085;-0,26666320061122034;-0,2794210821828321;-0,27940867629031335;0,013912477341563294;185
1,5473666191101074;0,025966829002621292;0,008040666580200195;0,0011675993210927167;9;10;40;{'model__max_depth': 9, 'model__min_samples_split': 10, 'model__n_estimators': 40};-0,30054372678644237;-0,2791822752963262;-0,2595087285496425;-0,26494544874779197;-0,2833595966213595;-0,2775079552003125;0,014487791799060236;111
1,9301074981689452;0,018245120867760034;0,007886934280395507;0,0006959632208914518;9;10;50;{'model__max_depth': 9, 'model__min_samples_split': 10, 'model__n_estimators': 50};-0,299361435743024;-0,27632018055236346;-0,2579150126460914;-0,2645400952685587;-0,2824593422421569;-0,27611921329043887;0,01446310770729805;76
3,8074488639831543;0,04235641026889637;0,013457155227661133;0,0007496067219503243;9;10;100;{'model__max_depth': 9, 'model__min_samples_split': 10, 'model__n_estimators': 100};-0,3018488310046897;-0,27448246732930115;-0,2585208655520467;-0,26338158734242845;-0,28278091842069863;-0,2762029339298329;0,015368698009205713;82
7,723952007293701;0,0843047874455779;0,024464225769042967;0,001685885907400867;9;10;200;{'model__max_depth': 9, 'model__min_samples_split': 10, 'model__n_estimators': 200};-0,30301666945141986;-0,2752704287443791;-0,25667516092035036;-0,2619353264616909;-0,28127002350191643;-0,27563352181595135;0,01630213952873494;68
0,22984323501586915;0,0023535917718320253;0,002603960037231445;0,0008014805340893838;10;2;5;{'model__max_depth': 10, 'model__min_samples_split': 2, 'model__n_estimators': 5};-0,32747289547227465;-0,3019503901848708;-0,28362384224537496;-0,2786603728006079;-0,29326476744972724;-0,29699445363057114;0,01721812447352782;523
0,4512476921081543;0,006026039428212386;0,0044266700744628905;0,0006770556791745455;10;2;10;{'model__max_depth': 10, 'model__min_samples_split': 2, 'model__n_estimators': 10};-0,3219054077588403;-0,3008746680080385;-0,26901715278955773;-0,27327528752138436;-0,28702793591029796;-0,29042009039762384;0,019308858683694734;483
0,6764509677886963;0,004721365475428664;0,004406976699829102;0,0008013011355128846;10;2;15;{'model__max_depth': 10, 'model__min_samples_split': 2, 'model__n_estimators': 15};-0,31167538935526373;-0,2934224268758563;-0,2650991086098444;-0,2730327579865943;-0,28354654678516283;-0,2853552459225443;0,01626810105196395;406
0,901246976852417;0,01168743675585034;0,005008697509765625;0,0008950578061046037;10;2;20;{'model__max_depth': 10, 'model__min_samples_split': 2, 'model__n_estimators': 20};-0,3094600369634279;-0,2904794022294576;-0,26231874518731463;-0,27093116162618114;-0,27882764393935444;-0,28240339798914715;0,01640167710593406;319
1,1225873470306396;0,011870180158170594;0,005608654022216797;0,000801253508559473;10;2;25;{'model__max_depth': 10, 'model__min_samples_split': 2, 'model__n_estimators': 25};-0,30689667678012594;-0,28989904402495653;-0,26231611769160845;-0,27224506056917697;-0,28046259245128263;-0,2823638983034301;0,0152745211992164;318
1,784219455718994;0,009618739949391964;0,007414627075195313;0,001241427508985687;10;2;40;{'model__max_depth': 10, 'model__min_samples_split': 2, 'model__n_estimators': 40};-0,30516836519227725;-0,2858078240670224;-0,25917614557685736;-0,27020200470831673;-0,28335608132998025;-0,28074208417489077;0,015526241585765224;244
2,232896661758423;0,009445530998854652;0,008442020416259766;0,0007903476659804811;10;2;50;{'model__max_depth': 10, 'model__min_samples_split': 2, 'model__n_estimators': 50};-0,30282784494728937;-0,28366251377674473;-0,25698353050241995;-0,27009916658080874;-0,28309824249492865;-0,2793342596604383;0,015295044545137618;182
4,475018739700317;0,058468654552392044;0,014086771011352538;0,0005122600670638431;10;2;100;{'model__max_depth': 10, 'model__min_samples_split': 2, 'model__n_estimators': 100};-0,3049328708672102;-0,27835531837415867;-0,25821487284081135;-0,2676401005478581;-0,28284718171211964;-0,2783980688684316;0,01579232366747101;139
8,935457897186279;0,07004322538119305;0,025368928909301758;0,0014308404464747479;10;2;200;{'model__max_depth': 10, 'model__min_samples_split': 2, 'model__n_estimators': 200};-0,3056312786789657;-0,2799639154462427;-0,2560869152567186;-0,26658730444835144;-0,28105088082784185;-0,277864058931624;0,016655286860278593;119
0,21943879127502441;0,004311656059634103;0,0031568527221679686;0,0010516383633356755;10;5;5;{'model__max_depth': 10, 'model__min_samples_split': 5, 'model__n_estimators': 5};-0,3245949916895164;-0,2960740990427805;-0,2770198015251655;-0,2822138883252866;-0,29575399190977014;-0,2951313544985038;0,016518302846161546;518
0,4292606353759766;0,004879146398718973;0,0042187213897705075;0,00040618848187119093;10;5;10;{'model__max_depth': 10, 'model__min_samples_split': 5, 'model__n_estimators': 10};-0,3226950294328507;-0,2986987994089728;-0,26595164334016697;-0,272000297679729;-0,2847009585150877;-0,28880934567536143;0,02033685499030932;467
0,6438381195068359;0,011249711449792138;0,004751682281494141;0,0008201507911618531;10;5;15;{'model__max_depth': 10, 'model__min_samples_split': 5, 'model__n_estimators': 15};-0,31090626840860597;-0,2924122843543935;-0,26153449133484247;-0,27247563579496986;-0,28160752676213724;-0,28378724133098976;0,01695713097541718;366
0,8541671752929687;0,0054731874755241695;0,006320333480834961;0,0007261541181129458;10;5;20;{'model__max_depth': 10, 'model__min_samples_split': 5, 'model__n_estimators': 20};-0,3095040364397614;-0,28952551481241473;-0,25929908366015636;-0,2723905068804896;-0,27781422687067464;-0,2817066737326993;0,016958006071167875;286
1,0622655868530273;0,016655741516013064;0,005911493301391601;0,00013408382787303034;10;5;25;{'model__max_depth': 10, 'model__min_samples_split': 5, 'model__n_estimators': 25};-0,3087108126546525;-0,28961613798896996;-0,26124075389049684;-0,2718646641601704;-0,28001052952152705;-0,2822885796431633;0,0161782941244898;315
1,7089733600616455;0,024667045306609663;0,0071408748626708984;0,0008198808317204339;10;5;40;{'model__max_depth': 10, 'model__min_samples_split': 5, 'model__n_estimators': 40};-0,3065747783349534;-0,28519897431691643;-0,2593506247565397;-0,26954524558433335;-0,28173572731199126;-0,2804810700609468;0,015942411189157638;232
2,1086274147033692;0,013069673567744152;0,008656597137451172;0,0010335466534462066;10;5;50;{'model__max_depth': 10, 'model__min_samples_split': 5, 'model__n_estimators': 50};-0,3044119812413598;-0,2830399793636661;-0,2570569878080543;-0,2700747786380759;-0,28236859814467274;-0,27939046503916576;0,015708791952352887;183
4,24716854095459;0,02978408002510605;0,013755416870117188;0,0014858261657456691;10;5;100;{'model__max_depth': 10, 'model__min_samples_split': 5, 'model__n_estimators': 100};-0,30519439979128665;-0,278753915628857;-0,25739426431477336;-0,2671208376074225;-0,28153810943623725;-0,27800030535571535;0,01609704633896444;121
8,477195644378662;0,12192443155808014;0,02394700050354004;0,0008254409999310739;10;5;200;{'model__max_depth': 10, 'model__min_samples_split': 5, 'model__n_estimators': 200};-0,3057471058774618;-0,27881338520537075;-0,255870603729255;-0,26575437855306105;-0,2805880991597376;-0,2773547145049773;0,016821683592357715;108
0,2030782699584961;0,003450574769301867;0,0036294937133789064;0,0008388498822551986;10;10;5;{'model__max_depth': 10, 'model__min_samples_split': 10, 'model__n_estimators': 5};-0,323247245372798;-0,28918238657311585;-0,280174778427742;-0,2784731739484981;-0,29454849257744964;-0,2931252153799207;0,016169752275363124;502
0,4059636116027832;0,006545977161267845;0,0039539337158203125;0,0001041903921237054;10;10;10;{'model__max_depth': 10, 'model__min_samples_split': 10, 'model__n_estimators': 10};-0,3191134745150891;-0,2890852841235401;-0,26870211062226385;-0,269296435882232;-0,2864273168722784;-0,2865249244030807;0,018346945660298843;441
0,6065615177154541;0,005972784900057926;0,0036147594451904296;0,0004963315177319886;10;10;15;{'model__max_depth': 10, 'model__min_samples_split': 10, 'model__n_estimators': 15};-0,310176249010532;-0,28490727206806093;-0,2623311428721093;-0,2703107026840753;-0,28277204389262384;-0,28209948210548025;0,016287439454771745;306
0,8035982608795166;0,015215878322705823;0,0057585716247558595;0,0008803158921760141;10;10;20;{'model__max_depth': 10, 'model__min_samples_split': 10, 'model__n_estimators': 20};-0,3076571453924809;-0,28332551745594137;-0,258952087776452;-0,2704792279411114;-0,2797439249201802;-0,2800315806972332;0,01618454234708173;215
0,9993252754211426;0,012998638229915536;0,006014680862426758;6,5529987291475046e-06;10;10;25;{'model__max_depth': 10, 'model__min_samples_split': 10, 'model__n_estimators': 25};-0,3060710014522555;-0,2842535967631553;-0,2608451503687451;-0,27043243814098167;-0,2802701144779652;-0,2803744602406205;0,015202687696202543;229
1,596332311630249;0,02550309932213431;0,007681465148925782;0,0007276966955832333;10;10;40;{'model__max_depth': 10, 'model__min_samples_split': 10, 'model__n_estimators': 40};-0,3024118035201117;-0,2795229496878592;-0,25913686407639575;-0,2679493839591283;-0,2832053995809729;-0,27844528016489356;0,01470505436372841;141
1,9946015357971192;0,028784996282695013;0,008019542694091797;0,000386479990765291;10;10;50;{'model__max_depth': 10, 'model__min_samples_split': 10, 'model__n_estimators': 50};-0,3011970728190864;-0,27641730019198646;-0,2573824013250949;-0,26775731489778315;-0,28194204201092704;-0,2769392262489756;0,01470048019447331;101
4,0207866668701175;0,07146617235111857;0,01412649154663086;0,0018841259904249664;10;10;100;{'model__max_depth': 10, 'model__min_samples_split': 10, 'model__n_estimators': 100};-0,30340123816745856;-0,27483305933982316;-0,25764493246544606;-0,2651668452093161;-0,2827124417023523;-0,27675170337687927;0,0158030815621798;94
7,984056520462036;0,06731913188095874;0,023258495330810546;0,001044220568136002;10;10;200;{'model__max_depth': 10, 'model__min_samples_split': 10, 'model__n_estimators': 200};-0,3037212902374227;-0,2759788698304664;-0,25652313114085995;-0,2644093195074412;-0,2810638758436215;-0,27633929731196233;0,01616929125829766;84
0,23917999267578124;0,0024075050051209856;0,0037107944488525392;0,0008671358701850076;11;2;5;{'model__max_depth': 11, 'model__min_samples_split': 2, 'model__n_estimators': 5};-0,3272167411901811;-0,3019842516606159;-0,2877236605385762;-0,28789751484100967;-0,30209183552494595;-0,30138280075106577;0,014399180529039404;563
0,48017134666442873;0,008540130566215276;0,003998804092407227;0,0002601005478687192;11;2;10;{'model__max_depth': 11, 'model__min_samples_split': 2, 'model__n_estimators': 10};-0,32711108244861176;-0,3010133578855631;-0,26838541569206487;-0,27595423171793365;-0,28428552803585255;-0,29134992315600516;0,02091192999727631;488
0,712639045715332;0,008489010834951165;0,004222965240478516;0,000402009262152147;11;2;15;{'model__max_depth': 11, 'model__min_samples_split': 2, 'model__n_estimators': 15};-0,3142988442643875;-0,29338023330895713;-0,2642788967904711;-0,27558701361791815;-0,2833023283191693;-0,28616946326018067;0,016986246695146784;435
0,9893147468566894;0,031049294992888263;0,010755681991577148;0,010937779057478999;11;2;20;{'model__max_depth': 11, 'model__min_samples_split': 2, 'model__n_estimators': 20};-0,3121737741586872;-0,29147873048892015;-0,26131008651408216;-0,2762320948625563;-0,2783211078118471;-0,2839031587672186;0,017070843035164988;369
1,1870695114135743;0,015546651137679727;0,005869293212890625;0,0009525631224516933;11;2;25;{'model__max_depth': 11, 'model__min_samples_split': 2, 'model__n_estimators': 25};-0,30872492403653373;-0,29161507763524247;-0,2603921814449753;-0,27707386218799485;-0,27907207380075816;-0,2833756238211009;0,016105570380972423;350
1,9060931205749512;0,025118036779800793;0,00803079605102539;1,686588599510888e-05;11;2;40;{'model__max_depth': 11, 'model__min_samples_split': 2, 'model__n_estimators': 40};-0,30797908892038284;-0,28684483973946195;-0,2578271021372845;-0,2759331920703278;-0,2820586556918779;-0,282128575711867;0,01624463889837393;308
2,359438419342041;0,02620309150736992;0,009081363677978516;0,0008561290423175212;11;2;50;{'model__max_depth': 11, 'model__min_samples_split': 2, 'model__n_estimators': 50};-0,3049315632061409;-0,2843264738367445;-0,2545081834545118;-0,275485242890599;-0,28335052062432053;-0,2805203968024633;0,01625047006459488;235
4,733461093902588;0,055769281856768625;0,014125442504882813;0,00011015347064473757;11;2;100;{'model__max_depth': 11, 'model__min_samples_split': 2, 'model__n_estimators': 100};-0,3051210034716735;-0,2807239138137185;-0,25648323862855466;-0,2708772794267507;-0,283247195947609;-0,27929052625766126;0,015974219725917387;181
9,393153285980224;0,06646746072026098;0,02632317543029785;0,001081769707776027;11;2;200;{'model__max_depth': 11, 'model__min_samples_split': 2, 'model__n_estimators': 200};-0,30582518828819233;-0,2815921391891206;-0,25551788906301365;-0,26930359807771553;-0,2819683905177152;-0,27884144102715147;0,01661580749824979;157
0,226469087600708;0,0027007362523830836;0,0034620285034179686;0,000753811251655147;11;5;5;{'model__max_depth': 11, 'model__min_samples_split': 5, 'model__n_estimators': 5};-0,3198652974302382;-0,2947785183292336;-0,281132551828545;-0,2801686999898736;-0,29826767689557326;-0,29484254889469275;0,014430241905415957;517
0,44756464958190917;0,005852286069911544;0,004256248474121094;0,0008957839679677889;11;5;10;{'model__max_depth': 11, 'model__min_samples_split': 5, 'model__n_estimators': 10};-0,31630642365575545;-0,2956092172246265;-0,2663597320313335;-0,2723054122056268;-0,2871465612835945;-0,2875454692801873;0,01773961926033385;459
0,6654258728027344;0,003911566040767723;0,005214214324951172;0,0009739731452617146;11;5;15;{'model__max_depth': 11, 'model__min_samples_split': 5, 'model__n_estimators': 15};-0,30814660694485263;-0,2918530659390777;-0,26346497239743877;-0,2716733463342945;-0,2857785624587594;-0,2841833108148846;0,01562919249974451;375
0,8869160652160645;0,014474496528921188;0,006112003326416015;0,000648886455888431;11;5;20;{'model__max_depth': 11, 'model__min_samples_split': 5, 'model__n_estimators': 20};-0,30479631287849795;-0,28888111052125615;-0,2606426661362643;-0,27185854991173686;-0,28021056162571395;-0,2812778402146939;0,01501066819590466;271
1,1086191654205322;0,006066338052670779;0,006028270721435547;0,0006368551042334835;11;5;25;{'model__max_depth': 11, 'model__min_samples_split': 5, 'model__n_estimators': 25};-0,3041626352043027;-0,28878590238585183;-0,261625221121015;-0,27337188172616783;-0,2816028506522848;-0,28190969821792444;0,014331251621887305;296
1,7726226806640626;0,025614291062600793;0,007837581634521484;0,00036470575752732;11;5;40;{'model__max_depth': 11, 'model__min_samples_split': 5, 'model__n_estimators': 40};-0,30422624525345376;-0,28414702173733725;-0,2581357554253563;-0,27185066782926837;-0,28357223541501403;-0,28038638513208597;0,015235353310822779;230
2,2021979331970214;0,026309824076592228;0,008161687850952148;0,00012227536651741562;11;5;50;{'model__max_depth': 11, 'model__min_samples_split': 5, 'model__n_estimators': 50};-0,30288934056497263;-0,28158593934119014;-0,2567356645876539;-0,2709489216216598;-0,28412869098850463;-0,27925771142079625;0,015256995540975373;178
4,44371280670166;0,05469401798018351;0,014226531982421875;0,0005083866756942273;11;5;100;{'model__max_depth': 11, 'model__min_samples_split': 5, 'model__n_estimators': 100};-0,3040206176583392;-0,2780830374913939;-0,25854513662174194;-0,26823430042880425;-0,2826083372059565;-0,27829828588124716;0,015308376368492098;133
8,829449033737182;0,1111268444327745;0,024814891815185546;0,0010896050784413476;11;5;200;{'model__max_depth': 11, 'model__min_samples_split': 5, 'model__n_estimators': 200};-0,30489390167841957;-0,27874690578919453;-0,25699886864407967;-0,26714350082158544;-0,28061032319091067;-0,27767870002483797;0,016056453700470586;116
0,2122880458831787;0,004714596444154636;0,003403472900390625;0,0008667008557774301;11;10;5;{'model__max_depth': 11, 'model__min_samples_split': 10, 'model__n_estimators': 5};-0,3249421784623271;-0,2914791665300429;-0,2765066890993218;-0,27544873208806825;-0,29187836215353813;-0,29205102566665964;0,017885453973423494;492
0,42134432792663573;0,009812265382593088;0,003954601287841797;0,00010428750242935612;11;10;10;{'model__max_depth': 11, 'model__min_samples_split': 10, 'model__n_estimators': 10};-0,31970750729438757;-0,28912123626429104;-0,2683301398548799;-0,2676999485604775;-0,2857875664971696;-0,2861292796942411;0,018936818982354976;432
0,633530855178833;0,007143896985631806;0,004608058929443359;0,00120159841300114;11;10;15;{'model__max_depth': 11, 'model__min_samples_split': 10, 'model__n_estimators': 15};-0,31115279352343334;-0,28783923634145764;-0,2650383369278556;-0,2697315108782751;-0,28319221537334577;-0,2833908186088735;0,016210770408939004;352
0,8286557197570801;0,01670590869415119;0,005050277709960938;0,0008295429377827514;11;10;20;{'model__max_depth': 11, 'model__min_samples_split': 10, 'model__n_estimators': 20};-0,3085960653550933;-0,28706623873663156;-0,2600076943547757;-0,2708190230601008;-0,2783298673031943;-0,28096377776195913;0,01643042489780208;258
1,0280877113342286;0,01707585758426937;0,005505084991455078;0,0007574111951143496;11;10;25;{'model__max_depth': 11, 'model__min_samples_split': 10, 'model__n_estimators': 25};-0,3056080576692351;-0,28615794213601886;-0,2615787231726667;-0,27182873725184015;-0,27909365297226024;-0,28085342264040425;0,014812060340878026;251
1,6437138080596925;0,01209958347403457;0,008014822006225586;1,8132356015998405e-06;11;10;40;{'model__max_depth': 11, 'model__min_samples_split': 10, 'model__n_estimators': 40};-0,30317558884907747;-0,28088062335266906;-0,25860916972439446;-0,27086440458774874;-0,28356862962319773;-0,2794196832274175;0,014764561754496612;186
2,063228988647461;0,0346283357679835;0,00840296745300293;0,0007195067694497302;11;10;50;{'model__max_depth': 11, 'model__min_samples_split': 10, 'model__n_estimators': 50};-0,30101936310189825;-0,278037638569771;-0,25669149176263345;-0,2709947223817728;-0,28328771557195975;-0,27800618627760704;0,014566939807036442;122
4,120633602142334;0,056745153576748794;0,013774967193603516;0,0004140751473694883;11;10;100;{'model__max_depth': 11, 'model__min_samples_split': 10, 'model__n_estimators': 100};-0,3029417186710268;-0,2756031349510314;-0,2584589038596174;-0,26723705033545664;-0,28279075955864896;-0,2774063134751562;0,015144100335620246;110
8,219151163101197;0,11190515982166419;0,023943662643432617;0,0007502073569705886;11;10;200;{'model__max_depth': 11, 'model__min_samples_split': 10, 'model__n_estimators': 200};-0,30333072219078394;-0,2766911447281906;-0,2579489982543227;-0,26620546086281077;-0,2816459458570143;-0,27716445437862447;0,015455191050636287;107
0,24966950416564943;0,003452689215532699;0,0028046131134033202;0,0009817300847341658;12;2;5;{'model__max_depth': 12, 'model__min_samples_split': 2, 'model__n_estimators': 5};-0,3290454458978705;-0,2998452047619479;-0,2862699233140067;-0,2825011888338102;-0,2983223006020295;-0,299196812681933;0,016358327621951475;539
0,49306812286376955;0,0030830266075140334;0,004696083068847656;0,000779849648169426;12;2;10;{'model__max_depth': 12, 'model__min_samples_split': 2, 'model__n_estimators': 10};-0,32571415392089376;-0,3053810059405625;-0,27137430793663925;-0,27160602039999204;-0,28386267463981757;-0,291587632567581;0,021082670139818994;490
0,7408577919006347;0,011378252386700479;0,004746389389038086;0,0009094873308565956;12;2;15;{'model__max_depth': 12, 'model__min_samples_split': 2, 'model__n_estimators': 15};-0,3141986209630521;-0,298201266871793;-0,26597950920343905;-0,27519286095752976;-0,28348429182397084;-0,2874113099639569;0,017076400393924836;457
0,9842113494873047;0,012623753731522502;0,005769872665405273;0,00043529251038688455;12;2;20;{'model__max_depth': 12, 'model__min_samples_split': 2, 'model__n_estimators': 20};-0,31079625871638544;-0,2936206740899609;-0,2594967972413015;-0,2775331666933455;-0,27802613161203166;-0,283894605670605;0,017253725935484656;368
1,2234759330749512;0,020084147047787458;0,005910825729370117;0,00020050412258936173;12;2;25;{'model__max_depth': 12, 'model__min_samples_split': 2, 'model__n_estimators': 25};-0,30853689263050715;-0,29172185954493196;-0,26084259976390517;-0,2782367375863308;-0,27897508263271587;-0,2836626344316782;0,015848326795285226;361
1,9627863883972168;0,023235128251523615;0,008155012130737304;0,000513986809492871;12;2;40;{'model__max_depth': 12, 'model__min_samples_split': 2, 'model__n_estimators': 40};-0,30617612963090785;-0,28706157868950466;-0,25768671994068726;-0,2766668339318676;-0,2817112892251683;-0,28186051028362713;0,015682277496078156;294
2,463292646408081;0,05150940219302932;0,009283494949340821;0,0009019474411671255;12;2;50;{'model__max_depth': 12, 'model__min_samples_split': 2, 'model__n_estimators': 50};-0,3044800234772701;-0,2842940893292368;-0,2556342085103633;-0,27595350685866443;-0,28242688568346525;-0,2805577427718;0,015697840892285937;237
4,858574438095093;0,03957449367393645;0,01428208351135254;0,00036928141365213485;12;2;100;{'model__max_depth': 12, 'model__min_samples_split': 2, 'model__n_estimators': 100};-0,3059522763617075;-0,28020278443467134;-0,2582193590268196;-0,27176315328296863;-0,28398564855665076;-0,2800246443325636;0,015695133593731137;214
9,77829909324646;0,07947004293591922;0,02662487030029297;0,0009842890753376818;12;2;200;{'model__max_depth': 12, 'model__min_samples_split': 2, 'model__n_estimators': 200};-0,30655343597573526;-0,2820804338923262;-0,25718721375286113;-0,26967541251928806;-0,28172255563715665;-0,2794438103554734;0,016357591226229127;189
0,23073320388793944;0,00428793553714132;0,003949356079101562;0,00011322542249908025;12;5;5;{'model__max_depth': 12, 'model__min_samples_split': 5, 'model__n_estimators': 5};-0,323961917734745;-0,297925950588525;-0,28043401119097444;-0,28400922531112965;-0,29588359658689634;-0,2964429402824541;0,015301564518711985;521
0,4589255332946777;0,006994522243809104;0,003929853439331055;0,0006607407260166756;12;5;10;{'model__max_depth': 12, 'model__min_samples_split': 5, 'model__n_estimators': 10};-0,3205848958790298;-0,2938682914909718;-0,2674548251241308;-0,2745249651278689;-0,2843906200783905;-0,2881647195400784;0,018508295549507083;463
0,6885690212249755;0,014185023616501423;0,004718399047851563;0,0008822907848957484;12;5;15;{'model__max_depth': 12, 'model__min_samples_split': 5, 'model__n_estimators': 15};-0,3118175433352107;-0,29270210099769356;-0,264007663929494;-0,27263759929186665;-0,2837560157470803;-0,2849841846602691;0,01657441619772328;400
0,9143073081970214;0,019519435827877258;0,0056056976318359375;0,0006866271625823194;12;5;20;{'model__max_depth': 12, 'model__min_samples_split': 5, 'model__n_estimators': 20};-0,309186248938845;-0,289862170261864;-0,2605686724389498;-0,27298951754008477;-0,2801012583795382;-0,2825415735118563;0,016392285735542866;321
1,1340458869934082;0,01365793591671366;0,006150627136230468;0,0002688360619780499;12;5;25;{'model__max_depth': 12, 'model__min_samples_split': 5, 'model__n_estimators': 25};-0,30780316459601315;-0,2897743396282951;-0,26155439186281004;-0,2733091908504672;-0,281144661619821;-0,28271714971148126;0,015607413628140802;325
1,819504690170288;0,02285328350637628;0,0072823047637939455;0,0009603845842013383;12;5;40;{'model__max_depth': 12, 'model__min_samples_split': 5, 'model__n_estimators': 40};-0,30674126170153143;-0,2861262178011542;-0,2602495073638389;-0,27321211225429265;-0,2827562619582377;-0,281817072215811;0,015361453213491333;292
2,262550401687622;0,02148283079654198;0,00849456787109375;0,0009785223574054907;12;5;50;{'model__max_depth': 12, 'model__min_samples_split': 5, 'model__n_estimators': 50};-0,3052067681785307;-0,2841855030695493;-0,25922135477179625;-0,27246523673929907;-0,2836674658181005;-0,28094926571545514;0,015168184673190135;257
4,517453908920288;0,055971744953662396;0,013901472091674805;0,00021291230315482004;12;5;100;{'model__max_depth': 12, 'model__min_samples_split': 5, 'model__n_estimators': 100};-0,3062097908235408;-0,280101266236469;-0,2594064903530133;-0,2693285279703903;-0,28261093090976996;-0,2795314012586367;0,015688565141766433;194
9,080380630493163;0,06669993281863759;0,02514028549194336;0,0009741285636286503;12;5;200;{'model__max_depth': 12, 'model__min_samples_split': 5, 'model__n_estimators': 200};-0,3059291155823669;-0,27994781773746447;-0,25802488342807106;-0,26846364533836087;-0,2809489113570772;-0,27866287468866807;0,01600172426567726;153
0,21366214752197266;0,005057749420124491;0,003736734390258789;0,0011513493620469964;12;10;5;{'model__max_depth': 12, 'model__min_samples_split': 10, 'model__n_estimators': 5};-0,3267081314466811;-0,29384446207521214;-0,28010122350086364;-0,27880543852213996;-0,29215518299872356;-0,29432288770872406;0,017301900524871842;514
0,42518768310546873;0,007134228358651761;0,0042073726654052734;0,00029456454797242604;12;10;10;{'model__max_depth': 12, 'model__min_samples_split': 10, 'model__n_estimators': 10};-0,3197787152392463;-0,28868678246780943;-0,27073742602186673;-0,271637168841858;-0,2838212277300329;-0,2869322640601627;0,017820544064498844;451
0,6300494194030761;0,008882575608073297;0,0049078941345214845;0,0008031229461198103;12;10;15;{'model__max_depth': 12, 'model__min_samples_split': 10, 'model__n_estimators': 15};-0,3112211852252703;-0,2878123291940756;-0,2651315980630071;-0,27121114076338076;-0,2824884815720442;-0,2835729469635556;0,015977929200374007;355
0,8433910369873047;0,014362803532112924;0,005227136611938477;0,0012153157491138556;12;10;20;{'model__max_depth': 12, 'model__min_samples_split': 10, 'model__n_estimators': 20};-0,30787186685992257;-0,285988381079533;-0,2618965787042508;-0,2708758939082811;-0,2785155244263835;-0,2810296489956742;0,01562426079693043;262
1,0423195362091064;0,02323378193713939;0,006009435653686524;6,67572021484375e-07;12;10;25;{'model__max_depth': 12, 'model__min_samples_split': 10, 'model__n_estimators': 25};-0,30548764776247017;-0,28563718736398164;-0,2628474939626626;-0,27216664733191875;-0,2785780292945342;-0,28094340114311345;0,014384296432755272;256
1,6667280673980713;0,02722315633055646;0,007712221145629883;0,0006002666531001992;12;10;40;{'model__max_depth': 12, 'model__min_samples_split': 10, 'model__n_estimators': 40};-0,30218519453636117;-0,28078982467254054;-0,26104342045075485;-0,27171296649728977;-0,2819335326231047;-0,2795329877560102;0,013590302118318584;195
2,092118167877197;0,036552099301261375;0,007897233963012696;0,0001596794154162778;12;10;50;{'model__max_depth': 12, 'model__min_samples_split': 10, 'model__n_estimators': 50};-0,3014285962405765;-0,27843372447964126;-0,25840180165107324;-0,2727109708519468;-0,2820152588037695;-0,27859807040540147;0,013967707820492168;151
4,171973133087159;0,03713759431041332;0,013786411285400391;0,00038410908646505353;12;10;100;{'model__max_depth': 12, 'model__min_samples_split': 10, 'model__n_estimators': 100};-0,3038045887195619;-0,2764192639195826;-0,25907626151695884;-0,268528625279546;-0,28257335848494713;-0,2780804195841193;0,015080275953017242;124
8,374783515930176;0,11302349596965512;0,02405858039855957;0,00041230857539403625;12;10;200;{'model__max_depth': 12, 'model__min_samples_split': 10, 'model__n_estimators': 200};-0,3041685737616003;-0,27738073492111365;-0,2579800109729652;-0,26754128438485647;-0,2808990468090778;-0,2775939301699227;0,015510915148900876;115
0,2553375244140625;0,004371306868198971;0,0036354541778564455;0,0008180650221597101;13;2;5;{'model__max_depth': 13, 'model__min_samples_split': 2, 'model__n_estimators': 5};-0,32255109145370986;-0,30209782492514003;-0,2797243707048609;-0,2892121703613813;-0,2961534689369166;-0,29794778527640176;0,014381716737972458;525
0,5095847129821778;0,003783389733548461;0,00450282096862793;0,0005649415121358126;13;2;10;{'model__max_depth': 13, 'model__min_samples_split': 2, 'model__n_estimators': 10};-0,3196697423052932;-0,30253630812609533;-0,2689882558842326;-0,2810805505080262;-0,2852298372544993;-0,29150093881562933;0,017720005450893722;489
0,7580147743225097;0,010026045334983342;0,0050162792205810545;0,0006335179130164026;13;2;15;{'model__max_depth': 13, 'model__min_samples_split': 2, 'model__n_estimators': 15};-0,310679351551641;-0,2961066118456254;-0,2598214167299107;-0,2806358560640667;-0,2836808643435409;-0,28618482010695695;0,016914572746808663;437
1,0071110725402832;0,011033141153127176;0,00523223876953125;0,000997680628174275;13;2;20;{'model__max_depth': 13, 'model__min_samples_split': 2, 'model__n_estimators': 20};-0,3093755797944771;-0,29264672962862504;-0,25931977713465953;-0,27939782173706423;-0,2791288108120816;-0,2839737438213815;0,016569275577363332;370
1,252687692642212;0,009378503334558416;0,006165122985839844;0,0002604254161012486;13;2;25;{'model__max_depth': 13, 'model__min_samples_split': 2, 'model__n_estimators': 25};-0,3071197502313476;-0,2922235424570165;-0,2597945214870355;-0,28041458437887845;-0,27849804812483625;-0,2836100893358229;0,01568707250780998;358
2,0050783157348633;0,030725229609093945;0,008028459548950196;0,0008962169471133348;13;2;40;{'model__max_depth': 13, 'model__min_samples_split': 2, 'model__n_estimators': 40};-0,3069605903685118;-0,2890854937679754;-0,2577207134744508;-0,27994297222022196;-0,2823568874271489;-0,2832133314516618;0,015872724489103027;344
2,516762065887451;0,03307365400193729;0,009239721298217773;0,0009854859131644522;13;2;50;{'model__max_depth': 13, 'model__min_samples_split': 2, 'model__n_estimators': 50};-0,3050253530200107;-0,2867536965841507;-0,25521770850015346;-0,27889022847130046;-0,2824468893195136;-0,2816667751790258;0,015996067304253715;284
4,980003213882446;0,044420322921931946;0,014908933639526367;0,0010999224919461192;13;2;100;{'model__max_depth': 13, 'model__min_samples_split': 2, 'model__n_estimators': 100};-0,3064667240800114;-0,2820522276009075;-0,25795669022967654;-0,2746770070869038;-0,28302521374722867;-0,2808355725489456;0,015649932214743655;248
10,012952089309692;0,07613586707264718;0,026721096038818358;0,0008407485435712798;13;2;200;{'model__max_depth': 13, 'model__min_samples_split': 2, 'model__n_estimators': 200};-0,3073963172983611;-0,283217083572222;-0,2575117810213352;-0,2719410352485549;-0,28131098775019064;-0,2802754409781328;0,016327364050204365;224
0,2350477695465088;0,0049220668056024095;0,004008579254150391;0,0010968464432208613;13;5;5;{'model__max_depth': 13, 'model__min_samples_split': 5, 'model__n_estimators': 5};-0,3271666746528139;-0,30196759618060537;-0,28157854815368094;-0,2955058751793231;-0,29509757658527985;-0,30026325415034066;0,015000892867097538;560
0,4695153713226318;0,00539793921550226;0,00493769645690918;0,0009242712683970907;13;5;10;{'model__max_depth': 13, 'model__min_samples_split': 5, 'model__n_estimators': 10};-0,3209396516018196;-0,2994155595651909;-0,266759602064062;-0,2802721922459566;-0,2817827185416249;-0,2898339448037308;0,018697844720786016;478
0,7013759613037109;0,013267479879732638;0,004036140441894531;4,877496410805456e-05;13;5;15;{'model__max_depth': 13, 'model__min_samples_split': 5, 'model__n_estimators': 15};-0,31144488536562087;-0,29430409041870054;-0,2642311195531323;-0,27594652841974354;-0,2812089075632337;-0,2854271062640862;0,01620290150714358;408
0,9325194835662842;0,014726218237761778;0,005164337158203125;0,0010385925045731526;13;5;20;{'model__max_depth': 13, 'model__min_samples_split': 5, 'model__n_estimators': 20};-0,3102289903895363;-0,29081901414991435;-0,26191541823211784;-0,27851175678495255;-0,2767233966920343;-0,2836397152497111;0,01615307021266205;360
1,1578832149505616;0,02343634560470934;0,006012058258056641;0,0003160626034381954;13;5;25;{'model__max_depth': 13, 'model__min_samples_split': 5, 'model__n_estimators': 25};-0,3081682619314404;-0,29171835010714875;-0,2631533881864515;-0,2789694574785077;-0,27981797067042713;-0,28436548567479514;0,01496921417943883;380
1,8554138660430908;0,037017325570043606;0,007628870010375976;0,0003627378146480157;13;5;40;{'model__max_depth': 13, 'model__min_samples_split': 5, 'model__n_estimators': 40};-0,3075344451604927;-0,28692471722968643;-0,260997775012654;-0,27570751749188205;-0,28193152702881513;-0,2826191963847061;0,015198928828797573;322
2,3100951671600343;0,03986428500794246;0,008029651641845704;1,830918088427155e-05;13;5;50;{'model__max_depth': 13, 'model__min_samples_split': 5, 'model__n_estimators': 50};-0,3070558024819621;-0,2848694385491248;-0,2590544808341398;-0,2756535005075615;-0,28223596411698837;-0,28177383729795535;0,015508718531369436;290
4,61463942527771;0,03695409066452966;0,014099931716918946;0,0007098900537135246;13;5;100;{'model__max_depth': 13, 'model__min_samples_split': 5, 'model__n_estimators': 100};-0,30645152288738076;-0,28087991388959;-0,2593272639874774;-0,272414116582351;-0,2810941462502765;-0,28003339271941513;0,01540491177276116;216
9,189705276489258;0,09072451308924041;0,02422642707824707;0,0005421572645419987;13;5;200;{'model__max_depth': 13, 'model__min_samples_split': 5, 'model__n_estimators': 200};-0,306745130384501;-0,2804999946991971;-0,2576876341786811;-0,2714219334981598;-0,27983845929758416;-0,27923863041162467;0,01602563299583239;177
0,2194821357727051;0,00592874805462941;0,003253459930419922;0,001049823415580165;13;10;5;{'model__max_depth': 13, 'model__min_samples_split': 10, 'model__n_estimators': 5};-0,32488074300804987;-0,2884657300086982;-0,276548915292021;-0,2864057079618417;-0,29356370909264057;-0,29397296107265025;0,016411269032890904;508
0,4308434009552002;0,005679230527774568;0,0038161277770996094;0,0004044933474641561;13;10;10;{'model__max_depth': 13, 'model__min_samples_split': 10, 'model__n_estimators': 10};-0,31858068928812505;-0,28546875495701146;-0,2702369884606418;-0,27382573257410764;-0,2848754650863805;-0,2865975260732533;0,017075996296925057;443
0,6454544067382812;0,012138018931480208;0,004057598114013672;0,00023312799328142545;13;10;15;{'model__max_depth': 13, 'model__min_samples_split': 10, 'model__n_estimators': 15};-0,31080522019685297;-0,2854765585626067;-0,26518862451817626;-0,2730350794206368;-0,2836544161274303;-0,28363197976514065;0,015454705558936627;359
0,8564606666564941;0,01054219750216647;0,005945348739624023;0,000495440521598604;13;10;20;{'model__max_depth': 13, 'model__min_samples_split': 10, 'model__n_estimators': 20};-0,3075085203856523;-0,2842623580234999;-0,26055125107241633;-0,27379206815931967;-0,27937897093979996;-0,2810986337161377;0,015401489143569869;263
1,0583155155181885;0,014572289296677149;0,006625604629516601;0,000703138670000956;13;10;25;{'model__max_depth': 13, 'model__min_samples_split': 10, 'model__n_estimators': 25};-0,3046390398643923;-0,28483960560354665;-0,2619730461269342;-0,2748879157514177;-0,2802078480183367;-0,2813094910729255;0,01395046884940866;272
1,6996984004974365;0,022432375658318144;0,007991409301757813;0,00017696490187736415;13;10;40;{'model__max_depth': 13, 'model__min_samples_split': 10, 'model__n_estimators': 40};-0,3022717515849232;-0,2809573224909701;-0,25971618246488526;-0,2731239658275764;-0,282842843613774;-0,2797824131964258;0,01388168235105053;201
2,114118051528931;0,027639979623438584;0,009226417541503907;0,0009883112718388908;13;10;50;{'model__max_depth': 13, 'model__min_samples_split': 10, 'model__n_estimators': 50};-0,30192996451911003;-0,2785611210073549;-0,25800984173071356;-0,273710566280822;-0,2821563385575378;-0,27887356641910765;0,014173378473003635;160
4,24733190536499;0,06959914926559374;0,013898134231567383;0,0004358093634934983;13;10;100;{'model__max_depth': 13, 'model__min_samples_split': 10, 'model__n_estimators': 100};-0,3026677229978348;-0,2768964144850925;-0,25860185668765123;-0,2706344771714021;-0,2823217840821684;-0,2782244510848298;0,014551146178889942;128
8,526591730117797;0,15168968236178304;0,024404621124267577;0,0005883802768769959;13;10;200;{'model__max_depth': 13, 'model__min_samples_split': 10, 'model__n_estimators': 200};-0,30371772580981476;-0,2772999182846987;-0,25819919933800817;-0,2691149296304822;-0,2805845096122804;-0,2777832565350568;0,01509538021284739;117
0,2606380462646484;0,005701014724150577;0,0039576530456542965;0,00010649905736587617;14;2;5;{'model__max_depth': 14, 'model__min_samples_split': 2, 'model__n_estimators': 5};-0,32362300671705374;-0,29706604260501235;-0,2853337157445521;-0,28698677701352315;-0,30515564861279126;-0,2996330381385865;0,013978596684122869;543
0,5154152870178222;0,004828403436574124;0,0035613059997558595;0,00047224666153495323;14;2;10;{'model__max_depth': 14, 'model__min_samples_split': 2, 'model__n_estimators': 10};-0,323124502564229;-0,30013944345152715;-0,27198708705087876;-0,2784926304817139;-0,2886880162191205;-0,2924863359534938;0,018042935120708262;495
0,7755525588989258;0,009480480449849471;0,0051653385162353516;0,0010529201404509353;14;2;15;{'model__max_depth': 14, 'model__min_samples_split': 2, 'model__n_estimators': 15};-0,31477031339981687;-0,29401921981273554;-0,2665608736950065;-0,28061629948277644;-0,28727118278117303;-0,28864757783430167;0,01590892985721554;466
1,0313741207122802;0,013377461848770129;0,004833841323852539;0,0009833100044804738;14;2;20;{'model__max_depth': 14, 'model__min_samples_split': 2, 'model__n_estimators': 20};-0,31452212349338077;-0,2902463062740583;-0,26346940780805367;-0,2806503470744522;-0,2818533148090081;-0,2861482998917906;0,01664256020131549;434
1,2765770435333252;0,014011302686208144;0,0060806751251220705;0,00010006645617000719;14;2;25;{'model__max_depth': 14, 'model__min_samples_split': 2, 'model__n_estimators': 25};-0,31080419105550194;-0,29156919572680745;-0,2635162606171023;-0,2801026903780549;-0,2829376724032252;-0,28578600203613835;0,015464213572269153;424
2,058163547515869;0,018121164787515617;0,008305120468139648;0,0008923089479325817;14;2;40;{'model__max_depth': 14, 'model__min_samples_split': 2, 'model__n_estimators': 40};-0,3083911862069337;-0,2869348168133652;-0,2613433485178684;-0,27885041692505375;-0,285609839888669;-0,284225921670378;0,015137513388924152;376
2,5656134128570556;0,0335528414540411;0,008379840850830078;0,00047913179462387087;14;2;50;{'model__max_depth': 14, 'model__min_samples_split': 2, 'model__n_estimators': 50};-0,3075360641683777;-0,28569679848556895;-0,25817972570100994;-0,27948081468565283;-0,28565914942185033;-0,28331051049249195;0,0157753658614837;348
5,109637975692749;0,04066676972999982;0,014478731155395507;0,0008191145900047162;14;2;100;{'model__max_depth': 14, 'model__min_samples_split': 2, 'model__n_estimators': 100};-0,30771195444880384;-0,2811539913841473;-0,2612718434167637;-0,27635472365148595;-0,2837152615114685;-0,28204155488253385;0,015008527179954259;303
10,185632228851318;0,10705312378600412;0,026619911193847656;0,0008615562206661172;14;2;200;{'model__max_depth': 14, 'model__min_samples_split': 2, 'model__n_estimators': 200};-0,30842642911979457;-0,2822994078269462;-0,2585384376091461;-0,27330898555630645;-0,281610514331621;-0,2808367548887628;0,016234595443635612;249
0,24160776138305665;0,00459005222529144;0,0035573482513427735;0,0007840286073309751;14;5;5;{'model__max_depth': 14, 'model__min_samples_split': 5, 'model__n_estimators': 5};-0,32537373523691326;-0,29785700220574174;-0,27969119872944204;-0,28333393738519413;-0,2957954359783746;-0,29641026190713315;0,01607402371705272;520
0,47657198905944825;0,007360181735312299;0,004419088363647461;0,000592476318987545;14;5;10;{'model__max_depth': 14, 'model__min_samples_split': 5, 'model__n_estimators': 10};-0,32226405115339635;-0,29764667281667245;-0,2687915381573972;-0,2756422005153261;-0,28324488218106014;-0,2895178689647705;0,018972902924104973;473
0,7090975284576416;0,007973219939806559;0,004269742965698242;0,00022569335885900757;14;5;15;{'model__max_depth': 14, 'model__min_samples_split': 5, 'model__n_estimators': 15};-0,31112187434762606;-0,29329717839150304;-0,2629707078458604;-0,27182166483244224;-0,28084015885276786;-0,2840103168540399;0,016867487269998063;372
0,9533744335174561;0,01344099088528795;0,005582237243652343;0,0007963499274128235;14;5;20;{'model__max_depth': 14, 'model__min_samples_split': 5, 'model__n_estimators': 20};-0,308732822903368;-0,29099666549703535;-0,26047639871111844;-0,2737776507920353;-0,2770578683473727;-0,282208281250186;0,016435717260070214;312
1,18031005859375;0,02034307702497561;0,005441904067993164;0,0008662358917850926;14;5;25;{'model__max_depth': 14, 'model__min_samples_split': 5, 'model__n_estimators': 25};-0,30658620932527153;-0,2902099300530674;-0,2614645157009891;-0,27498293852606903;-0,2793681408663165;-0,2825223468943427;0,015155146707937757;320
1,881484603881836;0,027629509525188754;0,007927608489990235;0,00011935543638475153;14;5;40;{'model__max_depth': 14, 'model__min_samples_split': 5, 'model__n_estimators': 40};-0,30495069253586304;-0,28635184397411356;-0,2596709660904613;-0,2735012422426698;-0,28261718158762267;-0,2814183852861461;0,01493436980483007;275
2,3654403686523438;0,0298570782301594;0,007880401611328126;0,0004914771577151611;14;5;50;{'model__max_depth': 14, 'model__min_samples_split': 5, 'model__n_estimators': 50};-0,30385634658149263;-0,2847193812188598;-0,2573689059875735;-0,2738635815493218;-0,28264462080742037;-0,2804905672289336;0,01514602665447843;234
4,661019897460937;0,05285009794063362;0,013979911804199219;0,0007011752352608702;14;5;100;{'model__max_depth': 14, 'model__min_samples_split': 5, 'model__n_estimators': 100};-0,3061050714699171;-0,2793616163498011;-0,25892409443166325;-0,2714856188821592;-0,2816036960028631;-0,27949601942728075;0,015491111194880891;192
9,315454816818237;0,1457550767649624;0,024856996536254884;0,000808535937668164;14;5;200;{'model__max_depth': 14, 'model__min_samples_split': 5, 'model__n_estimators': 200};-0,306461696660357;-0,2805887594088243;-0,2569921643990232;-0,27031561193272075;-0,28113074105524316;-0,2790977946912337;0,016253766346934144;171
0,2203968048095703;0,006589831547268145;0,004263877868652344;0,00031304833364276653;14;10;5;{'model__max_depth': 14, 'model__min_samples_split': 10, 'model__n_estimators': 5};-0,3265239033902904;-0,2874740559389995;-0,2841754233728461;-0,2788688072091994;-0,29325126420257147;-0,2940586908227814;0,016890298523320444;511
0,4422236442565918;0,0078017934387015426;0,0038985729217529295;0,0009465043116770332;14;10;10;{'model__max_depth': 14, 'model__min_samples_split': 10, 'model__n_estimators': 10};-0,32024808068479327;-0,284253782197588;-0,2726705605633088;-0,2694539346192826;-0,2865549518341913;-0,2866362619798328;0,018031696356628976;447
0,6550929546356201;0,010017016219858167;0,004651546478271484;0,00092461404225492;14;10;15;{'model__max_depth': 14, 'model__min_samples_split': 10, 'model__n_estimators': 15};-0,31119427430791535;-0,2855188465836978;-0,26706194358062374;-0,2705907560196136;-0,28257521382958184;-0,28338820686428645;0,015547987592594369;351
0,8602504730224609;0,012213585205235166;0,004675149917602539;0,0007616554422693886;14;10;20;{'model__max_depth': 14, 'model__min_samples_split': 10, 'model__n_estimators': 20};-0,3073757615907159;-0,28425609395564916;-0,2626031814690273;-0,27202804087165117;-0,27863711092429266;-0,2809800377622672;0,015038638118726192;260
1,085828924179077;0,01589743478840704;0,0060822486877441405;0,002130520858147786;14;10;25;{'model__max_depth': 14, 'model__min_samples_split': 10, 'model__n_estimators': 25};-0,30500800666702405;-0,2849191099434782;-0,26360854341112006;-0,273531974116709;-0,2784915956519361;-0,28111184595805344;0,01382900954176446;264
1,701362705230713;0,032690481957050904;0,007643461227416992;0,0008159874389430957;14;10;40;{'model__max_depth': 14, 'model__min_samples_split': 10, 'model__n_estimators': 40};-0,30188847381253814;-0,28142207473487163;-0,26063624058735857;-0,2732222024465067;-0,28237350916751086;-0,27990850014975716;0,013473032214878828;208
2,1558457374572755;0,03753913799134022;0,009265422821044922;0,0010985601876348124;14;10;50;{'model__max_depth': 14, 'model__min_samples_split': 10, 'model__n_estimators': 50};-0,3015959741864484;-0,2785779610550718;-0,25891503856541703;-0,2736501694524817;-0,2814752596768683;-0,2788428805872575;0,01377523870530127;158
4,264456653594971;0,07314928381720236;0,014139366149902344;0,001320599484344266;14;10;100;{'model__max_depth': 14, 'model__min_samples_split': 10, 'model__n_estimators': 100};-0,3037292522338067;-0,2769322951221244;-0,26016008595793544;-0,27048893281088937;-0,28156661408129596;-0,2785754360412104;0,014483633386563968;150
8,538668155670166;0,11269736058387372;0,024248409271240234;0,0010149048316017172;14;10;200;{'model__max_depth': 14, 'model__min_samples_split': 10, 'model__n_estimators': 200};-0,3042154059138279;-0,27736188195293787;-0,25876955989627776;-0,26913333464075184;-0,28112424447138107;-0,2781208853750353;0,01513783419245935;125
0,2669651031494141;0,005351840245270724;0,0038829803466796874;0,0005025398234654721;15;2;5;{'model__max_depth': 15, 'model__min_samples_split': 2, 'model__n_estimators': 5};-0,3244712678282933;-0,29725847675591455;-0,2869059107480554;-0,29222934925643784;-0,30312094202971684;-0,3007971893236836;0,012998152254856185;561
0,5280393123626709;0,012139165518097607;0,004003190994262695;1,1725347184348304e-05;15;2;10;{'model__max_depth': 15, 'model__min_samples_split': 2, 'model__n_estimators': 10};-0,3201489117651838;-0,30286043098996024;-0,2699997877902991;-0,2779421489957469;-0,28755755985778836;-0,2917017678797956;0,01795122987101981;491
0,7777589797973633;0,01047954960523513;0,0054114341735839845;0,0004678972335371706;15;2;15;{'model__max_depth': 15, 'model__min_samples_split': 2, 'model__n_estimators': 15};-0,3104531268076003;-0,29893243866658875;-0,2656526984957884;-0,28119084607962497;-0,2847265747661569;-0,2881911369631519;0,015362032589058959;464
1,0414240837097168;0,01875402603286496;0,006043434143066406;0,0005076241629335987;15;2;20;{'model__max_depth': 15, 'model__min_samples_split': 2, 'model__n_estimators': 20};-0,31071247659544965;-0,2953035424440367;-0,2612161913974409;-0,279241912663089;-0,28026173730235665;-0,28534717208047455;0,0166611407299431;405
1,287744951248169;0,018438607632017424;0,006789588928222656;0,0009116382573516723;15;2;25;{'model__max_depth': 15, 'model__min_samples_split': 2, 'model__n_estimators': 25};-0,3070797395049644;-0,2951268923838846;-0,26160902360934396;-0,27914928590480315;-0,28093224667113786;-0,2847794376148268;0,01541259780964606;385
2,0776029586791993;0,012983406224272052;0,008010244369506836;0,00027985026425233914;15;2;40;{'model__max_depth': 15, 'model__min_samples_split': 2, 'model__n_estimators': 40};-0,305459081518358;-0,2903773859752663;-0,259953922189776;-0,2772883264566746;-0,28321317699217957;-0,28325837862645087;0,01498194066490513;346
2,599222278594971;0,04489876116708684;0,008934450149536134;0,0012225929956778804;15;2;50;{'model__max_depth': 15, 'model__min_samples_split': 2, 'model__n_estimators': 50};-0,30469357377810996;-0,2879707344826267;-0,25710458217112653;-0,27771171005053646;-0,2833079351772005;-0,28215770713192;0,01542987723463719;310
5,213326168060303;0,07182586696510329;0,015568923950195313;0,0008961002103766092;15;2;100;{'model__max_depth': 15, 'model__min_samples_split': 2, 'model__n_estimators': 100};-0,30521180763090416;-0,2827494212406593;-0,25887722855452605;-0,2737882869129585;-0,28295631838423035;-0,28071661254465563;0,015060700945725652;242
10,517367029190064;0,18905165220063896;0,02675156593322754;0,0004567950501116833;15;2;200;{'model__max_depth': 15, 'model__min_samples_split': 2, 'model__n_estimators': 200};-0,30686467943356355;-0,28286230132704643;-0,25758505902498563;-0,27291300649842426;-0,28118049431423436;-0,2802811081196509;0,016022217597517333;225
0,2457418441772461;0,007752871759682483;0,003606843948364258;0,0008019478372900941;15;5;5;{'model__max_depth': 15, 'model__min_samples_split': 5, 'model__n_estimators': 5};-0,32835654713134066;-0,298357158627535;-0,2851509798092244;-0,28617679933762863;-0,2957731168125568;-0,29876292034365715;0,01567534166303801;531
0,48098006248474123;0,004424122774609841;0,004107952117919922;0,0008015347401379501;15;5;10;{'model__max_depth': 15, 'model__min_samples_split': 5, 'model__n_estimators': 10};-0,3228140635304984;-0,29802772879513423;-0,2734511255967073;-0,2764778708822935;-0,2855847054238992;-0,2912710988457065;0,01794066208198381;487
0,7113917827606201;0,014825590115889945;0,0050560951232910155;0,0009236721179465125;15;5;15;{'model__max_depth': 15, 'model__min_samples_split': 5, 'model__n_estimators': 15};-0,3118493341815364;-0,29238177017812417;-0,2671563573586362;-0,2759929597392662;-0,28426443000007295;-0,28632897029152715;0,015274880601638896;439
0,9558471202850342;0,012435653506463045;0,005623006820678711;0,000807702829103895;15;5;20;{'model__max_depth': 15, 'model__min_samples_split': 5, 'model__n_estimators': 20};-0,31057280492609957;-0,28922658855773437;-0,2652207412298501;-0,2768965729468952;-0,2798795809082678;-0,2843592577137694;0,015184748588069613;379
1,223789119720459;0,04784040229215005;0,00571737289428711;0,00037037641695741847;15;5;25;{'model__max_depth': 15, 'model__min_samples_split': 5, 'model__n_estimators': 25};-0,30799194325874985;-0,2901243600794644;-0,2650746358994951;-0,27703324103764676;-0,28235783724245167;-0,28451640350356155;0,014291183296844553;384
1,9232757091522217;0,043705767685013636;0,0074371337890625;0,0007387792701632375;15;5;40;{'model__max_depth': 15, 'model__min_samples_split': 5, 'model__n_estimators': 40};-0,3065216294388722;-0,28570068820281236;-0,26228678975999214;-0,27690969928887205;-0,2839774130074668;-0,2830792439396031;0,014336063250449938;339
2,387067747116089;0,08948035652677815;0,008875751495361328;0,0012141134103514915;15;5;50;{'model__max_depth': 15, 'model__min_samples_split': 5, 'model__n_estimators': 50};-0,3056869504337149;-0,28436459917861845;-0,2603837186255372;-0,276731049306218;-0,2840209892848595;-0,2822374613657896;0,014597882518958332;314
4,844038486480713;0,12621906821122797;0,014900636672973634;0,0007110975576658117;15;5;100;{'model__max_depth': 15, 'model__min_samples_split': 5, 'model__n_estimators': 100};-0,3066689473515062;-0,2805095890046126;-0,26074833347891124;-0,27184980576294543;-0,2826491109345685;-0,2804851573065088;0,015194641584554167;233
9,4349760055542;0,11235314026059716;0,025494480133056642;0,0013353250210583617;15;5;200;{'model__max_depth': 15, 'model__min_samples_split': 5, 'model__n_estimators': 200};-0,306306378415742;-0,28061817273587514;-0,25757168111776424;-0,2707797771574716;-0,28104157366617044;-0,2792635166186047;0,015992639037253568;179
0,2229860782623291;0,010334429699356898;0,0036205291748046876;0,0007845141025036726;15;10;5;{'model__max_depth': 15, 'model__min_samples_split': 10, 'model__n_estimators': 5};-0,3248331202101786;-0,2912983658653;-0,2778043774926051;-0,28120496283242136;-0,2930094775830128;-0,2936300607967036;0,01663903935329641;506
0,4395122528076172;0,00679723792935382;0,004384803771972656;0,0010811812013104573;15;10;10;{'model__max_depth': 15, 'model__min_samples_split': 10, 'model__n_estimators': 10};-0,31973647484678785;-0,28917267679294345;-0,2703310515604601;-0,27176515346985974;-0,2860076148497794;-0,28740259430396614;0,017813063285894336;456
0,6527503490447998;0,00669982436640701;0,004912757873535156;0,0007097164650562546;15;10;15;{'model__max_depth': 15, 'model__min_samples_split': 10, 'model__n_estimators': 15};-0,31124077273774314;-0,28857841196510753;-0,264134051241497;-0,27180076303764905;-0,2842784133466968;-0,2840064824657387;0,016165247674505168;371
0,8674817085266113;0,019005287881266205;0,004616069793701172;0,0008001701814537706;15;10;20;{'model__max_depth': 15, 'model__min_samples_split': 10, 'model__n_estimators': 20};-0,3092240943403934;-0,28708642761550335;-0,26070299535601005;-0,27253512524932744;-0,28017323335526245;-0,28194437518329935;0,016207966714968314;298
1,0768989086151124;0,0205792002771858;0,005719804763793945;0,0006154679747985007;15;10;25;{'model__max_depth': 15, 'model__min_samples_split': 10, 'model__n_estimators': 25};-0,3064298473301322;-0,2872935084266778;-0,2618542096339757;-0,27395983425412573;-0,2804363199686324;-0,28199474392270873;0,014817427332965444;301
1,7200446605682373;0,035926317524161464;0,007767629623413086;0,00049314644137766;15;10;40;{'model__max_depth': 15, 'model__min_samples_split': 10, 'model__n_estimators': 40};-0,3029993486104222;-0,28284726749013783;-0,25900627495113715;-0,2727890908099458;-0,28219878952384886;-0,27996815427709837;0,014384994098423797;212
2,154098081588745;0,03985485922025914;0,00867304801940918;0,0009338457307455273;15;10;50;{'model__max_depth': 15, 'model__min_samples_split': 10, 'model__n_estimators': 50};-0,30275229057013564;-0,27942394935952364;-0,2574735010821247;-0,2731903117523562;-0,2822324884212081;-0,2790145082370697;0,014642005344434364;167
4,302493667602539;0,07601042816490558;0,013493108749389648;0,0005099463286206305;15;10;100;{'model__max_depth': 15, 'model__min_samples_split': 10, 'model__n_estimators': 100};-0,3040707597852725;-0,2770331376813507;-0,2594147732354995;-0,26995614070994883;-0,2819087973603387;-0,278476721754482;0,014865234901197235;144
8,585541248321533;0,13649275969460145;0,02524728775024414;0,0018491192923061547;15;10;200;{'model__max_depth': 15, 'model__min_samples_split': 10, 'model__n_estimators': 200};-0,30436451383177404;-0,2778115608885633;-0,2584195524191955;-0,26914990935688554;-0,280966180825043;-0,27814234346429223;0,015267862005652378;126
0,26639571189880373;0,005772367098425421;0,0038976669311523438;0,0001969028014469903;16;2;5;{'model__max_depth': 16, 'model__min_samples_split': 2, 'model__n_estimators': 5};-0,3275830747748361;-0,3070180079130845;-0,284240317323487;-0,28671213578896565;-0,30128297912565666;-0,301367302985206;0,015667238624771717;562
0,5262835025787354;0,006914797194143611;0,004616498947143555;0,0008131339374566409;16;2;10;{'model__max_depth': 16, 'model__min_samples_split': 2, 'model__n_estimators': 10};-0,32317947562057514;-0,3021388102764474;-0,2684605654564547;-0,2818430866035775;-0,29047022498280173;-0,2932184325879713;0,018585695380664173;505
0,7965258598327637;0,012439709262613315;0,004773330688476562;0,0011709303046971368;16;2;15;{'model__max_depth': 16, 'model__min_samples_split': 2, 'model__n_estimators': 15};-0,31361630000241414;-0,2941078982377172;-0,26239751797956495;-0,28161000826227633;-0,2888424259843263;-0,2881148300932598;0,016676115126121827;462
1,0487242698669434;0,014965519565212297;0,005410671234130859;0,000802224222587692;16;2;20;{'model__max_depth': 16, 'model__min_samples_split': 2, 'model__n_estimators': 20};-0,31253324907117347;-0,29116472160023604;-0,2599666740706972;-0,2824468968644251;-0,28305547732577174;-0,28583340378646066;0,01690903722038267;426
1,3016316413879394;0,017015126847377396;0,006013917922973633;0,00018859698692625176;16;2;25;{'model__max_depth': 16, 'model__min_samples_split': 2, 'model__n_estimators': 25};-0,3092710031344243;-0,2914544920602708;-0,2597133724130707;-0,28307518828494593;-0,2820425522706527;-0,2851113216326729;0,016015898540563456;402
2,0875404834747315;0,033122145995847285;0,008519840240478516;0,0004021470679217382;16;2;40;{'model__max_depth': 16, 'model__min_samples_split': 2, 'model__n_estimators': 40};-0,3075406088412273;-0,288759147303807;-0,2570934471258744;-0,2800734495208768;-0,28492237961019223;-0,28367780648039553;0,016226656308267237;362
2,622032308578491;0,03545188445641349;0,008339309692382812;0,000720961456391489;16;2;50;{'model__max_depth': 16, 'model__min_samples_split': 2, 'model__n_estimators': 50};-0,30669254978233057;-0,28597588818922776;-0,25606600312001204;-0,2805384288462427;-0,28416589118395813;-0,28268775222435427;0,01614040987747871;324
5,229023790359497;0,08616711117048895;0,01484832763671875;0,0009136034773884409;16;2;100;{'model__max_depth': 16, 'model__min_samples_split': 2, 'model__n_estimators': 100};-0,3077191803691546;-0,2806638828694042;-0,2599287281188125;-0,2758631843016264;-0,28265261097421746;-0,28136551732664306;0,015404389354898806;274
10,38145604133606;0,1379106453341905;0,02764105796813965;0,0006548392211034393;16;2;200;{'model__max_depth': 16, 'model__min_samples_split': 2, 'model__n_estimators': 200};-0,30816442189497434;-0,2819945525401232;-0,25860325840129506;-0,27375055474584165;-0,2812790358387786;-0,28075836468420257;0,016080107992457928;247
0,24541263580322265;0,005573409796930811;0,0034883975982666015;0,0008751330489511121;16;5;5;{'model__max_depth': 16, 'model__min_samples_split': 5, 'model__n_estimators': 5};-0,32710236302877366;-0,2960417806964919;-0,2810783302743312;-0,28201988890339547;-0,29424085844738224;-0,29609664427007487;0,016664371237481636;519
0,48904852867126464;0,012720039891485038;0,004299974441528321;0,0006167810507398529;16;5;10;{'model__max_depth': 16, 'model__min_samples_split': 5, 'model__n_estimators': 10};-0,3205354362430492;-0,2976913585002385;-0,2707503772304517;-0,2765643779347751;-0,2838053051506602;-0,2898693710118349;0,017781578691419248;479
0,7202740669250488;0,007403927380560082;0,004505252838134766;0,0007788355551594347;16;5;15;{'model__max_depth': 16, 'model__min_samples_split': 5, 'model__n_estimators': 15};-0,31101744858815955;-0,29404427071846545;-0,26674903687739326;-0,2735229273680381;-0,2810130844597046;-0,28526935360235217;0,015742045951390466;403
0,9546001434326172;0,017679974118140297;0,0049534797668457035;0,0010456799436124845;16;5;20;{'model__max_depth': 16, 'model__min_samples_split': 5, 'model__n_estimators': 20};-0,3104855234990678;-0,2905604807948425;-0,26312145935679476;-0,27621595460010656;-0,2775037566667711;-0,28357743498351656;0,016014593700343985;357
1,1844220161437988;0,02359017506081115;0,006221342086791992;0,0002791997164410435;16;5;25;{'model__max_depth': 16, 'model__min_samples_split': 5, 'model__n_estimators': 25};-0,3085911371295147;-0,289267443216133;-0,2629918919228894;-0,27629434690320187;-0,28073463009718624;-0,28357588985378507;0,015119199525815677;356
1,8975239276885987;0,021700122636454676;0,0076062679290771484;0,00048655892106710675;16;5;40;{'model__max_depth': 16, 'model__min_samples_split': 5, 'model__n_estimators': 40};-0,30696511802087095;-0,28388583775103854;-0,26029315146506454;-0,27448147560662;-0,28241857620912947;-0,28160883181054475;0,015191702521260597;282
2,366562509536743;0,045344604515045954;0,007962226867675781;0,00027211221206208314;16;5;50;{'model__max_depth': 16, 'model__min_samples_split': 5, 'model__n_estimators': 50};-0,3066548839189945;-0,28217690754061253;-0,2582261871508181;-0,2752458210430155;-0,2825321926523546;-0,28096719846115903;0,01557984301611526;259
4,787247180938721;0,0982567592967792;0,01433405876159668;0,0008283886876480371;16;5;100;{'model__max_depth': 16, 'model__min_samples_split': 5, 'model__n_estimators': 100};-0,3075838570053692;-0,2785856563952299;-0,2603990726613542;-0,27156747042740487;-0,2818207224791143;-0,2799913557936945;0,015630023028690734;213
9,486267042160033;0,10512306372377775;0,025217247009277344;0,0008214351171844967;16;5;200;{'model__max_depth': 16, 'model__min_samples_split': 5, 'model__n_estimators': 200};-0,30663725618914967;-0,2793046136593716;-0,25832333336327923;-0,27082769951064867;-0,2805730607775904;-0,2791331927000079;0,015878334776504854;173
0,22134194374084473;0,00645636310710099;0,003774404525756836;0,0004359044640178335;16;10;5;{'model__max_depth': 16, 'model__min_samples_split': 10, 'model__n_estimators': 5};-0,32347200919834346;-0,2905765940198749;-0,28318776117580075;-0,28156633213849097;-0,2911516577187302;-0,29399087085024805;0,01523110157945403;509
0,43758716583251955;0,006676344134942885;0,003961372375488281;8,863162497214404e-05;16;10;10;{'model__max_depth': 16, 'model__min_samples_split': 10, 'model__n_estimators': 10};-0,3198730915210993;-0,2882157836179268;-0,2722478127556776;-0,2743445381472068;-0,2834595588696558;-0,28762815698231325;0,017149156460797305;460
0,6541083335876465;0,006358206692748861;0,00485525131225586;0,0006793633320639022;16;10;15;{'model__max_depth': 16, 'model__min_samples_split': 10, 'model__n_estimators': 15};-0,3109638547215919;-0,28733830790994086;-0,2650766261257985;-0,2733129309118478;-0,28173858695932263;-0,2836860613257003;0,015589243003500054;363
0,8654637813568116;0,0165408887014845;0,005033969879150391;0,0010187046756348667;16;10;20;{'model__max_depth': 16, 'model__min_samples_split': 10, 'model__n_estimators': 20};-0,3093327946407111;-0,28658541215013567;-0,26120669457071893;-0,27459229723743744;-0,2780232360822534;-0,28194808693625134;0,015944556781411625;299
1,0763765811920165;0,015443450856727662;0,006171989440917969;0,0005536865126046402;16;10;25;{'model__max_depth': 16, 'model__min_samples_split': 10, 'model__n_estimators': 25};-0,30629600731158085;-0,28730080976298683;-0,26202690024916925;-0,275609299293964;-0,2786435349574385;-0,28197531031502787;0,01462479493379479;300
1,7308273792266846;0,04767942880060752;0,007894468307495118;0,0007107373956156023;16;10;40;{'model__max_depth': 16, 'model__min_samples_split': 10, 'model__n_estimators': 40};-0,3030071263241186;-0,2830424949402099;-0,25956720227616414;-0,27434943630082875;-0,28121505919689865;-0,280236263807644;0,014065631845137226;222
2,1612324714660645;0,038411622974105754;0,008514022827148438;0,0007753432984483289;16;10;50;{'model__max_depth': 16, 'model__min_samples_split': 10, 'model__n_estimators': 50};-0,3024220598651256;-0,2791904720793044;-0,25797458700577874;-0,27526534530521396;-0,28126792817392;-0,2792240784858686;0,014209414115777553;175
4,316908550262451;0,06805622847246184;0,014465951919555664;0,0013377381022414022;16;10;100;{'model__max_depth': 16, 'model__min_samples_split': 10, 'model__n_estimators': 100};-0,3039676664554701;-0,2771940023076183;-0,2605702416461376;-0,2713193458125582;-0,28137043833576514;-0,2788843389115099;0,014358596923738982;161
8,69838080406189;0,23017697583489652;0,024999046325683595;0,0008189719712264578;16;10;200;{'model__max_depth': 16, 'model__min_samples_split': 10, 'model__n_estimators': 200};-0,30391318084423535;-0,27780297905436385;-0,2592797011707748;-0,2702061492956828;-0,2807732068650083;-0,278395043446013;0,014762356420779716;138
0,2669989585876465;0,0055635697722012075;0,0031538009643554688;0,0008584247746568035;17;2;5;{'model__max_depth': 17, 'model__min_samples_split': 2, 'model__n_estimators': 5};-0,3257337619534135;-0,30229236174321006;-0,28046442378430814;-0,2908389088776096;-0,30130988270658793;-0,3001278678130258;0,015064393762017177;559
0,5326757907867432;0,010805959086204448;0,004314517974853516;0,000989186273516737;17;2;10;{'model__max_depth': 17, 'model__min_samples_split': 2, 'model__n_estimators': 10};-0,3217815191931795;-0,3027955868432682;-0,27064046133009034;-0,2808616346268888;-0,2899567206889355;-0,29320718453647243;0,017780130336631873;504
0,7991601467132569;0,014800073233098664;0,004510116577148437;0,0007761779499137942;17;2;15;{'model__max_depth': 17, 'model__min_samples_split': 2, 'model__n_estimators': 15};-0,3101721301174924;-0,2969319658916328;-0,2665887707477215;-0,28142126735750655;-0,2889662912292035;-0,2888160850687113;0,014633574918345186;468
1,0616199493408203;0,02245818095181091;0,005763626098632813;0,0009291420427427491;17;2;20;{'model__max_depth': 17, 'model__min_samples_split': 2, 'model__n_estimators': 20};-0,30960149652410646;-0,2948726213374613;-0,26435905142601773;-0,2798584991473035;-0,28345053422156213;-0,2864284405312902;0,015148496326645522;440
1,3136867046356202;0,024588151351456353;0,006276655197143555;0,0002164589871567315;17;2;25;{'model__max_depth': 17, 'model__min_samples_split': 2, 'model__n_estimators': 25};-0,3068121259125932;-0,29374206136283076;-0,2637547249305534;-0,27944087692349684;-0,28328372396101326;-0,28540670261809753;0,014398448556692773;407
2,0914116382598875;0,025591164414750303;0,007850027084350586;0,0008337567947894716;17;2;40;{'model__max_depth': 17, 'model__min_samples_split': 2, 'model__n_estimators': 40};-0,3073146996259641;-0,2885124169883041;-0,25967767112136236;-0,2783186907701392;-0,28398932381373554;-0,28356256046390105;0,015406709120467082;354
2,615621042251587;0,039014539332830014;0,009321784973144532;0,0010853907457960802;17;2;50;{'model__max_depth': 17, 'model__min_samples_split': 2, 'model__n_estimators': 50};-0,3063906334348085;-0,28624074875762207;-0,2583890111444971;-0,2786792860082427;-0,2840095202264938;-0,2827418399143328;0,015379723175495763;326
5,391608095169067;0,26051783722533384;0,015057086944580078;0,0008943202239870844;17;2;100;{'model__max_depth': 17, 'model__min_samples_split': 2, 'model__n_estimators': 100};-0,3081102829435843;-0,2811293694305294;-0,2602617906447289;-0,27567149066477753;-0,2833610220874146;-0,28170679115420694;0,01546950014285073;287
10,550826501846313;0,23486174875822477;0,02656412124633789;0,00043931732235933117;17;2;200;{'model__max_depth': 17, 'model__min_samples_split': 2, 'model__n_estimators': 200};-0,30814224167614646;-0,28154923893014955;-0,2581855514763318;-0,2734506339202843;-0,2813095753665641;-0,28052744827389525;0,016207863816627782;236
0,279296350479126;0,03132169355242819;0,0037088394165039062;0,0006180192757429614;17;5;5;{'model__max_depth': 17, 'model__min_samples_split': 5, 'model__n_estimators': 5};-0,32989504544846054;-0,29579503751287356;-0,28392173995900977;-0,282621988112455;-0,29477873488849543;-0,2974025091842588;0,01711974305688224;524
0,5003922462463379;0,05561953254669011;0,004517173767089844;0,001488165827287109;17;5;10;{'model__max_depth': 17, 'model__min_samples_split': 5, 'model__n_estimators': 10};-0,3222619688695142;-0,2942094146121822;-0,26854769205508067;-0,27576725025776305;-0,28548584744224553;-0,2892544346473571;0,018648993125329447;472
0,7256443977355957;0,03552204775732527;0,004571151733398437;0,0007888617521661473;17;5;15;{'model__max_depth': 17, 'model__min_samples_split': 5, 'model__n_estimators': 15};-0,3125232468484318;-0,2922551036103067;-0,2635465855390445;-0,27459632590965904;-0,28127984594390915;-0,2848402215702702;0,016687498150145686;393
0,9578165531158447;0,021837476568157287;0,005817031860351563;0,0007523815350781927;17;5;20;{'model__max_depth': 17, 'model__min_samples_split': 5, 'model__n_estimators': 20};-0,31039162520737956;-0,28894747449607683;-0,2613076237255096;-0,27697044716665314;-0,2764080647701432;-0,2828050470731525;0,016345347087433945;329
1,189193105697632;0,016407203411011338;0,006035757064819336;1,5857542136777945e-05;17;5;25;{'model__max_depth': 17, 'model__min_samples_split': 5, 'model__n_estimators': 25};-0,3079298257387407;-0,2884019113777079;-0,2623835692528132;-0,2775593647704347;-0,2789307014227005;-0,2830410745124794;0,014979087700421948;336
1,897091817855835;0,019116745953898267;0,007529497146606445;0,0007842073819788468;17;5;40;{'model__max_depth': 17, 'model__min_samples_split': 5, 'model__n_estimators': 40};-0,3075139247571961;-0,28462425496469007;-0,2600328714711336;-0,277018920774696;-0,2822858764246483;-0,2822951696784728;0,01526341414181491;316
2,3752410411834717;0,04994017442621704;0,008262014389038086;0,00027157534363635925;17;5;50;{'model__max_depth': 17, 'model__min_samples_split': 5, 'model__n_estimators': 50};-0,30641599261711255;-0,2823234119411002;-0,2582879029978567;-0,2768376136599359;-0,28247826389553526;-0,28126863702230814;0,01537994372586425;270
4,841190147399902;0,13005669867147532;0,014083385467529297;0,00042394784306779243;17;5;100;{'model__max_depth': 17, 'model__min_samples_split': 5, 'model__n_estimators': 100};-0,3069270316650471;-0,27837523426401534;-0,2598764264304942;-0,27262503427917983;-0,281112157369917;-0,2797831768017307;0,015414636311614917;202
9,518865871429444;0,1695436535444104;0,02542557716369629;0,0006667921858781204;17;5;200;{'model__max_depth': 17, 'model__min_samples_split': 5, 'model__n_estimators': 200};-0,3066204751462453;-0,27985966982392657;-0,2578152152738997;-0,2716428585811136;-0,2805134356743272;-0,27929033089990246;0,015927468980615624;180
0,22118663787841797;0,0065488952188972336;0,0038371562957763674;0,000981800453099939;17;10;5;{'model__max_depth': 17, 'model__min_samples_split': 10, 'model__n_estimators': 5};-0,32347898330984914;-0,29071982593087425;-0,27707113517685683;-0,28167721234770043;-0,2920438493484334;-0,29299820122274284;0,016229701661158807;499
0,46289334297180174;0,047481300813015076;0,0041653156280517575;0,0002978023702543123;17;10;10;{'model__max_depth': 17, 'model__min_samples_split': 10, 'model__n_estimators': 10};-0,31742559081852495;-0,2886613725595891;-0,2688587795378056;-0,27178442420214893;-0,28462156293315216;-0,28627034601024415;0,01727477554304703;438
0,6757086277008056;0,01950934647136089;0,005116939544677734;0,0011991500437344993;17;10;15;{'model__max_depth': 17, 'model__min_samples_split': 10, 'model__n_estimators': 15};-0,31008901463902966;-0,28861892532015226;-0,2629877000423918;-0,27169317278492233;-0,28157245082286525;-0,28299225272187223;0,016098205637172507;335
0,869173812866211;0,007703842540686492;0,005326747894287109;0,0005987123570945914;17;10;20;{'model__max_depth': 17, 'model__min_samples_split': 10, 'model__n_estimators': 20};-0,30821355345063095;-0,2874863020840073;-0,25923613809836654;-0,27301448826269287;-0,27763100950834685;-0,28111629828080886;0,016317880739836536;266
1,082749605178833;0,01750005411663369;0,0052947521209716795;0,0007372376881936987;17;10;25;{'model__max_depth': 17, 'model__min_samples_split': 10, 'model__n_estimators': 25};-0,30585146092704735;-0,28772875408751153;-0,26110576598696844;-0,2746373558447031;-0,2783162314003952;-0,28152791364932506;0,014865693251116582;277
1,736475658416748;0,0412682176613274;0,007930994033813477;0,0006666124293128779;17;10;40;{'model__max_depth': 17, 'model__min_samples_split': 10, 'model__n_estimators': 40};-0,3029804255692385;-0,2826985828582814;-0,2585356006893551;-0,27400397362759243;-0,2810905910659193;-0,2798618347620774;0,014374623609124186;205
2,1721334934234617;0,03599943078808049;0,008357429504394531;0,00040712284522351384;17;10;50;{'model__max_depth': 17, 'model__min_samples_split': 10, 'model__n_estimators': 50};-0,3025500053239758;-0,27973459688544516;-0,25711360994664856;-0,2747076201716094;-0,28081382464425503;-0,2789839313943868;0,014531824705395295;165
4,3292028427124025;0,05586605015363301;0,015268039703369141;0,002465235736860155;17;10;100;{'model__max_depth': 17, 'model__min_samples_split': 10, 'model__n_estimators': 100};-0,30386646627340386;-0,27718446801093405;-0,25922474932573686;-0,2708129626913882;-0,28112090767728587;-0,27844191079574976;0,014715069500537647;140
8,646139001846313;0,13879466113924077;0,024409389495849608;0,0009119939370144579;17;10;200;{'model__max_depth': 17, 'model__min_samples_split': 10, 'model__n_estimators': 200};-0,3040949357792085;-0,27821358309234306;-0,25857477350003183;-0,2701197949740086;-0,2807037580825879;-0,278341369085636;0,015014366389502392;135
0,27209200859069826;0,0066241814523967865;0,0030203819274902343;0,0010481376935582523;18;2;5;{'model__max_depth': 18, 'model__min_samples_split': 2, 'model__n_estimators': 5};-0,3273810021735645;-0,30071593558586796;-0,2877304931143867;-0,29675796236826285;-0,302247393573566;-0,3029665573631296;0,01320857233726931;566
0,5330166816711426;0,008843642265430492;0,004067087173461914;0,0006881180940058057;18;2;10;{'model__max_depth': 18, 'model__min_samples_split': 2, 'model__n_estimators': 10};-0,3242701499366662;-0,30197449198916937;-0,2726715664478343;-0,2817100355730198;-0,2884739445019377;-0,2938200376897255;0,01797884957543854;507
0,7905364513397217;0,009254540001921543;0,004777860641479492;0,0010400752310294205;18;2;15;{'model__max_depth': 18, 'model__min_samples_split': 2, 'model__n_estimators': 15};-0,3128858082125396;-0,2967525492350717;-0,2682247609276282;-0,28294043912752703;-0,28745630414695694;-0,28965197232994466;0,014827139625574979;474
1,0688550472259521;0,028120573774972145;0,0061776161193847655;0,0010001374184926118;18;2;20;{'model__max_depth': 18, 'model__min_samples_split': 2, 'model__n_estimators': 20};-0,3121527763211107;-0,29358232814392266;-0,2659072450772845;-0,2827787314889284;-0,2828566656588566;-0,2874555493380206;0,01519764594923865;458
1,3126140117645264;0,01622607590225513;0,00662074089050293;0,0006022695421741975;18;2;25;{'model__max_depth': 18, 'model__min_samples_split': 2, 'model__n_estimators': 25};-0,30883354577604494;-0,29244793766701016;-0,2640639300134181;-0,2821867776821892;-0,2833686691242531;-0,2861801720525831;0,01459753497067677;436
2,114613103866577;0,03356638816007041;0,0074255943298339845;0,0008025945279152557;18;2;40;{'model__max_depth': 18, 'model__min_samples_split': 2, 'model__n_estimators': 40};-0,30684653350191227;-0,2891884281336391;-0,2610634166857363;-0,28018739899806794;-0,28428943137780127;-0,2843150417394314;0,014758686758099902;378
2,6157344818115233;0,02528144566767043;0,009034967422485352;0,0010364966498382748;18;2;50;{'model__max_depth': 18, 'model__min_samples_split': 2, 'model__n_estimators': 50};-0,30601859175595936;-0,2867446371530506;-0,2585312864741006;-0,2805792765349382;-0,28444351358435144;-0,28326346110048;0,015167019418812884;347
5,363564586639404;0,09452356876001207;0,015335607528686523;0,001106516025874145;18;2;100;{'model__max_depth': 18, 'model__min_samples_split': 2, 'model__n_estimators': 100};-0,30663696550309516;-0,2818553594595711;-0,2603788243490095;-0,27648244757288126;-0,282476067770611;-0,2815659329310336;0,01486071452403305;280
10,573248386383057;0,2141063407344382;0,02674713134765625;0,0007946930740682566;18;2;200;{'model__max_depth': 18, 'model__min_samples_split': 2, 'model__n_estimators': 200};-0,307516441921685;-0,28295751679631315;-0,25853562051881657;-0,27371125094590515;-0,28149477155865504;-0,28084312034827497;0,01590502760269061;250
0,2537930965423584;0,02309191027320938;0,0036095142364501952;0,0008031884442216938;18;5;5;{'model__max_depth': 18, 'model__min_samples_split': 5, 'model__n_estimators': 5};-0,3287718912960158;-0,29566464386799096;-0,28037555323170243;-0,2880087819732962;-0,2912235038007067;-0,2968088748339424;0,016742973145028747;522
0,4828969955444336;0,006107739224734737;0,004013204574584961;0,0002827005651945707;18;5;10;{'model__max_depth': 18, 'model__min_samples_split': 5, 'model__n_estimators': 10};-0,3239577279623804;-0,2972908166373339;-0,26810258266035886;-0,28088882465676585;-0,28379188881368334;-0,29080636814610444;0,018995174094775986;486
0,7166684150695801;0,010130171324668329;0,004417514801025391;0,0008050779486274581;18;5;15;{'model__max_depth': 18, 'model__min_samples_split': 5, 'model__n_estimators': 15};-0,312664412932761;-0,29369805654804715;-0,2623989863079958;-0,27658543428680493;-0,27937633941979634;-0,28494464589908103;0,017054013630896817;398
0,9553930759429932;0,02065330661791033;0,005096864700317383;0,000937752293061018;18;5;20;{'model__max_depth': 18, 'model__min_samples_split': 5, 'model__n_estimators': 20};-0,31116497422313816;-0,28942636049051135;-0,25989804441165315;-0,2783601815457101;-0,2751038263816788;-0,2827906774105383;0,017040672683419154;327
1,1879332542419434;0,01621231413758532;0,005958461761474609;0,00010558574518234027;18;5;25;{'model__max_depth': 18, 'model__min_samples_split': 5, 'model__n_estimators': 25};-0,30928929323846005;-0,2892711913427161;-0,26099801910459575;-0,2782766911197936;-0,27820450158819604;-0,28320793927875226;0,015872190782835516;343
1,9093544960021973;0,0444934278077468;0,007966279983520508;0,0001601618574404874;18;5;40;{'model__max_depth': 18, 'model__min_samples_split': 5, 'model__n_estimators': 40};-0,307353056400216;-0,28532572901189485;-0,2596845410462994;-0,2764099236276496;-0,28174377316239163;-0,2821034046496903;0,015382319682287982;307
2,42521333694458;0,046002986671541464;0,00971827507019043;0,0014528823871325874;18;5;50;{'model__max_depth': 18, 'model__min_samples_split': 5, 'model__n_estimators': 50};-0,30599929819512084;-0,2827198509772788;-0,2580417706811649;-0,27670956861823404;-0,2821541553088195;-0,2811249287561236;0,01532752381199797;267
4,770906543731689;0,07723034318516406;0,013788414001464844;0,0002759563131866285;18;5;100;{'model__max_depth': 18, 'model__min_samples_split': 5, 'model__n_estimators': 100};-0,3068468198266817;-0,2786589856055608;-0,25862380200967616;-0,2724431150308637;-0,28152767224788255;-0,279620078944133;0,015736648231591002;198
9,57334861755371;0,21362207011897863;0,02719111442565918;0,002609930597910866;18;5;200;{'model__max_depth': 18, 'model__min_samples_split': 5, 'model__n_estimators': 200};-0,3067356522324573;-0,2796656827670285;-0,25740856742862894;-0,27175255458976183;-0,28062172277502734;-0,2792368359585808;0,01606719945832027;176
0,2263273239135742;0,007631485456703244;0,0034149646759033202;0,0008069094635271814;18;10;5;{'model__max_depth': 18, 'model__min_samples_split': 10, 'model__n_estimators': 5};-0,3238968020693932;-0,29011373791688083;-0,27895577845738156;-0,2799829161207875;-0,2920438493484334;-0,29299861678257527;0,01631282766957557;500
0,4438272476196289;0,006385224274015484;0,004108428955078125;0,0004909048617715305;18;10;10;{'model__max_depth': 18, 'model__min_samples_split': 10, 'model__n_estimators': 10};-0,31980394574736054;-0,2897009271461207;-0,2697674777104238;-0,2707604092554232;-0,28538392676053;-0,2870833373239717;0,018147478961134007;455
0,6782331466674805;0,021094951549001942;0,004912471771240235;0,0008915560113265156;18;10;15;{'model__max_depth': 18, 'model__min_samples_split': 10, 'model__n_estimators': 15};-0,3109177575390994;-0,28913548877034173;-0,26381372308866613;-0,2711204352783393;-0,2838217721471342;-0,2837618353647161;0,016273020813632508;364
0,8643672943115235;0,01791031682204824;0,005875825881958008;0,00039037959508537567;18;10;20;{'model__max_depth': 18, 'model__min_samples_split': 10, 'model__n_estimators': 20};-0,30926519384105405;-0,28765757060737546;-0,2598556553830723;-0,27276688209497935;-0,27982796345768685;-0,28187465307683357;0,01646608969132845;295
1,084192943572998;0,028986390926382992;0,005279159545898438;0,0010616736505123516;18;10;25;{'model__max_depth': 18, 'model__min_samples_split': 10, 'model__n_estimators': 25};-0,3069850576462508;-0,28798757271992387;-0,26171666030546675;-0,2737346978551055;-0,27983755517889375;-0,28205230874112813;0,015129413127781354;304
1,728580904006958;0,03528622835648547;0,007583045959472656;0,0009183771463502978;18;10;40;{'model__max_depth': 18, 'model__min_samples_split': 10, 'model__n_estimators': 40};-0,30302415108613157;-0,2828329625327724;-0,25882480977750855;-0,27308135772722436;-0,28158918009348527;-0,2798704922434244;0,014400243983217124;206
2,1613981246948244;0,03150193009649973;0,00810537338256836;0,00013324084526657973;18;10;50;{'model__max_depth': 18, 'model__min_samples_split': 10, 'model__n_estimators': 50};-0,3022691800236645;-0,27943388617904147;-0,2573300325753479;-0,273822421992462;-0,2818656544514053;-0,2789442350443842;0,014465367089591457;163
4,309350395202637;0,06507240116876101;0,013610267639160156;0,0009744180756782031;18;10;100;{'model__max_depth': 18, 'model__min_samples_split': 10, 'model__n_estimators': 100};-0,3040409671342907;-0,27671632601087115;-0,259174637177424;-0,2702688620383315;-0,28154334032539563;-0,2783488265372626;0,014872063936654073;137
8,70582709312439;0,09795232590191301;0,024319028854370116;0,0004186314862044117;18;10;200;{'model__max_depth': 18, 'model__min_samples_split': 10, 'model__n_estimators': 200};-0,304452041954524;-0,2775276225142355;-0,2586913961974549;-0,2695766148702202;-0,2808783628391813;-0,27822520767512315;0,015177224002106037;129
0,26686644554138184;0,0062731778480850115;0,003922224044799805;0,0002586897616504693;19;2;5;{'model__max_depth': 19, 'model__min_samples_split': 2, 'model__n_estimators': 5};-0,32416653536282614;-0,30277398024087154;-0,2878595531958819;-0,29499231408363036;-0,3034832314464187;-0,3026551228659257;0,012174303091377441;564
0,5323762893676758;0,00786982127050871;0,004508495330810547;0,0007758972419965911;19;2;10;{'model__max_depth': 19, 'model__min_samples_split': 2, 'model__n_estimators': 10};-0,3211576583151979;-0,30302321010571603;-0,27330783518047835;-0,28437707187470285;-0,2883076870641318;-0,29403469250804537;0,01656574516953039;510
0,7952742576599121;0,013274580404596273;0,004347372055053711;0,0006801866771314099;19;2;15;{'model__max_depth': 19, 'model__min_samples_split': 2, 'model__n_estimators': 15};-0,311393669200867;-0,2950841035809317;-0,2672313032412076;-0,28479762971227995;-0,28629830697963554;-0,28896100254298435;0,014403613105334044;469
1,0618724822998047;0,015758504383614483;0,004840946197509766;0,0007525207934956173;19;2;20;{'model__max_depth': 19, 'model__min_samples_split': 2, 'model__n_estimators': 20};-0,3111528620624555;-0,2918742564630792;-0,26393434484088935;-0,2826197838107572;-0,2807481642628602;-0,2860658822880083;0,01544702194110101;428
1,3159662723541259;0,021247517683418378;0,006011343002319336;7,478898592642843e-07;19;2;25;{'model__max_depth': 19, 'model__min_samples_split': 2, 'model__n_estimators': 25};-0,3091390306390618;-0,2928721129644739;-0,2636508671183027;-0,2818471942703302;-0,2807942214571123;-0,28566068528985616;0,015005963277171257;422
2,113005590438843;0,04248856907812341;0,0076161384582519535;0,0006706693627561575;19;2;40;{'model__max_depth': 19, 'model__min_samples_split': 2, 'model__n_estimators': 40};-0,3084806808106412;-0,28901405259387847;-0,26037875991927023;-0,2803222976890929;-0,28321366662591974;-0,2842818915277605;0,015467087247532272;377
2,627583932876587;0,031283853655516836;0,009299612045288086;0,000996679224434117;19;2;50;{'model__max_depth': 19, 'model__min_samples_split': 2, 'model__n_estimators': 50};-0,30688786064889734;-0,2864451041548014;-0,25796174296399443;-0,28033566417807854;-0,28291208920436123;-0,28290849223002656;0,015597932489530696;333
5,296886920928955;0,0902340592751229;0,015348863601684571;0,0009528811303370964;19;2;100;{'model__max_depth': 19, 'model__min_samples_split': 2, 'model__n_estimators': 100};-0,3080231169025928;-0,28245499271614743;-0,25981854647987535;-0,2768212452555972;-0,2825143170926983;-0,2819264436893822;0,015469217705388774;297
10,50213975906372;0,14420160761373754;0,026528072357177735;0,00037922551911580613;19;2;200;{'model__max_depth': 19, 'model__min_samples_split': 2, 'model__n_estimators': 200};-0,3084491168379112;-0,28315285582386707;-0,2581370950746379;-0,27415650566921934;-0,2811394665543701;-0,2810070079920011;0,016295114881591116;261
0,24315714836120605;0,007867483679781599;0,0037683963775634764;0,00039173489848559276;19;5;5;{'model__max_depth': 19, 'model__min_samples_split': 5, 'model__n_estimators': 5};-0,3306542815198806;-0,297663103949105;-0,2846077883530099;-0,2866847015860725;-0,29549020470918463;-0,2990200160234505;0,016582519835562082;535
0,484467601776123;0,007921042466765537;0,004801368713378907;0,000996769674369771;19;5;10;{'model__max_depth': 19, 'model__min_samples_split': 5, 'model__n_estimators': 10};-0,32324720091217124;-0,2968327463473653;-0,26928093883543686;-0,2793149464458573;-0,2852250217911979;-0,29078017086640573;0,01852171557997862;485
0,7201802253723144;0,016027085668416853;0,004239273071289062;0,0006604090390260486;19;5;15;{'model__max_depth': 19, 'model__min_samples_split': 5, 'model__n_estimators': 15};-0,31189917025701513;-0,29395012506837065;-0,26337087963484174;-0,27536801543494416;-0,28208259596974755;-0,28533415727298383;0,016566333417794267;404
0,9601961135864258;0,023155862343380844;0,005621767044067383;0,0008649338105979705;19;5;20;{'model__max_depth': 19, 'model__min_samples_split': 5, 'model__n_estimators': 20};-0,3103619343956729;-0,2900656933521214;-0,2610309623589305;-0,2782174623186665;-0,27744693985199975;-0,2834245984554782;0,016334294081672217;353
1,1842546939849854;0,0113565689975663;0,005419397354125976;0,0009634476385309054;19;5;25;{'model__max_depth': 19, 'model__min_samples_split': 5, 'model__n_estimators': 25};-0,3084927780927373;-0,2895469879523536;-0,2626052487366509;-0,2782551260920623;-0,28000350387250295;-0,28378072894926143;0,015080688274816548;365
1,928913164138794;0,035437812350367;0,0076179981231689455;0,0008004591023945222;19;5;40;{'model__max_depth': 19, 'model__min_samples_split': 5, 'model__n_estimators': 40};-0,30825585870276984;-0,2857399863315181;-0,2606110340154014;-0,27703357012577096;-0,2825722704805733;-0,2828425439312067;0,015377184382640248;332
2,4045742988586425;0,04790799834551995;0,009688758850097656;0,0007145300458057555;19;5;50;{'model__max_depth': 19, 'model__min_samples_split': 5, 'model__n_estimators': 50};-0,3065843574401483;-0,2835790462174474;-0,2582821431657081;-0,27722674511594947;-0,2827804042590698;-0,2816905392396646;0,01544237620121027;285
4,7592949867248535;0,0718151611747972;0,014029741287231445;0,0012958952223964314;19;5;100;{'model__max_depth': 19, 'model__min_samples_split': 5, 'model__n_estimators': 100};-0,3074756334979887;-0,27908490422465787;-0,25883160526576077;-0,27240857573116606;-0,28159382152910456;-0,2798789080497356;0,01589934240912119;207
9,527919912338257;0,20451516312922471;0,025978946685791017;0,0012400270319165112;19;5;200;{'model__max_depth': 19, 'model__min_samples_split': 5, 'model__n_estimators': 200};-0,30720003850566974;-0,27985662598695377;-0,2571886779145846;-0,2711672548030319;-0,2805246331872661;-0,27918744607950124;0,01634142267019153;174
0,224784517288208;0,007311586262983161;0,003658103942871094;0,000584244568039974;19;10;5;{'model__max_depth': 19, 'model__min_samples_split': 10, 'model__n_estimators': 5};-0,3240264462626565;-0,2900852487655774;-0,2785061791713761;-0,27906898485811427;-0,2920438493484334;-0,29274614168123153;0,016588382509348108;496
0,44233317375183107;0,00609162357756455;0,003954362869262695;0,00010489381392205736;19;10;10;{'model__max_depth': 19, 'model__min_samples_split': 10, 'model__n_estimators': 10};-0,31972749323159155;-0,2889939232378571;-0,26929227630871266;-0,2707953653127104;-0,28538392676053;-0,28683859697028036;0,018186256595589662;450
0,6563639163970947;0,008713151489674132;0,00446476936340332;0,0007045605307748555;19;10;15;{'model__max_depth': 19, 'model__min_samples_split': 10, 'model__n_estimators': 15};-0,3107822445197432;-0,2872299946006356;-0,26345861231119094;-0,2711025288351546;-0,28221355766206035;-0,28295738758575695;0,016209694816748017;334
0,8662169456481934;0,02008963586314421;0,004455757141113281;0,0005551908511585703;19;10;20;{'model__max_depth': 19, 'model__min_samples_split': 10, 'model__n_estimators': 20};-0,3087647083149364;-0,2861181519190619;-0,25967127077869606;-0,2728686822025876;-0,27869334744283514;-0,2812232321316235;0,016267630493067183;269
1,0859995365142823;0,023506008027321532;0,006315708160400391;0,000590690736388891;19;10;25;{'model__max_depth': 19, 'model__min_samples_split': 10, 'model__n_estimators': 25};-0,3066594719813993;-0,286846400621647;-0,2614281409457266;-0,2738246794465175;-0,27875553608778564;-0,2815028458166152;0,01503931609585608;276
1,7243007183074952;0,039795452146429024;0,007339859008789062;0,0008956292169129304;19;10;40;{'model__max_depth': 19, 'model__min_samples_split': 10, 'model__n_estimators': 40};-0,30268440559362275;-0,28267090442342807;-0,2587523685367842;-0,27285987518232796;-0,2810866443637871;-0,27961083961999;0,014314906774060028;197
2,1618112087249757;0,051286937809290584;0,008852005004882812;0,00086519113695587;19;10;50;{'model__max_depth': 19, 'model__min_samples_split': 10, 'model__n_estimators': 50};-0,30232484533947773;-0,27926358801801887;-0,25703335774327596;-0,2738839361608153;-0,2813427406898454;-0,2787696935902867;0,014546811325671264;155
4,400231790542603;0,13702885232998188;0,013825798034667968;0,00039322466960907133;19;10;100;{'model__max_depth': 19, 'model__min_samples_split': 10, 'model__n_estimators': 100};-0,3039829492378316;-0,27697706389395593;-0,2594772201114739;-0,2706869375661428;-0,2814564439252404;-0,27851612294692896;0,014719710570929447;147
8,662096452713012;0,09616219979267777;0,023712825775146485;0,0009264281063005433;19;10;200;{'model__max_depth': 19, 'model__min_samples_split': 10, 'model__n_estimators': 200};-0,30413027079789656;-0,2777386331125472;-0,25876927435951413;-0,26987082137870416;-0,28083901608018724;-0,2782696031457699;0,015009732185221381;131
0,2710456371307373;0,009243599173466711;0,003872203826904297;0,0004750192176967353;20;2;5;{'model__max_depth': 20, 'model__min_samples_split': 2, 'model__n_estimators': 5};-0,32598947259312344;-0,3055340879686526;-0,2888725364097042;-0,29666506548243615;-0,30181101355365836;-0,3037744352015149;0,012434379873099073;567
0,5971048831939697;0,07873395465903203;0,004566097259521484;0,000931847121033587;20;2;10;{'model__max_depth': 20, 'model__min_samples_split': 2, 'model__n_estimators': 10};-0,32355720444314234;-0,30729943287321587;-0,2717506338890761;-0,2830920216451003;-0,2883448847791604;-0,294808835525939;0,018402341084724216;516
0,8250042915344238;0,027137302772292284;0,0045855045318603516;0,0008192118166021917;20;2;15;{'model__max_depth': 20, 'model__min_samples_split': 2, 'model__n_estimators': 15};-0,3137208566473579;-0,29852866825017976;-0,266457849760909;-0,2838179523719196;-0,28685818688427617;-0,2898767027829285;0,015733167205603322;480
1,0781991481781006;0,030876240244963053;0,005435848236083984;0,0007904541897319713;20;2;20;{'model__max_depth': 20, 'model__min_samples_split': 2, 'model__n_estimators': 20};-0,3119235696129717;-0,2940200758797992;-0,26427035140992944;-0,28237624950903734;-0,2825463823304066;-0,2870273257484289;0,015673625988301732;454
1,3153050422668457;0,028041782217572902;0,006002569198608398;0,00034066054205382355;20;2;25;{'model__max_depth': 20, 'model__min_samples_split': 2, 'model__n_estimators': 25};-0,3090041178098193;-0,29335265052903836;-0,26288763830729284;-0,2817923710152788;-0,2818407041482658;-0,285775496361939;0,015180145211838632;423
2,1207110404968263;0,03203231751419075;0,007952022552490234;0,00023842718108871942;20;2;40;{'model__max_depth': 20, 'model__min_samples_split': 2, 'model__n_estimators': 40};-0,30798063386128055;-0,2899322854504725;-0,2603525173301089;-0,2799030850911363;-0,2826071369323128;-0,2841551317330622;0,015414737738283227;374
2,653145408630371;0,056947633378697876;0,009738445281982422;0,0006002587628987984;20;2;50;{'model__max_depth': 20, 'model__min_samples_split': 2, 'model__n_estimators': 50};-0,3070740359443222;-0,287997526638795;-0,25784325794835117;-0,2802396037368065;-0,28277055183885397;-0,28318499522142576;0,01577908405222517;342
5,295305776596069;0,07752738370851014;0,015495491027832032;0,0013895995827496789;20;2;100;{'model__max_depth': 20, 'model__min_samples_split': 2, 'model__n_estimators': 100};-0,3080210347337409;-0,28253515141277336;-0,25945080819294425;-0,27658227400330004;-0,28205645509332444;-0,28172914468721666;0,01558739757593357;289
10,56616439819336;0,09468511997435274;0,02731003761291504;0,0007863903316863775;20;2;200;{'model__max_depth': 20, 'model__min_samples_split': 2, 'model__n_estimators': 200};-0,30802815603072176;-0,2829097543396928;-0,25754153309007244;-0,27420213527673337;-0,280584416652629;-0,2806531990779699;0,016311041473431567;239
0,24478559494018554;0,008422827487642065;0,0037147045135498048;0,0005946136534217997;20;5;5;{'model__max_depth': 20, 'model__min_samples_split': 5, 'model__n_estimators': 5};-0,3306542815198806;-0,29705385553772157;-0,28192616165023054;-0,2866072898707482;-0,29549020470918463;-0,2983463586575531;0,017094201736906463;529
0,48563623428344727;0,009885159797433872;0,0041309833526611325;0,00029225787048872443;20;5;10;{'model__max_depth': 20, 'model__min_samples_split': 5, 'model__n_estimators': 10};-0,32562860279445716;-0,29580712380326135;-0,26803519406605214;-0,27558632870171335;-0,28466452570398176;-0,28994435501389315;0,02010859740560602;481
0,7166609764099121;0,012215645136024841;0,005011844635009766;0,0010145283614489472;20;5;15;{'model__max_depth': 20, 'model__min_samples_split': 5, 'model__n_estimators': 15};-0,3135972216240806;-0,2950578741015699;-0,26230163398335693;-0,2728159433271429;-0,2813817989740544;-0,2850308944020409;0,01786457712478228;401
0,9540143489837647;0,01283576627849263;0,005322885513305664;0,0007455843310410001;20;5;20;{'model__max_depth': 20, 'model__min_samples_split': 5, 'model__n_estimators': 20};-0,31143258538160784;-0,2905936865231616;-0,26016531673178805;-0,2755911446520318;-0,27747885165013547;-0,2830523169877449;0,017163095745152266;337
1,1942601203918457;0,01387646985351068;0,0060099601745605465;0,0002764698635835027;20;5;25;{'model__max_depth': 20, 'model__min_samples_split': 5, 'model__n_estimators': 25};-0,308896201951461;-0,28972409525802806;-0,26181311092739873;-0,27615407195875463;-0,28003559577148845;-0,28332461517342616;0,015619465735078351;349
1,9093136310577392;0,03295718036359778;0,007639789581298828;0,0003665732476470384;20;5;40;{'model__max_depth': 20, 'model__min_samples_split': 5, 'model__n_estimators': 40};-0,30866047679671704;-0,2852348161827988;-0,2600691699418749;-0,27538639524455377;-0,2821882736684747;-0,28230782636688384;0,01578295153181372;317
2,3825778007507323;0,037574458088479694;0,009577226638793946;0,0007810234636851181;20;5;50;{'model__max_depth': 20, 'model__min_samples_split': 5, 'model__n_estimators': 50};-0,3072672442275757;-0,2831027047923899;-0,2578924134126619;-0,275216572885712;-0,2825002733785609;-0,2811958417393801;0,01589878689780235;268
4,760110664367676;0,08105457253339234;0,01448073387145996;0,0008506647620082813;20;5;100;{'model__max_depth': 20, 'model__min_samples_split': 5, 'model__n_estimators': 100};-0,3072900694127605;-0,27900039327534837;-0,25877923125652214;-0,2716645157826035;-0,2816253176803204;-0,279671905481511;0,015922637048281528;199
9,54041838645935;0,14032223354504095;0,023812055587768555;0,0024047235539093235;20;5;200;{'model__max_depth': 20, 'model__min_samples_split': 5, 'model__n_estimators': 200};-0,30684155267929186;-0,2798840292592498;-0,25718486435049115;-0,27093929319353754;-0,2803925753210618;-0,2790484629607265;0,016240296941147564;169
0,22003965377807616;0,00648035148315406;0,004008197784423828;2,054277346471597e-06;20;10;5;{'model__max_depth': 20, 'model__min_samples_split': 10, 'model__n_estimators': 5};-0,3240264462626565;-0,2898514475647353;-0,2785061791713761;-0,28027545019914896;-0,2920438493484334;-0,2929406745092701;0,016403873850240076;498
0,4368900775909424;0,0070411021152983365;0,003954792022705078;0,0001047390592047826;20;10;10;{'model__max_depth': 20, 'model__min_samples_split': 10, 'model__n_estimators': 10};-0,3192963158071838;-0,2895373573565565;-0,26929227630871266;-0,271294971689814;-0,28538392676053;-0,2869609695845594;0,01795720281932367;453
0,6687192440032959;0,016262387128671195;0,004821205139160156;0,0007342043312182309;20;10;15;{'model__max_depth': 20, 'model__min_samples_split': 10, 'model__n_estimators': 15};-0,31071411576231095;-0,28821514221434813;-0,26345861231119094;-0,2714910892166856;-0,28221355766206035;-0,28321850343331917;0,016186232136135452;345
0,8714394092559814;0,012179381066839577;0,005307292938232422;0,0002470185207804701;20;10;20;{'model__max_depth': 20, 'model__min_samples_split': 10, 'model__n_estimators': 20};-0,3093595338705539;-0,2868121768544781;-0,25967127077869606;-0,27316528869846546;-0,2786780424775084;-0,28153726253594036;0,016482051960181134;278
1,0824933052062988;0,02018456622209389;0,006040382385253906;0,000557314623245982;20;10;25;{'model__max_depth': 20, 'model__min_samples_split': 10, 'model__n_estimators': 25};-0,30706049870967417;-0,28750783863287943;-0,2614281409457266;-0,27406196464321975;-0,278845716881651;-0,28178083196263015;0,015193998822597579;291
1,7358185291290282;0,04272628139029833;0,008034896850585938;0,0012670937235011164;20;10;40;{'model__max_depth': 20, 'model__min_samples_split': 10, 'model__n_estimators': 40};-0,30267562490248756;-0,28259494864143075;-0,2587523685367842;-0,2732736338895791;-0,2813303211900499;-0,2797253794320663;0,01427596749229326;200
2,164286994934082;0,04760770623931413;0,008211946487426758;0,0001823940214370343;20;10;50;{'model__max_depth': 20, 'model__min_samples_split': 10, 'model__n_estimators': 50};-0,3025285680372701;-0,2793451434814114;-0,25717173368451396;-0,27401042050349383;-0,281257058032975;-0,2788625847479328;0,014560780528568233;159
4,186896657943725;0,11566601200020939;0,010134696960449219;0,0011989912613085162;20;10;100;{'model__max_depth': 20, 'model__min_samples_split': 10, 'model__n_estimators': 100};-0,3041035619687009;-0,277000533651805;-0,25924567499323337;-0,2709101930037165;-0,281428643313618;-0,27853772138621474;0,014796586252680178;148
7,4513989925384525;0,15393459144405347;0,016912126541137697;0,0007114596658472443;20;10;200;{'model__max_depth': 20, 'model__min_samples_split': 10, 'model__n_estimators': 200};-0,3042118124065922;-0,27768532284272374;-0,25873191526534106;-0,26991220066359317;-0,28074292815160057;-0,27825683586597016;0,015040103392824602;130
