mean_fit_time;std_fit_time;mean_score_time;std_score_time;param_model__max_depth;param_model__min_samples_split;param_model__n_estimators;params;split0_test_score;split1_test_score;split2_test_score;split3_test_score;split4_test_score;mean_test_score;std_test_score;rank_test_score
0,1233405590057373;0,0019689446650996483;0,00321049690246582;0,0007486303353658186;;2;5;{'model__max_depth': None, 'model__min_samples_split': 2, 'model__n_estimators': 5};-0,2619562904806376;-0,2687516258605212;-0,2604863689591875;-0,26167889408318956;-0,2559097108014955;-0,26175657803700625;0,00411766685104916;566
0,24122862815856932;0,003908307013059204;0,0036174774169921873;0,0008073130848990574;;2;10;{'model__max_depth': None, 'model__min_samples_split': 2, 'model__n_estimators': 10};-0,25737152101652994;-0,26170423616288985;-0,24320319421204845;-0,24793792903811568;-0,24044818021434547;-0,25013301212878586;0,008159975145923176;526
0,35893521308898924;0,004175338710199781;0,004023027420043945;1,5974685314489205e-05;;2;15;{'model__max_depth': None, 'model__min_samples_split': 2, 'model__n_estimators': 15};-0,25094356226578834;-0,25771643889597134;-0,24249323712914997;-0,24395228938010138;-0,236390516668068;-0,2462992088678158;0,007349813508760003;500
0,47884836196899416;0,007196171340813206;0,005213022232055664;0,0009836781902126277;;2;20;{'model__max_depth': None, 'model__min_samples_split': 2, 'model__n_estimators': 20};-0,24474782319452648;-0,2598917029177135;-0,24063389642105543;-0,24548330462233428;-0,23718673787357644;-0,24558869300584124;0,007751607840071263;487
0,5851594924926757;0,0037840205703966903;0,006290340423583984;0,000539403635311867;;2;25;{'model__max_depth': None, 'model__min_samples_split': 2, 'model__n_estimators': 25};-0,24490073011555435;-0,25665699994346786;-0,24215012067713718;-0,2445708538004149;-0,2353731578059546;-0,24473037246850576;0,006877704215911312;468
0,9418684482574463;0,023607642341224658;0,006827545166015625;0,0009894895930327692;;2;40;{'model__max_depth': None, 'model__min_samples_split': 2, 'model__n_estimators': 40};-0,24393277959515214;-0,25569379367633704;-0,24309589150531663;-0,2435737919860676;-0,23258732174338462;-0,24377671570125165;0,007317763868389724;437
1,1953003406524658;0,04895076971544987;0,008821868896484375;0,0006304858869742435;;2;50;{'model__max_depth': None, 'model__min_samples_split': 2, 'model__n_estimators': 50};-0,24479946676430317;-0,25281530684759673;-0,24284301490792742;-0,2444469397560998;-0,233415637791593;-0,24366407321350403;0,006186301656122158;432
2,3650957107543946;0,09018792655508871;0,014232778549194336;0,0012811646941369068;;2;100;{'model__max_depth': None, 'model__min_samples_split': 2, 'model__n_estimators': 100};-0,24418312789909166;-0,25204672046609494;-0,24181832450389143;-0,24140874686936037;-0,2356579765265355;-0,24302297925299476;0,0053117615679867764;394
4,700061416625976;0,07451317236084841;0,02668895721435547;0,0011631828414258951;;2;200;{'model__max_depth': None, 'model__min_samples_split': 2, 'model__n_estimators': 200};-0,24291422658700457;-0,25261593115158254;-0,24160622770610557;-0,24047811676517264;-0,23705079143972183;-0,24293305872991738;0,005218173283308427;385
0,1139528751373291;0,004251261049157743;0,0027581214904785155;0,0009733200330209103;;5;5;{'model__max_depth': None, 'model__min_samples_split': 5, 'model__n_estimators': 5};-0,2566471461354985;-0,2650318471668781;-0,2578475312786262;-0,2598350919237109;-0,25301045795463584;-0,25847441489186995;0,003960759513295697;557
0,2387178897857666;0,02778646016522965;0,0038741588592529296;0,0004314565740516417;;5;10;{'model__max_depth': None, 'model__min_samples_split': 5, 'model__n_estimators': 10};-0,25020932751246744;-0,2594917271612252;-0,24246643512054972;-0,24304541224401172;-0,24395507015715412;-0,24783359443908165;0,006454954758823392;517
0,32747788429260255;0,006561062766261492;0,003757333755493164;0,0006721594851172756;;5;15;{'model__max_depth': None, 'model__min_samples_split': 5, 'model__n_estimators': 15};-0,24420223176572006;-0,2537850712192119;-0,24090448734305137;-0,2404842434571623;-0,2389274902352769;-0,2436607048040845;0,005345764833834447;431
0,4348057746887207;0,012236636673615532;0,005177068710327149;0,0006312861238330313;;5;20;{'model__max_depth': None, 'model__min_samples_split': 5, 'model__n_estimators': 20};-0,24140706111275922;-0,25889807815700355;-0,23829795538027948;-0,24115211580197912;-0,24033684883832837;-0,24401841185807;0,0075195319474877;453
0,5378990173339844;0,012387456322851672;0,005732393264770508;0,000984811594669422;;5;25;{'model__max_depth': None, 'model__min_samples_split': 5, 'model__n_estimators': 25};-0,24281242562025013;-0,2555265928721981;-0,2407051287540514;-0,24162536564207027;-0,23785373758195624;-0,24370465009410522;0,006133646955718631;433
0,8524983406066895;0,014090768282440286;0,006777238845825195;0,0010193419142832706;;5;40;{'model__max_depth': None, 'model__min_samples_split': 5, 'model__n_estimators': 40};-0,24341816906067254;-0,2543911072772277;-0,24274333166976425;-0,23982314062450544;-0,23437370056578746;-0,2429498898395915;0,006549671614300092;388
1,0487592697143555;0,018314655484619333;0,00783076286315918;0,00043755383097477687;;5;50;{'model__max_depth': None, 'model__min_samples_split': 5, 'model__n_estimators': 50};-0,2446729763633464;-0,251015787634536;-0,24295854959643295;-0,23998642289134967;-0,2348597017788645;-0,2426986876529059;0,005328143690188892;363
2,0935190677642823;0,03435317440109522;0,014088106155395509;0,0011295665335784573;;5;100;{'model__max_depth': None, 'model__min_samples_split': 5, 'model__n_estimators': 100};-0,24290040375929622;-0,24996347187883244;-0,24141939552218328;-0,2388624020972479;-0,23545844437462551;-0,24172082352643706;0,004833456029315638;310
4,201202440261841;0,08618410039069138;0,025849580764770508;0,0008193496233341085;;5;200;{'model__max_depth': None, 'model__min_samples_split': 5, 'model__n_estimators': 200};-0,24242375213352463;-0,2502647143376549;-0,24022303485316654;-0,23863286215447566;-0,23610357140928448;-0,24152958697762122;0,004829942430812571;297
0,10164570808410645;0,0017897382327159278;0,0028191566467285155;0,0007451933638738996;;10;5;{'model__max_depth': None, 'model__min_samples_split': 10, 'model__n_estimators': 5};-0,2534321976424377;-0,2548673098561241;-0,2531037159596241;-0,2544209597327696;-0,2521806847524077;-0,2536009735886727;0,0009559242299332398;537
0,19856586456298828;0,003810233946011639;0,002666139602661133;0,0007942866151755039;;10;10;{'model__max_depth': None, 'model__min_samples_split': 10, 'model__n_estimators': 10};-0,24645474800322453;-0,2520255738639388;-0,24228783995952916;-0,24136163262896104;-0,2424348731112106;-0,2449129335133728;0,0039651098893331085;473
0,29535112380981443;0,007114302651954718;0,004415559768676758;0,0007989235101770236;;10;15;{'model__max_depth': None, 'model__min_samples_split': 10, 'model__n_estimators': 15};-0,24342997353743445;-0,2507792600491058;-0,2408315156562295;-0,23800213216107494;-0,23752354118720662;-0,24211328451821026;0,00482582740758599;334
0,3884881496429443;0,006149155307826144;0,004015016555786133;8,669261484175336e-06;;10;20;{'model__max_depth': None, 'model__min_samples_split': 10, 'model__n_estimators': 20};-0,2398205098604452;-0,25515378990399595;-0,23747782834352033;-0,23882524925629994;-0,2375609747997561;-0,24176767043280348;0,006748874046411097;314
0,4806795120239258;0,007317647856460274;0,005242776870727539;0,0008499923542886876;;10;25;{'model__max_depth': None, 'model__min_samples_split': 10, 'model__n_estimators': 25};-0,24112324075942485;-0,25195988204270503;-0,23920527121309454;-0,23911705618663945;-0,23596483970421886;-0,24147405798121654;0,005497816218355194;293
0,7654454231262207;0,008026502781520109;0,006159019470214844;0,00043947942890149553;;10;40;{'model__max_depth': None, 'model__min_samples_split': 10, 'model__n_estimators': 40};-0,24188550058741595;-0,248455633141237;-0,24055861701714562;-0,2379249967488264;-0,23346291835696967;-0,24045753317031893;0,004926607131616867;258
0,9622009754180908;0,018401891584776415;0,007720756530761719;0,0006441213937742264;;10;50;{'model__max_depth': None, 'model__min_samples_split': 10, 'model__n_estimators': 50};-0,2425636987226989;-0,245596569394827;-0,23985017211177465;-0,2381950482399896;-0,23331830437880297;-0,23990475856961863;0,004141838748863962;240
1,9350327491760253;0,03611502228435149;0,012897920608520509;0,0009559467825933342;;10;100;{'model__max_depth': None, 'model__min_samples_split': 10, 'model__n_estimators': 100};-0,24000468531359764;-0,245484031866299;-0,23730760191885872;-0,23548123139181787;-0,2334196135741889;-0,2383394328129524;0,004177486642082186;190
3,8366992473602295;0,04191791665854299;0,025256633758544922;0,0007558321262387432;;10;200;{'model__max_depth': None, 'model__min_samples_split': 10, 'model__n_estimators': 200};-0,24035970332937606;-0,24620249590451493;-0,23689161892328472;-0,23570856035877355;-0,2329018284702724;-0,23841284139724433;0,004570940952517082;197
0,023056554794311523;0,0006825216688398666;0,002810096740722656;0,0007446852567673658;1;2;5;{'model__max_depth': 1, 'model__min_samples_split': 2, 'model__n_estimators': 5};-0,2339341042885512;-0,2519933926869772;-0,23815764778118684;-0,254474017876862;-0,24417782855145898;-0,24454739823700722;0,007843317052112596;464
0,04015507698059082;0,0010261737345553165;0,0029573917388916017;0,0008382040777348448;1;2;10;{'model__max_depth': 1, 'model__min_samples_split': 2, 'model__n_estimators': 10};-0,2338831685362546;-0,24942814301548608;-0,23546291295541022;-0,2533491883852374;-0,24376882759285842;-0,24317844809704936;0,0075997749593994446;405
0,0586637020111084;0,0014930421528144798;0,002823925018310547;0,000981943612977363;1;2;15;{'model__max_depth': 1, 'model__min_samples_split': 2, 'model__n_estimators': 15};-0,23464371311734872;-0,2507721580041238;-0,23479935562407792;-0,2510938461041535;-0,24363595752367787;-0,24298900607467636;0,007258081304094773;391
0,0767965316772461;0,0014645428398135385;0,004835081100463867;0,00090954246713218;1;2;20;{'model__max_depth': 1, 'model__min_samples_split': 2, 'model__n_estimators': 20};-0,23394494260262969;-0,2517261280929976;-0,23501548726291574;-0,2505416633852607;-0,24255999013921103;-0,24275764229660296;0,0074654996969516696;368
0,09581985473632812;0,0013739477729623282;0,005033445358276367;0,0008382558737867415;1;2;25;{'model__max_depth': 1, 'model__min_samples_split': 2, 'model__n_estimators': 25};-0,2336557705525542;-0,25234222226063013;-0,2359039557090643;-0,2505132689319318;-0,2420854490158571;-0,2429001332940075;0,007512407497783212;381
0,14899368286132814;0,0046008501201826885;0,006636190414428711;0,0017518622259905157;1;2;40;{'model__max_depth': 1, 'model__min_samples_split': 2, 'model__n_estimators': 40};-0,23367377466212233;-0,2521224526898341;-0,23830470826744776;-0,249640061972914;-0,24138482933697544;-0,2430251653858587;0,006912878118070829;395
0,1843822956085205;0,0026000272254474207;0,007655954360961914;0,0008125260626084247;1;2;50;{'model__max_depth': 1, 'model__min_samples_split': 2, 'model__n_estimators': 50};-0,23371468549537455;-0,2527390992208047;-0,2372677498875664;-0,2489930819111327;-0,24170697050913356;-0,24288431740480237;0,007091514001644767;377
0,3637094497680664;0,006225211132795654;0,012053155899047851;8,829345296366347e-06;1;2;100;{'model__max_depth': 1, 'model__min_samples_split': 2, 'model__n_estimators': 100};-0,23301857813832716;-0,251951460083346;-0,2373277273656545;-0,24883789985731528;-0,24134622626003416;-0,24249637834093543;0,00703533887303817;353
0,7240050792694092;0,014488254924228387;0,021334171295166016;0,0010291237039666567;1;2;200;{'model__max_depth': 1, 'model__min_samples_split': 2, 'model__n_estimators': 200};-0,23266092121022688;-0,2522691096919731;-0,23662538394616553;-0,2483809082109095;-0,241196249105079;-0,2422265144328708;0,007247964754179555;337
0,02202882766723633;0,0007597130204614308;0,002611207962036133;0,0007334965530397116;1;5;5;{'model__max_depth': 1, 'model__min_samples_split': 5, 'model__n_estimators': 5};-0,2339341042885512;-0,2519933926869772;-0,23815764778118684;-0,254474017876862;-0,24417782855145898;-0,24454739823700722;0,007843317052112596;464
0,0396540641784668;0,0008304501734704271;0,004067516326904297;0,00024823840194778844;1;5;10;{'model__max_depth': 1, 'model__min_samples_split': 5, 'model__n_estimators': 10};-0,2338831685362546;-0,24942814301548608;-0,23546291295541022;-0,2533491883852374;-0,24376882759285842;-0,24317844809704936;0,0075997749593994446;405
0,05812201499938965;0,0005746729698069857;0,003428936004638672;0,0009855460791154;1;5;15;{'model__max_depth': 1, 'model__min_samples_split': 5, 'model__n_estimators': 15};-0,23464371311734872;-0,2507721580041238;-0,23479935562407792;-0,2510938461041535;-0,24363595752367787;-0,24298900607467636;0,007258081304094773;391
0,07648415565490722;0,0017791413662186723;0,004015731811523438;8,351323320615542e-06;1;5;20;{'model__max_depth': 1, 'model__min_samples_split': 5, 'model__n_estimators': 20};-0,23394494260262969;-0,2517261280929976;-0,23501548726291574;-0,2505416633852607;-0,24255999013921103;-0,24275764229660296;0,0074654996969516696;368
0,09312677383422852;0,0015931903351612368;0,004456233978271484;0,0007461657857279015;1;5;25;{'model__max_depth': 1, 'model__min_samples_split': 5, 'model__n_estimators': 25};-0,2336557705525542;-0,25234222226063013;-0,2359039557090643;-0,2505132689319318;-0,2420854490158571;-0,2429001332940075;0,007512407497783212;381
0,14823575019836427;0,002964226705981745;0,006318235397338867;0,00030235471521577496;1;5;40;{'model__max_depth': 1, 'model__min_samples_split': 5, 'model__n_estimators': 40};-0,23367377466212233;-0,2521224526898341;-0,23830470826744776;-0,249640061972914;-0,24138482933697544;-0,2430251653858587;0,006912878118070829;395
0,18367791175842285;0,004052968288989422;0,00727238655090332;0,0010239398509654571;1;5;50;{'model__max_depth': 1, 'model__min_samples_split': 5, 'model__n_estimators': 50};-0,23371468549537455;-0,2527390992208047;-0,2372677498875664;-0,2489930819111327;-0,24170697050913356;-0,24288431740480237;0,007091514001644767;377
0,3637720584869385;0,0062340946220061505;0,011393976211547852;0,001104458697366995;1;5;100;{'model__max_depth': 1, 'model__min_samples_split': 5, 'model__n_estimators': 100};-0,23301857813832716;-0,251951460083346;-0,2373277273656545;-0,24883789985731528;-0,24134622626003416;-0,24249637834093543;0,00703533887303817;353
0,7306513309478759;0,0176191788573436;0,022649669647216798;0,0011127697916518222;1;5;200;{'model__max_depth': 1, 'model__min_samples_split': 5, 'model__n_estimators': 200};-0,23266092121022688;-0,2522691096919731;-0,23662538394616553;-0,2483809082109095;-0,241196249105079;-0,2422265144328708;0,007247964754179555;337
0,022860288619995117;0,0010789678565819554;0,0026248931884765626;0,0008104316625458997;1;10;5;{'model__max_depth': 1, 'model__min_samples_split': 10, 'model__n_estimators': 5};-0,2339341042885512;-0,2519933926869772;-0,23815764778118684;-0,254474017876862;-0,24417782855145898;-0,24454739823700722;0,007843317052112596;464
0,04239392280578613;0,0015197604340344906;0,0037126064300537108;0,0014743709502213582;1;10;10;{'model__max_depth': 1, 'model__min_samples_split': 10, 'model__n_estimators': 10};-0,2338831685362546;-0,24942814301548608;-0,23546291295541022;-0,2533491883852374;-0,24376882759285842;-0,24317844809704936;0,0075997749593994446;405
0,06139249801635742;0,001474658290950915;0,004060888290405273;0,00030085849954074426;1;10;15;{'model__max_depth': 1, 'model__min_samples_split': 10, 'model__n_estimators': 15};-0,23464371311734872;-0,2507721580041238;-0,23479935562407792;-0,2510938461041535;-0,24363595752367787;-0,24298900607467636;0,007258081304094773;391
0,07862825393676758;0,0015810667944354253;0,0047626495361328125;0,0010340304975698965;1;10;20;{'model__max_depth': 1, 'model__min_samples_split': 10, 'model__n_estimators': 20};-0,23394494260262969;-0,2517261280929976;-0,23501548726291574;-0,2505416633852607;-0,24255999013921103;-0,24275764229660296;0,0074654996969516696;368
0,09723467826843261;0,0033885640131927058;0,004266214370727539;0,0008795261628649101;1;10;25;{'model__max_depth': 1, 'model__min_samples_split': 10, 'model__n_estimators': 25};-0,2336557705525542;-0,25234222226063013;-0,2359039557090643;-0,2505132689319318;-0,2420854490158571;-0,2429001332940075;0,007512407497783212;381
0,1490811824798584;0,003196046039573445;0,006029319763183594;0,0008973006347976146;1;10;40;{'model__max_depth': 1, 'model__min_samples_split': 10, 'model__n_estimators': 40};-0,23367377466212233;-0,2521224526898341;-0,23830470826744776;-0,249640061972914;-0,24138482933697544;-0,2430251653858587;0,006912878118070829;395
0,18608460426330567;0,0035203244759861247;0,007039403915405274;0,0008933050904554665;1;10;50;{'model__max_depth': 1, 'model__min_samples_split': 10, 'model__n_estimators': 50};-0,23371468549537455;-0,2527390992208047;-0,2372677498875664;-0,2489930819111327;-0,24170697050913356;-0,24288431740480237;0,007091514001644767;377
0,36887521743774415;0,010709134362624113;0,012569475173950195;0,0007544178913519237;1;10;100;{'model__max_depth': 1, 'model__min_samples_split': 10, 'model__n_estimators': 100};-0,23301857813832716;-0,251951460083346;-0,2373277273656545;-0,24883789985731528;-0,24134622626003416;-0,24249637834093543;0,00703533887303817;353
0,7337112903594971;0,015609362575122467;0,023626708984375;0,0027334634532946863;1;10;200;{'model__max_depth': 1, 'model__min_samples_split': 10, 'model__n_estimators': 200};-0,23266092121022688;-0,2522691096919731;-0,23662538394616553;-0,2483809082109095;-0,241196249105079;-0,2422265144328708;0,007247964754179555;337
0,03391084671020508;0,0012348871521521664;0,0027298927307128906;0,0006342802669461548;2;2;5;{'model__max_depth': 2, 'model__min_samples_split': 2, 'model__n_estimators': 5};-0,22893459228764748;-0,2411696628616165;-0,23571616996646402;-0,24292692811805705;-0,24268397553999266;-0,23828626575475553;0,005352546429459427;183
0,06415829658508301;0,0012836880574151183;0,003207540512084961;0,0009819830459538968;2;2;10;{'model__max_depth': 2, 'model__min_samples_split': 2, 'model__n_estimators': 10};-0,2311180423240821;-0,2419240090243793;-0,2320210036386016;-0,2420748165200791;-0,24279335531208066;-0,23798624536384455;0,005255226439198095;170
0,09351572990417481;0,0007506598963586194;0,004071044921875;0,0011913249250532342;2;2;15;{'model__max_depth': 2, 'model__min_samples_split': 2, 'model__n_estimators': 15};-0,23065846556276537;-0,2426216798183104;-0,23171791654074203;-0,24146381668529948;-0,2416508446614211;-0,2376225446537077;0,005278957376303107;151
0,12028284072875976;0,0017801470187427616;0,004118728637695313;0,0006753896226003403;2;2;20;{'model__max_depth': 2, 'model__min_samples_split': 2, 'model__n_estimators': 20};-0,22975062076218394;-0,2429319475109587;-0,23218523326108875;-0,2422401542508085;-0,24156051753982372;-0,2377336946649727;0,005594452195753086;157
0,1513352870941162;0,0034044420086317764;0,0048255443572998045;0,0009979632758277141;2;2;25;{'model__max_depth': 2, 'model__min_samples_split': 2, 'model__n_estimators': 25};-0,22909880248306289;-0,24314374001245534;-0,23313964547134225;-0,24231734736363164;-0,24105960267455692;-0,23775182760100982;0,005603661905964985;159
0,23666939735412598;0,0036428255986639987;0,005762815475463867;0,000559451540416338;2;2;40;{'model__max_depth': 2, 'model__min_samples_split': 2, 'model__n_estimators': 40};-0,22904994900160588;-0,2425630295442825;-0,23429756875609561;-0,24113491860714795;-0,23981439008159564;-0,23737197119814551;0,005015581198097204;148
0,2971007823944092;0,0061738197543618955;0,007055091857910156;0,0011077077173243086;2;2;50;{'model__max_depth': 2, 'model__min_samples_split': 2, 'model__n_estimators': 50};-0,22977312130876715;-0,2427189339866948;-0,23295962816965116;-0,24036766804012938;-0,23983223746267845;-0,23713031779358418;0,004909917097596044;135
0,5802073955535889;0,0044764265913525576;0,012191438674926757;0,00020133630121584546;2;2;100;{'model__max_depth': 2, 'model__min_samples_split': 2, 'model__n_estimators': 100};-0,22993432105557482;-0,2415443886828329;-0,2336519426696922;-0,23965680451186155;-0,23942318378637645;-0,2368421281412676;0,0043494962372966454;129
1,1769375324249267;0,02050422487598922;0,020960092544555664;0,0008267408644453684;2;2;200;{'model__max_depth': 2, 'model__min_samples_split': 2, 'model__n_estimators': 200};-0,22988486299310412;-0,24175431841575099;-0,2328178104331607;-0,23957200347371715;-0,23963127741944854;-0,2367320545470363;0,004558492660876422;119
0,03361744880676269;0,0009484332479172714;0,002619361877441406;0,0008250545890121534;2;5;5;{'model__max_depth': 2, 'model__min_samples_split': 5, 'model__n_estimators': 5};-0,22893459228764748;-0,2411696628616165;-0,23571616996646402;-0,24292692811805705;-0,24268397553999266;-0,23828626575475553;0,005352546429459427;183
0,06308283805847167;0,0006821474393201348;0,0032226085662841798;0,0009813605124257589;2;5;10;{'model__max_depth': 2, 'model__min_samples_split': 5, 'model__n_estimators': 10};-0,2311180423240821;-0,2419240090243793;-0,2320210036386016;-0,2420748165200791;-0,24279335531208066;-0,23798624536384455;0,005255226439198095;170
0,09307818412780762;0,002240754797379318;0,0038159370422363283;0,00025262873143026474;2;5;15;{'model__max_depth': 2, 'model__min_samples_split': 5, 'model__n_estimators': 15};-0,23065846556276537;-0,2426216798183104;-0,23171791654074203;-0,24146381668529948;-0,2416508446614211;-0,2376225446537077;0,005278957376303107;151
0,12065010070800782;0,0015498443656928394;0,005231523513793945;0,0011576025303429752;2;5;20;{'model__max_depth': 2, 'model__min_samples_split': 5, 'model__n_estimators': 20};-0,22975062076218394;-0,2429319475109587;-0,23218523326108875;-0,2422401542508085;-0,24156051753982372;-0,2377336946649727;0,005594452195753086;157
0,15029735565185548;0,0024236360858399158;0,004379129409790039;0,0006326821720558052;2;5;25;{'model__max_depth': 2, 'model__min_samples_split': 5, 'model__n_estimators': 25};-0,22909880248306289;-0,24314374001245534;-0,23313964547134225;-0,24231734736363164;-0,24105960267455692;-0,23775182760100982;0,005603661905964985;159
0,2389594078063965;0,0057934643939605585;0,006226444244384765;0,000986027341431151;2;5;40;{'model__max_depth': 2, 'model__min_samples_split': 5, 'model__n_estimators': 40};-0,22904994900160588;-0,2425630295442825;-0,23429756875609561;-0,24113491860714795;-0,23981439008159564;-0,23737197119814551;0,005015581198097204;148
0,292662525177002;0,0026175710651741;0,007438850402832031;0,0004917723216236444;2;5;50;{'model__max_depth': 2, 'model__min_samples_split': 5, 'model__n_estimators': 50};-0,22977312130876715;-0,2427189339866948;-0,23295962816965116;-0,24036766804012938;-0,23983223746267845;-0,23713031779358418;0,004909917097596044;135
0,5853097915649415;0,0072922633290215;0,01374058723449707;0,002542869874092153;2;5;100;{'model__max_depth': 2, 'model__min_samples_split': 5, 'model__n_estimators': 100};-0,22993432105557482;-0,2415443886828329;-0,2336519426696922;-0,23965680451186155;-0,23942318378637645;-0,2368421281412676;0,0043494962372966454;129
1,1648142337799072;0,00946970268855383;0,02142610549926758;0,0012409257203425598;2;5;200;{'model__max_depth': 2, 'model__min_samples_split': 5, 'model__n_estimators': 200};-0,22988486299310412;-0,24175431841575099;-0,2328178104331607;-0,23957200347371715;-0,23963127741944854;-0,2367320545470363;0,004558492660876422;119
0,03366546630859375;0,0009809467478632233;0,0026118278503417967;0,0007959727349471541;2;10;5;{'model__max_depth': 2, 'model__min_samples_split': 10, 'model__n_estimators': 5};-0,22893459228764748;-0,2411696628616165;-0,23571616996646402;-0,24292692811805705;-0,24268397553999266;-0,23828626575475553;0,005352546429459427;183
0,0646942138671875;0,0029514081543158244;0,0029551506042480467;0,0007803123638450885;2;10;10;{'model__max_depth': 2, 'model__min_samples_split': 10, 'model__n_estimators': 10};-0,2311180423240821;-0,24224534003842949;-0,2320210036386016;-0,2420748165200791;-0,24279335531208066;-0,2380505115666546;0,005304720138008509;176
0,09308362007141113;0,0016198527924545043;0,0033556461334228516;0,00043359842930853847;2;10;15;{'model__max_depth': 2, 'model__min_samples_split': 10, 'model__n_estimators': 15};-0,23065846556276537;-0,24282001777623183;-0,23171791654074203;-0,24146381668529948;-0,2416508446614211;-0,23766221224529196;0,005316981507968744;154
0,12327823638916016;0,005067970337424134;0,004461812973022461;0,0007039836767632302;2;10;20;{'model__max_depth': 2, 'model__min_samples_split': 10, 'model__n_estimators': 20};-0,22975062076218394;-0,2430269230404438;-0,23218523326108875;-0,2422401542508085;-0,24156051753982372;-0,23775268977086972;0,005612202896665145;161
0,15037431716918945;0,002135728355559644;0,004492998123168945;0,0003182563157950239;2;10;25;{'model__max_depth': 2, 'model__min_samples_split': 10, 'model__n_estimators': 25};-0,22909880248306289;-0,2432197204360434;-0,23313964547134225;-0,24231734736363164;-0,24105960267455692;-0,23776702368572739;0,005618346941575843;163
0,23830504417419435;0,004219281434011819;0,0067807197570800785;0,0008851047117587603;2;10;40;{'model__max_depth': 2, 'model__min_samples_split': 10, 'model__n_estimators': 40};-0,22904994900160588;-0,24265096647194573;-0,23429756875609561;-0,24113491860714795;-0,23981439008159564;-0,2373895585836782;0,005033873886793116;150
0,2938732147216797;0,006937406771151085;0,006662797927856445;0,0005590190088001658;2;10;50;{'model__max_depth': 2, 'model__min_samples_split': 10, 'model__n_estimators': 50};-0,22977312130876715;-0,24280124611224851;-0,23295962816965116;-0,24036766804012938;-0,23983223746267845;-0,23714678021869492;0,004928729481532902;137
0,5941401958465576;0,014080970588118406;0,011996030807495117;0,0011245883363287296;2;10;100;{'model__max_depth': 2, 'model__min_samples_split': 10, 'model__n_estimators': 100};-0,22993432105557482;-0,2415529625011016;-0,2336519426696922;-0,23959762143539903;-0,23942318378637645;-0,23683200628962883;0,004343756938866152;128
1,1623714447021485;0,012098205810219156;0,021225690841674805;0,001277192604184627;2;10;200;{'model__max_depth': 2, 'model__min_samples_split': 10, 'model__n_estimators': 200};-0,2298827510871856;-0,2417748964471394;-0,2328178104331607;-0,23955796399806914;-0,23963127741944854;-0,23673293987700067;0,004561924437512692;121
0,047683095932006835;0,0023270734318263384;0,0032022953033447265;0,0008042202630308553;3;2;5;{'model__max_depth': 3, 'model__min_samples_split': 2, 'model__n_estimators': 5};-0,23597686180573962;-0,24136626460745605;-0,23450397760564026;-0,23912794856391945;-0,2427293162761242;-0,2387408737717759;0,0031158057967814717;210
0,08475232124328613;0,002019432021531466;0,003623342514038086;0,000810075990341048;3;2;10;{'model__max_depth': 3, 'model__min_samples_split': 2, 'model__n_estimators': 10};-0,23496800370493393;-0,24292148389943255;-0,2301501348513448;-0,23815866282847709;-0,24443646397625177;-0,23812694985208802;0,0052231609058833485;177
0,12294149398803711;0,0012783836846001293;0,003909397125244141;0,00019993944096926322;3;2;15;{'model__max_depth': 3, 'model__min_samples_split': 2, 'model__n_estimators': 15};-0,23303515599527488;-0,24223042528669497;-0,22918147288205182;-0,23672733076873134;-0,24278376289177167;-0,23679162956490493;0,005244346927166453;126
0,16537160873413087;0,002110382393211719;0,004356908798217774;0,0006960448266612252;3;2;20;{'model__max_depth': 3, 'model__min_samples_split': 2, 'model__n_estimators': 20};-0,23205941044863174;-0,2407597172674189;-0,2300517942625535;-0,23748874919432378;-0,2409143269526025;-0,23625479962510604;0,004463332281805017;104
0,20307602882385253;0,002805361256057817;0,00431370735168457;0,0008734830042606121;3;2;25;{'model__max_depth': 3, 'model__min_samples_split': 2, 'model__n_estimators': 25};-0,23185439850643497;-0,2408175177530206;-0,23064963769678282;-0,2387230112221509;-0,23977267345367376;-0,23636344772641263;0,00424283512935977;107
0,3254289150238037;0,006189590458837713;0,0060230731964111325;1,0774409669875032e-05;3;2;40;{'model__max_depth': 3, 'model__min_samples_split': 2, 'model__n_estimators': 40};-0,23135483013185568;-0,2405926809015523;-0,2318197791460376;-0,2371658617684073;-0,2385846797881771;-0,235903566347206;0,003691554506675756;98
0,3974370002746582;0,006488347573177479;0,007177829742431641;0,0009641455375805486;3;2;50;{'model__max_depth': 3, 'model__min_samples_split': 2, 'model__n_estimators': 50};-0,23150197758249969;-0,2397278053549681;-0,23122779278042044;-0,23610409619406558;-0,2380432211898203;-0,2353209786203548;0,0034287880907849905;78
0,8265924453735352;0,03200266938396982;0,01471242904663086;0,003746712712380831;3;2;100;{'model__max_depth': 3, 'model__min_samples_split': 2, 'model__n_estimators': 100};-0,2313044964702328;-0,2382386890433859;-0,2319909702639114;-0,23472517682343091;-0,23797376119105826;-0,23484661875840382;0,002898319077823939;53
1,5903507709503173;0,027309094988653297;0,0224149227142334;0,000398311271798855;3;2;200;{'model__max_depth': 3, 'model__min_samples_split': 2, 'model__n_estimators': 200};-0,23133557362148263;-0,23824096515457352;-0,23171250524625694;-0,23472092189729218;-0,23743459502708858;-0,2346889121893388;0,002837631300089821;43
0,045952463150024415;0,003058176928693864;0,0033037662506103516;0,00091397693108348;3;5;5;{'model__max_depth': 3, 'model__min_samples_split': 5, 'model__n_estimators': 5};-0,23597686180573962;-0,24136626460745605;-0,23450397760564026;-0,23912794856391945;-0,2427293162761242;-0,2387408737717759;0,0031158057967814717;210
0,08557767868041992;0,0015093602585693363;0,003907966613769531;0,00019631255503591068;3;5;10;{'model__max_depth': 3, 'model__min_samples_split': 5, 'model__n_estimators': 10};-0,23496800370493395;-0,24315581046987347;-0,2301501348513448;-0,2380001596725771;-0,24443646397625177;-0,23814211453499623;0,00526731149305637;178
0,12226433753967285;0,0017758739086139277;0,004268836975097656;0,0004239663565902207;3;5;15;{'model__max_depth': 3, 'model__min_samples_split': 5, 'model__n_estimators': 15};-0,23303515599527488;-0,24238664300032223;-0,22918147288205182;-0,23668045094580917;-0,24278376289177167;-0,23681349714304595;0,005277222475826187;127
0,16095433235168458;0,0009568051992022717;0,004912900924682617;0,0008199392260236527;3;5;20;{'model__max_depth': 3, 'model__min_samples_split': 5, 'model__n_estimators': 20};-0,23205941044863174;-0,24087688055263937;-0,2300517942625535;-0,2374011492994329;-0,2409143269526025;-0,236260712303172;0,004482573717482103;105
0,2197284698486328;0,020801785217959796;0,008846044540405273;0,00597819364150439;3;5;25;{'model__max_depth': 3, 'model__min_samples_split': 5, 'model__n_estimators': 25};-0,23183147362246823;-0,24091124838119696;-0,23064963769678282;-0,23865293130623821;-0,23977783911890854;-0,23636462602511896;0,004260720639297527;108
0,33576345443725586;0,02677955071419444;0,006470775604248047;0,0007885948953394269;3;5;40;{'model__max_depth': 3, 'model__min_samples_split': 5, 'model__n_estimators': 40};-0,23134050207937648;-0,24065126254416258;-0,23183067823308298;-0,23708398404772849;-0,2385516110051083;-0,23589160758189176;0,0036974424587467368;97
0,41415939331054685;0,0216657637033334;0,0070702552795410155;0,0010947121966029903;3;5;50;{'model__max_depth': 3, 'model__min_samples_split': 5, 'model__n_estimators': 50};-0,2314905151405163;-0,23977467066905625;-0,2312315970649344;-0,2360960430353864;-0,23803720725229527;-0,23532600663243777;0,0034412021522935692;79
0,7968503952026367;0,01307720311882272;0,012691545486450195;0,0008310839739730743;3;5;100;{'model__max_depth': 3, 'model__min_samples_split': 5, 'model__n_estimators': 100};-0,23130354185832755;-0,23825017318631392;-0,23199077111925223;-0,23470969533717082;-0,23801034348058842;-0,2348529049963306;0,0029093348710231347;54
1,5843003273010254;0,022479244950119756;0,02149806022644043;0,0015044166969920086;3;5;200;{'model__max_depth': 3, 'model__min_samples_split': 5, 'model__n_estimators': 200};-0,23133698620636164;-0,23824976083260188;-0,23171603875762123;-0,23472364731043366;-0,2374455549885349;-0,23469439761911065;0,002840885879365673;44
0,04445414543151856;0,0003957550319631881;0,0024099826812744142;0,00048826156144383005;3;10;5;{'model__max_depth': 3, 'model__min_samples_split': 10, 'model__n_estimators': 5};-0,23571765555237573;-0,2410046680410197;-0,23465916926884334;-0,2393520009873792;-0,2427293162761242;-0,2386925620251484;0,003072276175888698;208
0,08355941772460937;0,0012947143212863458;0,0033205509185791015;0,0010761861157305322;3;10;10;{'model__max_depth': 3, 'model__min_samples_split': 10, 'model__n_estimators': 10};-0,23483840057825198;-0,243007924492262;-0,23051910787889435;-0,23819438967252726;-0,24446180392821074;-0,23820432531002927;0,005150198418337837;180
0,12377696037292481;0,0015947557053120327;0,0035506248474121093;0,0007954868472790178;3;10;15;{'model__max_depth': 3, 'model__min_samples_split': 10, 'model__n_estimators': 15};-0,23294875391082023;-0,2419645400778492;-0,22942745490041822;-0,23669760696288286;-0,24279264001452755;-0,2367661991732996;0,005133721809736854;122
0,16345715522766113;0,0026600552788397947;0,004363870620727539;0,0009421868787285604;3;10;20;{'model__max_depth': 3, 'model__min_samples_split': 10, 'model__n_estimators': 20};-0,23199460888529078;-0,24072922187907542;-0,23023628077632832;-0,23751524782628797;-0,24092098479466945;-0,23627926883233039;0,004421566889090836;106
0,20154595375061035;0,0017134306323129758;0,00481710433959961;0,0007534180198997068;3;10;25;{'model__max_depth': 3, 'model__min_samples_split': 10, 'model__n_estimators': 25};-0,2318065007356174;-0,2407931214423458;-0,23079722690780263;-0,2387442101277222;-0,23978316539256211;-0,23638484492121004;0,004212619105402539;111
0,32166571617126466;0,004171022193735354;0,005831623077392578;0,000751521889465247;3;10;40;{'model__max_depth': 3, 'model__min_samples_split': 10, 'model__n_estimators': 40};-0,23138929769401162;-0,2405645679951778;-0,2319062658103525;-0,23713542963016748;-0,23855697996329053;-0,2359105082186;0,003650748400960486;100
0,3998116970062256;0,006986729424172236;0,007248306274414062;0,0009832934943090673;3;10;50;{'model__max_depth': 3, 'model__min_samples_split': 10, 'model__n_estimators': 50};-0,23159056251294496;-0,2397468596595426;-0,2312346751325062;-0,23610532519258084;-0,238041502418841;-0,23534378498328312;0,0034122178164592855;80
0,7891601085662842;0,010690862637216253;0,01260232925415039;0,0016973655522354288;3;10;100;{'model__max_depth': 3, 'model__min_samples_split': 10, 'model__n_estimators': 100};-0,23138673461471618;-0,2381229158629182;-0,23198955479291616;-0,23465026892045052;-0,2379953528733068;-0,23482896541286155;0,0028572454248752435;51
1,5841718673706056;0,019356408637648162;0,022315073013305663;0,0012486294465120654;3;10;200;{'model__max_depth': 3, 'model__min_samples_split': 10, 'model__n_estimators': 200};-0,23131921963204238;-0,2382216234664726;-0,2316924446469905;-0,2347828689543668;-0,2373784136149089;-0,23467891406295624;0,002830386567584596;42
0,05430893898010254;0,0006695903410327506;0,002810096740722656;0,0009792237672401425;4;2;5;{'model__max_depth': 4, 'model__min_samples_split': 2, 'model__n_estimators': 5};-0,23889113701546785;-0,23926264449612203;-0,2338159893343282;-0,2361745820944838;-0,2386363990008322;-0,2373561503882468;0,0020764770241755754;147
0,10637063980102539;0,0025670635227240837;0,00321197509765625;0,0009771553047990148;4;2;10;{'model__max_depth': 4, 'model__min_samples_split': 2, 'model__n_estimators': 10};-0,23535406007939538;-0,24185038540477;-0,2272444811027192;-0,23073242777633346;-0,2418194283996195;-0,23540015655256755;0,005850083113062936;82
0,15515847206115724;0,004866406803940827;0,004197025299072265;0,00023241576273566082;4;2;15;{'model__max_depth': 4, 'model__min_samples_split': 2, 'model__n_estimators': 15};-0,2327055214474416;-0,24211286989877873;-0,22692773890870313;-0,2316051125268441;-0,2413229314641273;-0,23493483484917901;0,005873711602082667;62
0,20270857810974122;0,0027814465546185507;0,004626417160034179;0,0004887883851499633;4;2;20;{'model__max_depth': 4, 'model__min_samples_split': 2, 'model__n_estimators': 20};-0,23197210650539188;-0,24053783818104194;-0,22721465495362705;-0,23424942398361664;-0,23813177945908443;-0,2344211606165524;0,004672119861534864;34
0,25312237739562987;0,004185166948821767;0,0048201560974121095;0,0004055404409663867;4;2;25;{'model__max_depth': 4, 'model__min_samples_split': 2, 'model__n_estimators': 25};-0,2333065027082726;-0,23992576275120392;-0,22782301563656332;-0,2370539449381904;-0,23634492273903415;-0,23489082975465286;0,004113589492936649;60
0,3998903751373291;0,004151488501986312;0,006414222717285156;0,0003012377525820463;4;2;40;{'model__max_depth': 4, 'model__min_samples_split': 2, 'model__n_estimators': 40};-0,23460841307277702;-0,23791458221584838;-0,230026487328102;-0,23609348322821425;-0,23572730542155823;-0,23487405425329996;0,002646859467485811;56
0,4981229305267334;0,006772652817877834;0,00746769905090332;0,0008811934479372392;4;2;50;{'model__max_depth': 4, 'model__min_samples_split': 2, 'model__n_estimators': 50};-0,2337900786013659;-0,2370951083505376;-0,22908288102820507;-0,23513199703804277;-0,23522935030995962;-0,2340658830656222;0,0027045457387522313;26
0,991236686706543;0,011973319098116005;0,012097597122192383;0,001364602462056033;4;2;100;{'model__max_depth': 4, 'model__min_samples_split': 2, 'model__n_estimators': 100};-0,23227951997792715;-0,23698601170907194;-0,22895035008022788;-0,23402333420759996;-0,23559838117570608;-0,23356751943010662;0,0027926851378821927;17
1,977726411819458;0,030575676523776782;0,02105059623718262;0,0008725446351944918;4;2;200;{'model__max_depth': 4, 'model__min_samples_split': 2, 'model__n_estimators': 200};-0,2321593054434593;-0,2370283932160592;-0,2290101720583737;-0,2336175509408165;-0,2350836322246068;-0,2333798107766631;0,0027149606820706224;13
0,05573539733886719;0,000958113950842224;0,0021073341369628905;0,00019886981747515748;4;5;5;{'model__max_depth': 4, 'model__min_samples_split': 5, 'model__n_estimators': 5};-0,23945910839565668;-0,23876880158899041;-0,23330438924277305;-0,23591812246950605;-0,23856392576099497;-0,23720286949158426;0,0022910239918232573;141
0,10560779571533203;0,0008050020689059792;0,002711057662963867;0,0008791040380728386;4;5;10;{'model__max_depth': 4, 'model__min_samples_split': 5, 'model__n_estimators': 10};-0,23572064071827234;-0,24183827796407859;-0,22694098510934807;-0,23079442445120757;-0,24173739987716997;-0,23540634562401533;0,005907333214527399;83
0,15366482734680176;0,0020208688317420575;0,004059600830078125;0,0002542270802838853;4;5;15;{'model__max_depth': 4, 'model__min_samples_split': 5, 'model__n_estimators': 15};-0,23294990854002626;-0,2421258969641663;-0,2267254082464557;-0,2319830859887213;-0,2412101329521961;-0,23499888653831316;0,00585008831493016;66
0,20200552940368652;0,0014488908288460061;0,00483393669128418;0,00041421655802759903;4;5;20;{'model__max_depth': 4, 'model__min_samples_split': 5, 'model__n_estimators': 20};-0,23214411578425082;-0,24073662868859677;-0,22706290695694145;-0,23459577556724057;-0,23817322250576475;-0,23454252990055885;0,00475917583920753;37
0,25513916015625;0,0053957047562383275;0,0044152259826660155;0,000374775454132387;4;5;25;{'model__max_depth': 4, 'model__min_samples_split': 5, 'model__n_estimators': 25};-0,2334288605502514;-0,24006835462476733;-0,22764058896693912;-0,23718507759267066;-0,23647702313536403;-0,23495998097399853;0,004225299571454703;64
0,4000088691711426;0,006138293550993367;0,006633234024047851;0,0008023745307890303;4;5;40;{'model__max_depth': 4, 'model__min_samples_split': 5, 'model__n_estimators': 40};-0,23466269061160341;-0,23800207497489761;-0,2298658145717934;-0,23604109283878422;-0,2357072361394082;-0,23485578182729733;0,0027190496368687503;55
0,49769001007080077;0,004648504705629463;0,006873369216918945;0,0011859610304322998;4;5;50;{'model__max_depth': 4, 'model__min_samples_split': 5, 'model__n_estimators': 50};-0,23380426298994553;-0,23713130955396683;-0,2289062773163803;-0,2352341696932198;-0,23521035113795216;-0,23405727413829297;0,0027842825413994625;25
0,9920060157775878;0,0121797721351539;0,012606239318847657;0,00046109651702867793;4;5;100;{'model__max_depth': 4, 'model__min_samples_split': 5, 'model__n_estimators': 100};-0,23206191914578006;-0,2368387274688173;-0,2289416061731461;-0,23386299433228822;-0,23569420989092377;-0,23347989140219108;0,00279064265312421;15
1,977690076828003;0,027904233634768797;0,020780277252197266;0,000390894175896137;4;5;200;{'model__max_depth': 4, 'model__min_samples_split': 5, 'model__n_estimators': 200};-0,2320950513989912;-0,237025891990672;-0,2290702819870587;-0,23348453984495068;-0,23516122399331743;-0,23336739784299804;0,002709250231621212;12
0,05372629165649414;0,0007692932793484226;0,003008413314819336;0,0006347470161857888;4;10;5;{'model__max_depth': 4, 'model__min_samples_split': 10, 'model__n_estimators': 5};-0,23730687723422267;-0,23922937115392748;-0,23455588184859852;-0,23560622096802722;-0,23914261638065762;-0,2371681935170867;0,0018670812818695202;140
0,10222182273864747;0,0010567545707247826;0,004076480865478516;0,0003384546347877757;4;10;10;{'model__max_depth': 4, 'model__min_samples_split': 10, 'model__n_estimators': 10};-0,23464452513755535;-0,2414984432186547;-0,22802543791362823;-0,23093312167482113;-0,24222482999357212;-0,23546527158764632;0,005633043980602999;84
0,15345940589904786;0,004148247264309077;0,0042457103729248045;0,00039698019091491177;4;10;15;{'model__max_depth': 4, 'model__min_samples_split': 10, 'model__n_estimators': 15};-0,23233224215803192;-0,24193540006544184;-0,227428598940649;-0,2321793882467104;-0,24142029480980634;-0,2350591848441279;0,0056868504789805;68
0,20393710136413573;0,005316542205846635;0,004025030136108399;2,118005238966538e-05;4;10;20;{'model__max_depth': 4, 'model__min_samples_split': 10, 'model__n_estimators': 20};-0,23194774585110908;-0,2409397020502464;-0,22756336745102487;-0,23438763995410716;-0,23835335715512274;-0,23463836249232206;0,0047088406238568;39
0,24985651969909667;0,005041011027603579;0,005127048492431641;0,0008032162147556453;4;10;25;{'model__max_depth': 4, 'model__min_samples_split': 10, 'model__n_estimators': 25};-0,23312380468307392;-0,24024831318342577;-0,2282930481259937;-0,23701405747391444;-0,23671946140906813;-0,2350797369750952;0,004075028556914205;70
0,3968817234039307;0,005076307890662491;0,0059721946716308595;0,00011138934386904472;4;10;40;{'model__max_depth': 4, 'model__min_samples_split': 10, 'model__n_estimators': 40};-0,23482257540738546;-0,238004093214691;-0,23025011061634604;-0,23584045196724013;-0,2359790395970043;-0,2349792541605334;0,002579931424593676;65
0,49681429862976073;0,005867834743962682;0,007741737365722656;0,0004094901223245826;4;10;50;{'model__max_depth': 4, 'model__min_samples_split': 10, 'model__n_estimators': 50};-0,23407000863131083;-0,23727262501109203;-0,22917321901885404;-0,23477850359630395;-0,23544074351933436;-0,23414701995537907;0,002705051781877728;30
0,9898018360137939;0,01710806670767313;0,011574554443359374;0,0008885330609676057;4;10;100;{'model__max_depth': 4, 'model__min_samples_split': 10, 'model__n_estimators': 100};-0,23228138830987974;-0,2366219890361455;-0,2292185291190966;-0,23332213986246933;-0,23572578339917455;-0,23343396594535312;0,002627803888566732;14
2,006776762008667;0,019602309484167305;0,021628570556640626;0,0012691314329461353;4;10;200;{'model__max_depth': 4, 'model__min_samples_split': 10, 'model__n_estimators': 200};-0,23218646195091144;-0,2367969822721943;-0,22927823922596322;-0,23322200397843562;-0,23509144854569342;-0,2333150271946396;0,002563499713701698;10
0,0644343376159668;0,001785161599649468;0,001955604553222656;0,0001068522384223282;5;2;5;{'model__max_depth': 5, 'model__min_samples_split': 2, 'model__n_estimators': 5};-0,24179329139304437;-0,2388614129890552;-0,23956693211928415;-0,23875683333640604;-0,23973452718877958;-0,23974259940531387;0,0010940279728975566;233
0,12418689727783203;0,002497949492975101;0,003025341033935547;0,0006484782587415712;5;2;10;{'model__max_depth': 5, 'model__min_samples_split': 2, 'model__n_estimators': 10};-0,23605428949831742;-0,24207782526343605;-0,22894181542136158;-0,23292557896229377;-0,23936086624808176;-0,2358720750786981;0,004635224688313472;96
0,18174548149108888;0,002405802744156523;0,004016971588134766;1,1553440609000587e-05;5;2;15;{'model__max_depth': 5, 'model__min_samples_split': 2, 'model__n_estimators': 15};-0,23384232743817848;-0,24186103313131416;-0,22814840111173385;-0,23349462379706007;-0,23844457211196549;-0,23515819151805042;0,004676847238900747;71
0,24180006980895996;0,0028862361643508644;0,0036667346954345702;0,0005801366851942978;5;2;20;{'model__max_depth': 5, 'model__min_samples_split': 2, 'model__n_estimators': 20};-0,2317053308934009;-0,24086462569442943;-0,22895826521004384;-0,23598073834070787;-0,23610231290832373;-0,23472225460938115;0,004087602408763566;45
0,29796223640441893;0,00280376011547194;0,0050659656524658205;0,0010254382521738632;5;2;25;{'model__max_depth': 5, 'model__min_samples_split': 2, 'model__n_estimators': 25};-0,23270541663425745;-0,23975333908599147;-0,22963547315301902;-0,23738226102116483;-0,23496367444410296;-0,23488803286770715;0,00352849252531841;59
0,5119237422943115;0,03345159305979878;0,007534170150756836;0,0024706066634243204;5;2;40;{'model__max_depth': 5, 'model__min_samples_split': 2, 'model__n_estimators': 40};-0,23499948847899152;-0,23783349752186114;-0,23051352215571158;-0,23698155740529875;-0,23348819415239352;-0,23476325194285125;0,002611094420884502;48
0,6317094326019287;0,03285062884513152;0,006385231018066406;0,0008714850841001204;5;2;50;{'model__max_depth': 5, 'model__min_samples_split': 2, 'model__n_estimators': 50};-0,23423716956473867;-0,2378257340280224;-0,22914823410507626;-0,23561312325290396;-0,2325880668292449;-0,23388246555599723;0,0029243383092540706;22
1,22378249168396;0,024444929761043385;0,012461042404174805;0,0010220278148412407;5;2;100;{'model__max_depth': 5, 'model__min_samples_split': 2, 'model__n_estimators': 100};-0,23337071288410144;-0,2374706728551412;-0,22933652393464735;-0,2340910813157162;-0,23232663766796785;-0,2333191257315148;0,002633631326008917;11
2,346235990524292;0,014579224040460744;0,022495365142822264;0,003128416860748345;5;2;200;{'model__max_depth': 5, 'model__min_samples_split': 2, 'model__n_estimators': 200};-0,23330763400192475;-0,23702296227816622;-0,2291569908722943;-0,23387688929263167;-0,23125487249232296;-0,23292386978746799;0,002639432102919118;4
0,07121458053588867;0,008632257274529412;0,0022096157073974608;0,00041141526589635657;5;5;5;{'model__max_depth': 5, 'model__min_samples_split': 5, 'model__n_estimators': 5};-0,2452701568251328;-0,23708403494403293;-0,23994749220239475;-0,2387334702652485;-0,23990510601461132;-0,24018805205028407;0,0027465049356342618;252
0,12362804412841796;0,002545277843345649;0,003803539276123047;0,0006751806618307948;5;5;10;{'model__max_depth': 5, 'model__min_samples_split': 5, 'model__n_estimators': 10};-0,23734604533819248;-0,24088084890358183;-0,22906541506947906;-0,23262190564847807;-0,23931940126250562;-0,23584672324444744;0,004382589864475535;94
0,17977776527404785;0,001265193610653485;0,003635883331298828;0,0012346325490690464;5;5;15;{'model__max_depth': 5, 'model__min_samples_split': 5, 'model__n_estimators': 15};-0,23401338242644065;-0,24148896785346408;-0,22826995063368347;-0,23338383649465488;-0,23821498569709365;-0,23507422462106736;0,0045009833047783485;69
0,23898720741271973;0,003318467299539045;0,004614830017089844;0,0007992049243771313;5;5;20;{'model__max_depth': 5, 'model__min_samples_split': 5, 'model__n_estimators': 20};-0,23206494333207545;-0,2402657140533451;-0,22838288142414734;-0,23592530460304792;-0,23536129496195937;-0,23440002767491505;0,00398284945952112;33
0,2992688179016113;0,004317565485439664;0,00442352294921875;0,0008036562821113361;5;5;25;{'model__max_depth': 5, 'model__min_samples_split': 5, 'model__n_estimators': 25};-0,23307678493180375;-0,23944299116755993;-0,229501448065693;-0,2372855360949209;-0,23460439593754925;-0,23478223123950537;0,003429753977707463;50
0,4728543758392334;0,007666150802907086;0,006461620330810547;0,0009137805651282419;5;5;40;{'model__max_depth': 5, 'model__min_samples_split': 5, 'model__n_estimators': 40};-0,23545285430248958;-0,23787422330171892;-0,23052147716957824;-0,2370158573301703;-0,23351981830321278;-0,23487684608143394;0,0026344710111462855;57
0,5907047748565674;0,009492610203082185;0,00817112922668457;0,00031158564256304614;5;5;50;{'model__max_depth': 5, 'model__min_samples_split': 5, 'model__n_estimators': 50};-0,23434832765595523;-0,23792584438076414;-0,22917995230224927;-0,23588314885514058;-0,23265886420635018;-0,2339992274800919;0,002970230223742385;24
1,1687608242034913;0,009032680958117236;0,012945413589477539;0,0009005469234311835;5;5;100;{'model__max_depth': 5, 'model__min_samples_split': 5, 'model__n_estimators': 100};-0,2331219598225507;-0,23730283085010367;-0,22882067147475388;-0,23395974375861192;-0,2323115898083799;-0,23310335914288002;0,002732676913097958;5
2,3906983375549316;0,03473412591256095;0,022940587997436524;0,001048111431548819;5;5;200;{'model__max_depth': 5, 'model__min_samples_split': 5, 'model__n_estimators': 200};-0,23287598969949042;-0,23676166598912907;-0,22917549471602816;-0,23358817877028568;-0,23143081756803432;-0,23276642934859354;0,0025031125328336167;2
0,061516761779785156;0,000886504361799789;0,0033655643463134767;0,0009185766114315233;5;10;5;{'model__max_depth': 5, 'model__min_samples_split': 10, 'model__n_estimators': 5};-0,24244832958977186;-0,23707701173002776;-0,24006825999292813;-0,23834501353288073;-0,2389944570441603;-0,23938661437795378;0,0018117243095407067;225
0,12100019454956054;0,0009935248924797873;0,0028487682342529298;0,0009489480517260756;5;10;10;{'model__max_depth': 5, 'model__min_samples_split': 10, 'model__n_estimators': 10};-0,23540991754683907;-0,24095035227923878;-0,22954619973071863;-0,23221695424696873;-0,24022125040738126;-0,2356689348422293;0,004429178081399866;90
0,17842159271240235;0,002495248138333283;0,004167985916137695;0,0012831685570525624;5;10;15;{'model__max_depth': 5, 'model__min_samples_split': 10, 'model__n_estimators': 15};-0,23349594063297074;-0,24121580005531493;-0,22870285296034928;-0,23295444090423742;-0,23828939433223234;-0,23493168577702095;0,00437112156472584;61
0,23536477088928223;0,0008542742914369189;0,0044231414794921875;0,0007985076382546926;5;10;20;{'model__max_depth': 5, 'model__min_samples_split': 10, 'model__n_estimators': 20};-0,23143798741767077;-0,2409888512939383;-0,22876830551113553;-0,23502993722498042;-0,23653734927210615;-0,23455248614396623;0,004213105396860984;38
0,2956818103790283;0,0035071124569332718;0,004959583282470703;0,0005531745720916403;5;10;25;{'model__max_depth': 5, 'model__min_samples_split': 10, 'model__n_estimators': 25};-0,23246163488797802;-0,23991782343623827;-0,22941335100278898;-0,23654999739772378;-0,23583155175075346;-0,23483487169509648;0,0035999045896166126;52
0,46730217933654783;0,0012928785523508022;0,006546211242675781;0,0006404996343157661;5;10;40;{'model__max_depth': 5, 'model__min_samples_split': 10, 'model__n_estimators': 40};-0,23467981301560403;-0,23805345881863596;-0,23072355776878403;-0,23670361050122876;-0,23455692800825986;-0,23494347362250254;0,0024818023286316037;63
0,5820122718811035;0,004751372345416724;0,008124399185180663;0,0004901404811754413;5;10;50;{'model__max_depth': 5, 'model__min_samples_split': 10, 'model__n_estimators': 50};-0,23394829272326817;-0,2375298759225529;-0,22913397788435583;-0,23560262841054486;-0,23359081995697295;-0,23396111897953892;0,002788159118922755;23
1,1655210971832275;0,0013978874915728007;0,012503242492675782;0,0010204017447646785;5;10;100;{'model__max_depth': 5, 'model__min_samples_split': 10, 'model__n_estimators': 100};-0,23301012327282766;-0,23697708791244765;-0,22926929282582015;-0,23344766498625036;-0,23302427917018206;-0,23314568963350557;0,0024425549260940387;7
2,3233203887939453;0,010234037036279443;0,02274470329284668;0,001784545092469908;5;10;200;{'model__max_depth': 5, 'model__min_samples_split': 10, 'model__n_estimators': 200};-0,23291763052173547;-0,236503141486362;-0,22954441041565685;-0,23334317063409485;-0,23192124187368177;-0,2328459189863062;0,0022531162759670967;3
0,07413854598999023;0,003713938101908501;0,002605152130126953;0,0008011827439351451;6;2;5;{'model__max_depth': 6, 'model__min_samples_split': 2, 'model__n_estimators': 5};-0,24961940792567028;-0,2409536043977636;-0,24093056095001805;-0,24010438600018463;-0,23887931285206526;-0,24209745442514036;0,003836106741540358;332
0,145729923248291;0,007373387496821675;0,00290679931640625;0,0009178134940172832;6;2;10;{'model__max_depth': 6, 'model__min_samples_split': 2, 'model__n_estimators': 10};-0,23774308830630794;-0,24451593440428918;-0,23052683569278418;-0,23677018045400083;-0,23673982772055283;-0,23725917331558696;0,004443601218604488;144
0,21731190681457518;0,0173687998061473;0,0036531925201416016;0,0008292518936367701;6;2;15;{'model__max_depth': 6, 'model__min_samples_split': 2, 'model__n_estimators': 15};-0,23611862408258252;-0,23995875715282342;-0,22998671052853806;-0,23608351364674274;-0,2336711693364513;-0,2351637549494276;0,00327961516038809;72
0,29013500213623045;0,01098809738222222;0,003956222534179687;0,00010392092362743981;6;2;20;{'model__max_depth': 6, 'model__min_samples_split': 2, 'model__n_estimators': 20};-0,23503353333574165;-0,24201178558850808;-0,22930758245036045;-0,2363854968093021;-0,23344581881770218;-0,23523684340032286;0,004138223912691827;74
0,3490877151489258;0,009273716980769016;0,005036020278930664;0,0006189019461995985;6;2;25;{'model__max_depth': 6, 'model__min_samples_split': 2, 'model__n_estimators': 25};-0,23670719759327857;-0,24003510781913082;-0,23082529526813408;-0,23871056753408237;-0,23297763447434036;-0,23585116053779323;0,0034621061916097384;95
0,5483709335327148;0,0076066198565915445;0,006091690063476563;0,0001566384008995051;6;2;40;{'model__max_depth': 6, 'model__min_samples_split': 2, 'model__n_estimators': 40};-0,2372430438549068;-0,2375231009825152;-0,23169244804841083;-0,23745625703897513;-0,23241587758219784;-0,23526614550140118;0,002634156578018393;76
0,6852772235870361;0,00665724827615656;0,007847404479980469;0,001141182628627358;6;2;50;{'model__max_depth': 6, 'model__min_samples_split': 2, 'model__n_estimators': 50};-0,23677573569081917;-0,236987483704952;-0,23054277264644624;-0,2361192567681802;-0,23143366850441513;-0,23437178346296256;0,0027917156146301113;32
1,3588546752929687;0,020651995165857792;0,014387083053588868;0,001799314719658146;6;2;100;{'model__max_depth': 6, 'model__min_samples_split': 2, 'model__n_estimators': 100};-0,23461551075113257;-0,23748911546372709;-0,22974640711659347;-0,23535326584823502;-0,23130937769746493;-0,23370273537543063;0,0028026693764175038;20
2,723379373550415;0,0395760254806566;0,022699785232543946;0,0013204813242453663;6;2;200;{'model__max_depth': 6, 'model__min_samples_split': 2, 'model__n_estimators': 200};-0,23390276966456636;-0,2377038497737261;-0,23008796762183306;-0,2345386346565168;-0,22954322910587746;-0,23315529016450398;0,0030205037585563765;8
0,07147178649902344;0,0013323559481676873;0,002988386154174805;0,0009311825951475306;6;5;5;{'model__max_depth': 6, 'model__min_samples_split': 5, 'model__n_estimators': 5};-0,2472171350036037;-0,2427613292049023;-0,24506417635546632;-0,24077098613623793;-0,2352567462083405;-0,24221407458171015;0,004097318725333452;336
0,13936333656311034;0,0018511933610532484;0,0033541202545166017;0,0007688362316992099;6;5;10;{'model__max_depth': 6, 'model__min_samples_split': 5, 'model__n_estimators': 10};-0,23777308245128445;-0,2450711062385228;-0,2327705312101303;-0,23516668857311201;-0,23581152251025353;-0,23731858619666063;0,004192728046095194;146
0,20694456100463868;0,0027236004053377057;0,0038362979888916016;0,00016442425254255217;6;5;15;{'model__max_depth': 6, 'model__min_samples_split': 5, 'model__n_estimators': 15};-0,23638631072189029;-0,24102725777135808;-0,2320546178349579;-0,2357028230543813;-0,23328541234461295;-0,2356912843454401;0,0030973979596007756;91
0,2763108253479004;0,002962378312181208;0,003841257095336914;0,0007607812844595313;6;5;20;{'model__max_depth': 6, 'model__min_samples_split': 5, 'model__n_estimators': 20};-0,23522449093431838;-0,24324603989699212;-0,23060726801912523;-0,23583689006887276;-0,2328643068629905;-0,2355557991564598;0,004267567716379367;88
0,3385896682739258;0,004406989928259835;0,0057903766632080075;0,0006851570998216587;6;5;25;{'model__max_depth': 6, 'model__min_samples_split': 5, 'model__n_estimators': 25};-0,23685855920056703;-0,24118322798938033;-0,23130248201495454;-0,2379792491904084;-0,23302186590869764;-0,23606907686080159;0,003533624300081096;102
0,5429057598114013;0,010989719635001624;0,006881093978881836;0,0010014060167895518;6;5;40;{'model__max_depth': 6, 'model__min_samples_split': 5, 'model__n_estimators': 40};-0,23634915860986427;-0,23810896330905112;-0,2324442673703016;-0,23652672700636454;-0,2328000681484991;-0,23524583688881612;0,002230966952233902;75
0,6730574131011963;0,004193255827835822;0,007625770568847656;0,000495702933864389;6;5;50;{'model__max_depth': 6, 'model__min_samples_split': 5, 'model__n_estimators': 50};-0,23548606531767025;-0,23668071152622278;-0,2310640335087736;-0,2353064016588099;-0,2320911130948465;-0,23412566502126458;0,0021580583715817684;29
1,3463428974151612;0,019234147504116353;0,013063335418701172;0,0008449224337508198;6;5;100;{'model__max_depth': 6, 'model__min_samples_split': 5, 'model__n_estimators': 100};-0,23394266432156083;-0,23742517320518342;-0,2307315690975262;-0,2349461970089745;-0,23138192021329318;-0,23368550476930766;0,002436096620763966;19
2,702424955368042;0,023727118780896988;0,022191619873046874;0,000663576200727574;6;5;200;{'model__max_depth': 6, 'model__min_samples_split': 5, 'model__n_estimators': 200};-0,2338161402352692;-0,23713102278097664;-0,2305377809438293;-0,23414384986116324;-0,2299304786059277;-0,2331118544854332;0,002625328693521501;6
0,06972589492797851;0,00100515600838407;0,0035074710845947265;0,0010016453035731514;6;10;5;{'model__max_depth': 6, 'model__min_samples_split': 10, 'model__n_estimators': 5};-0,24532476325924374;-0,23880302957001645;-0,24258321765997726;-0,2379261855886656;-0,23783656848725665;-0,24049475291303196;0,0029737550455370956;259
0,13607182502746581;0,0010124891748612137;0,0033811092376708984;0,0008512871181861371;6;10;10;{'model__max_depth': 6, 'model__min_samples_split': 10, 'model__n_estimators': 10};-0,2368991472433566;-0,24355565814151683;-0,231354963405599;-0,2332616241886055;-0,23720700174272533;-0,23645567894436065;0,004180673138855373;114
0,20528912544250488;0,003517982275133784;0,0042003154754638675;0,0004060165949417593;6;10;15;{'model__max_depth': 6, 'model__min_samples_split': 10, 'model__n_estimators': 15};-0,23593589408541754;-0,24052809577950657;-0,2309761992586129;-0,23403257322858523;-0,2336255911700031;-0,23501967070442506;0,0031764663574439388;67
0,2736732006072998;0,008791434752051748;0,004743719100952148;0,0009134969772827971;6;10;20;{'model__max_depth': 6, 'model__min_samples_split': 10, 'model__n_estimators': 20};-0,23410928612473042;-0,24250809617541283;-0,2295564268948027;-0,2345571582579052;-0,232908186539713;-0,23472783079851284;0,004266117193150285;46
0,33513484001159666;0,0017489324225937416;0,004431486129760742;0,000672811958297741;6;10;25;{'model__max_depth': 6, 'model__min_samples_split': 10, 'model__n_estimators': 25};-0,23624189461063377;-0,2406946995905383;-0,23060681901023639;-0,2368857581846777;-0,23255184009259786;-0,2353962022977368;0,003522403566283944;81
0,5327138900756836;0,007930440659069529;0,006071853637695313;0,00013753122779871209;6;10;40;{'model__max_depth': 6, 'model__min_samples_split': 10, 'model__n_estimators': 40};-0,23650681133103946;-0,23718530837880225;-0,23170990460561858;-0,23608302948445467;-0,23228394957235426;-0,23475380067445384;0,002285501829015146;47
0,6756086349487305;0,018601465004525728;0,0070496082305908205;0,0009036110875353614;6;10;50;{'model__max_depth': 6, 'model__min_samples_split': 10, 'model__n_estimators': 50};-0,2360124218846107;-0,2359315167545336;-0,2304748554451042;-0,23485597086896318;-0,23127738161102937;-0,2337104293128482;0,002363612660898665;21
1,3212957859039307;0,013269942247173355;0,013346385955810548;0,001070830175112917;6;10;100;{'model__max_depth': 6, 'model__min_samples_split': 10, 'model__n_estimators': 100};-0,23422788621184204;-0,23612522109571793;-0,2303374261907275;-0,2338378541507645;-0,23141150503168031;-0,23318797853614645;0,002069427308616926;9
2,664561700820923;0,025859689454242052;0,022742700576782227;0,0008171648463093082;6;10;200;{'model__max_depth': 6, 'model__min_samples_split': 10, 'model__n_estimators': 200};-0,23356482115236019;-0,23640303691349343;-0,23022914156524607;-0,2333706179247875;-0,23016150438773034;-0,23274582438872354;0,002343020632192914;1
0,08087186813354492;0,0012600137775938558;0,002553701400756836;0,0008458634765250268;7;2;5;{'model__max_depth': 7, 'model__min_samples_split': 2, 'model__n_estimators': 5};-0,24433657055672672;-0,2536841407868398;-0,2440600158624614;-0,24834634357853674;-0,23986328562964404;-0,24605807128284174;0,0046631381210735035;496
0,1570420265197754;0,0023512629556572354;0,004025650024414062;8,344514028254455e-06;7;2;10;{'model__max_depth': 7, 'model__min_samples_split': 2, 'model__n_estimators': 10};-0,24129200051809535;-0,24884358078607346;-0,2340250832584776;-0,2366885328387276;-0,23603453040988728;-0,23937674556225225;0,005297666465267969;224
0,23544573783874512;0,0055922237037395696;0,004012537002563476;7,296387624590566e-06;7;2;15;{'model__max_depth': 7, 'model__min_samples_split': 2, 'model__n_estimators': 15};-0,23809779327371522;-0,24449409427705024;-0,23390617417752793;-0,23401122349137277;-0,23208060842257636;-0,2365179787284485;0,004447692284867166;116
0,3194905757904053;0,01208133700050498;0,004457998275756836;0,0007840645644571529;7;2;20;{'model__max_depth': 7, 'model__min_samples_split': 2, 'model__n_estimators': 20};-0,23667943629408608;-0,2470205018870507;-0,23303509205990983;-0,2348948911512259;-0,23135291646467612;-0,2365965675713897;0,005508919335571486;117
0,38741421699523926;0,009110864655885368;0,005168724060058594;0,0009452593694288215;7;2;25;{'model__max_depth': 7, 'model__min_samples_split': 2, 'model__n_estimators': 25};-0,23851441909641877;-0,24429835049381587;-0,23381308410262414;-0,23692788927961977;-0,23197398350819814;-0,23710554529613534;0,004264414631606635;132
0,6158166408538819;0,00633332750588587;0,006317281723022461;0,000366139671971186;7;2;40;{'model__max_depth': 7, 'model__min_samples_split': 2, 'model__n_estimators': 40};-0,23782703653117426;-0,23942985237838038;-0,23450003114976395;-0,23582946548406666;-0,23006389095812269;-0,2355300553003016;0,0032098002694782857;87
0,7644360542297364;0,007884184715011774;0,007670211791992188;0,0009650480745153962;7;2;50;{'model__max_depth': 7, 'model__min_samples_split': 2, 'model__n_estimators': 50};-0,23762658058487385;-0,23836708060611864;-0,23357662049676942;-0,23497838669395352;-0,22935719936207638;-0,23478117354875838;0,0032206958155866832;49
1,5321794033050538;0,020576520772078815;0,01224069595336914;0,00028051926773521514;7;2;100;{'model__max_depth': 7, 'model__min_samples_split': 2, 'model__n_estimators': 100};-0,23687570398133773;-0,23915106110191525;-0,23297492435428102;-0,23495980602308494;-0,23043941854071917;-0,23488018280026762;0,0030192463650415137;58
3,038417434692383;0,013087069243599174;0,022460269927978515;0,0010534397656836603;7;2;200;{'model__max_depth': 7, 'model__min_samples_split': 2, 'model__n_estimators': 200};-0,23606156244198487;-0,23912042152472435;-0,23201522115112821;-0,234566649571456;-0,22881595134582397;-0,23411596120702347;0,00350817104913702;28
0,08097267150878906;0,0011329490828266638;0,0034130573272705077;0,0009695851884837121;7;5;5;{'model__max_depth': 7, 'model__min_samples_split': 5, 'model__n_estimators': 5};-0,248416544313425;-0,24855349026258605;-0,24262619162253357;-0,2475647763392229;-0,23883693273703432;-0,24519958705496042;0,003854797922079921;479
0,1563243865966797;0,0029617054714064952;0,004372215270996094;0,0008351223754300613;7;5;10;{'model__max_depth': 7, 'model__min_samples_split': 5, 'model__n_estimators': 10};-0,24272306679588404;-0,24486550346897482;-0,23314635932467798;-0,23651789534729198;-0,23456197049945915;-0,23836295908725758;0,004612121208274596;193
0,23194279670715331;0,004385562271340223;0,0037589073181152344;0,000792403191847951;7;5;15;{'model__max_depth': 7, 'model__min_samples_split': 5, 'model__n_estimators': 15};-0,24079261137924973;-0,24267554201523225;-0,23295736257202804;-0,23429491795975707;-0,23178034560661176;-0,23650015590657575;0,004387519478177333;115
0,3088381767272949;0,008051902453706919;0,004867267608642578;0,0007699909143846616;7;5;20;{'model__max_depth': 7, 'model__min_samples_split': 5, 'model__n_estimators': 20};-0,23838093074379518;-0,24566182269848494;-0,23188816694065228;-0,2351690213579038;-0,23113320595728612;-0,23644662953962445;0,005278364144337565;113
0,3792910575866699;0,0038968687655479436;0,004419565200805664;0,0003770983390819588;7;5;25;{'model__max_depth': 7, 'model__min_samples_split': 5, 'model__n_estimators': 25};-0,24030186938409154;-0,24290787104195596;-0,23274669779039384;-0,23705154730008998;-0,230935808583432;-0,23678875881999267;0,004482182991456122;124
0,6094594955444336;0,005738941565710911;0,007231616973876953;0,0009873997221858648;7;5;40;{'model__max_depth': 7, 'model__min_samples_split': 5, 'model__n_estimators': 40};-0,23831342897974248;-0,23889651808814474;-0,23398625823611743;-0,23630841779500672;-0,22994081712621645;-0,2354890880450456;0,003264983616391322;85
0,7492116928100586;0,007314004513264751;0,007624244689941407;0,000807060724756847;7;5;50;{'model__max_depth': 7, 'model__min_samples_split': 5, 'model__n_estimators': 50};-0,2375309760075138;-0,2377779394899021;-0,2337491840094282;-0,23490296842882155;-0,22930142461428096;-0,23465249850998932;0,0030843708637959943;40
1,5155593395233153;0,014524294585986709;0,014142608642578125;0,0019039718156780008;7;5;100;{'model__max_depth': 7, 'model__min_samples_split': 5, 'model__n_estimators': 100};-0,23572204302430463;-0,2387951474032425;-0,2321116464609238;-0,2351000643943019;-0,22961163257958636;-0,23426810677247184;0,0031506587871698685;31
3,0097605705261232;0,02238193975010035;0,022332477569580077;0,0009706680115662539;7;5;200;{'model__max_depth': 7, 'model__min_samples_split': 5, 'model__n_estimators': 200};-0,23533071278201373;-0,23877880650741445;-0,2311865687013453;-0,23425646588655838;-0,22836365468207342;-0,23358324171188105;0,0035633947229032374;18
0,07700967788696289;0,001089141058952928;0,003606224060058594;0,0008015156430515562;7;10;5;{'model__max_depth': 7, 'model__min_samples_split': 10, 'model__n_estimators': 5};-0,24615485640732485;-0,2424610944663523;-0,24486605701243616;-0,24396393108315173;-0,24202557988097678;-0,24389430377004837;0,0015235135991848977;442
0,1503194808959961;0,001329714665563924;0,0027075767517089843;0,0007490369236677296;7;10;10;{'model__max_depth': 7, 'model__min_samples_split': 10, 'model__n_estimators': 10};-0,2410206608645826;-0,2438368849073396;-0,23295370822016348;-0,23425473399403665;-0,23794663038321717;-0,23800252367386793;0,004066657402200646;173
0,22370023727416993;0,0023325530584314487;0,004158401489257812;0,00020175709888169564;7;10;15;{'model__max_depth': 7, 'model__min_samples_split': 10, 'model__n_estimators': 15};-0,23884117202348934;-0,24103997594508775;-0,23260975198024533;-0,23249264129462222;-0,23349103239606273;-0,2356949147279015;0,003552421597702362;92
0,2967954635620117;0,0018812784497825661;0,004159450531005859;0,00044359048808738225;7;10;20;{'model__max_depth': 7, 'model__min_samples_split': 10, 'model__n_estimators': 20};-0,23725095149542605;-0,2450162158022115;-0,2316345495500991;-0,23439267546704962;-0,23360492440231304;-0,23637986334341984;0,004680012460260895;110
0,37244372367858886;0,006830740072006692;0,005526208877563476;0,0009027450628166819;7;10;25;{'model__max_depth': 7, 'model__min_samples_split': 10, 'model__n_estimators': 25};-0,23956458714798254;-0,24226604180303257;-0,2328193470368937;-0,23606684297587832;-0,23323530630394212;-0,23679042505354583;0,0036499384946793974;125
0,5878520965576172;0,003411278291392621;0,0059187889099121095;0,0004894416587931969;7;10;40;{'model__max_depth': 7, 'model__min_samples_split': 10, 'model__n_estimators': 40};-0,23789633534066534;-0,2385986348819183;-0,23335238106371067;-0,23581058041632488;-0,2326743011631414;-0,2356664465731521;0,0023621490255667276;89
0,7346282005310059;0,005058610779654092;0,007621574401855469;0,0009553341297469602;7;10;50;{'model__max_depth': 7, 'model__min_samples_split': 10, 'model__n_estimators': 50};-0,2369334812168279;-0,23687000246553064;-0,23254840863957846;-0,23452262636382154;-0,23160730741977864;-0,23449636522110745;0,00217786903257597;36
1,4727396965026855;0,019046142047274013;0,012589025497436523;0,0010822158716967665;7;10;100;{'model__max_depth': 7, 'model__min_samples_split': 10, 'model__n_estimators': 100};-0,23589691457731018;-0,23761751508525827;-0,23178695869987756;-0,23439047536612725;-0,2308405528842374;-0,23410648332256212;0,0025163519507677805;27
2,937092685699463;0,03394311922761052;0,02299036979675293;0,001022386256229879;7;10;200;{'model__max_depth': 7, 'model__min_samples_split': 10, 'model__n_estimators': 200};-0,23527987646645268;-0,2377525812936134;-0,23130283306312044;-0,23400185514049535;-0,22926975382426218;-0,23352137995758881;0,0029740378686087033;16
0,08817481994628906;0,0015070869312603884;0,0025529861450195312;0,0008461586552972693;8;2;5;{'model__max_depth': 8, 'model__min_samples_split': 2, 'model__n_estimators': 5};-0,2520794832165048;-0,2538298237252758;-0,2509940661358501;-0,25299610060663646;-0,24535665239655807;-0,2510512252161651;0,0029997296955834377;531
0,1737654209136963;0,0003038535681090451;0,003921937942504883;0,0004936459852686039;8;2;10;{'model__max_depth': 8, 'model__min_samples_split': 2, 'model__n_estimators': 10};-0,2452733308180547;-0,24513499133807903;-0,23694915929621738;-0,23991919943852205;-0,23957788823599616;-0,24137091382537385;0,003294585450331757;288
0,2569290637969971;0,0021086329868535525;0,003772878646850586;0,00035549985366695695;8;2;15;{'model__max_depth': 8, 'model__min_samples_split': 2, 'model__n_estimators': 15};-0,24251554425353597;-0,2438963471478789;-0,23579991841863107;-0,23711569907751298;-0,23476491268414412;-0,23881848431634056;0,0036849858545417854;213
0,34445929527282715;0,0036113543407659526;0,004420232772827148;0,0007950403247453494;8;2;20;{'model__max_depth': 8, 'model__min_samples_split': 2, 'model__n_estimators': 20};-0,2405824647542049;-0,24769000038573832;-0,23412917143722078;-0,2376103244041541;-0,23324750814934744;-0,2386518938261331;0,005218462292716337;206
0,4241353988647461;0,005324700523124586;0,005494165420532227;0,0009178413686319304;8;2;25;{'model__max_depth': 8, 'model__min_samples_split': 2, 'model__n_estimators': 25};-0,24151052852038385;-0,24451161096344956;-0,2354564554187411;-0,23878773175462742;-0,23288233079533494;-0,2386297314905074;0,0041478369669874626;204
0,6772806167602539;0,009210847867002587;0,007164478302001953;0,0012745508927032596;8;2;40;{'model__max_depth': 8, 'model__min_samples_split': 2, 'model__n_estimators': 40};-0,24112443472820785;-0,24280218551266883;-0,2369550932737316;-0,23836368275146794;-0,230884905853958;-0,23802606042400684;0,00411505388197477;174
0,8410494327545166;0,005584879337271672;0,007953262329101563;0,0001510537481215193;8;2;50;{'model__max_depth': 8, 'model__min_samples_split': 2, 'model__n_estimators': 50};-0,24082912881840232;-0,24111272599650158;-0,23649434319557636;-0,2373848500049094;-0,22999793034980034;-0,237163795673038;0,0040218248403945936;139
1,6947660446166992;0,02044442935584509;0,013598346710205078;0,002368078091224722;8;2;100;{'model__max_depth': 8, 'model__min_samples_split': 2, 'model__n_estimators': 100};-0,2385855771747619;-0,24146866867362735;-0,23454494455676764;-0,2366500454272349;-0,23064896121418768;-0,2363796394093159;0,003661810412095391;109
3,3744812488555906;0,02782239439577811;0,024341773986816407;0,0014892086119004488;8;2;200;{'model__max_depth': 8, 'model__min_samples_split': 2, 'model__n_estimators': 200};-0,23730785247575717;-0,24203469967874763;-0,23461488996522822;-0,23652697123516717;-0,22933738106287652;-0,23596435888355533;0,0041160283394930455;101
0,08600611686706543;0,0014472733311320886;0,0030070781707763673;0,0006339192622462529;8;5;5;{'model__max_depth': 8, 'model__min_samples_split': 5, 'model__n_estimators': 5};-0,2519960601423608;-0,2518015720496156;-0,250575119179503;-0,2521127653980117;-0,245307608463502;-0,2503586250465986;0,0025845671340131277;527
0,16819314956665038;0,0018692304064038877;0,002204227447509766;0,00040135396352582143;8;5;10;{'model__max_depth': 8, 'model__min_samples_split': 5, 'model__n_estimators': 10};-0,2453694470410202;-0,24685385896599576;-0,238006771444598;-0,23767527751392956;-0,23871312960658264;-0,24132369691442523;0,003951678295776425;286
0,25102791786193845;0,0038647178703487424;0,004771614074707031;0,0010153096954095883;8;5;15;{'model__max_depth': 8, 'model__min_samples_split': 5, 'model__n_estimators': 15};-0,24217674912676482;-0,24514711560826094;-0,2374656119412944;-0,2355850567768801;-0,23476399627753916;-0,23902770594614786;0,003995868833858276;218
0,33348808288574217;0,0016156390891334702;0,004613494873046875;0,0008048201244512182;8;5;20;{'model__max_depth': 8, 'model__min_samples_split': 5, 'model__n_estimators': 20};-0,24052785874029123;-0,2488162315475501;-0,23449089575604942;-0,23676172160279343;-0,23279169002890557;-0,23867767953511793;0,005693124373810891;207
0,4117687702178955;0,0034504594837437685;0,005420875549316406;0,0004862777156714471;8;5;25;{'model__max_depth': 8, 'model__min_samples_split': 5, 'model__n_estimators': 25};-0,2426503843701082;-0,24528876584478884;-0,23488952788133693;-0,23721450887528103;-0,2325058417887459;-0,2385098057520522;0,004773478403932776;202
0,6632285118103027;0,00797759404738691;0,00696711540222168;0,001083405025804214;8;5;40;{'model__max_depth': 8, 'model__min_samples_split': 5, 'model__n_estimators': 40};-0,24150765283796988;-0,2421276365263017;-0,23569966325166922;-0,23727745096023609;-0,23155887947656026;-0,23763425661054743;0,0038980464455518815;153
0,8188591003417969;0,0041201974103096;0,007744598388671875;0,00057658037117529;8;5;50;{'model__max_depth': 8, 'model__min_samples_split': 5, 'model__n_estimators': 50};-0,23997405322598395;-0,24055006471388515;-0,23539338494976803;-0,23593817038295947;-0,2303120611029427;-0,2364335468751079;0,0036954249308106916;112
1,6409039497375488;0,019649254686293402;0,013192272186279297;0,0008295296988825594;8;5;100;{'model__max_depth': 8, 'model__min_samples_split': 5, 'model__n_estimators': 100};-0,23732985165078985;-0,2403948526755722;-0,23400731076375889;-0,23531506218861453;-0,23051012096200735;-0,23551143964814858;0,00330056060133955;86
3,284331798553467;0,030751777594259053;0,023477840423583984;0,0010633446753269841;8;5;200;{'model__max_depth': 8, 'model__min_samples_split': 5, 'model__n_estimators': 200};-0,2363140007520646;-0,2413438809940067;-0,2335017779782632;-0,23533753874016614;-0,22941577960230988;-0,2351825956133621;0,003881928317987305;73
0,08295397758483887;0,001129020112728237;0,0023143768310546877;0,0004041588997544973;8;10;5;{'model__max_depth': 8, 'model__min_samples_split': 10, 'model__n_estimators': 5};-0,24538277819639384;-0,25082062574252506;-0,24873820994943302;-0,24595520628515838;-0,24544266234732454;-0,24726789650416697;0,0021629615364634268;511
0,16200828552246094;0,0026753037341808957;0,002910470962524414;0,0009235625591754777;8;10;10;{'model__max_depth': 8, 'model__min_samples_split': 10, 'model__n_estimators': 10};-0,24093842731442633;-0,24726775035320345;-0,2355969647533823;-0,2335279342072338;-0,2396699836216527;-0,23940021204997972;0,004759944934867045;227
0,2431875228881836;0,004098066987547313;0,004036903381347656;0,00033246877154810784;8;10;15;{'model__max_depth': 8, 'model__min_samples_split': 10, 'model__n_estimators': 15};-0,23855095607749008;-0,2455367707295013;-0,2343878528727154;-0,23240545624650655;-0,23492796521207662;-0,237161800227658;0,0046341665001105505;138
0,3231781005859375;0,00582368537104436;0,003906536102294922;0,000302620313664127;8;10;20;{'model__max_depth': 8, 'model__min_samples_split': 10, 'model__n_estimators': 20};-0,23794543892211248;-0,24813527744956196;-0,2320133302142242;-0,23397973167461075;-0,23347262882548112;-0,2371092814171981;0,0058525172397181306;134
0,39950289726257326;0,0068109489327837355;0,005216741561889648;0,0007907677085525157;8;10;25;{'model__max_depth': 8, 'model__min_samples_split': 10, 'model__n_estimators': 25};-0,23935613689854304;-0,24477231501141408;-0,23288030196765325;-0,2355644305328465;-0,23296757773446566;-0,2371081524289845;0,004498777120111078;133
0,632813835144043;0,00700054294591471;0,007278013229370117;0,0009377385572235844;8;10;40;{'model__max_depth': 8, 'model__min_samples_split': 10, 'model__n_estimators': 40};-0,23880670249113836;-0,2398436712779901;-0,23431629244234342;-0,23551972059649504;-0,23187850839892787;-0,23607297904137897;0,0029215403651996494;103
0,7919524192810059;0,007477076271362737;0,008224105834960938;0,001215283468140767;8;10;50;{'model__max_depth': 8, 'model__min_samples_split': 10, 'model__n_estimators': 50};-0,23830095882943045;-0,2381139107982689;-0,23383496107859714;-0,23473597925784956;-0,23136738199954146;-0,2352706383927375;0,002640056065047766;77
1,5859861850738526;0,021075519243988337;0,013480472564697265;0,0011666299062495103;8;10;100;{'model__max_depth': 8, 'model__min_samples_split': 10, 'model__n_estimators': 100};-0,23712110111161683;-0,2387453653055058;-0,23224940379789086;-0,23420255884661811;-0,2310566678061367;-0,23467501937355367;0,0028896480689137357;41
3,177722454071045;0,03625058503967098;0,022332763671875;0,0005081210542615201;8;10;200;{'model__max_depth': 8, 'model__min_samples_split': 10, 'model__n_estimators': 200};-0,23638474913828852;-0,23944515707599529;-0,23188609809598756;-0,2347168552742528;-0,22984646374952633;-0,2344558646668101;0,0033624998792746532;35
0,09500269889831543;0,001283277634916763;0,0025096893310546874;0,00044255481430040223;9;2;5;{'model__max_depth': 9, 'model__min_samples_split': 2, 'model__n_estimators': 5};-0,25085179509863237;-0,2555192417748016;-0,2520223632024229;-0,25395323325370583;-0,2501848556775156;-0,2525062978014157;0,0019764675061378655;533
0,18650455474853517;0,0026037894433224703;0,00382084846496582;0,0005141437791318854;9;2;10;{'model__max_depth': 9, 'model__min_samples_split': 2, 'model__n_estimators': 10};-0,24478043238449831;-0,2525145365242502;-0,2402933319592171;-0,24158219513303542;-0,24059966393967283;-0,24395403198813476;0,0045660331865073145;450
0,27909092903137206;0,0030068513029499083;0,00386662483215332;0,0007026002474806696;9;2;15;{'model__max_depth': 9, 'model__min_samples_split': 2, 'model__n_estimators': 15};-0,2412829117620884;-0,2504193766991896;-0,23915383490219902;-0,23673276850480396;-0,23803454561678067;-0,24112468749701232;0,004881361931012587;278
0,3725937843322754;0,004595757788903166;0,004562950134277344;0,0009084412107436306;9;2;20;{'model__max_depth': 9, 'model__min_samples_split': 2, 'model__n_estimators': 20};-0,23988311173480803;-0,2533982388036211;-0,23651891711348022;-0,23881177458864522;-0,2374804240125095;-0,24121849325061281;0,006196465407701426;280
0,4595157623291016;0,005595153220231356;0,005419206619262695;0,000939697573725524;9;2;25;{'model__max_depth': 9, 'model__min_samples_split': 2, 'model__n_estimators': 25};-0,24132280385183325;-0,2499722835262516;-0,23727370620079835;-0,23915353517875304;-0,23607592840982675;-0,2407596514334926;0,004936768491114725;270
0,7305053234100342;0,006429519963066703;0,006642532348632812;0,0007357539932610384;9;2;40;{'model__max_depth': 9, 'model__min_samples_split': 2, 'model__n_estimators': 40};-0,24127125766809532;-0,2477430663270573;-0,2384926167528535;-0,23874041731515488;-0,23287688013294197;-0,23982484763922057;0,00481695692093428;236
0,9110305309295654;0,00631322594671698;0,008021831512451172;0,0002869109408383537;9;2;50;{'model__max_depth': 9, 'model__min_samples_split': 2, 'model__n_estimators': 50};-0,2406332824225867;-0,24544158964283297;-0,23836220437733197;-0,23778960602046106;-0,23184464974578314;-0,2388142664417992;0,004405906897062028;212
1,835369634628296;0,02292278141100667;0,01383347511291504;0,0013615126743903036;9;2;100;{'model__max_depth': 9, 'model__min_samples_split': 2, 'model__n_estimators': 100};-0,23966947749848205;-0,245499832711654;-0,23651341127210862;-0,23633685200835922;-0,23219763831345383;-0,23804344236081154;0,004419697230731085;175
3,6421148777008057;0,022813448755982114;0,024550342559814455;0,0008704743702303557;9;2;200;{'model__max_depth': 9, 'model__min_samples_split': 2, 'model__n_estimators': 200};-0,23936386746931063;-0,2455827962162116;-0,23645002628664819;-0,236285890125505;-0,23091030713915633;-0,23771857744736632;0,0047868000940044075;155
0,09073901176452637;0,0010254644784379663;0,0030090808868408203;0,0008914502746512088;9;5;5;{'model__max_depth': 9, 'model__min_samples_split': 5, 'model__n_estimators': 5};-0,25069541328088013;-0,2531349134333576;-0,24631555382598072;-0,25740011402173707;-0,24877998183460762;-0,2512651952793126;0,003798235428715231;532
0,1790635585784912;0,0022345449579228046;0,0036586761474609376;0,0009687074098965017;9;5;10;{'model__max_depth': 9, 'model__min_samples_split': 5, 'model__n_estimators': 10};-0,24275726077433665;-0,2508869751769329;-0,23527998679941026;-0,24103601896781485;-0,24006447264022007;-0,24200494287174296;0,005086958866018781;326
0,26931147575378417;0,0068332333546749875;0,00422215461730957;0,0004054847515657295;9;5;15;{'model__max_depth': 9, 'model__min_samples_split': 5, 'model__n_estimators': 15};-0,23970379320787735;-0,2504193257346562;-0,23545870147658204;-0,2374571534292489;-0,2353885825991713;-0,23968551128950716;0,005594822658302506;232
0,35293011665344237;0,0030344114483843118;0,004315042495727539;0,0008720351824592564;9;5;20;{'model__max_depth': 9, 'model__min_samples_split': 5, 'model__n_estimators': 20};-0,23902548913325658;-0,2532105200035437;-0,2346940594507227;-0,23726598361149218;-0,2354423481252648;-0,23992768006485604;0,006809425829902333;241
0,44246468544006345;0,003846127170280902;0,005523109436035156;0,0007851545914471128;9;5;25;{'model__max_depth': 9, 'model__min_samples_split': 5, 'model__n_estimators': 25};-0,2408963295951344;-0,24974588994142446;-0,23597256607554765;-0,23847777311654503;-0,2349445593523901;-0,24000742361620833;0,0052892415483721976;246
0,703846788406372;0,002915464936030739;0,006426525115966797;0,0012085354231445755;9;5;40;{'model__max_depth': 9, 'model__min_samples_split': 5, 'model__n_estimators': 40};-0,24152846735417677;-0,24740278610414196;-0,23715008843556185;-0,23806433926293394;-0,23197818693577096;-0,23922477361851707;0,005105895378781259;220
0,8853687763214111;0,007369087160039503;0,008881711959838867;0,0009496149644256641;9;5;50;{'model__max_depth': 9, 'model__min_samples_split': 5, 'model__n_estimators': 50};-0,24104904364506433;-0,24488736036139072;-0,23686386205189208;-0,23699590663736073;-0,2311249038472861;-0,23818421530859876;0,004607139753136239;179
1,7572409152984618;0,019113874835538006;0,012497854232788087;0,0007861484583321752;9;5;100;{'model__max_depth': 9, 'model__min_samples_split': 5, 'model__n_estimators': 100};-0,23965297305837197;-0,2447864933305766;-0,23581720545562576;-0,23687697483005735;-0,2316400952879155;-0,2377547483925094;0,004358032478191277;162
3,5365105628967286;0,04737777335698195;0,02446465492248535;0,0015644661891269342;9;5;200;{'model__max_depth': 9, 'model__min_samples_split': 5, 'model__n_estimators': 200};-0,23930032613218769;-0,24467323440363362;-0,23548861590031558;-0,23612018157689554;-0,23056919500271833;-0,23723031060315014;0,0046544264292260745;143
0,08828015327453613;0,002458090566635629;0,0035586833953857424;0,0016463070542012514;9;10;5;{'model__max_depth': 9, 'model__min_samples_split': 10, 'model__n_estimators': 5};-0,2465281700243697;-0,24495357804274867;-0,2479027971978387;-0,24987909666487174;-0,24700889939501516;-0,24725450826496878;0,001624248358698209;510
0,17497801780700684;0,001304618212537153;0,004151391983032227;0,00025795618367879325;9;10;10;{'model__max_depth': 9, 'model__min_samples_split': 10, 'model__n_estimators': 10};-0,24192738617134535;-0,24637164997812852;-0,23592244442312713;-0,23631435387722374;-0,23917121509007808;-0,23994140990798057;0,0038779610146209894;242
0,2591381549835205;0,004403700151834627;0,004165124893188476;0,000302097298001212;9;10;15;{'model__max_depth': 9, 'model__min_samples_split': 10, 'model__n_estimators': 15};-0,2395362657164488;-0,24647688134590084;-0,23459895878642217;-0,2340805878939094;-0,23502780829509795;-0,23794410040755584;0,004689665276037375;168
0,3394315719604492;0,003990158941250236;0,004874753952026367;0,0010142757942834418;9;10;20;{'model__max_depth': 9, 'model__min_samples_split': 10, 'model__n_estimators': 20};-0,23855928236729443;-0,25087657429266846;-0,23299095654503424;-0,2343223230446937;-0,23493154698728985;-0,2383361366473961;0,006535828196409382;189
0,42218947410583496;0,00680007846731531;0,005204248428344727;0,0010244747902226547;9;10;25;{'model__max_depth': 9, 'model__min_samples_split': 10, 'model__n_estimators': 25};-0,24100471296354217;-0,2471393864112772;-0,2343821279179966;-0,2352115749140874;-0,23459738100948;-0,23846703664327668;0,0049781160431077685;199
0,6724966049194336;0,008174342748563716;0,0066639423370361325;0,0008042684380342232;9;10;40;{'model__max_depth': 9, 'model__min_samples_split': 10, 'model__n_estimators': 40};-0,23979600289638212;-0,2435559529744775;-0,2361001329864295;-0,2357474241819409;-0,2334155300150572;-0,2377230086108574;0,0035612238412748524;156
0,8390275478363037;0,011210193416902192;0,007677602767944336;0,0008305263125605016;9;10;50;{'model__max_depth': 9, 'model__min_samples_split': 10, 'model__n_estimators': 50};-0,2391725440030676;-0,24063445073957956;-0,2361646631596953;-0,2355688361412384;-0,23231926972381625;-0,23677195275347945;0,002909446869638491;123
1,667961597442627;0,016038388607644446;0,013039302825927735;0,0008595466058261895;9;10;100;{'model__max_depth': 9, 'model__min_samples_split': 10, 'model__n_estimators': 100};-0,23734308007191843;-0,24104622225530395;-0,23422593235004416;-0,23512666588688927;-0,23180108802356722;-0,23590859771754458;0,003123054323219255;99
3,3495247840881346;0,01818093787935849;0,023006916046142578;0,0008964957572397795;9;10;200;{'model__max_depth': 9, 'model__min_samples_split': 10, 'model__n_estimators': 200};-0,23775568818260798;-0,24157161947586406;-0,23397326083052608;-0,23521783599125953;-0,23039837246654982;-0,2357833553893615;0,0037413471734908375;93
0,10148472785949707;0,0018557020990299664;0,00240941047668457;0,0004967585385161839;10;2;5;{'model__max_depth': 10, 'model__min_samples_split': 2, 'model__n_estimators': 5};-0,25746493663989767;-0,26098988682823293;-0,25311011696038965;-0,25648318321824715;-0,24776867431638336;-0,25516335959263015;0,004469558962046645;545
0,20077571868896485;0,004406833716272009;0,004216194152832031;0,00024701329244317707;10;2;10;{'model__max_depth': 10, 'model__min_samples_split': 2, 'model__n_estimators': 10};-0,2518873943246935;-0,2559021864104621;-0,23679134695447593;-0,24139320685012625;-0,23972834538280136;-0,24514049598451182;0,007407785871024675;478
0,3001996994018555;0,0059959359210090095;0,00436697006225586;0,00020760405621233447;10;2;15;{'model__max_depth': 10, 'model__min_samples_split': 2, 'model__n_estimators': 15};-0,24687535928978135;-0,2551822351553785;-0,23754998353400447;-0,23911146446366832;-0,23553905747232887;-0,2428516199830323;0,007263666172902039;375
0,3946244239807129;0,004996576969576501;0,004817438125610351;0,0009897357811591084;10;2;20;{'model__max_depth': 10, 'model__min_samples_split': 2, 'model__n_estimators': 20};-0,24493930223628455;-0,25667143341038545;-0,2359214066442452;-0,24040469418521737;-0,2345819463882369;-0,2425037565728739;0,007964212701106501;357
0,49237985610961915;0,004367657244236937;0,005741024017333984;0,0005549693720062639;10;2;25;{'model__max_depth': 10, 'model__min_samples_split': 2, 'model__n_estimators': 25};-0,2468033010393335;-0,25358693710290303;-0,23811283628583987;-0,24043974833669915;-0,23546710030447945;-0,24288198461385097;0,006537010531290162;376
0,7853764057159424;0,006702587891190851;0,008240699768066406;0,001179044396782298;10;2;40;{'model__max_depth': 10, 'model__min_samples_split': 2, 'model__n_estimators': 40};-0,2443418197057905;-0,2533198787494481;-0,23971671354592805;-0,23925411911246683;-0,23303099341152567;-0,24193270490503185;0,006734945721408097;321
0,9858176708221436;0,02006951493992379;0,00862584114074707;0,0007063496935266923;10;2;50;{'model__max_depth': 10, 'model__min_samples_split': 2, 'model__n_estimators': 50};-0,24352584475697595;-0,2499223663387726;-0,2394229935717578;-0,23884856465347307;-0,23222640822353238;-0,24078923550890236;0,005828515084499136;271
1,9468411445617675;0,025451267793769817;0,013950729370117187;0,0004916428033944963;10;2;100;{'model__max_depth': 10, 'model__min_samples_split': 2, 'model__n_estimators': 100};-0,24061949491040488;-0,2479120166091915;-0,23864096791363154;-0,23839351880077433;-0,2332151002852752;-0,2397562197038555;0,004757084207754056;234
3,9209211826324464;0,053375642205812916;0,024872207641601564;0,0009298320134479729;10;2;200;{'model__max_depth': 10, 'model__min_samples_split': 2, 'model__n_estimators': 200};-0,24037084870269887;-0,24816615809714787;-0,2382333708684036;-0,23780813840891465;-0,23253949220227238;-0,2394236016558875;0,005074384768530343;229
0,09939122200012207;0,004252520050996736;0,003046083450317383;0,0006424938338839701;10;5;5;{'model__max_depth': 10, 'model__min_samples_split': 5, 'model__n_estimators': 5};-0,25692702841174964;-0,2565573024681632;-0,2497076699206643;-0,25387970504810964;-0,25055045364579054;-0,25352443189889545;0,0029770591051634368;535
0,19370718002319337;0,0042412919876487105;0,00375823974609375;0,000672843849444984;10;5;10;{'model__max_depth': 10, 'model__min_samples_split': 5, 'model__n_estimators': 10};-0,24698598893240595;-0,25362721008805666;-0,23751072716515542;-0,2394804108564853;-0,24202257597209864;-0,24392538260284038;0,005796878797104279;448
0,2824502944946289;0,0056996400823209675;0,0040228843688964845;1,4813758102429006e-05;10;5;15;{'model__max_depth': 10, 'model__min_samples_split': 5, 'model__n_estimators': 15};-0,2443209259619912;-0,2514672527349512;-0,23883491463316567;-0,23869366385832205;-0,23691631000034488;-0,24204661343775496;0,005325377651947266;331
0,3751570224761963;0,0034465525963369315;0,004021883010864258;0,0003176615996765383;10;5;20;{'model__max_depth': 10, 'model__min_samples_split': 5, 'model__n_estimators': 20};-0,24177739067360526;-0,25544651583412425;-0,23650027881781582;-0,23924812787577032;-0,23674089982010801;-0,24194264260428472;0,007018828415160948;322
0,4675919532775879;0,010217347809476697;0,005256938934326172;0,0007554563527566447;10;5;25;{'model__max_depth': 10, 'model__min_samples_split': 5, 'model__n_estimators': 25};-0,24314278129933747;-0,2520725923891275;-0,23716671588725524;-0,2399389218390725;-0,23542050661213743;-0,24154830360538604;0,005876075733207984;300
0,743276834487915;0,007954799000177025;0,006464910507202148;0,0008163050977038795;10;5;40;{'model__max_depth': 10, 'model__min_samples_split': 5, 'model__n_estimators': 40};-0,24223269794229432;-0,25179862657261304;-0,23930766320967417;-0,2389041374455705;-0,23261812460096742;-0,2409722499542239;0,006255213962932614;277
0,9293563365936279;0,012479951179942855;0,007644033432006836;0,0008039408815869125;10;5;50;{'model__max_depth': 10, 'model__min_samples_split': 5, 'model__n_estimators': 50};-0,2421962634774718;-0,24871862101638956;-0,23931593463356507;-0,2377555910978397;-0,23248751607057058;-0,24009478525916733;0,0053429530411321525;249
1,8688026905059814;0,04160829741065312;0,013032960891723632;0,0009438859045433685;10;5;100;{'model__max_depth': 10, 'model__min_samples_split': 5, 'model__n_estimators': 100};-0,24064799057276143;-0,2477893095109965;-0,2382565102029399;-0,23705336382443473;-0,23328349707332025;-0,23940613423689058;0,004820034952263746;228
3,7228835105895994;0,05778362064056918;0,02408308982849121;0,0010191743160666686;10;5;200;{'model__max_depth': 10, 'model__min_samples_split': 5, 'model__n_estimators': 200};-0,24014962655850622;-0,24691183177059964;-0,2372728792052164;-0,2371815140589643;-0,23271163918015353;-0,238845498154688;0,004682578098598405;214
0,0935856819152832;0,0017534401539883373;0,0031148433685302735;0,0010210886915808044;10;10;5;{'model__max_depth': 10, 'model__min_samples_split': 10, 'model__n_estimators': 5};-0,24981154486079138;-0,2520987673550691;-0,24929686184526254;-0,25649746295475917;-0,24540923782481763;-0,25062277496813995;0,003641088351240318;529
0,18216381072998047;0,002991459038759328;0,0038130760192871095;0,00040275749032552634;10;10;10;{'model__max_depth': 10, 'model__min_samples_split': 10, 'model__n_estimators': 10};-0,2448695827671753;-0,2506186145294386;-0,2368005460350431;-0,23955529678847132;-0,2381093248769611;-0,2419906729994179;0,005112002248419283;325
0,26659069061279295;0,004136420169442679;0,003854799270629883;0,00012521324310482172;10;10;15;{'model__max_depth': 10, 'model__min_samples_split': 10, 'model__n_estimators': 15};-0,2417516029118375;-0,24848809163170626;-0,23762474031742703;-0,23785780167339912;-0,23326448433062572;-0,2397973441729991;0,005108982461321378;235
0,3552332878112793;0,004646217116602298;0,0040190696716308595;0,00031719240021130094;10;10;20;{'model__max_depth': 10, 'model__min_samples_split': 10, 'model__n_estimators': 20};-0,23939973149452923;-0,2526251531567889;-0,23522640907989148;-0,23796309896486856;-0,23417739255143183;-0,239878357049502;0,006641080078926789;239
0,44261794090270995;0,00925101125285377;0,005481338500976563;0,000989506323817475;10;10;25;{'model__max_depth': 10, 'model__min_samples_split': 10, 'model__n_estimators': 25};-0,24137524214931277;-0,24879653030751211;-0,23661924070058205;-0,23760812621455576;-0,2332618155634734;-0,2395321909870872;0,00530527535956729;231
0,7013171672821045;0,01084847000422731;0,00753021240234375;0,000903320166508882;10;10;40;{'model__max_depth': 10, 'model__min_samples_split': 10, 'model__n_estimators': 40};-0,24139593120771433;-0,24577681052212147;-0,2375920150668535;-0,23764370519462116;-0,2321954440704949;-0,2389207812123611;0,004511279368252183;216
0,8871674537658691;0,019518753793802475;0,007431173324584961;0,0007985668580057179;10;10;50;{'model__max_depth': 10, 'model__min_samples_split': 10, 'model__n_estimators': 50};-0,24103694957270647;-0,24266134965781647;-0,23730140713187883;-0,23723647298479875;-0,23159937323872465;-0,23796711051718505;0,003820598465808062;169
1,744175100326538;0,02250466345058506;0,01324458122253418;0,0009049442347300956;10;10;100;{'model__max_depth': 10, 'model__min_samples_split': 10, 'model__n_estimators': 100};-0,23919581996796543;-0,24223570916037443;-0,23574960410563445;-0,23569203223163282;-0,2323933057140401;-0,23705329423592944;0,0033679660386012555;131
3,5212028503417967;0,024418521617494693;0,02411994934082031;0,001039492029581546;10;10;200;{'model__max_depth': 10, 'model__min_samples_split': 10, 'model__n_estimators': 200};-0,23902409028904312;-0,24310389691177423;-0,23516782863411123;-0,23533841604871727;-0,23075380218929764;-0,2366776068145887;0,004146504851301475;118
0,10638217926025391;0,0018378008023286962;0,004016399383544922;9,486543139649513e-06;11;2;5;{'model__max_depth': 11, 'model__min_samples_split': 2, 'model__n_estimators': 5};-0,2575585891499579;-0,2621490260332761;-0,2588405837132311;-0,25966612008584133;-0,2500360378451188;-0,257650071365485;0,004091558154073914;551
0,21085824966430664;0,0036042867345522736;0,0036550521850585937;0,0008783239313303329;11;2;10;{'model__max_depth': 11, 'model__min_samples_split': 2, 'model__n_estimators': 10};-0,2523804196283476;-0,2570530827198437;-0,24047979760289206;-0,24463521861355134;-0,23934081166971063;-0,24677786604686905;0,006878009396144307;503
0,31681122779846194;0,0071205783041321845;0,004014062881469727;0,0006386109962012463;11;2;15;{'model__max_depth': 11, 'model__min_samples_split': 2, 'model__n_estimators': 15};-0,24746294246799175;-0,254365739131464;-0,23909680644770706;-0,24239978115494779;-0,2369283631666942;-0,24405072647376094;0,006261592565281746;456
0,42034153938293456;0,008284878912147221;0,004621458053588867;0,0004896397291581043;11;2;20;{'model__max_depth': 11, 'model__min_samples_split': 2, 'model__n_estimators': 20};-0,24319852829246916;-0,2578497948816409;-0,23822348901847762;-0,2438015773767358;-0,23603664078001907;-0,2438220060698685;0,00760425284547019;441
0,5128175258636475;0,006783070399064632;0,005260372161865234;0,000933720767944664;11;2;25;{'model__max_depth': 11, 'model__min_samples_split': 2, 'model__n_estimators': 25};-0,244289874485447;-0,25530328063831675;-0,2403469397263297;-0,24361190005406128;-0,23545501787309914;-0,24380140255545077;0,006544664485840556;439
0,8222383499145508;0,011665706954193597;0,007231950759887695;0,0009902288532263306;11;2;40;{'model__max_depth': 11, 'model__min_samples_split': 2, 'model__n_estimators': 40};-0,24383490259980992;-0,25385815146194063;-0,24168392579720605;-0,24219956943019563;-0,23239383959723423;-0,2427940777772773;0,006830049408402419;372
1,0297163009643555;0,009650582795438862;0,008690118789672852;0,00111998797719418;11;2;50;{'model__max_depth': 11, 'model__min_samples_split': 2, 'model__n_estimators': 50};-0,2440344774676664;-0,2511795217210837;-0,24213688435637118;-0,24235724859713229;-0,23235997886908338;-0,2424136222022674;0,006010385549279486;346
2,046573829650879;0,031009397885886084;0,014459991455078125;0,0008096774643414788;11;2;100;{'model__max_depth': 11, 'model__min_samples_split': 2, 'model__n_estimators': 100};-0,24150393320096017;-0,25005148049890014;-0,23959175250659667;-0,24039007315855127;-0,2346102142041168;-0,24122949071382505;0,00500208860829568;281
4,117121076583862;0,0596786296535478;0,02507753372192383;0,0008910931746618263;11;2;200;{'model__max_depth': 11, 'model__min_samples_split': 2, 'model__n_estimators': 200};-0,24195605368377057;-0,24970036085947075;-0,2386052825528338;-0,23956991008164735;-0,23437418580636657;-0,24084115859681782;0,005062912350205715;273
0,10028953552246093;0,002141079897928523;0,0035117626190185546;0,0009009510040871934;11;5;5;{'model__max_depth': 11, 'model__min_samples_split': 5, 'model__n_estimators': 5};-0,25572712251523627;-0,2567106620370406;-0,2572472994284146;-0,25784595763652474;-0,24586024171860682;-0,25467825666716465;0,004463686568928351;544
0,19704508781433105;0,0020798942507541532;0,004312849044799805;0,0002494287089294735;11;5;10;{'model__max_depth': 11, 'model__min_samples_split': 5, 'model__n_estimators': 10};-0,24881867875734415;-0,2550778535572707;-0,24030667773021022;-0,24061817080531556;-0,23964739555646558;-0,24489375528132123;0,006098640429157754;471
0,29509940147399905;0,0034970244470804586;0,0038127899169921875;0,00040235323316625647;11;5;15;{'model__max_depth': 11, 'model__min_samples_split': 5, 'model__n_estimators': 15};-0,24429124116252013;-0,25042417774808345;-0,23899143939233414;-0,23733099161785454;-0,23664604977795914;-0,24153677993975026;0,0051895963592109365;299
0,3900613784790039;0,003195127257817482;0,004737377166748047;0,0007658820031689305;11;5;20;{'model__max_depth': 11, 'model__min_samples_split': 5, 'model__n_estimators': 20};-0,2415101628205051;-0,2538944158897781;-0,23667856194375372;-0,23949456475753866;-0,23683943359692058;-0,2416834278016992;0,006363054838345533;309
0,48236870765686035;0,007640492439581359;0,004819822311401367;0,0009885842128850365;11;5;25;{'model__max_depth': 11, 'model__min_samples_split': 5, 'model__n_estimators': 25};-0,24296373239989863;-0,2509787548826203;-0,23872157987971226;-0,23968187254083928;-0,2358188012696058;-0,24163294819453524;0,0052000414496033865;307
0,7733454704284668;0,009456721464761886;0,006817054748535156;0,0010062890508902305;11;5;40;{'model__max_depth': 11, 'model__min_samples_split': 5, 'model__n_estimators': 40};-0,24186575336966165;-0,2504591081351794;-0,24072892870588602;-0,23850235207787795;-0,2331905431704307;-0,24094933709180713;0,00561267784076451;275
0,9642025470733643;0,01574953395357786;0,007874155044555664;0,0004896408018500932;11;5;50;{'model__max_depth': 11, 'model__min_samples_split': 5, 'model__n_estimators': 50};-0,24128939634789737;-0,24725761251255232;-0,2404117366046599;-0,23821744215867566;-0,23257809861614198;-0,23995085724798546;0,004748790728489656;243
1,9254082679748534;0,026870980037079495;0,012879467010498047;0,0009398516587544665;11;5;100;{'model__max_depth': 11, 'model__min_samples_split': 5, 'model__n_estimators': 100};-0,24010895662854245;-0,246818645805545;-0,23854981870460756;-0,23684683563213454;-0,23382530128946094;-0,23922991161205806;0,004329272387558447;221
3,8566521644592284;0,04865599114041144;0,02621326446533203;0,0034073197721342986;11;5;200;{'model__max_depth': 11, 'model__min_samples_split': 5, 'model__n_estimators': 200};-0,24080270086426592;-0,2466451957159066;-0,2382601927028721;-0,2376115921731626;-0,23367214892820276;-0,239398366076882;0,004284069524605031;226
0,09611978530883789;0,005498758703493196;0,0023666858673095704;0,0006909243988607323;11;10;5;{'model__max_depth': 11, 'model__min_samples_split': 10, 'model__n_estimators': 5};-0,2495184175563754;-0,24916068393173957;-0,2532843302675012;-0,25762249297104267;-0,24505811668536537;-0,2509288082824048;0,004241093823065271;530
0,18842635154724122;0,002969675067164834;0,003658485412597656;0,0005855776855800994;11;10;10;{'model__max_depth': 11, 'model__min_samples_split': 10, 'model__n_estimators': 10};-0,24517015831686204;-0,24955486222103526;-0,23769306228311263;-0,23913014591089368;-0,23830275589165628;-0,24197019692471197;0,0046384651513814755;323
0,27807464599609377;0,006543902860676891;0,00420536994934082;0,0003748533514955738;11;10;15;{'model__max_depth': 11, 'model__min_samples_split': 10, 'model__n_estimators': 15};-0,23997968121919827;-0,24727622446832473;-0,23768299159931672;-0,2373178912070412;-0,23345942883414417;-0,23914324346560498;0,004574166661849714;219
0,3655669689178467;0,0077323037760309585;0,004408025741577148;0,0007170773928000198;11;10;20;{'model__max_depth': 11, 'model__min_samples_split': 10, 'model__n_estimators': 20};-0,23810144611311593;-0,25210501789792605;-0,23540627491133032;-0,23754002864001764;-0,23323045571124876;-0,23927664465472773;0,006640786844228841;222
0,4537911891937256;0,008173803878620605;0,004161405563354492;0,00020770456281736326;11;10;25;{'model__max_depth': 11, 'model__min_samples_split': 10, 'model__n_estimators': 25};-0,23987552204510793;-0,24814431868975279;-0,23667422515987774;-0,23712549502150415;-0,2327477444774862;-0,23891346107874578;0,00514512108442413;215
0,7204398155212403;0,003850089810053059;0,007074546813964844;0,001140092909690982;11;10;40;{'model__max_depth': 11, 'model__min_samples_split': 10, 'model__n_estimators': 40};-0,2401360124904651;-0,24523918096362154;-0,2382010108620926;-0,23724833481823326;-0,23163212881386863;-0,2384913335896562;0,004402645483278953;200
0,9045276641845703;0,015263950121784874;0,007848358154296875;0,001262694026069883;11;10;50;{'model__max_depth': 11, 'model__min_samples_split': 10, 'model__n_estimators': 50};-0,24064941465004047;-0,2422859726606908;-0,23774403825887513;-0,23736979557181875;-0,23126431390676633;-0,23786270700963827;0,003771653589364382;165
1,797553539276123;0,027693394095259463;0,01378941535949707;0,0007598995353597852;11;10;100;{'model__max_depth': 11, 'model__min_samples_split': 10, 'model__n_estimators': 100};-0,23857607278444298;-0,24320508958553955;-0,23628669825941556;-0,23564251889213947;-0,23258605415102965;-0,23725928673451344;0,0035351228103680256;145
3,6146383762359617;0,04762041752195088;0,023600244522094728;0,0010137238322517656;11;10;200;{'model__max_depth': 11, 'model__min_samples_split': 10, 'model__n_estimators': 200};-0,2391343143553297;-0,24429215875395496;-0,2353897510194096;-0,23587388754928948;-0,23142132150382513;-0,2372222866363618;0,004300383822673153;142
0,11161818504333496;0,0026579440622675893;0,0024116992950439452;0,0007988592477459468;12;2;5;{'model__max_depth': 12, 'model__min_samples_split': 2, 'model__n_estimators': 5};-0,25395146852544925;-0,2681861410969836;-0,258058095896123;-0,2619181266138436;-0,2518738153992117;-0,25879752950632223;0,005828431007381049;558
0,21810784339904785;0,004506993869827628;0,0033017635345458985;0,0008645787447612213;12;2;10;{'model__max_depth': 12, 'model__min_samples_split': 2, 'model__n_estimators': 10};-0,24780390214029863;-0,2582377726789949;-0,2445971821304231;-0,24683378436651732;-0,24242530083918798;-0,2479795884310844;0,005456461485752011;518
0,3266554832458496;0,004150712950348826;0,004053735733032226;0,00025179284888136996;12;2;15;{'model__max_depth': 12, 'model__min_samples_split': 2, 'model__n_estimators': 15};-0,24511251231611744;-0,25558134282620837;-0,24308731861174118;-0,24376422633955946;-0,23962250801405377;-0,245433581621536;0,005387771647093193;484
0,43125205039978026;0,00755891347370192;0,004631423950195312;0,0006206463177314804;12;2;20;{'model__max_depth': 12, 'model__min_samples_split': 2, 'model__n_estimators': 20};-0,2429335101381175;-0,25715111195903;-0,23915291291391994;-0,24384867012580372;-0,2378773464185685;-0,24419271031108797;0,006854305229467486;459
0,5353869438171387;0,00375158460516776;0,005559110641479492;0,001009405390716932;12;2;25;{'model__max_depth': 12, 'model__min_samples_split': 2, 'model__n_estimators': 25};-0,24346746751826626;-0,2548158452629963;-0,24177650298021047;-0,24288984642553196;-0,23578933057642795;-0,24374779855268663;0,006173160358943279;435
0,8552917957305908;0,01165671775193092;0,0073130130767822266;0,0008723918058519969;12;2;40;{'model__max_depth': 12, 'model__min_samples_split': 2, 'model__n_estimators': 40};-0,24264832056606533;-0,25410151679335136;-0,24321998937181663;-0,24187709251142106;-0,23470429722582667;-0,24331024329369622;0,006213116771797283;414
1,0718177795410155;0,015794132102032944;0,008822154998779298;0,0010401725200703076;12;2;50;{'model__max_depth': 12, 'model__min_samples_split': 2, 'model__n_estimators': 50};-0,24332853492693213;-0,2522818969063865;-0,240934103878038;-0,24171318422581878;-0,2338470568445323;-0,24242095535634153;0,00590398631287195;347
2,125105381011963;0,03129539955007976;0,013839340209960938;0,0015265716500136412;12;2;100;{'model__max_depth': 12, 'model__min_samples_split': 2, 'model__n_estimators': 100};-0,24252086057274486;-0,2503126381721894;-0,24000406486759795;-0,23988678453117443;-0,236077122492161;-0,24176029412717354;0,004745816457343215;312
4,260960865020752;0,04889396921355105;0,02629375457763672;0,0004681344520415352;12;2;200;{'model__max_depth': 12, 'model__min_samples_split': 2, 'model__n_estimators': 200};-0,24193779350220815;-0,2506887162848923;-0,23974869282388175;-0,2391172867676448;-0,23615756437890686;-0,24153001075150676;0,004937725881963871;298
0,10147457122802735;0,001845648453436275;0,003555583953857422;0,0006764688523813046;12;5;5;{'model__max_depth': 12, 'model__min_samples_split': 5, 'model__n_estimators': 5};-0,255294464402145;-0,26233056642282093;-0,2560263998399216;-0,26337681557321896;-0,2503336441709441;-0,2574723780818101;0,00482203398928136;548
0,2039422035217285;0,004246123419534822;0,0036078929901123048;0,0008020489110474024;12;5;10;{'model__max_depth': 12, 'model__min_samples_split': 5, 'model__n_estimators': 10};-0,24866703776398194;-0,25829288890656504;-0,2412145775830339;-0,24344342153468504;-0,24141631983932726;-0,2466068491255186;0,0064316928373702766;501
0,3048469066619873;0,008870193443805971;0,005129575729370117;0,0007833953739350795;12;5;15;{'model__max_depth': 12, 'model__min_samples_split': 5, 'model__n_estimators': 15};-0,24353024560179073;-0,2528805228878481;-0,2406011666174218;-0,2414979226349486;-0,23721781986119816;-0,2431455355206415;0,005277200681463474;402
0,4006845474243164;0,004756280626876786;0,005114364624023438;0,0007986936625689075;12;5;20;{'model__max_depth': 12, 'model__min_samples_split': 5, 'model__n_estimators': 20};-0,24021686113533552;-0,2573014069151897;-0,2379696017321478;-0,2426330154729692;-0,23796486039878112;-0,24321714913088469;0,007250276520915259;411
0,4988875865936279;0,009956706722473108;0,004910707473754883;0,000802519954668924;12;5;25;{'model__max_depth': 12, 'model__min_samples_split': 5, 'model__n_estimators': 25};-0,24182563588473038;-0,2533128433154937;-0,2401299973726401;-0,24335089944409166;-0,23610722377614532;-0,24294531995862023;0,005719953292878928;387
0,7998423099517822;0,00934146045027277;0,007742547988891601;0,0004112297008660132;12;5;40;{'model__max_depth': 12, 'model__min_samples_split': 5, 'model__n_estimators': 40};-0,242881503023747;-0,2527827988806055;-0,24260618109656418;-0,24138202800068903;-0,23407799496151407;-0,24274610119262396;0,0059627170497324215;367
1,00577712059021;0,021911404236679897;0,008124637603759765;0,0011133170278973949;12;5;50;{'model__max_depth': 12, 'model__min_samples_split': 5, 'model__n_estimators': 50};-0,24221836588227363;-0,25046993388065475;-0,24232914551642964;-0,24125069857436982;-0,2328268804619205;-0,24181900486312968;0,005593560205462779;318
1,9698851108551025;0,031820297497021796;0,013779592514038087;0,0010430422192479257;12;5;100;{'model__max_depth': 12, 'model__min_samples_split': 5, 'model__n_estimators': 100};-0,24122550049585947;-0,24843822901912838;-0,24007011807950257;-0,23874627982250707;-0,23483845864394426;-0,24066371721218832;0,004443449060237699;268
3,977174234390259;0,02083122902536744;0,024660587310791016;0,0009672544258854324;12;5;200;{'model__max_depth': 12, 'model__min_samples_split': 5, 'model__n_estimators': 200};-0,24081263900163843;-0,24875343415779635;-0,23849299337007895;-0,2384080761491492;-0,23489156568175468;-0,2402717416720835;0,004643601312203415;254
0,0957301139831543;0,0028627058539387427;0,0030560016632080076;0,0008734399406243611;12;10;5;{'model__max_depth': 12, 'model__min_samples_split': 10, 'model__n_estimators': 5};-0,2529765332576034;-0,2562815679757973;-0,2518565661618027;-0,2586629315514406;-0,2457781199396228;-0,25311114377725336;0,0043872374149748535;534
0,19155645370483398;0,005316888749227513;0,0034847259521484375;0,000730194879050075;12;10;10;{'model__max_depth': 12, 'model__min_samples_split': 10, 'model__n_estimators': 10};-0,2481610288069709;-0,2531074260921433;-0,2373245667005424;-0,24141146807960173;-0,23815134738300617;-0,2436311674124529;0,006083548767632398;429
0,28447728157043456;0,007443973800145098;0,004078292846679687;0,0007616473014317843;12;10;15;{'model__max_depth': 12, 'model__min_samples_split': 10, 'model__n_estimators': 15};-0,24252195692900347;-0,2512136458587706;-0,23704278925781683;-0,2391071201115058;-0,23265632042368428;-0,2405083665161562;0,006233552714343325;261
0,3724247932434082;0,008195343733457521;0,004823827743530273;0,0009847989654316442;12;10;20;{'model__max_depth': 12, 'model__min_samples_split': 10, 'model__n_estimators': 20};-0,23966181909544956;-0,2554207356751961;-0,2345355906033114;-0,23897520479307016;-0,2339045192677544;-0,24049957388695634;0,007806797619687175;260
0,4643056392669678;0,010696087331630674;0,005644321441650391;0,0008442625892789311;12;10;25;{'model__max_depth': 12, 'model__min_samples_split': 10, 'model__n_estimators': 25};-0,2414202820139666;-0,2515314487158922;-0,23658536019111737;-0,23753758291768165;-0,2334674631366038;-0,2401084273950523;0,00625028045402428;250
0,7394577980041503;0,006216370455618153;0,007186794281005859;0,0010040383298572067;12;10;40;{'model__max_depth': 12, 'model__min_samples_split': 10, 'model__n_estimators': 40};-0,24093235418072897;-0,24755502221474707;-0,2381717833688014;-0,23768544068391853;-0,23207750583833264;-0,2392844212573057;0,005036920783942684;223
0,9243365287780761;0,0159354816097909;0,007718467712402343;0,0008657821153588417;12;10;50;{'model__max_depth': 12, 'model__min_samples_split': 10, 'model__n_estimators': 50};-0,24121755121185554;-0,24503929671034796;-0,2380342565152679;-0,23771314962742496;-0,23161463324845183;-0,23872377746266965;0,004430382152743661;209
1,8526565074920653;0,03497223552181817;0,012877178192138673;0,0008564719135565947;12;10;100;{'model__max_depth': 12, 'model__min_samples_split': 10, 'model__n_estimators': 100};-0,239316783666545;-0,2442848447549875;-0,23652496140025223;-0,23614724391299252;-0,23314013752308813;-0,23788279425157305;0,0037520984572539406;166
3,659457206726074;0,041018598891216895;0,023201513290405273;0,0006168956483520321;12;10;200;{'model__max_depth': 12, 'model__min_samples_split': 10, 'model__n_estimators': 200};-0,23981233892258413;-0,24530158671465513;-0,23592203399554418;-0,23607199835233875;-0,23203014099941208;-0,23782761979690684;0,004474897000061762;164
0,113346529006958;0,0016947250609576467;0,0032543659210205076;0,0007072071770875907;13;2;5;{'model__max_depth': 13, 'model__min_samples_split': 2, 'model__n_estimators': 5};-0,2592896209314005;-0,271691705831775;-0,2553602513550557;-0,26668593037762245;-0,2559568955046673;-0,2617968808001042;0,006381729343866075;567
0,22705984115600586;0,003077062621123729;0,003769588470458984;0,00039074384196561695;13;2;10;{'model__max_depth': 13, 'model__min_samples_split': 2, 'model__n_estimators': 10};-0,25216999339276364;-0,26077270092939336;-0,24172021420955725;-0,2482295800813111;-0,2432016767964101;-0,24921883308188705;0,006864623597453792;521
0,33294925689697263;0,0066785139515298155;0,004208707809448242;0,0006782786511505372;13;2;15;{'model__max_depth': 13, 'model__min_samples_split': 2, 'model__n_estimators': 15};-0,24779851447997153;-0,2555281602177799;-0,241482743703374;-0,24475883698818474;-0,23853213920268115;-0,24562007891839827;0,005848313026652405;489
0,44253110885620117;0,0028095051453355664;0,00490264892578125;0,0009212490613909151;13;2;20;{'model__max_depth': 13, 'model__min_samples_split': 2, 'model__n_estimators': 20};-0,24276921504729698;-0,2599118150855981;-0,2398582851011336;-0,2451596396556715;-0,23873702761753104;-0,24528719650144626;0,0076500164899759296;480
0,5538756847381592;0,011948003331525478;0,00571908950805664;0,0009661918798394269;13;2;25;{'model__max_depth': 13, 'model__min_samples_split': 2, 'model__n_estimators': 25};-0,2437004673025842;-0,2575524364108625;-0,24163061976770533;-0,2448645029086172;-0,23677791710397533;-0,24490518869874894;0,006901901606467997;472
0,8784666538238526;0,012320034039314857;0,0070154666900634766;0,0008948506441182649;13;2;40;{'model__max_depth': 13, 'model__min_samples_split': 2, 'model__n_estimators': 40};-0,24417469142283885;-0,25565118070784154;-0,24228065651717892;-0,24240173181222494;-0,23354298316397817;-0,2436102487248125;0,007069381911005487;426
1,096526288986206;0,014803233878736036;0,008878326416015625;0,0009515189681960334;13;2;50;{'model__max_depth': 13, 'model__min_samples_split': 2, 'model__n_estimators': 50};-0,24418079650997584;-0,253094905657513;-0,24171523801438294;-0,24230111903999052;-0,2327508437593351;-0,2428085805962395;0,006485405851492873;373
2,199295663833618;0,027467528798606797;0,015206432342529297;0,0012164988293948875;13;2;100;{'model__max_depth': 13, 'model__min_samples_split': 2, 'model__n_estimators': 100};-0,24275195597274923;-0,25161537666435063;-0,24073620638609564;-0,23994140857298663;-0,23548539520534198;-0,24210606856030484;0,005314879153421382;333
4,365863370895386;0,021358271015443648;0,02541322708129883;0,0006405634413506221;13;2;200;{'model__max_depth': 13, 'model__min_samples_split': 2, 'model__n_estimators': 200};-0,2425326713217388;-0,2523311395119146;-0,24071014288976542;-0,23971030041904634;-0,2360272874043931;-0,24226230830937165;0,005463550226572139;341
0,10565824508666992;0,001277713717479551;0,0033149242401123045;0,0007497084165409839;13;5;5;{'model__max_depth': 13, 'model__min_samples_split': 5, 'model__n_estimators': 5};-0,2557688000474185;-0,26528517731825707;-0,25705346395140294;-0,26092701678205815;-0,25028182285669087;-0,25786325619116546;0,005039686172567047;553
0,20765018463134766;0,0035927614002031483;0,0037076473236083984;0,0006001397533545956;13;5;10;{'model__max_depth': 13, 'model__min_samples_split': 5, 'model__n_estimators': 10};-0,24930639185057238;-0,25704385842351557;-0,24242619309569582;-0,24296159969792416;-0,2436365319653311;-0,24707491500660783;0,005562585332861731;507
0,3090090751647949;0,0052166308191927335;0,004495143890380859;0,0005851012469039325;13;5;15;{'model__max_depth': 13, 'model__min_samples_split': 5, 'model__n_estimators': 15};-0,24413327200118423;-0,25019894901712647;-0,240740728724443;-0,241279503664526;-0,23753411590349058;-0,24277731386215406;0,004261491055800109;371
0,40791897773742675;0,00812467967007686;0,004349040985107422;0,00042979167527472964;13;5;20;{'model__max_depth': 13, 'model__min_samples_split': 5, 'model__n_estimators': 20};-0,24022135526247132;-0,2551961529381636;-0,23834423923467024;-0,2425250767661698;-0,23592590545194733;-0,24244254593068443;0,00673584013955638;348
0,5065248012542725;0,009416510379077304;0,0054533958435058595;0,0011565294526513364;13;5;25;{'model__max_depth': 13, 'model__min_samples_split': 5, 'model__n_estimators': 25};-0,24258874854502813;-0,25266969730327127;-0,23955541229988198;-0,24253736223148353;-0,23487406872412275;-0,24244505782075754;0,005835106628220919;350
0,8095016956329346;0,011175455603347574;0,007090568542480469;0,0008906812035725866;13;5;40;{'model__max_depth': 13, 'model__min_samples_split': 5, 'model__n_estimators': 40};-0,24336952843933782;-0,2523556468447717;-0,24318120222559375;-0,2406607845587272;-0,23327299879560182;-0,24256803217280645;0,006113117268473218;358
1,0120474815368652;0,012064094887251471;0,008280467987060548;0,0005938704711538702;13;5;50;{'model__max_depth': 13, 'model__min_samples_split': 5, 'model__n_estimators': 50};-0,24349723731083972;-0,250404056975784;-0,24278821494254627;-0,2401940580408343;-0,2332261162774698;-0,24202193670949482;0,005544929789511958;330
2,0243285655975343;0,03603119382821279;0,014244985580444337;0,0013964487490473753;13;5;100;{'model__max_depth': 13, 'model__min_samples_split': 5, 'model__n_estimators': 100};-0,2416918742715363;-0,24839998251187725;-0,24063122517301871;-0,23861574039672157;-0,23396909310652986;-0,24066158309193675;0,004688712864718292;267
4,051149463653564;0,07750345607342601;0,0241335391998291;0,0008307457681830363;13;5;200;{'model__max_depth': 13, 'model__min_samples_split': 5, 'model__n_estimators': 200};-0,24172999803012635;-0,24966834815003838;-0,23938514981401213;-0,23841972563917482;-0,2347562030841167;-0,2407918849434937;0,004974075878344631;272
0,09927544593811036;0,003285483650782047;0,002504920959472656;0,0007755264148753175;13;10;5;{'model__max_depth': 13, 'model__min_samples_split': 10, 'model__n_estimators': 5};-0,2542843782247782;-0,2579787678530345;-0,2535017188708101;-0,2552303131307935;-0,24734796598040926;-0,25366862881196506;0,003503539392188203;538
0,19496326446533202;0,006261599634238904;0,003440666198730469;0,000744001904928948;13;10;10;{'model__max_depth': 13, 'model__min_samples_split': 10, 'model__n_estimators': 10};-0,24726416096382073;-0,25182698101641776;-0,23889764314311435;-0,23928228121045936;-0,23745301379723158;-0,24294481602620874;0,005612544110255146;386
0,28609380722045896;0,004568314832460678;0,005719804763793945;0,002698980967061497;13;10;15;{'model__max_depth': 13, 'model__min_samples_split': 10, 'model__n_estimators': 15};-0,24284296968882615;-0,2505500597967251;-0,23936798514164187;-0,23646774388495437;-0,23339040322835963;-0,24052383234810146;0,005908930228875853;262
0,3934607028961182;0,01758837986098414;0,004734325408935547;0,0007256672843905817;13;10;20;{'model__max_depth': 13, 'model__min_samples_split': 10, 'model__n_estimators': 20};-0,23960208592394086;-0,2549269055408856;-0,23666273797479642;-0,23711577917721263;-0,23380907302939824;-0,2404233163292467;0,007481423466162075;256
0,46991739273071287;0,01082515831403648;0,005411958694458008;0,0008018767851706401;13;10;25;{'model__max_depth': 13, 'model__min_samples_split': 10, 'model__n_estimators': 25};-0,2417970687352461;-0,25108909538494867;-0,2382569030075459;-0,23668534117530804;-0,23274389078681995;-0,24011445981797372;0,006209806090512701;251
0,7528212070465088;0,00487935961840601;0,007467794418334961;0,0004575786961904227;13;10;40;{'model__max_depth': 13, 'model__min_samples_split': 10, 'model__n_estimators': 40};-0,2418259004794133;-0,24777629740163523;-0,23994386678603533;-0,23585952034294438;-0,23179790761856145;-0,23944069852571795;0,005415933258554499;230
0,9361041069030762;0,010331763340258922;0,008043336868286132;0,00030028913833968386;13;10;50;{'model__max_depth': 13, 'model__min_samples_split': 10, 'model__n_estimators': 50};-0,2426217405995548;-0,2445107363677528;-0,239718710477039;-0,2360568861939649;-0,23187948129758654;-0,23895751098717963;0,004546568902387484;217
1,869984006881714;0,041137328115960665;0,012914085388183593;0,0007228084217778595;13;10;100;{'model__max_depth': 13, 'model__min_samples_split': 10, 'model__n_estimators': 100};-0,24000319460398248;-0,24382655014856902;-0,23777303568514788;-0,23522365186736235;-0,23267271342725357;-0,23789982914646304;0,003848399881449532;167
3,7309393882751465;0,052898935215041826;0,023706722259521484;0,0007357599421591723;13;10;200;{'model__max_depth': 13, 'model__min_samples_split': 10, 'model__n_estimators': 200};-0,240035416255029;-0,24545841348785352;-0,2368177789603953;-0,23567801341002975;-0,23198571357153813;-0,23799506713696914;0,004532805731010529;172
0,11660323143005372;0,0015878626791841991;0,0035527229309082033;0,0006033700843625415;14;2;5;{'model__max_depth': 14, 'model__min_samples_split': 2, 'model__n_estimators': 5};-0,2594747170271151;-0,26330272893348394;-0,26011318943677647;-0,2653473650625378;-0,2570979025676277;-0,26106718060550815;0,0029161228661851693;563
0,22839832305908203;0,004288390022261018;0,0041945457458496095;0,00022805229501747244;14;2;10;{'model__max_depth': 14, 'model__min_samples_split': 2, 'model__n_estimators': 10};-0,255083691760915;-0,2587064405166499;-0,24250633957844434;-0,2506211155754777;-0,24587770463775904;-0,2505590584138492;0,005892662334882676;528
0,3423490524291992;0,0072465487557375405;0,0041882038116455075;0,0004218603589842672;14;2;15;{'model__max_depth': 14, 'model__min_samples_split': 2, 'model__n_estimators': 15};-0,24970683160407442;-0,2542677702589573;-0,2433482954338618;-0,24650667139278293;-0,24185333306846646;-0,2471365803516286;0,004474832974865983;508
0,44913339614868164;0,006239663116569002;0,004813671112060547;0,0008763162363778308;14;2;20;{'model__max_depth': 14, 'model__min_samples_split': 2, 'model__n_estimators': 20};-0,24436053032714394;-0,2605857218727036;-0,2393558251670795;-0,24641430469383716;-0,24065845271525535;-0,24627496695520393;0,007588174275920678;499
0,565038013458252;0,00826747941253127;0,005230569839477539;0,0008216225340507855;14;2;25;{'model__max_depth': 14, 'model__min_samples_split': 2, 'model__n_estimators': 25};-0,2446381063019242;-0,2570762850389673;-0,24109516482823973;-0,24547284736562583;-0,23881654613043746;-0,2454197899330389;0,006305441040220604;483
0,8929073810577393;0,009482060115382858;0,007440423965454102;0,0008505390999789217;14;2;40;{'model__max_depth': 14, 'model__min_samples_split': 2, 'model__n_estimators': 40};-0,2440591810603351;-0,2555816953578527;-0,24231510559263403;-0,24335249979081652;-0,23435257239345933;-0,24393221083901953;0,006788920061638457;449
1,12656569480896;0,020823741772616623;0,008697891235351562;0,0009250193344184609;14;2;50;{'model__max_depth': 14, 'model__min_samples_split': 2, 'model__n_estimators': 50};-0,24455196932437281;-0,25285556069109905;-0,24277011222519312;-0,24306516195515865;-0,23338745566997496;-0,2433260519731597;0,006188169985380598;415
2,2233356475830077;0,03170748263444258;0,014168167114257812;0,0007128842394155785;14;2;100;{'model__max_depth': 14, 'model__min_samples_split': 2, 'model__n_estimators': 100};-0,24373157437635126;-0,2509439869119206;-0,24034599676954752;-0,24035347853955688;-0,23614701696195994;-0,2423044107118672;0,004944372403927061;343
4,518175792694092;0,08088269490832806;0,029931402206420897;0,006664403918001215;14;2;200;{'model__max_depth': 14, 'model__min_samples_split': 2, 'model__n_estimators': 200};-0,2429093851899569;-0,25190647680634165;-0,24046321845763757;-0,24057188860313758;-0,23610527630893277;-0,24239124907320134;0,005241161169373006;345
0,10708861351013184;0,002752638232803564;0,002454376220703125;0,0006750500234503623;14;5;5;{'model__max_depth': 14, 'model__min_samples_split': 5, 'model__n_estimators': 5};-0,2528183628519297;-0,2660894524618143;-0,2561684860825424;-0,2617792700894273;-0,25346629691268774;-0,25806437367968027;0,005108026510025634;555
0,21183032989501954;0,005394653977094466;0,003560161590576172;0,0007839703717904717;14;5;10;{'model__max_depth': 14, 'model__min_samples_split': 5, 'model__n_estimators': 10};-0,24735516890854278;-0,2582349204616946;-0,2406285419067106;-0,24405312438754376;-0,24401363135612947;-0,24685707740412424;0,006073638121901334;505
0,31200852394104006;0,004545033178649885;0,0042607784271240234;0,0005180139512401784;14;5;15;{'model__max_depth': 14, 'model__min_samples_split': 5, 'model__n_estimators': 15};-0,24362464016374413;-0,2541973780621282;-0,2404274701982074;-0,24011955122164597;-0,2388319491071363;-0,2434401977505724;0,005605178382418921;417
0,41428680419921876;0,004867430644942268;0,004403877258300781;0,000713512002189371;14;5;20;{'model__max_depth': 14, 'model__min_samples_split': 5, 'model__n_estimators': 20};-0,24109938784830898;-0,25823161879655404;-0,23748303042380592;-0,2404518294279842;-0,23848635722643463;-0,24315044474461756;0,007652508964579865;403
0,5143203258514404;0,008446165075905836;0,0048466682434082035;0,0005631619764898162;14;5;25;{'model__max_depth': 14, 'model__min_samples_split': 5, 'model__n_estimators': 25};-0,2423947039752457;-0,25447136285271343;-0,23908719455189448;-0,24159364304509065;-0,23692963071735623;-0,24289530702846013;0,006099852710873582;380
0,8209274291992188;0,014416979219748546;0,00805506706237793;0,0026872305577312914;14;5;40;{'model__max_depth': 14, 'model__min_samples_split': 5, 'model__n_estimators': 40};-0,24232174729723113;-0,25376438506574744;-0,24186019579976542;-0,2410809368402779;-0,23422407880157034;-0,24265026876091844;0,006288389345157858;361
1,0263840675354003;0,021454965993736058;0,007913494110107422;0,0002001078026595697;14;5;50;{'model__max_depth': 14, 'model__min_samples_split': 5, 'model__n_estimators': 50};-0,24265864775580398;-0,25082098886154386;-0,24120914353237957;-0,24178288000947656;-0,23358551753227155;-0,2420114355382951;0,005472094987231076;328
2,0463511466979982;0,05473919162812014;0,01729297637939453;0,006254300440622563;14;5;100;{'model__max_depth': 14, 'model__min_samples_split': 5, 'model__n_estimators': 100};-0,241939315577918;-0,24950531799605463;-0,23950550855447125;-0,23959090613262837;-0,23542456394790562;-0,24119312244179558;0,0046549071732983355;279
4,076120281219483;0,03986577430840114;0,02534632682800293;0,0014443283735490126;14;5;200;{'model__max_depth': 14, 'model__min_samples_split': 5, 'model__n_estimators': 200};-0,24134211128836391;-0,24997227960409363;-0,23896110071797919;-0,23877221823934022;-0,2356289898502582;-0,24093533994000702;0,004869616179841113;274
0,09904241561889648;0,002619329597071738;0,003007650375366211;0,0008985272358385036;14;10;5;{'model__max_depth': 14, 'model__min_samples_split': 10, 'model__n_estimators': 5};-0,25421665851291414;-0,2582278102603027;-0,2520908735249888;-0,25883831060867246;-0,2524832077803224;-0,2551713721374401;0,0028430768251223766;546
0,19410791397094726;0,005364245553104952;0,004006671905517578;0,00031778824482309545;14;10;10;{'model__max_depth': 14, 'model__min_samples_split': 10, 'model__n_estimators': 10};-0,24672553130309277;-0,2526139083486324;-0,23960276214166434;-0,24255413679726162;-0,2419947274382802;-0,24469821320578627;0,004574664331941859;467
0,288675594329834;0,007438711429684841;0,004407644271850586;0,0008026367892448723;14;10;15;{'model__max_depth': 14, 'model__min_samples_split': 10, 'model__n_estimators': 15};-0,24292001306008915;-0,24974137610769095;-0,2399979106853408;-0,2398684212294412;-0,23684060716610927;-0,24187366564973428;0,00437874069395643;319
0,39127607345581056;0,01576235364042368;0,004408073425292969;0,0009773155494989107;14;10;20;{'model__max_depth': 14, 'model__min_samples_split': 10, 'model__n_estimators': 20};-0,24001066739906857;-0,25479317782961686;-0,23669953762994145;-0,23943316585817026;-0,2366206932683644;-0,24151144839703229;0,00678306582003458;296
0,4782100200653076;0,014407295816447821;0,0047721385955810545;0,0009146682041026407;14;10;25;{'model__max_depth': 14, 'model__min_samples_split': 10, 'model__n_estimators': 25};-0,24163567704387087;-0,2513730967119654;-0,23841744500336723;-0,2383141574902903;-0,23505878856262766;-0,2409598329624243;0,005606754629667935;276
0,7623136520385743;0,00972412122911562;0,007428884506225586;0,001502324379580408;14;10;40;{'model__max_depth': 14, 'model__min_samples_split': 10, 'model__n_estimators': 40};-0,24271225184583592;-0,24825664980918546;-0,24043813401514505;-0,2381846438178835;-0,2335028173681702;-0,240618899371244;0,004884961732146078;265
0,9476277828216553;0,011121881611489871;0,008034563064575196;0,0011436330090400593;14;10;50;{'model__max_depth': 14, 'model__min_samples_split': 10, 'model__n_estimators': 50};-0,24331318569351826;-0,2451358662457122;-0,23961266844198573;-0,2380817086582906;-0,23320041072967387;-0,23986876795383613;0,004179294053701498;237
2,028021717071533;0,11029684850201533;0,014229059219360352;0,001269348459412372;14;10;100;{'model__max_depth': 14, 'model__min_samples_split': 10, 'model__n_estimators': 100};-0,2401438397405906;-0,24417229669872897;-0,23746750352303567;-0,2362393999108343;-0,23304343717605924;-0,23821329540984976;0,003752774997539353;181
3,9086717128753663;0,10798806890857522;0,023606538772583008;0,0010934455900292054;14;10;200;{'model__max_depth': 14, 'model__min_samples_split': 10, 'model__n_estimators': 200};-0,24045281431303964;-0,24531667894224168;-0,23671286806978092;-0,2363874913166477;-0,2324964755956647;-0,23827326564747492;0,00432948939152034;182
0,11817607879638672;0,0012473129644604837;0,0028072357177734374;0,00040143361351896597;15;2;5;{'model__max_depth': 15, 'model__min_samples_split': 2, 'model__n_estimators': 5};-0,25791966461388877;-0,26326551912326224;-0,2611440640968256;-0,257238248158057;-0,2576661749347843;-0,25944673418536357;0,002359821623937771;559
0,2353609561920166;0,0022927461915973777;0,0037112712860107424;0,0006221296504565553;15;2;10;{'model__max_depth': 15, 'model__min_samples_split': 2, 'model__n_estimators': 10};-0,25339027451847634;-0,2574107391774657;-0,24492843715116108;-0,2469457100307765;-0,2461905131589307;-0,24977313480736205;0,004810765101873182;522
0,3539412021636963;0,017449058329334185;0,004885149002075195;0,0007570818418178493;15;2;15;{'model__max_depth': 15, 'model__min_samples_split': 2, 'model__n_estimators': 15};-0,24842616943366314;-0,2535122739585058;-0,24435021077509317;-0,24476474300785608;-0,24233322249547032;-0,24667732393411773;0,003942578881413183;502
0,47900972366333006;0,015685528394505592;0,005415773391723633;0,0004890544411586006;15;2;20;{'model__max_depth': 15, 'model__min_samples_split': 2, 'model__n_estimators': 20};-0,24311508864719744;-0,2566014833205887;-0,24183593550160204;-0,24517436948450946;-0,24204827541523175;-0,24575503047382585;0,005550699737065023;493
0,6231999397277832;0,018563781424914997;0,006015777587890625;7,618956578210506e-06;15;2;25;{'model__max_depth': 15, 'model__min_samples_split': 2, 'model__n_estimators': 25};-0,24519261843049073;-0,2535141660456931;-0,2447625523230519;-0,2448053068849974;-0,23976339823344536;-0,24560760838353568;0,004431669447160613;488
0,9301233291625977;0,007849472860163867;0,007444238662719727;0,0008078105122747025;15;2;40;{'model__max_depth': 15, 'model__min_samples_split': 2, 'model__n_estimators': 40};-0,24469103616081278;-0,25412229530658853;-0,24501294632632378;-0,24268359153859492;-0,23534886691896068;-0,24437174725025615;0,0059974746059003;463
1,1745030879974365;0,03570384157587714;0,009238624572753906;0,0007510549082344094;15;2;50;{'model__max_depth': 15, 'model__min_samples_split': 2, 'model__n_estimators': 50};-0,24571592787126034;-0,25238473937863654;-0,24500391965686433;-0,24301941851234982;-0,2346206958029558;-0,24414894024441333;0,005711008472713876;458
2,2734123706817626;0,032666960904432184;0,014580678939819337;0,0004844766760316616;15;2;100;{'model__max_depth': 15, 'model__min_samples_split': 2, 'model__n_estimators': 100};-0,24399425215133003;-0,25192760475129455;-0,24245557015933752;-0,240738673950167;-0,23650912646700023;-0,24312504549582586;0,005062685465878437;401
4,659553384780883;0,10553935732111074;0,026144027709960938;0,0006528255962905818;15;2;200;{'model__max_depth': 15, 'model__min_samples_split': 2, 'model__n_estimators': 200};-0,24270053557453822;-0,25204011521070546;-0,24151829761141472;-0,2403811664304561;-0,23697615319581097;-0,24272325360458508;0,005035293053670609;364
0,1091529369354248;0,0013371103283276757;0,003323268890380859;0,000879887755743744;15;5;5;{'model__max_depth': 15, 'model__min_samples_split': 5, 'model__n_estimators': 5};-0,25524434471722857;-0,2628886785988887;-0,26015476398768855;-0,2603118587278845;-0,25287488221902366;-0,2582949056501428;0,0036691279252019223;556
0,21348147392272948;0,0029645477104599926;0,003813314437866211;0,00041421300098065195;15;5;10;{'model__max_depth': 15, 'model__min_samples_split': 5, 'model__n_estimators': 10};-0,25036069079019;-0,25634684927908785;-0,24470629630788662;-0,24203072392220304;-0,24269370117992714;-0,2472276522958589;0,00542028960640563;509
0,31998553276062014;0,007920770733217362;0,003669261932373047;0,0008609770460893489;15;5;15;{'model__max_depth': 15, 'model__min_samples_split': 5, 'model__n_estimators': 15};-0,24408839486597017;-0,250848190700659;-0,24396147499629195;-0,2401688126068673;-0,23913959430400383;-0,24364129349475844;0,004112546711887683;430
0,43651065826416013;0,022601534937238568;0,005695343017578125;0,00043095035003246985;15;5;20;{'model__max_depth': 15, 'model__min_samples_split': 5, 'model__n_estimators': 20};-0,240933747449628;-0,25610046126559277;-0,24092999876602125;-0,24194597227606288;-0,23962751896142953;-0,24390753974374685;0,006140730428016418;445
0,5410591125488281;0,018356571546496933;0,0055865287780761715;0,00047497453727909103;15;5;25;{'model__max_depth': 15, 'model__min_samples_split': 5, 'model__n_estimators': 25};-0,2428082422967497;-0,2526618481982416;-0,24258775211514844;-0,24194103293230473;-0,23723957514876604;-0,24344769013824213;0,005037058732215972;419
0,8458073616027832;0,010300605257309121;0,0070476531982421875;0,0008810065839911732;15;5;40;{'model__max_depth': 15, 'model__min_samples_split': 5, 'model__n_estimators': 40};-0,2425521192401775;-0,25203822114344465;-0,24432500491072348;-0,24114869261899335;-0,23470914724522451;-0,2429546370317127;0,005582131600959426;389
1,0777990341186523;0,03438017643351917;0,007963132858276368;0,00023717275327262511;15;5;50;{'model__max_depth': 15, 'model__min_samples_split': 5, 'model__n_estimators': 50};-0,24307266622858872;-0,24909000620340496;-0,24377721510691114;-0,2414882809974569;-0,23394810813180478;-0,2422752553336333;0,004884532441077916;342
2,135413122177124;0,0688943890973388;0,013825559616088867;0,0009088506803677799;15;5;100;{'model__max_depth': 15, 'model__min_samples_split': 5, 'model__n_estimators': 100};-0,2419030033457348;-0,24878576534432403;-0,24146381691163518;-0,2393072370037441;-0,23579685423359553;-0,24145133536780677;0,004256015449304291;291
4,184048509597778;0,07666592203105914;0,02474489212036133;0,0004467821322491306;15;5;200;{'model__max_depth': 15, 'model__min_samples_split': 5, 'model__n_estimators': 200};-0,24147083627411306;-0,2491367324584069;-0,2402883841343316;-0,23932498295675483;-0,23614502947999924;-0,24127319306072112;0,004311328046903676;283
0,10087041854858399;0,0031682497241155125;0,0029674530029296874;0,0012081269796436456;15;10;5;{'model__max_depth': 15, 'model__min_samples_split': 10, 'model__n_estimators': 5};-0,2552234767101223;-0,25402827427205343;-0,25062834607680123;-0,258186811295193;-0,2498580330806962;-0,2535849882869733;0,0030558092232634234;536
0,19940123558044434;0,005190380811356026;0,003508186340332031;0,0014900634649510545;15;10;10;{'model__max_depth': 15, 'model__min_samples_split': 10, 'model__n_estimators': 10};-0,24881231595785702;-0,2519891291479553;-0,2408210979453362;-0,24281253836891728;-0,2408312495780839;-0,24505326619962994;0,0045385941351782574;477
0,29581027030944823;0,005717467891476382;0,004064607620239258;0,0008171839338312924;15;10;15;{'model__max_depth': 15, 'model__min_samples_split': 10, 'model__n_estimators': 15};-0,24385987768781772;-0,24944324734338047;-0,2403675500881415;-0,2391898223905213;-0,2361898640320263;-0,24181007230837745;0,004538730753548644;317
0,38526525497436526;0,009412281641606521;0,0043086051940917965;0,0006025323199102306;15;10;20;{'model__max_depth': 15, 'model__min_samples_split': 10, 'model__n_estimators': 20};-0,24087549079767084;-0,25479042790098244;-0,23727081890820415;-0,23939230107677964;-0,23666845834222047;-0,24179949940517148;0,006667070545832296;316
0,47922358512878416;0,0035508529044193287;0,005209779739379883;0,0009815954897953393;15;10;25;{'model__max_depth': 15, 'model__min_samples_split': 10, 'model__n_estimators': 25};-0,2420146372851278;-0,2509942066483738;-0,23921027446091728;-0,23892446979543217;-0,23545884861872698;-0,24132048736171557;0,005265271054203677;285
0,7631163597106934;0,009995316325231355;0,006522655487060547;0,0008962453056792142;15;10;40;{'model__max_depth': 15, 'model__min_samples_split': 10, 'model__n_estimators': 40};-0,24266216288895212;-0,24809711293647668;-0,2405804768384379;-0,2371507381564304;-0,23367572601017159;-0,2404332433660937;0,004902316554317061;257
0,9469147205352784;0,015840956453826622;0,007619285583496093;0,0008127120340223321;15;10;50;{'model__max_depth': 15, 'model__min_samples_split': 10, 'model__n_estimators': 50};-0,24364987942922275;-0,24533653215654322;-0,24018154225271554;-0,23745317143761402;-0,23337224865609968;-0,23999867478643902;0,00429526641122543;245
1,9126645565032958;0,03689434517152193;0,012765455245971679;0,0010754799411519399;15;10;100;{'model__max_depth': 15, 'model__min_samples_split': 10, 'model__n_estimators': 100};-0,240648084781728;-0,24548665074270912;-0,23761045742007428;-0,236035285993261;-0,23338549399345654;-0,2386331945862458;0,004156034784949442;205
3,8297754287719727;0,06018774818399505;0,02417435646057129;0,0010660506479710228;15;10;200;{'model__max_depth': 15, 'model__min_samples_split': 10, 'model__n_estimators': 200};-0,24063921006906272;-0,24614053456463542;-0,23653742851613466;-0,23600703984430305;-0,23277786167704964;-0,2384204149342371;0,004598515486407685;198
0,11778368949890136;0,0030336899994270403;0,0028043746948242187;0,0009813406330249665;16;2;5;{'model__max_depth': 16, 'model__min_samples_split': 2, 'model__n_estimators': 5};-0,26260344838183175;-0,26849214798891835;-0,255510496414276;-0,26113585122526856;-0,2567427766288721;-0,2608969441278334;0,004624441190930494;562
0,23164196014404298;0,0045211655346874425;0,0038711071014404298;0,00040400742915369843;16;2;10;{'model__max_depth': 16, 'model__min_samples_split': 2, 'model__n_estimators': 10};-0,2541156031819369;-0,2599014965715422;-0,24164755606039034;-0,2474298609111371;-0,24205326874822827;-0,24902955709464694;0,00706807610362239;520
0,358551549911499;0,0066496528341212615;0,0048277854919433595;0,0007483068497036136;16;2;15;{'model__max_depth': 16, 'model__min_samples_split': 2, 'model__n_estimators': 15};-0,24714962510908722;-0,25459241045210407;-0,24099288791445833;-0,24277917646906802;-0,23818736185239536;-0,24474029235942257;0,005721870831296621;469
0,4634183406829834;0,01005350920230376;0,004608774185180664;0,0007997920813776224;16;2;20;{'model__max_depth': 16, 'model__min_samples_split': 2, 'model__n_estimators': 20};-0,24355391323964135;-0,25751369879939795;-0,23879193338685897;-0,24435534829306343;-0,23737903916037084;-0,24431878657586648;0,007118964488323475;461
0,573441457748413;0,01219693322732043;0,005640792846679688;0,0008185221071378435;16;2;25;{'model__max_depth': 16, 'model__min_samples_split': 2, 'model__n_estimators': 25};-0,24515508904157152;-0,2541493480919248;-0,24075136946505374;-0,24400712089813986;-0,23541319066424016;-0,24389522363218602;0,0061412629414025685;443
0,9154780864715576;0,008324876955503505;0,007161426544189453;0,0009439489556722585;16;2;40;{'model__max_depth': 16, 'model__min_samples_split': 2, 'model__n_estimators': 40};-0,24559834403204497;-0,2533325017477066;-0,24372358370383398;-0,2438725686249873;-0,23125485505813928;-0,24355637063334243;0,007087984505542846;423
1,1442747592926026;0,01595722126430521;0,008083105087280273;0,0004936648142652209;16;2;50;{'model__max_depth': 16, 'model__min_samples_split': 2, 'model__n_estimators': 50};-0,24621179304838667;-0,2508297420146315;-0,24336044986026337;-0,24459457829177486;-0,2320334505163481;-0,2434060027462809;0,006224694290632455;416
2,2818883419036866;0,028719460708103328;0,014505481719970703;0,0008195046729473078;16;2;100;{'model__max_depth': 16, 'model__min_samples_split': 2, 'model__n_estimators': 100};-0,24440049211282242;-0,25055004745359805;-0,24094305400243757;-0,24147304750959395;-0,2350490215885064;-0,24248313253339168;0,0050479600486602935;352
4,590197134017944;0,07869961837342256;0,027179718017578125;0,0014174015367569028;16;2;200;{'model__max_depth': 16, 'model__min_samples_split': 2, 'model__n_estimators': 200};-0,24361026795849078;-0,25118855883628777;-0,2405427325820328;-0,24068539901072397;-0,23685099645659943;-0,24257559096882692;0,004811030932087514;359
0,10731725692749024;0,002090159942820985;0,003178834915161133;0,0009638847341633969;16;5;5;{'model__max_depth': 16, 'model__min_samples_split': 5, 'model__n_estimators': 5};-0,25468795071522243;-0,26382105304825837;-0,25630243293312066;-0,25910332195991037;-0,2506977095343661;-0,2569224936381756;0,0043925329502426;547
0,2145136833190918;0,00537013967472035;0,0030506610870361327;0,0010960108211616028;16;5;10;{'model__max_depth': 16, 'model__min_samples_split': 5, 'model__n_estimators': 10};-0,24907629374993667;-0,2581056646263606;-0,2426207771830042;-0,24434123372667194;-0,24402583184479865;-0,24763396022615441;0,0056697365279171725;515
0,32133026123046876;0,0069539808916692;0,0032545089721679687;0,0008351969996311206;16;5;15;{'model__max_depth': 16, 'model__min_samples_split': 5, 'model__n_estimators': 15};-0,2445385034154208;-0,25200485248291693;-0,2430185830187991;-0,2414138362767729;-0,2386275906977191;-0,24392067317832575;0,004491110982464275;447
0,42012748718261717;0,007482082716537986;0,005176162719726563;0,0009207200840916519;16;5;20;{'model__max_depth': 16, 'model__min_samples_split': 5, 'model__n_estimators': 20};-0,24156821463663192;-0,25783417467246617;-0,23980596614939773;-0,24205816884184397;-0,23977397302483638;-0,24420809946503522;0,006874610885957833;460
0,5185876369476319;0,008933730501950229;0,0050754547119140625;0,00044043812097262837;16;5;25;{'model__max_depth': 16, 'model__min_samples_split': 5, 'model__n_estimators': 25};-0,24318358328602457;-0,25479288901704533;-0,24112239265147078;-0,24197549724918896;-0,23798801627832084;-0,2438124756964101;0,00575326596765729;440
0,8362128257751464;0,01166944784731613;0,007338428497314453;0,0009033429408380531;16;5;40;{'model__max_depth': 16, 'model__min_samples_split': 5, 'model__n_estimators': 40};-0,2427166676966363;-0,25358921791198863;-0,24391929786754862;-0,24110443608585702;-0,23468194701247624;-0,24320231331490136;0,00609320008566782;409
1,0375234127044677;0,019209896890565233;0,008172845840454102;0,0001966247489765787;16;5;50;{'model__max_depth': 16, 'model__min_samples_split': 5, 'model__n_estimators': 50};-0,2428539522454523;-0,25005574011472637;-0,24315635369088603;-0,2420734745010257;-0,23407557779553176;-0,24244301966952442;0,005075073806970553;349
2,0852856636047363;0,039132484591561476;0,013203811645507813;0,0008854392182300709;16;5;100;{'model__max_depth': 16, 'model__min_samples_split': 5, 'model__n_estimators': 100};-0,24191928407305285;-0,24937989553810416;-0,24097405201397776;-0,2400779285342142;-0,23551369371293818;-0,24157297077445744;0,004480551320006145;301
4,134100246429443;0,04530281112919937;0,024824094772338868;0,001056022117649616;16;5;200;{'model__max_depth': 16, 'model__min_samples_split': 5, 'model__n_estimators': 200};-0,24183231067934835;-0,25045474397230055;-0,24013390578973276;-0,23958437346391548;-0,23609350914658384;-0,24161976861037618;0,004795667402188236;305
0,10022072792053223;0,0035907502389102204;0,0028367042541503906;0,000956461291237696;16;10;5;{'model__max_depth': 16, 'model__min_samples_split': 10, 'model__n_estimators': 5};-0,2529334978470993;-0,25444305493471114;-0,2541272558288367;-0,2580113300483329;-0,25051208875780856;-0,2540054454833577;0,0024333542235731053;541
0,1977787971496582;0,0038211738044469858;0,0029993534088134767;0,000888946904908981;16;10;10;{'model__max_depth': 16, 'model__min_samples_split': 10, 'model__n_estimators': 10};-0,24753286396159366;-0,2523966489315891;-0,24351499085982106;-0,2431619810672342;-0,241945472551572;-0,245710391474362;0,0038344814175506805;492
0,29303932189941406;0,00700897824803176;0,0044482707977294925;0,0005444943899330635;16;10;15;{'model__max_depth': 16, 'model__min_samples_split': 10, 'model__n_estimators': 15};-0,24370600678289026;-0,25011749536349626;-0,2415460634986166;-0,2389275722338133;-0,23674963364302673;-0,24220935430436863;0,004599940469267452;335
0,3911083221435547;0,006575761605586955;0,004801273345947266;0,0009038435063796388;16;10;20;{'model__max_depth': 16, 'model__min_samples_split': 10, 'model__n_estimators': 20};-0,24024282882933812;-0,2557347204868465;-0,23793202047668344;-0,23901445011946268;-0,23713045876787875;-0,2420108957360419;0,006941239098203063;327
0,4800103187561035;0,008953431015552807;0,004760026931762695;0,0005887050171338656;16;10;25;{'model__max_depth': 16, 'model__min_samples_split': 10, 'model__n_estimators': 25};-0,24137437823493457;-0,2516799060836398;-0,23966913763195294;-0,2390029162210333;-0,23540879580920854;-0,24142702679615385;0,005482880559724284;290
0,7631235599517823;0,01353493115214545;0,006012344360351562;2,4620686804629492e-06;16;10;40;{'model__max_depth': 16, 'model__min_samples_split': 10, 'model__n_estimators': 40};-0,24259116907846323;-0,24800261844499025;-0,24097190838462215;-0,23825357031191602;-0,23310090419358795;-0,2405840340827159;0,004912081547164812;263
0,963677453994751;0,01835599845618126;0,008391523361206054;0,0008177098923366715;16;10;50;{'model__max_depth': 16, 'model__min_samples_split': 10, 'model__n_estimators': 50};-0,24313730109648773;-0,24504287100228786;-0,24022335440171463;-0,23823376142628863;-0,23332060085210446;-0,23999157775577667;0,004075701419625561;244
1,901468563079834;0,03246174368805036;0,012996435165405273;0,000859603181096214;16;10;100;{'model__max_depth': 16, 'model__min_samples_split': 10, 'model__n_estimators': 100};-0,24015822706570283;-0,24480303170461243;-0,23738379952701455;-0,23546011603293776;-0,23366661091294966;-0,23829435704864346;0,003901664481973766;186
3,824635410308838;0,08228803722551538;0,02453293800354004;0,0011594808127091843;16;10;200;{'model__max_depth': 16, 'model__min_samples_split': 10, 'model__n_estimators': 200};-0,24039174803640914;-0,24618014294853258;-0,23669542696877782;-0,2358835879023499;-0,2329019086184527;-0,2384105628949044;0,004559913037991219;196
0,1206235408782959;0,0030148989732648557;0,0031536579132080077;0,0009435726122696657;17;2;5;{'model__max_depth': 17, 'model__min_samples_split': 2, 'model__n_estimators': 5};-0,2643878262940648;-0,2645061898693057;-0,26106844879778757;-0,26405812957816255;-0,25406893664151575;-0,2616179062361673;0,003981411178187476;565
0,23879122734069824;0,0023746786920007023;0,0038489818572998045;0,00031552439065763013;17;2;10;{'model__max_depth': 17, 'model__min_samples_split': 2, 'model__n_estimators': 10};-0,25792766717471294;-0,2599922671147802;-0,24047537528922927;-0,2481982816222952;-0,24257231826073952;-0,24983318189235143;0,007895432711818503;523
0,3498817443847656;0,005058554645321969;0,004535007476806641;0,0005260158042849513;17;2;15;{'model__max_depth': 17, 'model__min_samples_split': 2, 'model__n_estimators': 15};-0,2519293020218647;-0,2579945358755767;-0,24128583272672327;-0,24379242568964576;-0,23945342812551498;-0,2468911048878651;0,007000136205175832;506
0,46561474800109864;0,008325691702192684;0,0045454978942871095;0,00048616328541126885;17;2;20;{'model__max_depth': 17, 'model__min_samples_split': 2, 'model__n_estimators': 20};-0,245645573367692;-0,26003341822923554;-0,2398195311015883;-0,24600482438923654;-0,23819282178253445;-0,24593923377405735;0,007696677641183724;494
0,5752487659454346;0,009987429004097324;0,006016778945922852;0,0011362795501201773;17;2;25;{'model__max_depth': 17, 'model__min_samples_split': 2, 'model__n_estimators': 25};-0,2467800763726682;-0,25666415981930757;-0,24091842917813924;-0,24536330816514873;-0,23692841520637045;-0,24533087774832682;0,006642523466856134;482
0,9184154987335205;0,013719667667176132;0,0069638252258300785;0,001088312206424851;17;2;40;{'model__max_depth': 17, 'model__min_samples_split': 2, 'model__n_estimators': 40};-0,24591346649119714;-0,25526441033249936;-0,24351456784331046;-0,24331663512539975;-0,2336840955427187;-0,24433863506702508;0,0068861519342968145;462
1,1501307010650634;0,007916951159938995;0,00817418098449707;0,0009915427013845166;17;2;50;{'model__max_depth': 17, 'model__min_samples_split': 2, 'model__n_estimators': 50};-0,24651065605296563;-0,2529324273065077;-0,24284068955177687;-0,24370282488834122;-0,23422070073919685;-0,24404145970775765;0,006052273368911798;455
2,296848678588867;0,03470516685051725;0,013945341110229492;0,0005618463799437825;17;2;100;{'model__max_depth': 17, 'model__min_samples_split': 2, 'model__n_estimators': 100};-0,24448873238074872;-0,25215437478170816;-0,24115280194121608;-0,2409053980940611;-0,2366869501676711;-0,24307765147308102;0,00516996806541997;399
4,597329044342041;0,07494678508876271;0,027475786209106446;0,0013215330121517264;17;2;200;{'model__max_depth': 17, 'model__min_samples_split': 2, 'model__n_estimators': 200};-0,24353968010710123;-0,2528348156587329;-0,24103773259740394;-0,24019587022249403;-0,2370374711970004;-0,2429291139565465;0,005371314855758556;384
0,11007938385009766;0,0030770504494293223;0,0027541160583496095;0,0007726662101874075;17;5;5;{'model__max_depth': 17, 'model__min_samples_split': 5, 'model__n_estimators': 5};-0,25385260243908675;-0,2618690701089101;-0,2578450743977082;-0,2610305102838536;-0,25309267640817945;-0,25753798672754763;0,00358868076245147;549
0,21766514778137208;0,008612252312704658;0,003414773941040039;0,00136272722364404;17;5;10;{'model__max_depth': 17, 'model__min_samples_split': 5, 'model__n_estimators': 10};-0,24965095661392203;-0,25709702068547596;-0,24302266154300944;-0,24476986976339565;-0,24381505042409998;-0,24767111180598061;0,005247133470494005;516
0,3216852188110352;0,007235632113250243;0,0037031173706054688;0,00036691561219523417;17;5;15;{'model__max_depth': 17, 'model__min_samples_split': 5, 'model__n_estimators': 15};-0,24516471230019835;-0,25288926745625656;-0,24142114448601848;-0,24155567859508684;-0,23912749001075165;-0,24403165856966239;0,004831918372939769;454
0,42444825172424316;0,00943842144945394;0,005360794067382812;0,0007673187987988857;17;5;20;{'model__max_depth': 17, 'model__min_samples_split': 5, 'model__n_estimators': 20};-0,24130883207422113;-0,257286448047336;-0,23795035270417578;-0,24234929294463126;-0,2399121508846177;-0,24376141533099638;0,0069212867282685475;436
0,5239118099212646;0,010854271152925317;0,005520057678222656;0,0008238889977563836;17;5;25;{'model__max_depth': 17, 'model__min_samples_split': 5, 'model__n_estimators': 25};-0,2428762455505032;-0,25386952574039534;-0,24032171332204064;-0,24270273408398688;-0,23771848825187;-0,24349774138975921;0,00551505440461439;421
0,8510642051696777;0,010951983450133845;0,010390233993530274;0,006440430042419327;17;5;40;{'model__max_depth': 17, 'model__min_samples_split': 5, 'model__n_estimators': 40};-0,24380330321432336;-0,2536937100104326;-0,2431213994248981;-0,24059320566561462;-0,23483299675282426;-0,2432089230136186;0,006120291243740706;410
1,0411778926849364;0,016511314560412178;0,0079925537109375;0,00022224731840985327;17;5;50;{'model__max_depth': 17, 'model__min_samples_split': 5, 'model__n_estimators': 50};-0,24420941969512852;-0,2504783415788175;-0,2429355710151275;-0,24061958432254366;-0,2342510182361826;-0,24249878696955993;0,005260179237520366;356
2,1204041481018066;0,03888786998316842;0,017371511459350585;0,0035824602922043007;17;5;100;{'model__max_depth': 17, 'model__min_samples_split': 5, 'model__n_estimators': 100};-0,24298368560386102;-0,2498695130840825;-0,2403768758389542;-0,23889303918292287;-0,2352420859806771;-0,24147303993809954;0,004888058478929697;292
4,152100133895874;0,04156655283176981;0,02531890869140625;0,0007468381125491091;17;5;200;{'model__max_depth': 17, 'model__min_samples_split': 5, 'model__n_estimators': 200};-0,24237765558265803;-0,2497626250775541;-0,23982631857389405;-0,2387115389900438;-0,23561731911705855;-0,2412590914682417;0,00477354640872569;282
0,10170364379882812;0,002922780107866438;0,002910137176513672;0,0009164194514090772;17;10;5;{'model__max_depth': 17, 'model__min_samples_split': 10, 'model__n_estimators': 5};-0,25124427675666733;-0,25636175319428745;-0,25437400240614844;-0,25784865154440384;-0,2505421480960569;-0,2540741663995128;0,0028303046397918793;542
0,2006443977355957;0,00564839060118797;0,003709840774536133;0,0009301563872451914;17;10;10;{'model__max_depth': 17, 'model__min_samples_split': 10, 'model__n_estimators': 10};-0,2466259262793444;-0,2521951217617414;-0,24296994700624686;-0,24301630652490927;-0,24184013678476568;-0,24532948767140153;0,0037924001187552513;481
0,2952559471130371;0,004775510989821904;0,004159164428710937;0,00030303818881505755;17;10;15;{'model__max_depth': 17, 'model__min_samples_split': 10, 'model__n_estimators': 15};-0,24338497921840208;-0,25066966273813707;-0,24129411513250304;-0,2384925981183896;-0,23734461759451808;-0,24223719456039;0,004717470506057477;340
0,404063081741333;0,014232158533559554;0,005018377304077148;0,0006330932058404992;17;10;20;{'model__max_depth': 17, 'model__min_samples_split': 10, 'model__n_estimators': 20};-0,2394102942671758;-0,2552964875205732;-0,2375456088441955;-0,2390420205586281;-0,2373833385451337;-0,24173554994714125;0,006827273144505545;311
0,4939727306365967;0,017178711456134692;0,0052759647369384766;0,0009371527189283819;17;10;25;{'model__max_depth': 17, 'model__min_samples_split': 10, 'model__n_estimators': 25};-0,24060728729791483;-0,25200017033202593;-0,23923789069063497;-0,23897495826741522;-0,23595703792170064;-0,24135546890193832;0,005534681014453545;287
0,7643041133880615;0,016501541915532752;0,007633733749389649;0,000803158206934796;17;10;40;{'model__max_depth': 17, 'model__min_samples_split': 10, 'model__n_estimators': 40};-0,24205332821388026;-0,2483916500466194;-0,24054107313188158;-0,2379131041911169;-0,2330691719870121;-0,24039366551410205;0,005030812176392071;255
0,9811554431915284;0,018459160441651273;0,008726215362548828;0,002684268934373169;17;10;50;{'model__max_depth': 17, 'model__min_samples_split': 10, 'model__n_estimators': 50};-0,24296656565332875;-0,2455175343851021;-0,239916325160029;-0,23770601728001195;-0,23325635291561572;-0,2398725590788175;0,004240486427793564;238
1,910164737701416;0,019084360065716698;0,013929796218872071;0,001287353638361052;17;10;100;{'model__max_depth': 17, 'model__min_samples_split': 10, 'model__n_estimators': 100};-0,24020921006878246;-0,24525504596950332;-0,23742910986006566;-0,23533865383050165;-0,23333213989594428;-0,2383128319249595;0,004152699821033533;188
3,8812859535217283;0,06851047955911897;0,025883960723876952;0,003255637631771283;17;10;200;{'model__max_depth': 17, 'model__min_samples_split': 10, 'model__n_estimators': 200};-0,24028173011895113;-0,24623520934785756;-0,23661114706368744;-0,23569927352996256;-0,23266965702380094;-0,2382994034168519;0,00465212992770421;187
0,12474222183227539;0,006950489836214837;0,0028532981872558595;0,0008591082805288969;18;2;5;{'model__max_depth': 18, 'model__min_samples_split': 2, 'model__n_estimators': 5};-0,25901178762632365;-0,2680378249109554;-0,2585139155821901;-0,25991154240906156;-0,252432753357746;-0,25958156477725536;0,004983718415068245;560
0,2377091407775879;0,005073315862522475;0,004059696197509765;0,0002546941932491168;18;2;10;{'model__max_depth': 18, 'model__min_samples_split': 2, 'model__n_estimators': 10};-0,2551527329991051;-0,26169778947783273;-0,24382214537086788;-0,24733890737700873;-0,24144705010825215;-0,24989172506661333;0,007506404896344705;524
0,35859928131103513;0,017599134379277244;0,004420566558837891;0,0010321495834733376;18;2;15;{'model__max_depth': 18, 'model__min_samples_split': 2, 'model__n_estimators': 15};-0,24885329034630935;-0,2571351588792479;-0,24338315216153086;-0,241286378425197;-0,23913352895218754;-0,24595830175289457;0,006455058186538264;495
0,48450455665588377;0,024341332902563986;0,005550527572631836;0,0009367973634765639;18;2;20;{'model__max_depth': 18, 'model__min_samples_split': 2, 'model__n_estimators': 20};-0,2444885213743467;-0,25962225549855034;-0,24171312870622322;-0,24347189693380888;-0,23897708033467252;-0,24565457656952033;0,007229713645785782;490
0,5849870681762696;0,013345116461777828;0,0049092769622802734;0,0009181574331080997;18;2;25;{'model__max_depth': 18, 'model__min_samples_split': 2, 'model__n_estimators': 25};-0,24431054877740127;-0,2558434897609176;-0,24320152640590093;-0,24322846261297348;-0,23729707305314887;-0,24477622012206846;0,006058286251828345;470
0,9283533573150635;0,017093818279279752;0,008039283752441406;0,00032017200361869657;18;2;40;{'model__max_depth': 18, 'model__min_samples_split': 2, 'model__n_estimators': 40};-0,24366931157719127;-0,2543354022574248;-0,24393106023345373;-0,24224266452186727;-0,23392524274302245;-0,24362073626659192;0,0064931410614510006;427
1,1633794784545899;0,021322532022769815;0,008605623245239257;0,0007574906774925452;18;2;50;{'model__max_depth': 18, 'model__min_samples_split': 2, 'model__n_estimators': 50};-0,24414101796375598;-0,2518763152865414;-0,24365909855636667;-0,24331684855048452;-0,23424516562990494;-0,24344768919741072;0,005590540147983164;418
2,319180488586426;0,058973644332205324;0,014589262008666993;0,001364702843510585;18;2;100;{'model__max_depth': 18, 'model__min_samples_split': 2, 'model__n_estimators': 100};-0,24369878133972558;-0,2516435905959955;-0,24176504141398783;-0,24065626858753;-0,23592177937211314;-0,2427370922618704;0,005137582276871005;365
4,62693190574646;0,08466240005027721;0,0280179500579834;0,004537663767218549;18;2;200;{'model__max_depth': 18, 'model__min_samples_split': 2, 'model__n_estimators': 200};-0,24298621964895578;-0,2522784660098835;-0,24141678067098124;-0,24009952697901044;-0,23692411155596152;-0,2427410209729585;0,005168955760810284;366
0,1123326301574707;0,004207162113307102;0,002805757522583008;0,000981866800957887;18;5;5;{'model__max_depth': 18, 'model__min_samples_split': 5, 'model__n_estimators': 5};-0,25712176118229274;-0,2619592121725279;-0,258415550000136;-0,2582144124889261;-0,25306202713526615;-0,2577545925958298;0,0028547424054993554;552
0,22996530532836915;0,006001233723236435;0,0034064769744873045;0,0008014085581782141;18;5;10;{'model__max_depth': 18, 'model__min_samples_split': 5, 'model__n_estimators': 10};-0,2524597429954248;-0,2578414163192249;-0,24243827731378106;-0,24131119125523495;-0,24390709059801774;-0,24759154369633668;0,006454973726186931;514
0,3242753505706787;0,007800441751577861;0,005106115341186523;0,0010111472268942109;18;5;15;{'model__max_depth': 18, 'model__min_samples_split': 5, 'model__n_estimators': 15};-0,24532315612989822;-0,25251361787045196;-0,24150093463199307;-0,24009835655745257;-0,2380482438091827;-0,24349686179979574;0,0050962386554579435;420
0,42787609100341795;0,0027328105625071394;0,00436244010925293;0,0008684849413094798;18;5;20;{'model__max_depth': 18, 'model__min_samples_split': 5, 'model__n_estimators': 20};-0,24230200808462532;-0,2577074978017424;-0,238464365215796;-0,24196337890030498;-0,23963259538951218;-0,24401396907839615;0,006994898110097342;452
0,5316266536712646;0,014430940279817901;0,005641460418701172;0,0008128985278994739;18;5;25;{'model__max_depth': 18, 'model__min_samples_split': 5, 'model__n_estimators': 25};-0,24323580142446463;-0,2544783143870461;-0,24052998498454145;-0,24194555257423944;-0,23796457853774441;-0,2436308463816072;0,005698873056079464;428
0,8487932682037354;0,018075981690543592;0,0071182727813720705;0,0009080234534005472;18;5;40;{'model__max_depth': 18, 'model__min_samples_split': 5, 'model__n_estimators': 40};-0,2436540502395886;-0,25401194431093627;-0,24333375246919764;-0,2397050756528928;-0,23455612897711153;-0,24305219032994535;0,006386610291624176;398
1,0563165187835692;0,021320783901079773;0,008829927444458008;0,0011412248575902414;18;5;50;{'model__max_depth': 18, 'model__min_samples_split': 5, 'model__n_estimators': 50};-0,24420737144331575;-0,25093057212876435;-0,24298103561509732;-0,24043700038856403;-0,23446408078846379;-0,24260401207284105;0,005347876800027816;360
2,0771570205688477;0,028312319453364553;0,01402277946472168;7,666399737889735e-05;18;5;100;{'model__max_depth': 18, 'model__min_samples_split': 5, 'model__n_estimators': 100};-0,24222192712740234;-0,2502167164551898;-0,24089351938111941;-0,23915718723394197;-0,23549099177997979;-0,24159606839552666;0,004866640505328354;303
4,197703075408936;0,07376453412519068;0,025811290740966795;0,0014501163064106727;18;5;200;{'model__max_depth': 18, 'model__min_samples_split': 5, 'model__n_estimators': 200};-0,24196343494765485;-0,25049800723846544;-0,2401437464094744;-0,23877921881264794;-0,23617097741835244;-0,24151107696531898;0,004874809708395867;295
0,10226058959960938;0,0035319224307624407;0,0029053688049316406;0,0009182023417546579;18;10;5;{'model__max_depth': 18, 'model__min_samples_split': 10, 'model__n_estimators': 5};-0,25390885184475076;-0,25593607740335533;-0,254484354992877;-0,2547133754676934;-0,2522750330836494;-0,2542635385584652;0,001194023116906428;543
0,19913926124572753;0,005851927203704698;0,004055166244506836;9,720400030314705e-05;18;10;10;{'model__max_depth': 18, 'model__min_samples_split': 10, 'model__n_estimators': 10};-0,24702019329304076;-0,2527508814266026;-0,24301454859035382;-0,24179114227035983;-0,24272666306269913;-0,24546068572861124;0,004062093873543644;486
0,29437670707702634;0,0060288857467054886;0,00396418571472168;0,0003396361824504067;18;10;15;{'model__max_depth': 18, 'model__min_samples_split': 10, 'model__n_estimators': 15};-0,2434740244737747;-0,25107125117087076;-0,24181062599565026;-0,23800053365342644;-0,23753331370592756;-0,24237794979992994;0,004893444507063055;344
0,38839383125305177;0,005815622588387061;0,004611825942993164;0,0008422567976750775;18;10;20;{'model__max_depth': 18, 'model__min_samples_split': 10, 'model__n_estimators': 20};-0,2397868047306442;-0,2556574433405839;-0,23803257770341885;-0,23893591656140126;-0,23765660626963717;-0,24201386972113706;0,006861736604545459;329
0,4840214729309082;0,013937412935300021;0,004523944854736328;0,00045384230983402013;18;10;25;{'model__max_depth': 18, 'model__min_samples_split': 10, 'model__n_estimators': 25};-0,24106122825985274;-0,25210182292652716;-0,23965809915921837;-0,23925925836222162;-0,2359256285688971;-0,2416012074553434;0,005514110878586782;304
0,7644507884979248;0,014658555911683793;0,007128286361694336;0,000913152911281041;18;10;40;{'model__max_depth': 18, 'model__min_samples_split': 10, 'model__n_estimators': 40};-0,24212202233317104;-0,24859835474767727;-0,24119652372358108;-0,2380981625585871;-0,23355241972403273;-0,24071349661740982;0,004949934183881619;269
0,9575469970703125;0,025549194077871647;0,008837461471557617;0,0007554045621676539;18;10;50;{'model__max_depth': 18, 'model__min_samples_split': 10, 'model__n_estimators': 50};-0,24308267203471334;-0,24568918304340637;-0,24048597927966664;-0,23830004637865498;-0,23353689480860848;-0,24021895510900998;0,0041599930472576456;253
1,9097618579864502;0,027498787993127;0,01263422966003418;0,0010806791694587855;18;10;100;{'model__max_depth': 18, 'model__min_samples_split': 10, 'model__n_estimators': 100};-0,2401693015947226;-0,24552257708899283;-0,23781694605357057;-0,23580060761011032;-0,23374124183867068;-0,23861013483721344;0,004060580490016076;203
3,8331011295318604;0,07692302725293552;0,023731565475463866;0,0006258300796624343;18;10;200;{'model__max_depth': 18, 'model__min_samples_split': 10, 'model__n_estimators': 200};-0,24035644566039283;-0,24622245044888408;-0,236930441394413;-0,23602604588793327;-0,23296935728826917;-0,23850094813597847;0,004522269317509904;201
0,12182636260986328;0,002124022365943526;0,003562164306640625;0,0007767032335409921;19;2;5;{'model__max_depth': 19, 'model__min_samples_split': 2, 'model__n_estimators': 5};-0,26039059599802244;-0,26768452946521687;-0,2590760366956697;-0,2614681373134453;-0,2524172752456913;-0,26020731494360916;0,004888691255637331;561
0,24136533737182617;0,008549503910525509;0,0032730579376220705;0,0008462283753394338;19;2;10;{'model__max_depth': 19, 'model__min_samples_split': 2, 'model__n_estimators': 10};-0,2535906589418856;-0,25859153952532005;-0,24356715746864147;-0,2481814447257114;-0,24039420630982575;-0,24886500139427686;0,006591299608031815;519
0,35721888542175295;0,005039191865488497;0,004020118713378906;9,679441962382863e-06;19;2;15;{'model__max_depth': 19, 'model__min_samples_split': 2, 'model__n_estimators': 15};-0,24894003975898127;-0,25542211618241045;-0,243303270672799;-0,2446088886553812;-0,23863526208383243;-0,24618191547068088;0,005669242371922649;498
0,47948398590087893;0,017872785504534864;0,0054662227630615234;0,0012542941272562788;19;2;20;{'model__max_depth': 19, 'model__min_samples_split': 2, 'model__n_estimators': 20};-0,24386444024714954;-0,2582710071108416;-0,24184865025685937;-0,24600290362859892;-0,23849337103957013;-0,24569607445660385;0,006756619994689272;491
0,5929218292236328;0,017883937510136855;0,005014944076538086;6,2416508673942494e-06;19;2;25;{'model__max_depth': 19, 'model__min_samples_split': 2, 'model__n_estimators': 25};-0,24451927860998837;-0,25542878503977173;-0,24337521694943948;-0,2454720785256413;-0,23637165294439377;-0,2450334024138469;0,006104035105765308;476
0,9253594875335693;0,019471638428911135;0,007421541213989258;0,0008589492804538384;19;2;40;{'model__max_depth': 19, 'model__min_samples_split': 2, 'model__n_estimators': 40};-0,24368963673543698;-0,2552927862381761;-0,24474110116023629;-0,2433346598313336;-0,23357483759000497;-0,24412660431103758;0,006887947776570041;457
1,1555204391479492;0,015179393535520214;0,00892791748046875;0,0010955188955735014;19;2;50;{'model__max_depth': 19, 'model__min_samples_split': 2, 'model__n_estimators': 50};-0,24462511058203065;-0,2530772577786112;-0,24411682481693922;-0,244348703232525;-0,23383167623286494;-0,24399991452859418;0,006104382396247912;451
2,3581521034240724;0,08300476063834122;0,01465306282043457;0,0013123256296084728;19;2;100;{'model__max_depth': 19, 'model__min_samples_split': 2, 'model__n_estimators': 100};-0,2442797114326347;-0,2524160831513934;-0,24198005274746007;-0,24160239265672964;-0,23620075124901316;-0,24329579824744618;0,0052742048217818156;413
4,641748237609863;0,08569577570689055;0,026305341720581056;0,0009841846703293792;19;2;200;{'model__max_depth': 19, 'model__min_samples_split': 2, 'model__n_estimators': 200};-0,24327945082520674;-0,2522170358377124;-0,24157162597205112;-0,24047086183159047;-0,2373319896432297;-0,24297419282195812;0,005011818951005127;390
0,11014580726623535;0,0027692716199890894;0,003056621551513672;0,0009806544773610518;19;5;5;{'model__max_depth': 19, 'model__min_samples_split': 5, 'model__n_estimators': 5};-0,25233375151925636;-0,2634849394385683;-0,2572604158092313;-0,26100583379150405;-0,25411043560641894;-0,2576390752329958;0,004153319919830469;550
0,22939634323120117;0,02766470691560062;0,0029864788055419924;0,0012340285620536602;19;5;10;{'model__max_depth': 19, 'model__min_samples_split': 5, 'model__n_estimators': 10};-0,24837324977764752;-0,2588874753683032;-0,24145801419163995;-0,24448703149284584;-0,24453060035669288;-0,2475472742374259;0,006079915988653987;513
0,33510494232177734;0,021917994676526744;0,003812408447265625;0,0003920099883396423;19;5;15;{'model__max_depth': 19, 'model__min_samples_split': 5, 'model__n_estimators': 15};-0,24333009252371102;-0,2530390511671488;-0,2408128371684296;-0,24128528750538267;-0,23936238298823478;-0,2435659302705814;0,00490400452223127;424
0,42561140060424807;0,009623216864866146;0,0043140888214111325;0,0004379009995337629;19;5;20;{'model__max_depth': 19, 'model__min_samples_split': 5, 'model__n_estimators': 20};-0,23946267242995145;-0,2577358860428407;-0,23902344138930684;-0,24134077087259426;-0,2404365256673915;-0,24359985928041694;0,007113330139384132;425
0,527530288696289;0,004553972931321177;0,005112838745117187;0,0015827544853548668;19;5;25;{'model__max_depth': 19, 'model__min_samples_split': 5, 'model__n_estimators': 25};-0,24151442715764884;-0,2545896788098659;-0,24107872606858352;-0,2419100138321165;-0,2373145413226425;-0,24328147743817147;0,00588787291952612;412
0,8629508018493652;0,04169199980765949;0,007327556610107422;0,0007528616374701435;19;5;40;{'model__max_depth': 19, 'model__min_samples_split': 5, 'model__n_estimators': 40};-0,24264412969076393;-0,2536154560563974;-0,24346418912296594;-0,24038886479520175;-0,23409488238808296;-0,24284150441068242;0,0063090976372984775;374
1,0795186042785645;0,03482042812779795;0,009584903717041016;0,0009800660789120424;19;5;50;{'model__max_depth': 19, 'model__min_samples_split': 5, 'model__n_estimators': 50};-0,24391280150496508;-0,25012651504636146;-0,24341378836116837;-0,24065976139044812;-0,23423380021401138;-0,24246933330339088;0,005151826546466317;351
2,099641942977905;0,02150464000620701;0,01367487907409668;0,000596496728569736;19;5;100;{'model__max_depth': 19, 'model__min_samples_split': 5, 'model__n_estimators': 100};-0,2423992701205809;-0,249653572309277;-0,24140544531105;-0,23867450094333806;-0,2352553337715055;-0,2414776244911503;0,004780693812598682;294
4,194001960754394;0,042478537978456216;0,024666023254394532;0,00030231146404505226;19;5;200;{'model__max_depth': 19, 'model__min_samples_split': 5, 'model__n_estimators': 200};-0,2420901654285822;-0,2500746542638099;-0,24022720452388716;-0,23881554047197967;-0,23587609494967138;-0,2414167319275861;0,004781066040419311;289
0,10299873352050781;0,002284075228167382;0,0027054309844970702;0,001069680716475947;19;10;5;{'model__max_depth': 19, 'model__min_samples_split': 10, 'model__n_estimators': 5};-0,25347443218012866;-0,2556961436633495;-0,2536787328148397;-0,25424675650804185;-0,251954631365787;-0,25381013930642937;0,0012100019564887828;539
0,20009474754333495;0,006345277144330489;0,0036797523498535156;0,0005984319253732788;19;10;10;{'model__max_depth': 19, 'model__min_samples_split': 10, 'model__n_estimators': 10};-0,24654669366680423;-0,2519123968696844;-0,24235082722311743;-0,24135005290590433;-0,24251972554879409;-0,2449359392428609;0,00391522577700717;474
0,2972221851348877;0,005259782343329295;0,004260540008544922;0,0003864988871223951;19;10;15;{'model__max_depth': 19, 'model__min_samples_split': 10, 'model__n_estimators': 15};-0,24273045986199332;-0,25070380871960285;-0,2412612388317284;-0,23766376059542912;-0,23755127778746227;-0,2419821091592432;0,004804750295037794;324
0,39135103225708007;0,008517742818195877;0,004407167434692383;0,0007224603671955967;19;10;20;{'model__max_depth': 19, 'model__min_samples_split': 10, 'model__n_estimators': 20};-0,23946624104590813;-0,25573933377874136;-0,23704293670371318;-0,23839140464484876;-0,23767007933078818;-0,2416619991007999;0,007084640485502205;308
0,47920498847961424;0,007648688237368452;0,004216766357421875;0,00039800528453334556;19;10;25;{'model__max_depth': 19, 'model__min_samples_split': 10, 'model__n_estimators': 25};-0,2406115854284986;-0,25242831714250136;-0,2389306566946374;-0,23882126125598083;-0,23573100850982293;-0,24130456580628823;0,0057807413450325345;284
0,7664179325103759;0,013095813592322996;0,006923770904541016;0,0009208030315354643;19;10;40;{'model__max_depth': 19, 'model__min_samples_split': 10, 'model__n_estimators': 40};-0,2421899996340971;-0,24882679290257498;-0,24059561914702465;-0,23781736575827878;-0,23353711844771552;-0,24059337917793822;0,00505638941258554;264
0,9565305709838867;0,01301697146192678;0,00804901123046875;0,00017145137392186427;19;10;50;{'model__max_depth': 19, 'model__min_samples_split': 10, 'model__n_estimators': 50};-0,24278606582856832;-0,2458999370127133;-0,24006467502638199;-0,23811385950082717;-0,23340948105727766;-0,24005480368515367;0,004232092889141438;248
1,9078490257263183;0,041386730279352135;0,013878107070922852;0,0011777830220330973;19;10;100;{'model__max_depth': 19, 'model__min_samples_split': 10, 'model__n_estimators': 100};-0,24000535680717489;-0,24507172643607872;-0,237606469277116;-0,23544479400760468;-0,23373257519452179;-0,2383721843444992;0,0039555789296436255;194
3,82244873046875;0,02849830191425082;0,023738527297973634;0,000550615773956367;19;10;200;{'model__max_depth': 19, 'model__min_samples_split': 10, 'model__n_estimators': 200};-0,240148960612207;-0,24612284445645533;-0,2368885263910233;-0,23567813962619985;-0,23292426858462909;-0,23835254793410293;0,004524746227740097;191
0,12185201644897461;0,002359076875591438;0,003213930130004883;0,0009840512983862052;20;2;5;{'model__max_depth': 20, 'model__min_samples_split': 2, 'model__n_estimators': 5};-0,25801735176726337;-0,27035109312138766;-0,25990219036053597;-0,26415142220478016;-0,2547907414870538;-0,2614425597882042;0,0053861187586667775;564
0,23941402435302733;0,005598423769040947;0,0031539440155029298;0,0006996714441935895;20;2;10;{'model__max_depth': 20, 'model__min_samples_split': 2, 'model__n_estimators': 10};-0,25417966201009345;-0,2614481581587989;-0,24339909847100005;-0,2500499786250792;-0,2413578926055163;-0,2500869579740976;0,007304142802239085;525
0,3544334888458252;0,007538914523309649;0,005010128021240234;0,0010510981518091504;20;2;15;{'model__max_depth': 20, 'model__min_samples_split': 2, 'model__n_estimators': 15};-0,25031130087502945;-0,2585412735132902;-0,24307837144070057;-0,24434809493885343;-0,2379299476905667;-0,24684179769168807;0,00705291695468014;504
0,475093936920166;0,010962616384994243;0,0042134284973144535;0,00039876607771374066;20;2;20;{'model__max_depth': 20, 'model__min_samples_split': 2, 'model__n_estimators': 20};-0,24507681377257426;-0,2603738535922878;-0,24077024295111277;-0,24590199767753593;-0,23852789925137385;-0,24613016144897695;0,007623220877453946;497
0,5817080020904541;0,005707560957877935;0,005866050720214844;0,0011898382322791065;20;2;25;{'model__max_depth': 20, 'model__min_samples_split': 2, 'model__n_estimators': 25};-0,24565382379274828;-0,25693435771520473;-0,24260770409003554;-0,2452660173767671;-0,2367165693204585;-0,24543569445904284;0,006577481282475401;485
0,9273527145385743;0,0179018762299959;0,0075413227081298825;0,001012637671447336;20;2;40;{'model__max_depth': 20, 'model__min_samples_split': 2, 'model__n_estimators': 40};-0,2451092311034344;-0,2544327917205309;-0,24348009254567535;-0,24335967192875962;-0,2331290746221293;-0,24390217238410594;0,0067658410842076485;444
1,1606626510620117;0,023961324835099156;0,009472227096557618;0,0014811893149708794;20;2;50;{'model__max_depth': 20, 'model__min_samples_split': 2, 'model__n_estimators': 50};-0,24608376772220003;-0,2519909009129394;-0,24283482895580116;-0,2440731761615453;-0,23372805003709948;-0,24374214475791706;0,005911684582998998;434
2,3115342617034913;0,04629838013427415;0,015057849884033202;0,0008831941029717313;20;2;100;{'model__max_depth': 20, 'model__min_samples_split': 2, 'model__n_estimators': 100};-0,2448596967333797;-0,251673601551966;-0,2420767775453355;-0,24130685788277362;-0,23592645203506835;-0,24316867714970464;0,005143962026694191;404
4,654329919815064;0,04710945315238256;0,02696065902709961;0,000932644558034947;20;2;200;{'model__max_depth': 20, 'model__min_samples_split': 2, 'model__n_estimators': 200};-0,2435337738538845;-0,2525602078395415;-0,24173269224361574;-0,24030148231777276;-0,23735552207854596;-0,2430967356666721;0,005145559195126519;400
0,11504721641540527;0,007038744157683934;0,003723001480102539;0,0006105449601079287;20;5;5;{'model__max_depth': 20, 'model__min_samples_split': 5, 'model__n_estimators': 5};-0,2559428887248103;-0,26285536777837626;-0,25797709937038926;-0,25860177825586356;-0,25415244045641566;-0,257905914917171;0,0029301337511194255;554
0,2205151081085205;0,008246698022239847;0,0037623882293701173;0,0003834562314811283;20;5;10;{'model__max_depth': 20, 'model__min_samples_split': 5, 'model__n_estimators': 10};-0,24965906106380292;-0,25837127277579897;-0,24170144357647297;-0,24328500372502554;-0,24362123806552616;-0,24732760384132532;0,006150313140070627;512
0,32437825202941895;0,009064856250991219;0,004013919830322265;1,1736976399568867e-05;20;5;15;{'model__max_depth': 20, 'model__min_samples_split': 5, 'model__n_estimators': 15};-0,24461323005442787;-0,2531911126313846;-0,24091772097597045;-0,24020265325901605;-0,23883744767108156;-0,2435524329183761;0,005185041057537344;422
0,42601327896118163;0,010792950131811547;0,0050620555877685545;0,0006747914574304092;20;5;20;{'model__max_depth': 20, 'model__min_samples_split': 5, 'model__n_estimators': 20};-0,2411809953892886;-0,2582915029474281;-0,23832547117337596;-0,2416630297044271;-0,2400874948683691;-0,24390969881657779;0,007281792031423801;446
0,5317420482635498;0,009553038221973105;0,00556650161743164;0,00032228518726027126;20;5;25;{'model__max_depth': 20, 'model__min_samples_split': 5, 'model__n_estimators': 25};-0,24294466908489445;-0,25511726839128157;-0,24082406170871476;-0,2424959002499146;-0,2376127886253619;-0,24379893761203345;0,005960715034917488;438
0,8418044090270996;0,01936267101338102;0,006414556503295898;0,0008041165949992672;20;5;40;{'model__max_depth': 20, 'model__min_samples_split': 5, 'model__n_estimators': 40};-0,2437453714700136;-0,2544506795517066;-0,24320088541861673;-0,2402061802809464;-0,23433693760207072;-0,24318801086467082;0,006548149877368598;408
1,0454816818237305;0,02042783972161166;0,007970190048217774;0,0007279621572061096;20;5;50;{'model__max_depth': 20, 'model__min_samples_split': 5, 'model__n_estimators': 50};-0,24467015499461883;-0,2508693837189235;-0,24292890810567405;-0,24014682741011079;-0,2347473026259894;-0,2426725153710633;0,005299680155309276;362
2,095357894897461;0,021301074755317482;0,01382288932800293;0,00024410148768843335;20;5;100;{'model__max_depth': 20, 'model__min_samples_split': 5, 'model__n_estimators': 100};-0,2429792175145418;-0,2502307544382317;-0,24136781046768066;-0,23879932632458795;-0,23545179819717804;-0,241765781388444;0,004938680313707101;313
4,231881952285766;0,07072731717270003;0,026293849945068358;0,0003165211365610405;20;5;200;{'model__max_depth': 20, 'model__min_samples_split': 5, 'model__n_estimators': 200};-0,24243078500466164;-0,2504652513914695;-0,24011445698861583;-0,2389189412812389;-0,23617880517505638;-0,24162164796820845;0,004859317030353093;306
0,10164914131164551;0,002263376959120145;0,00340118408203125;0,001195166731376924;20;10;5;{'model__max_depth': 20, 'model__min_samples_split': 10, 'model__n_estimators': 5};-0,253084857854838;-0,25486236242956156;-0,254533550934442;-0,25502019459386865;-0,2519790521450554;-0,25389600359155307;0,0011778609155863701;540
0,19835276603698732;0,005548299272776075;0,003507661819458008;0,0012119912488765016;20;10;10;{'model__max_depth': 20, 'model__min_samples_split': 10, 'model__n_estimators': 10};-0,24634380386127863;-0,25166008736326095;-0,24278009930315952;-0,24174276702027828;-0,24236350745145424;-0,24497805299988634;0,0037053686158422254;475
0,29691143035888673;0,009741603592923224;0,004237699508666992;0,00039092474176343606;20;10;15;{'model__max_depth': 20, 'model__min_samples_split': 10, 'model__n_estimators': 15};-0,24283028429488376;-0,2505356023819872;-0,24119591655161027;-0,23777436875907113;-0,23730953440591326;-0,2419291412786931;0,004775431965956371;320
0,387999439239502;0,00799510816485136;0,004808950424194336;0,0008131974437134402;20;10;20;{'model__max_depth': 20, 'model__min_samples_split': 10, 'model__n_estimators': 20};-0,23954419995343426;-0,2551251754851061;-0,23790880490618468;-0,23901646910907812;-0,23740046971378606;-0,24179902383351787;0,006706627185293903;315
0,4849142074584961;0,009511362033254101;0,005585098266601562;0,0023283469708461975;20;10;25;{'model__max_depth': 20, 'model__min_samples_split': 10, 'model__n_estimators': 25};-0,2412088517410597;-0,25193699050759316;-0,2396215829292799;-0,23948732039261944;-0,23570569300759991;-0,24159208771563043;0,005479533937172728;302
0,7676430225372315;0,011574726103345536;0,0068661212921142575;0,0009530769098235177;20;10;40;{'model__max_depth': 20, 'model__min_samples_split': 10, 'model__n_estimators': 40};-0,24231571644315422;-0,24845536855018976;-0,24103432078186446;-0,2382280860099916;-0,23325790760261247;-0,2406582798775625;0,004987072218071628;266
0,9594559669494629;0,01888938535192251;0,007634353637695312;0,0010361782965167517;20;10;50;{'model__max_depth': 20, 'model__min_samples_split': 10, 'model__n_estimators': 50};-0,24282165802943945;-0,24563408368123024;-0,2401958476605308;-0,23842056334679262;-0,2331544139470555;-0,24004531333300969;0,004221123341655901;247
1,9302883625030518;0,030222219243019557;0,014508438110351563;0,000819786152952064;20;10;100;{'model__max_depth': 20, 'model__min_samples_split': 10, 'model__n_estimators': 100};-0,24001795014926208;-0,2451799826799467;-0,23769345855010662;-0,2355741857329198;-0,23349052557408537;-0,2383912205372641;0,004029216019580137;195
3,477629613876343;0,03671744057550474;0,018128156661987305;0,0020829963798915216;20;10;200;{'model__max_depth': 20, 'model__min_samples_split': 10, 'model__n_estimators': 200};-0,24014124592677583;-0,24593725042852468;-0,23699909300827102;-0,2357539011811824;-0,23295540085365676;-0,23835737827968212;0,004437139564345013;192
