mean_fit_time;std_fit_time;mean_score_time;std_score_time;param_model__max_depth;param_model__min_samples_split;param_model__n_estimators;params;split0_test_score;split1_test_score;split2_test_score;split3_test_score;split4_test_score;mean_test_score;std_test_score;rank_test_score
0,1393364906311035;0,011148208374619512;0,0037247180938720704;0,0006144005353800514;;2;5;{'model__max_depth': None, 'model__min_samples_split': 2, 'model__n_estimators': 5};-0,32650806359200074;-0,2950515030025704;-0,2730475286930923;-0,28456105387003244;-0,29156548384991515;-0,2941467266015222;0,017842639044627066;535
0,28931655883789065;0,02148925406489657;0,00516819953918457;0,00122252534110209;;2;10;{'model__max_depth': None, 'model__min_samples_split': 2, 'model__n_estimators': 10};-0,31364417245356085;-0,30190305578904286;-0,27178063088966153;-0,2735171107024014;-0,2891980767118895;-0,29000860930931127;0,01615551539794022;488
0,46027393341064454;0,02985080097339113;0,007187795639038086;0,0010253285770823123;;2;15;{'model__max_depth': None, 'model__min_samples_split': 2, 'model__n_estimators': 15};-0,31042211011879384;-0,29786923039387253;-0,2592593124740479;-0,269011383967922;-0,28980320996090986;-0,2852730493831092;0,0187233418857483;423
0,5974491119384766;0,0224871472278543;0,006562280654907227;0,0005925173308945658;;2;20;{'model__max_depth': None, 'model__min_samples_split': 2, 'model__n_estimators': 20};-0,30840443534575157;-0,2973036498994787;-0,2605239006568898;-0,27171234905404174;-0,2891977771135573;-0,28542842241394384;0,017271317872641287;427
0,6899312496185303;0,010650788709305378;0,007489156723022461;0,0013773478284591074;;2;25;{'model__max_depth': None, 'model__min_samples_split': 2, 'model__n_estimators': 25};-0,30395833433131153;-0,2956260211699804;-0,260986899515924;-0,27037798083190656;-0,2858876738541366;-0,2833673819406518;0,015812804698508404;370
1,08083815574646;0,020540585431248537;0,009219694137573241;0,0012390936052178393;;2;40;{'model__max_depth': None, 'model__min_samples_split': 2, 'model__n_estimators': 40};-0,301987891248537;-0,2919610061119984;-0,2598854106904729;-0,27252214148603404;-0,2822166044277333;-0,28171461079295507;0,01467829679592999;309
1,235386896133423;0,013007913469189773;0,010776710510253907;0,002712722718136656;;2;50;{'model__max_depth': None, 'model__min_samples_split': 2, 'model__n_estimators': 50};-0,3011517198699787;-0,29141397206745906;-0,2585680599540392;-0,27504540641410596;-0,2798125112517457;-0,28119833391146576;0,014521743660894896;286
2,430631971359253;0,022981026197486532;0,01731882095336914;0,0012334905932027715;;2;100;{'model__max_depth': None, 'model__min_samples_split': 2, 'model__n_estimators': 100};-0,3030480334075416;-0,2891472210032416;-0,260080702093584;-0,2730372166869768;-0,2814091105046189;-0,2813444567391926;0,014512684447629846;294
4,991484880447388;0,0766069069348801;0,03304381370544433;0,0022616198683926116;;2;200;{'model__max_depth': None, 'model__min_samples_split': 2, 'model__n_estimators': 200};-0,30105389182547354;-0,2890671721083848;-0,25742812515930424;-0,2717254545249376;-0,2827814461596579;-0,28041121795555163;0,014901869341723255;254
0,11714415550231934;0,003139033211054902;0,0036102294921875;0,0010234245919903313;;5;5;{'model__max_depth': None, 'model__min_samples_split': 5, 'model__n_estimators': 5};-0,32011796658731234;-0,2969387927212389;-0,27444357555850163;-0,27927436849444764;-0,28950698202489683;-0,2920563370772794;0,016070972118864057;521
0,22563276290893555;0,0066057728671916815;0,004224586486816406;0,0002460872171584809;;5;10;{'model__max_depth': None, 'model__min_samples_split': 5, 'model__n_estimators': 10};-0,31270135137708427;-0,2990144586562631;-0,27466359699073445;-0,2732969259515006;-0,2903107226531183;-0,2899974111257401;0,014905745698886697;487
0,33585433959960936;0,008000839719805189;0,011438274383544922;0,012378880051926442;;5;15;{'model__max_depth': None, 'model__min_samples_split': 5, 'model__n_estimators': 15};-0,3063318605577061;-0,2944774060011621;-0,26066072343434704;-0,2676398042380564;-0,2892388964048013;-0,2836697381272146;0,017016265979799064;375
0,4536332607269287;0,027287699673262444;0,0057891845703125;0,0003872279328810229;;5;20;{'model__max_depth': None, 'model__min_samples_split': 5, 'model__n_estimators': 20};-0,3052772634472761;-0,29283780006883786;-0,26068351034269754;-0,2715400278674587;-0,28863430948545915;-0,2837945822423459;0,01581773743286669;380
0,5705010414123535;0,011908180217018928;0,00656437873840332;0,00047016090601954824;;5;25;{'model__max_depth': None, 'model__min_samples_split': 5, 'model__n_estimators': 25};-0,30042388263863956;-0,29094669300394255;-0,26060840463575113;-0,2683105854651221;-0,28451140434331806;-0,28096019401735467;0,01459715286686106;281
0,8944463729858398;0,011382421714600893;0,008475160598754883;0,0008835060477359811;;5;40;{'model__max_depth': None, 'model__min_samples_split': 5, 'model__n_estimators': 40};-0,2999565171582457;-0,2873502305799115;-0,26027762105746044;-0,27053916719836135;-0,28158702783808814;-0,2799421127664134;0,013662137152134836;239
1,1325936794281006;0,03917444667100725;0,010323429107666015;0,0004690059270394202;;5;50;{'model__max_depth': None, 'model__min_samples_split': 5, 'model__n_estimators': 50};-0,2983949445881436;-0,28689203182276335;-0,25900768922066036;-0,27203702770473953;-0,27958843677388423;-0,2791840260220382;0,013317660795378874;195
2,2466131687164306;0,034761558966334205;0,016003179550170898;0,00019550634009523623;;5;100;{'model__max_depth': None, 'model__min_samples_split': 5, 'model__n_estimators': 100};-0,30090461350907716;-0,2852352775060628;-0,25912733498419743;-0,2721339609072444;-0,2811263103491513;-0,27970549945114664;0,013876517102906456;220
4,521718454360962;0,06410588763682358;0,03124208450317383;0,002460204053560159;;5;200;{'model__max_depth': None, 'model__min_samples_split': 5, 'model__n_estimators': 200};-0,2987126746628463;-0,2845231692768382;-0,25740627084016626;-0,27056587166131296;-0,2820897092888663;-0,278659539146006;0,013895937079662702;175
0,10865864753723145;0,0029038202390179488;0,0035474300384521484;0,0006515550983137847;;10;5;{'model__max_depth': None, 'model__min_samples_split': 10, 'model__n_estimators': 5};-0,3210739157709072;-0,28785127207204747;-0,2710808641240297;-0,27410361450086373;-0,2871197765055302;-0,28824588859467565;0,017741167946575705;467
0,20329227447509765;0,005838613910630391;0,0045282840728759766;0,0007821084900376582;;10;10;{'model__max_depth': None, 'model__min_samples_split': 10, 'model__n_estimators': 10};-0,3094494703208072;-0,29591250880503667;-0,272235462729129;-0,26742123793615624;-0,2855272697102924;-0,2861091899002843;0,015381366889829074;436
0,301519775390625;0,004365743016942683;0,00442047119140625;0,0003745213152371347;;10;15;{'model__max_depth': None, 'model__min_samples_split': 10, 'model__n_estimators': 15};-0,30744522115084905;-0,29247848066163257;-0,25999015647531826;-0,2631438644041104;-0,28688707087836834;-0,2819889587140557;0,018006264188907103;327
0,4117462158203125;0,018732396512988577;0,005767202377319336;0,0006957779095523382;;10;20;{'model__max_depth': None, 'model__min_samples_split': 10, 'model__n_estimators': 20};-0,3064090893955363;-0,29133175510596054;-0,2597817180084045;-0,2660751033781285;-0,2863376825887013;-0,28198706969534626;0,01702324493055707;326
0,5142887592315674;0,01003338508175465;0,006642866134643555;0,0005924908329297945;;10;25;{'model__max_depth': None, 'model__min_samples_split': 10, 'model__n_estimators': 25};-0,3009653788211885;-0,2893537704309694;-0,26085015446968096;-0,2647571012977709;-0,28285195497742605;-0,27975567199940715;0,015059467729017588;227
0,818988037109375;0,012324630568892067;0,008433341979980469;0,0011158228631187783;;10;40;{'model__max_depth': None, 'model__min_samples_split': 10, 'model__n_estimators': 40};-0,2989270773530779;-0,28401648515226785;-0,26104787257743517;-0,2665703558861917;-0,2806989798237937;-0,2782521541585533;0,013409836929204015;157
1,0417316436767579;0,04656877556687237;0,009816265106201172;0,0013309219445430045;;10;50;{'model__max_depth': None, 'model__min_samples_split': 10, 'model__n_estimators': 50};-0,2971226477923836;-0,28418035566211436;-0,2596438448513926;-0,26868710159448833;-0,2789779551573416;-0,27772238101154406;0,012869514350036106;135
2,0732851028442383;0,10906809278690897;0,015998411178588866;0,0010271937188672552;;10;100;{'model__max_depth': None, 'model__min_samples_split': 10, 'model__n_estimators': 100};-0,29775556449225166;-0,28206238203596135;-0,25892258795552753;-0,2687602491380652;-0,2808686591887313;-0,2776738885621074;0,013143845591837231;128
4,270645046234131;0,09990568629956492;0,02927737236022949;0,0015038888687593953;;10;200;{'model__max_depth': None, 'model__min_samples_split': 10, 'model__n_estimators': 200};-0,29582328148618614;-0,2818750115614279;-0,2569146536276931;-0,2681841084164144;-0,2817262234361775;-0,2769046557055798;0,01327791009336644;102
0,02569408416748047;0,0008384054255712164;0,003521156311035156;0,0005774762661803606;1;2;5;{'model__max_depth': 1, 'model__min_samples_split': 2, 'model__n_estimators': 5};-0,32910769547744523;-0,304878826728759;-0,3076158703077788;-0,29611447861194756;-0,32132764423705157;-0,31180890307259645;0,011847169223668666;565
0,04465317726135254;0,0015967603423839012;0,003841876983642578;0,00046695092814742707;1;2;10;{'model__max_depth': 1, 'model__min_samples_split': 2, 'model__n_estimators': 10};-0,3270470355250976;-0,29990383232717727;-0,3084309595771285;-0,29552702505467343;-0,32186029630732765;-0,3105538297582809;0,012195047396219245;562
0,0635263442993164;0,0007901258675539548;0,004406070709228516;0,0003215926606943579;1;2;15;{'model__max_depth': 1, 'model__min_samples_split': 2, 'model__n_estimators': 15};-0,32750360478708634;-0,2989280937454184;-0,3087494560281967;-0,2956737181643014;-0,32152558732084513;-0,3104760920091696;0,012389312694403087;559
0,0818591594696045;0,0014877637101716773;0,005623388290405274;0,000586568771272321;1;2;20;{'model__max_depth': 1, 'model__min_samples_split': 2, 'model__n_estimators': 20};-0,3284126858133844;-0,29615385214407347;-0,30677404830019367;-0,29566547886364;-0,3213400264018664;-0,30966921830463157;0,013226316085999865;550
0,10177145004272461;0,001299349570981699;0,005939483642578125;0,00021029951301958466;1;2;25;{'model__max_depth': 1, 'model__min_samples_split': 2, 'model__n_estimators': 25};-0,3284255518376468;-0,2973474956364467;-0,3070924763851342;-0,2959504319302759;-0,32144814587257514;-0,3100528203324157;0,01293427213020149;556
0,1686337947845459;0,022892102852977308;0,007668733596801758;0,0010024326779566326;1;2;40;{'model__max_depth': 1, 'model__min_samples_split': 2, 'model__n_estimators': 40};-0,32870015524360796;-0,2965272382588292;-0,30626493695132573;-0,295560015524414;-0,3215143943519372;-0,3097133480660228;0,013310487544322246;553
0,20573296546936035;0,011172371338374506;0,009674072265625;0,0030189074638602605;1;2;50;{'model__max_depth': 1, 'model__min_samples_split': 2, 'model__n_estimators': 50};-0,3288803944749013;-0,29525077405080336;-0,3057991148400946;-0,2953672913332571;-0,3213237852726675;-0,3093242719943448;0,013650770175299061;547
0,4244998931884766;0,03663119175406973;0,014803075790405273;0,0007577916251395129;1;2;100;{'model__max_depth': 1, 'model__min_samples_split': 2, 'model__n_estimators': 100};-0,3281345838559799;-0,2947765471362639;-0,30511776582368977;-0,2943996301151568;-0,3207791378655758;-0,30864153295933316;0,01367323699379497;544
0,7880975723266601;0,03718826193712308;0,027028942108154298;0,002074831712035295;1;2;200;{'model__max_depth': 1, 'model__min_samples_split': 2, 'model__n_estimators': 200};-0,328328552505217;-0,29420568592501795;-0,3043027278853241;-0,2947965104406225;-0,3196268937730614;-0,30825207410584854;0,013611774736800633;541
0,02648191452026367;0,0010719537986867702;0,004019737243652344;0,0006261474895564208;1;5;5;{'model__max_depth': 1, 'model__min_samples_split': 5, 'model__n_estimators': 5};-0,32910769547744523;-0,304878826728759;-0,3076158703077788;-0,29611447861194756;-0,32132764423705157;-0,31180890307259645;0,011847169223668666;565
0,04447264671325683;0,0009955323168067375;0,004029703140258789;1,4876555154198685e-05;1;5;10;{'model__max_depth': 1, 'model__min_samples_split': 5, 'model__n_estimators': 10};-0,3270470355250976;-0,29990383232717727;-0,3084309595771285;-0,29552702505467343;-0,32186029630732765;-0,3105538297582809;0,012195047396219245;562
0,06419835090637208;0,0019460960214340904;0,004937601089477539;0,0006679080968678545;1;5;15;{'model__max_depth': 1, 'model__min_samples_split': 5, 'model__n_estimators': 15};-0,32750360478708634;-0,2989280937454184;-0,3087494560281967;-0,2956737181643014;-0,32152558732084513;-0,3104760920091696;0,012389312694403087;559
0,0845804214477539;0,0017039654520354629;0,005236625671386719;0,0009824884420641614;1;5;20;{'model__max_depth': 1, 'model__min_samples_split': 5, 'model__n_estimators': 20};-0,3284126858133844;-0,29615385214407347;-0,30677404830019367;-0,29566547886364;-0,3213400264018664;-0,30966921830463157;0,013226316085999865;550
0,10102019309997559;0,002060492403032288;0,006140804290771485;0,0002099156972056534;1;5;25;{'model__max_depth': 1, 'model__min_samples_split': 5, 'model__n_estimators': 25};-0,3284255518376468;-0,2973474956364467;-0,3070924763851342;-0,2959504319302759;-0,32144814587257514;-0,3100528203324157;0,01293427213020149;556
0,16431379318237305;0,0038460319525775158;0,008050870895385743;0,0012411833668156285;1;5;40;{'model__max_depth': 1, 'model__min_samples_split': 5, 'model__n_estimators': 40};-0,32870015524360796;-0,2965272382588292;-0,30626493695132573;-0,295560015524414;-0,3215143943519372;-0,3097133480660228;0,013310487544322246;553
0,2159040927886963;0,024417659292755797;0,009419918060302734;0,00036402842980181796;1;5;50;{'model__max_depth': 1, 'model__min_samples_split': 5, 'model__n_estimators': 50};-0,3288803944749013;-0,29525077405080336;-0,3057991148400946;-0,2953672913332571;-0,3213237852726675;-0,3093242719943448;0,013650770175299061;547
0,4108933448791504;0,019035402547396003;0,014740419387817384;0,0008321140741745344;1;5;100;{'model__max_depth': 1, 'model__min_samples_split': 5, 'model__n_estimators': 100};-0,3281345838559799;-0,2947765471362639;-0,30511776582368977;-0,2943996301151568;-0,3207791378655758;-0,30864153295933316;0,01367323699379497;544
0,779062032699585;0,009784280823136789;0,025935792922973634;0,0014978151827436158;1;5;200;{'model__max_depth': 1, 'model__min_samples_split': 5, 'model__n_estimators': 200};-0,328328552505217;-0,29420568592501795;-0,3043027278853241;-0,2947965104406225;-0,3196268937730614;-0,30825207410584854;0,013611774736800633;541
0,02626495361328125;0,0016751275210506234;0,0028490066528320313;0,0007164251241402334;1;10;5;{'model__max_depth': 1, 'model__min_samples_split': 10, 'model__n_estimators': 5};-0,32910769547744523;-0,304878826728759;-0,3076158703077788;-0,29611447861194756;-0,32132764423705157;-0,31180890307259645;0,011847169223668666;565
0,04396233558654785;0,0017444842665163256;0,003994274139404297;0,0007222247346889124;1;10;10;{'model__max_depth': 1, 'model__min_samples_split': 10, 'model__n_estimators': 10};-0,3270470355250976;-0,29990383232717727;-0,3084309595771285;-0,29552702505467343;-0,32186029630732765;-0,3105538297582809;0,012195047396219245;562
0,061976957321166995;0,0004661371485584263;0,004737091064453125;0,000940679244223213;1;10;15;{'model__max_depth': 1, 'model__min_samples_split': 10, 'model__n_estimators': 15};-0,32750360478708634;-0,2989280937454184;-0,3087494560281967;-0,2956737181643014;-0,32152558732084513;-0,3104760920091696;0,012389312694403087;559
0,08103771209716797;0,002428662847835621;0,005279064178466797;0,0007070642131780167;1;10;20;{'model__max_depth': 1, 'model__min_samples_split': 10, 'model__n_estimators': 20};-0,3284126858133844;-0,29615385214407347;-0,30677404830019367;-0,29566547886364;-0,3213400264018664;-0,30966921830463157;0,013226316085999865;550
0,10492572784423829;0,004561942238301639;0,005637550354003906;0,0005694250826411882;1;10;25;{'model__max_depth': 1, 'model__min_samples_split': 10, 'model__n_estimators': 25};-0,3284255518376468;-0,2973474956364467;-0,3070924763851342;-0,2959504319302759;-0,32144814587257514;-0,3100528203324157;0,01293427213020149;556
0,16231870651245117;0,0025855086887551465;0,007561016082763672;0,0007895365272114742;1;10;40;{'model__max_depth': 1, 'model__min_samples_split': 10, 'model__n_estimators': 40};-0,32870015524360796;-0,2965272382588292;-0,30626493695132573;-0,295560015524414;-0,3215143943519372;-0,3097133480660228;0,013310487544322246;553
0,206907320022583;0,003978159069620064;0,009539222717285157;0,0013685406424505191;1;10;50;{'model__max_depth': 1, 'model__min_samples_split': 10, 'model__n_estimators': 50};-0,3288803944749013;-0,29525077405080336;-0,3057991148400946;-0,2953672913332571;-0,3213237852726675;-0,3093242719943448;0,013650770175299061;547
0,39705891609191896;0,0025845774503041167;0,01495361328125;0,0007750531323654201;1;10;100;{'model__max_depth': 1, 'model__min_samples_split': 10, 'model__n_estimators': 100};-0,3281345838559799;-0,2947765471362639;-0,30511776582368977;-0,2943996301151568;-0,3207791378655758;-0,30864153295933316;0,01367323699379497;544
0,795088529586792;0,007947405806273728;0,028544139862060548;0,003102291786135299;1;10;200;{'model__max_depth': 1, 'model__min_samples_split': 10, 'model__n_estimators': 200};-0,328328552505217;-0,29420568592501795;-0,3043027278853241;-0,2947965104406225;-0,3196268937730614;-0,30825207410584854;0,013611774736800633;541
0,04058923721313477;0,00457137144407998;0,0035213947296142576;0,00045695032441175903;2;2;5;{'model__max_depth': 2, 'model__min_samples_split': 2, 'model__n_estimators': 5};-0,31333297590364784;-0,2833158301117265;-0,2877343363360432;-0,2759199013526154;-0,3047886614102115;-0,2930183410228489;0,013897056487102474;529
0,070827054977417;0,0024633417764558956;0,004021263122558594;0,0008493933720170384;2;2;10;{'model__max_depth': 2, 'model__min_samples_split': 2, 'model__n_estimators': 10};-0,3100981772954206;-0,27850853938815334;-0,290484687627279;-0,27601948159224493;-0,30696017203474096;-0,2924142115875678;0,014072565950370786;523
0,1016310691833496;0,0028393464945018795;0,004926490783691406;0,0007355560143075127;2;2;15;{'model__max_depth': 2, 'model__min_samples_split': 2, 'model__n_estimators': 15};-0,3093218904869552;-0,2814614857396402;-0,2892211694953969;-0,2747922427596651;-0,3045224517986965;-0,2918638480560708;0,013203454800657188;517
0,13079957962036132;0,0015668383423634367;0,00484776496887207;0,0005069979913866655;2;2;20;{'model__max_depth': 2, 'model__min_samples_split': 2, 'model__n_estimators': 20};-0,3090587528340902;-0,2806459035786916;-0,28873239141496654;-0,2745778809411969;-0,3042473218790667;-0,2914524501296024;0,013286247710092163;509
0,1647319793701172;0,0028926359247879617;0,005622959136962891;0,0003689712687700057;2;2;25;{'model__max_depth': 2, 'model__min_samples_split': 2, 'model__n_estimators': 25};-0,3107882362838828;-0,2827046571410361;-0,2883753527045034;-0,27425109108969276;-0,30313870505760104;-0,2918516084553432;0,013353079848150652;514
0,2666186332702637;0,007644173692506779;0,008020257949829102;0,0014331654216960797;2;2;40;{'model__max_depth': 2, 'model__min_samples_split': 2, 'model__n_estimators': 40};-0,30980460334703613;-0,2832273628337191;-0,2884418531710108;-0,27286480680645364;-0,3019310999760291;-0,2912539452268498;0,013180461666562952;506
0,3236907958984375;0,005238182476120343;0,008975982666015625;0,0009038775673817502;2;2;50;{'model__max_depth': 2, 'model__min_samples_split': 2, 'model__n_estimators': 50};-0,3087507714024503;-0,2834554231201121;-0,28760963606099976;-0,2728980560999974;-0,30177852502254027;-0,29089848234121995;0,012863207521941061;499
0,692094373703003;0,021662547030587287;0,01723651885986328;0,0026280792414925904;2;2;100;{'model__max_depth': 2, 'model__min_samples_split': 2, 'model__n_estimators': 100};-0,30795547631859344;-0,2820684589384138;-0,2869222703038355;-0,27114904000120044;-0,30117363772497624;-0,2898537766574039;0,013227871031104014;482
1,3385650634765625;0,03816343367315229;0,026098346710205077;0,0012556571058297036;2;2;200;{'model__max_depth': 2, 'model__min_samples_split': 2, 'model__n_estimators': 200};-0,30819135078953913;-0,2816773417465026;-0,286272565191744;-0,2707705289961152;-0,30032978901207036;-0,28944831514719427;0,013334473888694912;477
0,04131779670715332;0,00519863523341376;0,00427556037902832;0,0007601992602014754;2;5;5;{'model__max_depth': 2, 'model__min_samples_split': 5, 'model__n_estimators': 5};-0,31333297590364784;-0,2833158301117265;-0,2877343363360432;-0,2759199013526154;-0,3047886614102115;-0,2930183410228489;0,013897056487102474;529
0,07695069313049316;0,01204635551901815;0,004463720321655274;0,0006751661810059667;2;5;10;{'model__max_depth': 2, 'model__min_samples_split': 5, 'model__n_estimators': 10};-0,3100981772954206;-0,27850853938815334;-0,290484687627279;-0,27601948159224493;-0,30696017203474096;-0,2924142115875678;0,014072565950370786;523
0,1065737247467041;0,005586717321707004;0,0053673267364501955;0,001371956542786681;2;5;15;{'model__max_depth': 2, 'model__min_samples_split': 5, 'model__n_estimators': 15};-0,3093218904869552;-0,2814614857396402;-0,2892211694953969;-0,2747922427596651;-0,3045224517986965;-0,2918638480560708;0,013203454800657188;517
0,14151196479797362;0,004992853034064986;0,005888795852661133;0,0010281023656772063;2;5;20;{'model__max_depth': 2, 'model__min_samples_split': 5, 'model__n_estimators': 20};-0,3090587528340902;-0,2806459035786916;-0,28873239141496654;-0,2745778809411969;-0,3042473218790667;-0,2914524501296024;0,013286247710092163;509
0,176270055770874;0,006786985142466728;0,007534122467041016;0,0015301171659358958;2;5;25;{'model__max_depth': 2, 'model__min_samples_split': 5, 'model__n_estimators': 25};-0,3107882362838828;-0,2827046571410361;-0,2883753527045034;-0,27425109108969276;-0,30313870505760104;-0,2918516084553432;0,013353079848150652;514
0,2624808311462402;0,0033417384456481546;0,007990741729736328;0,0007752829441203527;2;5;40;{'model__max_depth': 2, 'model__min_samples_split': 5, 'model__n_estimators': 40};-0,30980460334703613;-0,2832273628337191;-0,2884418531710108;-0,27286480680645364;-0,3019310999760291;-0,2912539452268498;0,013180461666562952;506
0,32660961151123047;0,005086156055944955;0,009765195846557616;0,00023829749847524627;2;5;50;{'model__max_depth': 2, 'model__min_samples_split': 5, 'model__n_estimators': 50};-0,3087507714024503;-0,2834554231201121;-0,28760963606099976;-0,2728980560999974;-0,30177852502254027;-0,29089848234121995;0,012863207521941061;499
0,6437347888946533;0,007967934492304757;0,01591005325317383;0,000989817955071293;2;5;100;{'model__max_depth': 2, 'model__min_samples_split': 5, 'model__n_estimators': 100};-0,30795547631859344;-0,2820684589384138;-0,2869222703038355;-0,27114904000120044;-0,30117363772497624;-0,2898537766574039;0,013227871031104014;482
1,2772483825683594;0,01336583159259448;0,02683119773864746;0,002477313912187436;2;5;200;{'model__max_depth': 2, 'model__min_samples_split': 5, 'model__n_estimators': 200};-0,30819135078953913;-0,2816773417465026;-0,286272565191744;-0,2707705289961152;-0,30032978901207036;-0,28944831514719427;0,013334473888694912;477
0,03707103729248047;0,0012907248047401819;0,003314304351806641;0,0006804314774054957;2;10;5;{'model__max_depth': 2, 'model__min_samples_split': 10, 'model__n_estimators': 5};-0,31333297590364784;-0,2833158301117265;-0,2877343363360432;-0,2759199013526154;-0,3047886614102115;-0,2930183410228489;0,013897056487102474;529
0,06716666221618653;0,0016754626528887049;0,003980827331542969;9,961679469844148e-05;2;10;10;{'model__max_depth': 2, 'model__min_samples_split': 10, 'model__n_estimators': 10};-0,3100981772954206;-0,27850853938815334;-0,290484687627279;-0,27601948159224493;-0,30696017203474096;-0,2924142115875678;0,014072565950370786;523
0,10087485313415527;0,001546209372936074;0,004634189605712891;0,001399926319102454;2;10;15;{'model__max_depth': 2, 'model__min_samples_split': 10, 'model__n_estimators': 15};-0,3093218904869552;-0,2814614857396402;-0,2892211694953969;-0,2747922427596651;-0,3045224517986965;-0,2918638480560708;0,013203454800657188;517
0,1364961624145508;0,0026572213701549154;0,00545344352722168;0,0004564064140478413;2;10;20;{'model__max_depth': 2, 'model__min_samples_split': 10, 'model__n_estimators': 20};-0,3090587528340902;-0,2806459035786916;-0,28873239141496654;-0,2745778809411969;-0,3042473218790667;-0,2914524501296024;0,013286247710092163;509
0,16192517280578614;0,005102278992287071;0,006132984161376953;0,0007503707392963025;2;10;25;{'model__max_depth': 2, 'model__min_samples_split': 10, 'model__n_estimators': 25};-0,3107882362838828;-0,2827046571410361;-0,2883753527045034;-0,27425109108969276;-0,30313870505760104;-0,2918516084553432;0,013353079848150652;514
0,26286540031433103;0,007549065558498575;0,008065319061279297;0,0010968483213358415;2;10;40;{'model__max_depth': 2, 'model__min_samples_split': 10, 'model__n_estimators': 40};-0,30980460334703613;-0,2832273628337191;-0,2884418531710108;-0,27286480680645364;-0,3019310999760291;-0,2912539452268498;0,013180461666562952;506
0,3245347499847412;0,0042311362922264435;0,008567190170288086;0,0004761306917566491;2;10;50;{'model__max_depth': 2, 'model__min_samples_split': 10, 'model__n_estimators': 50};-0,3087507714024503;-0,2834554231201121;-0,28760963606099976;-0,2728980560999974;-0,30177852502254027;-0,29089848234121995;0,012863207521941061;499
0,6280154705047607;0,007585991783537566;0,014685535430908203;0,000749226773070474;2;10;100;{'model__max_depth': 2, 'model__min_samples_split': 10, 'model__n_estimators': 100};-0,30795547631859344;-0,2820684589384138;-0,2869222703038355;-0,27114904000120044;-0,30117363772497624;-0,2898537766574039;0,013227871031104014;482
1,2375827312469483;0,01633491290060761;0,025865650177001952;0,002082245525896322;2;10;200;{'model__max_depth': 2, 'model__min_samples_split': 10, 'model__n_estimators': 200};-0,30819135078953913;-0,2816773417465026;-0,286272565191744;-0,2707705289961152;-0,30032978901207036;-0,28944831514719427;0,013334473888694912;477
0,04608430862426758;0,0006872562599593853;0,004030275344848633;0,0006386589891421304;3;2;5;{'model__max_depth': 3, 'model__min_samples_split': 2, 'model__n_estimators': 5};-0,3138525660248009;-0,2801682590717418;-0,2762160744508457;-0,26640340983300387;-0,29785370710277365;-0,2868988032966332;0,01688784957887161;455
0,08910064697265625;0,0039035963875490715;0,004310417175292969;0,0005423431972155573;3;2;10;{'model__max_depth': 3, 'model__min_samples_split': 2, 'model__n_estimators': 10};-0,3058424418672535;-0,2797403368559183;-0,2801004238407577;-0,2649308880437206;-0,3015853184011187;-0,2864398818017538;0,015189160800283359;445
0,1324737548828125;0,004626351446587747;0,004428482055664063;0,0008676606367876345;3;2;15;{'model__max_depth': 3, 'model__min_samples_split': 2, 'model__n_estimators': 15};-0,30517031868562344;-0,282213430574412;-0,276708813067689;-0,26344360959656615;-0,29805981973539575;-0,2851191983319373;0,014956713030103642;416
0,17303171157836914;0,004497438093491323;0,00602879524230957;0,0006374096272879913;3;2;20;{'model__max_depth': 3, 'model__min_samples_split': 2, 'model__n_estimators': 20};-0,3036596486784763;-0,27996148657977304;-0,2754928795901754;-0,26343114516853816;-0,29775854992588835;-0,28406074198857023;0,014748149115524686;394
0,21279211044311525;0,0018934788995977707;0,005836582183837891;0,0005126433376309716;3;2;25;{'model__max_depth': 3, 'model__min_samples_split': 2, 'model__n_estimators': 25};-0,304232613099386;-0,2809875889007994;-0,27640494180787495;-0,26237995632346217;-0,2963209341189544;-0,28406520685009534;0,014800868953371075;395
0,3395234107971191;0,0038946928346241193;0,008189773559570313;0,0004937168482027104;3;2;40;{'model__max_depth': 3, 'model__min_samples_split': 2, 'model__n_estimators': 40};-0,30379784643039087;-0,28046113620952445;-0,2756541398709679;-0,26277963955081635;-0,29696897707530895;-0,28393234782740173;0,014782468274230312;388
0,4248810291290283;0,004231340016385776;0,008053922653198242;0,0005266035650049273;3;2;50;{'model__max_depth': 3, 'model__min_samples_split': 2, 'model__n_estimators': 50};-0,301691327320648;-0,279761267911654;-0,2745300662354407;-0,26228577807056996;-0,29677417229917696;-0,2830085223674979;0,014494145921985623;361
0,831489896774292;0,005957885194799774;0,014107084274291993;1,9526234183880366e-05;3;2;100;{'model__max_depth': 3, 'model__min_samples_split': 2, 'model__n_estimators': 100};-0,30072527853153713;-0,27759992142784273;-0,2736835009122953;-0,2611592068893281;-0,2965724090976801;-0,2819480633717367;0,014736629071302564;324
1,669279193878174;0,013349278822199969;0,02722158432006836;0,001980467652301027;3;2;200;{'model__max_depth': 3, 'model__min_samples_split': 2, 'model__n_estimators': 200};-0,3013332165902477;-0,277408215904852;-0,27312415508164917;-0,2603190399777236;-0,29595933066486346;-0,28162879164386717;0,015085597964924879;305
0,04745769500732422;0,0009337749651865057;0,00403437614440918;0,001272439600176276;3;5;5;{'model__max_depth': 3, 'model__min_samples_split': 5, 'model__n_estimators': 5};-0,3136529935453406;-0,28025266002246363;-0,2762160744508457;-0,26629758972718376;-0,29785370710277365;-0,2868546049697215;0,016843329613546062;454
0,08738913536071777;0,002220606515018938;0,004333066940307617;0,0006098711909951524;3;5;10;{'model__max_depth': 3, 'model__min_samples_split': 5, 'model__n_estimators': 10};-0,3057426556275234;-0,2797825373312793;-0,2801004238407577;-0,2648779779908106;-0,3017028887980754;-0,2864412967176893;0,015198559856241672;446
0,13148818016052247;0,0018277003227561539;0,004267597198486328;0,0003831846492059739;3;5;15;{'model__max_depth': 3, 'model__min_samples_split': 5, 'model__n_estimators': 15};-0,3051037945258034;-0,2823624620765518;-0,27677264530976;-0,26340833622795945;-0,29813820000003355;-0,2851570876280216;0,014949898908713106;418
0,17285232543945311;0,003879407014633161;0,005333900451660156;0,0010970926084896333;3;5;20;{'model__max_depth': 3, 'model__min_samples_split': 5, 'model__n_estimators': 20};-0,3036097555586112;-0,280070767521274;-0,27554075377172854;-0,2634046901420832;-0,29781733512436676;-0,2840886604236127;0,01474168553741377;398
0,21179847717285155;0,0026399555100127315;0,0063418388366699215;0,0004042156099548961;3;5;25;{'model__max_depth': 3, 'model__min_samples_split': 5, 'model__n_estimators': 25};-0,3042449995736802;-0,2811977695623073;-0,2764432411531175;-0,26235879230229825;-0,29636796227773704;-0,2841225529738281;0,014805744647236085;400
0,3376039981842041;0,0022838845790387795;0,007245492935180664;0,0004033636631864743;3;5;40;{'model__max_depth': 3, 'model__min_samples_split': 5, 'model__n_estimators': 40};-0,3038055879768247;-0,280515776680275;-0,27567807696174446;-0,2628268758975341;-0,2970016456950362;-0,2839655926422829;0,014771550940984205;390
0,42017669677734376;0,004937146846986761;0,008838129043579102;0,000914655227823377;3;5;50;{'model__max_depth': 3, 'model__min_samples_split': 5, 'model__n_estimators': 50};-0,30168440569997573;-0,2798049802882544;-0,27454921590806197;-0,26232356714794425;-0,2968003071949587;-0,283032495247839;0,014482327116478348;362
0,8895204544067383;0,016717283895825722;0,015156173706054687;0,0009051414149054584;3;5;100;{'model__max_depth': 3, 'model__min_samples_split': 5, 'model__n_estimators': 100};-0,30086368511270584;-0,2776278263641332;-0,2736844140815245;-0,2611796106147584;-0,2966278122745776;-0,28199666968953985;0,014775418357119778;328
1,7382237911224365;0,009967803860413266;0,028019046783447264;0,003029970758186162;3;5;200;{'model__max_depth': 3, 'model__min_samples_split': 5, 'model__n_estimators': 200};-0,30149630387682536;-0,2774257689347021;-0,27314763803793196;-0,2603292418404388;-0,29600919283204125;-0,2816816291043879;0,015131200942974486;307
0,04993629455566406;0,0016633477242541917;0,004097938537597656;0,0007910088478170768;3;10;5;{'model__max_depth': 3, 'model__min_samples_split': 10, 'model__n_estimators': 5};-0,3137932109386476;-0,28025266002246363;-0,2763699365478437;-0,26629758972718376;-0,29785370710277365;-0,28691342086778243;0,016868647055518847;457
0,09172377586364747;0,0020185237421521903;0,00420675277709961;0,0007969660549447106;3;10;10;{'model__max_depth': 3, 'model__min_samples_split': 10, 'model__n_estimators': 10};-0,30581276432417687;-0,2797825373312793;-0,28029949799396253;-0,2648779779908106;-0,3017028887980754;-0,28649513328766096;0,015199953557967225;448
0,14064908027648926;0,004252475287364658;0,004027700424194336;1,919208845516866e-05;3;10;15;{'model__max_depth': 3, 'model__min_samples_split': 10, 'model__n_estimators': 15};-0,30515053365690564;-0,2823624620765518;-0,2769053614118966;-0,26340833622795945;-0,29813820000003355;-0,2851929786746695;0,014947573894576145;419
0,17994365692138672;0,007931313585104802;0,006152629852294922;0,001143291454064251;3;10;20;{'model__max_depth': 3, 'model__min_samples_split': 10, 'model__n_estimators': 20};-0,303628171603127;-0,280062737886104;-0,275640290848331;-0,2633847434099629;-0,29781733512436676;-0,2841066557743783;0,014741116426355956;399
0,22424521446228027;0,006876315964705105;0,006579875946044922;0,0006916165876851255;3;10;25;{'model__max_depth': 3, 'model__min_samples_split': 10, 'model__n_estimators': 25};-0,30472960775100616;-0,28119134585417127;-0,2766082290397874;-0,262342834916602;-0,2962711835449547;-0,2842286402213043;0,014910377707081927;403
0,3494041919708252;0,008517012681546875;0,007654905319213867;0,0010777337119240473;3;10;40;{'model__max_depth': 3, 'model__min_samples_split': 10, 'model__n_estimators': 40};-0,3041068737253136;-0,28051176186268995;-0,27581651685814773;-0,26281690253147394;-0,29692641852574037;-0,28403569470067314;0,014827225744195498;393
0,42653865814208985;0,007608671975312344;0,008397150039672851;0,0008243357647277648;3;10;50;{'model__max_depth': 3, 'model__min_samples_split': 10, 'model__n_estimators': 50};-0,3020231456110233;-0,27980176843418636;-0,2746666251281661;-0,2623250866435764;-0,2965784599982166;-0,28307901716303374;0,014514470644841274;364
0,8761916637420655;0,007471733455855338;0,015093421936035157;0,0011131644896845896;3;10;100;{'model__max_depth': 3, 'model__min_samples_split': 10, 'model__n_estimators': 100};-0,3010193997810583;-0,27754696892065517;-0,27378815421806507;-0,26117691736561205;-0,2964990135962755;-0,2820060907763332;0,014783933476225893;331
1,7728589534759522;0,06263250289917226;0,029656267166137694;0,001515813415936894;3;10;200;{'model__max_depth': 3, 'model__min_samples_split': 10, 'model__n_estimators': 200};-0,3016022399348647;-0,27739392386222406;-0,2732198777717227;-0,2603337334648917;-0,2959860553427698;-0,28170716607529456;0,01514702865435042;308
0,05796637535095215;0,002252412172315886;0,004351139068603516;0,0018523054424675535;4;2;5;{'model__max_depth': 4, 'model__min_samples_split': 2, 'model__n_estimators': 5};-0,3083998043156464;-0,27769349602533305;-0,2733362072696949;-0,25603524660977073;-0,2961327393241568;-0,28231949870892037;0,018242528833234243;342
0,1238480567932129;0,00845827790165418;0,004665470123291016;0,0010380381396879745;4;2;10;{'model__max_depth': 4, 'model__min_samples_split': 2, 'model__n_estimators': 10};-0,2996790292520049;-0,27642208572822224;-0,27230952314314166;-0,25362124151841337;-0,29636574624000767;-0,2796795251763579;0,016866369648401467;218
0,17306079864501953;0,0036551170027854553;0,005083513259887695;0,000795807852025656;4;2;15;{'model__max_depth': 4, 'model__min_samples_split': 2, 'model__n_estimators': 15};-0,301192225435193;-0,28058664751292267;-0,26667409859337116;-0,2563814073053105;-0,29357664230989333;-0,27968220423133816;0,016545043904657247;219
0,22237544059753417;0,002855315481536028;0,005011701583862304;0,0006711164385616495;4;2;20;{'model__max_depth': 4, 'model__min_samples_split': 2, 'model__n_estimators': 20};-0,29899381220858007;-0,27795631548326843;-0,26716299350383976;-0,2554181490894284;-0,2935312924835645;-0,27861251255373626;0,016170763419200936;171
0,2636555194854736;0,0025373948948171935;0,006142282485961914;0,0008141387215863604;4;2;25;{'model__max_depth': 4, 'model__min_samples_split': 2, 'model__n_estimators': 25};-0,2980725878417083;-0,2777280170609672;-0,26853350916215435;-0,25528850417722276;-0,2901474485093473;-0,27795401335028;0,015204993785600486;148
0,44907445907592775;0,05031512507550985;0,00881495475769043;0,0020503076965147464;4;2;40;{'model__max_depth': 4, 'model__min_samples_split': 2, 'model__n_estimators': 40};-0,2978220227230636;-0,27600866909742044;-0,2670193453681748;-0,2560402126533508;-0,2904707626254606;-0,277472202493494;0,015190866265436684;119
0,6212967872619629;0,03706668678717795;0,010304594039916992;0,001498618038758693;4;2;50;{'model__max_depth': 4, 'model__min_samples_split': 2, 'model__n_estimators': 50};-0,2946278981216216;-0,2763136577815764;-0,2659791866725879;-0,25584277670633754;-0,2897484113183534;-0,27650238612009537;0,014433185199374187;78
1,115891122817993;0,013270012528547596;0,018718910217285157;0,002375348877524077;4;2;100;{'model__max_depth': 4, 'model__min_samples_split': 2, 'model__n_estimators': 100};-0,29641623338073303;-0,27592621269321316;-0,2643985451300582;-0,254765046947798;-0,29100136194154225;-0,2765014800186689;0,01565968368331398;77
2,54832763671875;0,1029219408794066;0,03208737373352051;0,0025158214621691507;4;2;200;{'model__max_depth': 4, 'model__min_samples_split': 2, 'model__n_estimators': 200};-0,29644474471821697;-0,27381635861183085;-0,2634228116868471;-0,2543867794806347;-0,29112250352651015;-0,2758386396048079;0,015978940956221332;62
0,058047008514404294;0,0023630635671061107;0,0033197879791259767;0,0011841633223589234;4;5;5;{'model__max_depth': 4, 'model__min_samples_split': 5, 'model__n_estimators': 5};-0,3088692251838705;-0,27870968285877035;-0,2733259677173565;-0,2553956557079111;-0,2959002843885906;-0,28244016317129983;0,01848275200353349;347
0,1239321231842041;0,00856254581166336;0,004104757308959961;0,000664453282057213;4;5;10;{'model__max_depth': 4, 'model__min_samples_split': 5, 'model__n_estimators': 10};-0,299672778619499;-0,2766248304726537;-0,27225237960209936;-0,2537878154486009;-0,29640472379839616;-0,2797485055882498;0,016818519224014176;224
0,1718275547027588;0,004681917608425908;0,004863166809082031;0,0011671401366766165;4;5;15;{'model__max_depth': 4, 'model__min_samples_split': 5, 'model__n_estimators': 15};-0,3011254275002929;-0,28112863551602874;-0,2667351085100206;-0,25622624200775423;-0,2935611570543229;-0,2797553141176839;0,016566907045432226;226
0,23255200386047364;0,005760006967522508;0,005945730209350586;0,0011083629040612591;4;5;20;{'model__max_depth': 4, 'model__min_samples_split': 5, 'model__n_estimators': 20};-0,2988418652680066;-0,2782739208099037;-0,2671387019890085;-0,2552441181068691;-0,2934468354410042;-0,2785890883229585;0,01616864827719227;170
0,2760158061981201;0,002413017793309081;0,006489467620849609;0,0005729031947332054;4;5;25;{'model__max_depth': 4, 'model__min_samples_split': 5, 'model__n_estimators': 25};-0,2978093269787114;-0,2779821013222754;-0,2685411693519191;-0,25517942223958656;-0,29007570764196877;-0,27791754550689224;0,01515550542606516;147
0,5737344741821289;0,08028583406458681;0,010708284378051759;0,0019193065201417328;4;5;40;{'model__max_depth': 4, 'model__min_samples_split': 5, 'model__n_estimators': 40};-0,297956463359365;-0,2756057956382204;-0,26709392266745224;-0,2560235970469559;-0,29050146092517454;-0,2774362479274336;0,01523545140220513;118
0,8415602207183838;0,07914363758365796;0,009544038772583007;0,001345329860179617;4;5;50;{'model__max_depth': 4, 'model__min_samples_split': 5, 'model__n_estimators': 50};-0,29479054251994835;-0,2759686134962661;-0,2662011893952507;-0,25591241100404993;-0,2897777736141602;-0,27653010600593503;0,014429382371536011;82
1,571470594406128;0,6888156642350418;0,019114923477172852;0,004574134227812691;4;5;100;{'model__max_depth': 4, 'model__min_samples_split': 5, 'model__n_estimators': 100};-0,2965014084400283;-0,27553609372098403;-0,264652741546921;-0,25472227576974865;-0,29094436365282517;-0,27647137662610144;0,015647669508587415;75
3,142466640472412;0,8561726014090195;0,034830904006958006;0,01037141320102685;4;5;200;{'model__max_depth': 4, 'model__min_samples_split': 5, 'model__n_estimators': 200};-0,29650701021502124;-0,27371482216517024;-0,2636233678979613;-0,25444859607292264;-0,2911781995235477;-0,27589439917492464;0,015960736337765763;65
0,06818714141845703;0,004905332278757772;0,0049836158752441405;0,0020980780579756574;4;10;5;{'model__max_depth': 4, 'model__min_samples_split': 10, 'model__n_estimators': 5};-0,3094633100647668;-0,27870968285877035;-0,27135975580268223;-0,2558990624396034;-0,2962112055977917;-0,2823286033527229;0,018766735403043695;345
0,11610941886901856;0,0058888469727479634;0,004602193832397461;0,0004878526302085287;4;10;10;{'model__max_depth': 4, 'model__min_samples_split': 10, 'model__n_estimators': 10};-0,2996313298005803;-0,2767187524973017;-0,27123331329101896;-0,2536606265309731;-0,2967824332983;-0,2796052910836348;0,017015546874996512;214
0,4619990348815918;0,5439481221166061;0,006196069717407227;0,0014678898060161503;4;10;15;{'model__max_depth': 4, 'model__min_samples_split': 10, 'model__n_estimators': 15};-0,3011486431074985;-0,28116056863128025;-0,26605573096930035;-0,2553492121125466;-0,29376933491580415;-0,279496697947286;0,016964928684502376;208
0,23792290687561035;0,005360517389164701;0,006012105941772461;0,0013585090854788043;4;10;20;{'model__max_depth': 4, 'model__min_samples_split': 10, 'model__n_estimators': 20};-0,2983670640795122;-0,2781416679511691;-0,2665255960078178;-0,2546104161699692;-0,2936231678500549;-0,2782535824117046;0,016354411033226157;158
0,3101816177368164;0,018294223788322232;0,005993890762329102;0,0004643361409619422;4;10;25;{'model__max_depth': 4, 'model__min_samples_split': 10, 'model__n_estimators': 25};-0,2975602969589816;-0,27814695066202505;-0,2681150569800664;-0,25459711644459876;-0,29016312457616666;-0,27771650912436774;0,015333451228657787;133
0,4563417434692383;0,009635990744592732;0,007631349563598633;0,0009088781469023394;4;10;40;{'model__max_depth': 4, 'model__min_samples_split': 10, 'model__n_estimators': 40};-0,29770741290505;-0,27628476448934464;-0,26728593517439214;-0,2555908552626518;-0,29069717562944003;-0,2775132286921757;0,015286063238441304;120
0,6005045890808105;0,07642040206003078;0,013788986206054687;0,005771295160511772;4;10;50;{'model__max_depth': 4, 'model__min_samples_split': 10, 'model__n_estimators': 50};-0,2947071931033319;-0,2761150297930878;-0,2662452471850755;-0,255510425654449;-0,28998086691622155;-0,27651175253043314;0,014554074010172278;79
1,305077314376831;0,2028283000281309;0,014629697799682618;0,0009637508980468643;4;10;100;{'model__max_depth': 4, 'model__min_samples_split': 10, 'model__n_estimators': 100};-0,2962799796978815;-0,27566775773694646;-0,26459240383217747;-0,2547659945332464;-0,2912584146006547;-0,2765129100801813;0,01564549796159778;81
2,347977542877197;0,09335765544951469;0,03825955390930176;0,01206320142249606;4;10;200;{'model__max_depth': 4, 'model__min_samples_split': 10, 'model__n_estimators': 200};-0,2965251162902019;-0,27358129969440914;-0,26348403758007366;-0,2545445319290789;-0,29128833893975764;-0,27588466488670427;0,01598614232345637;64
0,07304224967956544;0,003052007082355222;0,00403437614440918;0,0006483662273972678;5;2;5;{'model__max_depth': 5, 'model__min_samples_split': 2, 'model__n_estimators': 5};-0,3131705993329335;-0,28374979609319523;-0,27526107046763026;-0,2490803170378899;-0,29107815497766454;-0,2824679875818627;0,02090504524092081;349
0,14060053825378419;0,009340255876304389;0,003926849365234375;0,000744046113012952;5;2;10;{'model__max_depth': 5, 'model__min_samples_split': 2, 'model__n_estimators': 10};-0,30174199493017967;-0,2832953129363883;-0,27108763928037627;-0,25176349931078795;-0,2914880260649052;-0,2798752945045275;0,017275419307363787;234
0,19575076103210448;0,010857992686338936;0,004945611953735352;0,0007967038504949037;5;2;15;{'model__max_depth': 5, 'model__min_samples_split': 2, 'model__n_estimators': 15};-0,2998997521116503;-0,2864773713875641;-0,264735136583367;-0,24983504028820275;-0,2910534998418846;-0,27840016004253376;0,018386297849471447;164
0,26544904708862305;0,0025491244102687997;0,0072479724884033205;0,0013047100428669066;5;2;20;{'model__max_depth': 5, 'model__min_samples_split': 2, 'model__n_estimators': 20};-0,2975727498764273;-0,2827478272974155;-0,26414208043404613;-0,24912350430720032;-0,2905558053764941;-0,2768283934583166;0,017789397287001133;98
0,3617374897003174;0,028170840327576836;0,009301376342773438;0,00488677038916154;5;2;25;{'model__max_depth': 5, 'model__min_samples_split': 2, 'model__n_estimators': 25};-0,2968806827769168;-0,2825203677573133;-0,26534495025155064;-0,2509138267353551;-0,28831818571522455;-0,2767956026472721;0,01655256514610099;96
0,5087521553039551;0,013593201081094;0,00828251838684082;0,0008014215551739471;5;2;40;{'model__max_depth': 5, 'model__min_samples_split': 2, 'model__n_estimators': 40};-0,29434551102711354;-0,2770879299458124;-0,2633050274891805;-0,2512805491807621;-0,287934378446787;-0,2747906792179311;0,015780190413360286;46
0,7355334281921386;0,11208192208436338;0,00948338508605957;0,000990771317873989;5;2;50;{'model__max_depth': 5, 'model__min_samples_split': 2, 'model__n_estimators': 50};-0,2913459286220383;-0,277726013847765;-0,2620956183569853;-0,2520973173133903;-0,2881002895925293;-0,27427303354654164;0,015064206982997453;35
1,4202983856201172;0,19211323422714618;0,018206024169921876;0,005317019853921509;5;2;100;{'model__max_depth': 5, 'model__min_samples_split': 2, 'model__n_estimators': 100};-0,29166454130514075;-0,27597312016238124;-0,2589844042479579;-0,25306906815718255;-0,28821699973786785;-0,27358162672210606;0,015367167252567336;22
2,654719829559326;0,02663083405996353;0,02809567451477051;0,0031874273142241867;5;2;200;{'model__max_depth': 5, 'model__min_samples_split': 2, 'model__n_estimators': 200};-0,2915082771864165;-0,27413491038773957;-0,2574596532460734;-0,2515357174149576;-0,28716265515996064;-0,2723602426790296;0,01577717657980374;5
0,09078512191772461;0,0034649755888144034;0,007490825653076172;0,0041145851563182765;5;5;5;{'model__max_depth': 5, 'model__min_samples_split': 5, 'model__n_estimators': 5};-0,3138602167150647;-0,28391416705778116;-0,2769671046062468;-0,25043347723188186;-0,2914594881130833;-0,2833268907448116;0,020597046198369304;367
0,16757888793945314;0,022292411669096464;0,005131673812866211;0,0018307199668916667;5;5;10;{'model__max_depth': 5, 'model__min_samples_split': 5, 'model__n_estimators': 10};-0,3026278542384283;-0,28464205565968065;-0,271871686748062;-0,25268901208454597;-0,29120881379069474;-0,2806078845042823;0,01714244961587797;264
0,213270902633667;0,03166131128995573;0,004921245574951172;0,001125288628951783;5;5;15;{'model__max_depth': 5, 'model__min_samples_split': 5, 'model__n_estimators': 15};-0,30084296559582363;-0,2865442102345399;-0,2657035825623409;-0,25046097728132577;-0,2909537559800914;-0,2789010983308243;0,01826550937054591;186
0,2925992488861084;0,03971388099086676;0,0063822269439697266;0,0013345442429404993;5;5;20;{'model__max_depth': 5, 'model__min_samples_split': 5, 'model__n_estimators': 20};-0,2979152605732792;-0,2831110220941803;-0,26501915735051207;-0,24969454262294088;-0,29048817443777736;-0,277245631415738;0,017581527150664886;111
0,3838483810424805;0,014734962195036113;0,0074119091033935545;0,001120370932880717;5;5;25;{'model__max_depth': 5, 'model__min_samples_split': 5, 'model__n_estimators': 25};-0,297459172777656;-0,28323149677233633;-0,2655815559537947;-0,25141216899039437;-0,28847840089940635;-0,2772325590787175;0,016577156158787295;110
0,6734089374542236;0,08603013165974414;0,011609029769897462;0,002501212605578001;5;5;40;{'model__max_depth': 5, 'model__min_samples_split': 5, 'model__n_estimators': 40};-0,29474539906537267;-0,27702457100794087;-0,26336652726175197;-0,251566422505894;-0,28825158440850424;-0,27499090084989275;0,015837007226770436;48
0,7232504844665527;0,11585622524820174;0,010084819793701173;0,0021203545446114415;5;5;50;{'model__max_depth': 5, 'model__min_samples_split': 5, 'model__n_estimators': 50};-0,29145633799527276;-0,2781639557176535;-0,2621402398972355;-0,252131437262293;-0,2884608738665813;-0,2744705689478072;0,015158891164223772;39
1,33861985206604;0,18063693954088014;0,016271114349365234;0,0038908122146564385;5;5;100;{'model__max_depth': 5, 'model__min_samples_split': 5, 'model__n_estimators': 100};-0,2917368735428966;-0,2761337688649184;-0,25915568599010924;-0,25319013974739646;-0,2882071868416665;-0,27368473099739743;0,015322537518549213;25
2,785698175430298;0,31762625627790364;0,03254861831665039;0,011801503668263078;5;5;200;{'model__max_depth': 5, 'model__min_samples_split': 5, 'model__n_estimators': 200};-0,29132129481586344;-0,27359728869483696;-0,2575822093339263;-0,2516432161682903;-0,28730826447098495;-0,2722904546967804;0,0156974917847219;4
0,09321088790893554;0,005010661402852676;0,004403162002563477;0,0008613259069162187;5;10;5;{'model__max_depth': 5, 'model__min_samples_split': 10, 'model__n_estimators': 5};-0,31249264482130956;-0,28401210344003125;-0,27588397527041986;-0,24952313421239986;-0,29040494371766523;-0,28246336029236513;0,02047228411010832;348
0,17409496307373046;0,005135750620871698;0,006004428863525391;0,0003171241217790089;5;10;10;{'model__max_depth': 5, 'model__min_samples_split': 10, 'model__n_estimators': 10};-0,3023042181020162;-0,2826482446931112;-0,27177713711627755;-0,25161977798688323;-0,2911966169443484;-0,2799091989685273;0,01733705181094573;238
0,20455503463745117;0,026488450273991392;0,0051056861877441405;0,0008005264771872785;5;10;15;{'model__max_depth': 5, 'model__min_samples_split': 10, 'model__n_estimators': 15};-0,3011027393627394;-0,2854644193987484;-0,2655906877132568;-0,25084409637260413;-0,2909963489826397;-0,2787996583659977;0,018147154463664095;184
0,2661446094512939;0,03902647473321981;0,006305551528930664;0,0006789403240897706;5;10;20;{'model__max_depth': 5, 'model__min_samples_split': 10, 'model__n_estimators': 20};-0,29750747991820226;-0,2812708172202478;-0,26434706571435507;-0,24933744045761366;-0,29052197034666627;-0,276596954731417;0,017584891318462217;84
0,5017573356628418;0,10039170403952953;0,006995105743408203;0,0008820094771901253;5;10;25;{'model__max_depth': 5, 'model__min_samples_split': 10, 'model__n_estimators': 25};-0,2974135620349942;-0,28258996533483555;-0,26503780302529373;-0,250981681211842;-0,2885684896317651;-0,2769183002477461;0,01674398324496159;103
0,5498725414276123;0,011512933127592502;0,009156084060668946;0,0010673488332455052;5;10;40;{'model__max_depth': 5, 'model__min_samples_split': 10, 'model__n_estimators': 40};-0,2946260562008179;-0,2769647196088312;-0,2628379567085548;-0,2519059649190362;-0,28845469454842365;-0,27495787839713276;0,015819683263118774;47
0,82667555809021;0,1432569171183146;0,016666650772094727;0,00499783731145183;5;10;50;{'model__max_depth': 5, 'model__min_samples_split': 10, 'model__n_estimators': 50};-0,2915459484370264;-0,2781322296998166;-0,2620409798400697;-0,25270105009651883;-0,28858759114527716;-0,27460155984374174;0,015050498351996268;40
1,5628233909606934;0,18712529421978183;0,022628307342529297;0,005243381155842869;5;10;100;{'model__max_depth': 5, 'model__min_samples_split': 10, 'model__n_estimators': 100};-0,2917759335338135;-0,2757347026119022;-0,2592272690887282;-0,2536028374526;-0,2885103853287447;-0,27377022560315767;0,015254888565529586;29
3,5823562145233154;0,2631465701486941;0,034938907623291014;0,00844718335220911;5;10;200;{'model__max_depth': 5, 'model__min_samples_split': 10, 'model__n_estimators': 200};-0,29178394650340306;-0,27319051722231924;-0,25816200394395344;-0,25211351934278864;-0,2876710918879293;-0,27258421578007874;0,015643917021349943;9
0,15110654830932618;0,011322716294361525;0,006804323196411133;0,0016314384094619973;6;2;5;{'model__max_depth': 6, 'model__min_samples_split': 2, 'model__n_estimators': 5};-0,3054913854832356;-0,28682194753226525;-0,2739947054274104;-0,25630677597702684;-0,2921422819525607;-0,28295141927449974;0,016719227026631946;360
0,4019707202911377;0,07827760941983716;0,013735246658325196;0,00853586083477105;6;2;10;{'model__max_depth': 6, 'model__min_samples_split': 2, 'model__n_estimators': 10};-0,29881055076631013;-0,2897327684780487;-0,27015941971586416;-0,25334185326667474;-0,29145594342662984;-0,2807001071307055;0,016642387447629452;267
0,3293410301208496;0,03862081194493147;0,005705547332763672;0,0006798728483205714;6;2;15;{'model__max_depth': 6, 'model__min_samples_split': 2, 'model__n_estimators': 15};-0,29691375756168686;-0,2873090766030015;-0,26120733435143323;-0,2510635432139972;-0,29058038554710086;-0,27741481945544394;0,017936049594248094;116
0,47080173492431643;0,07293285364046548;0,008903932571411134;0,0031967541174883255;6;2;20;{'model__max_depth': 6, 'model__min_samples_split': 2, 'model__n_estimators': 20};-0,29688569871607723;-0,2843921577090967;-0,25962797675148264;-0,25070784358908516;-0,2897660549101014;-0,2762759463351686;0,01790810195931292;74
0,5056544780731201;0,09155873558579189;0,008053874969482422;0,0019530853171061174;6;2;25;{'model__max_depth': 6, 'model__min_samples_split': 2, 'model__n_estimators': 25};-0,2942427170336861;-0,28442021700186654;-0,26027317930708316;-0,2517756150648966;-0,2874765960536721;-0,2756376648922409;0,016546336857736658;57
0,8293105125427246;0,1646996827200013;0,010940647125244141;0,0017117451237289353;6;2;40;{'model__max_depth': 6, 'model__min_samples_split': 2, 'model__n_estimators': 40};-0,2923965633004762;-0,2778429223733425;-0,2581258946820591;-0,250599923460665;-0,28730748078352036;-0,2732545569200126;0,016291488656375377;17
0,8752851486206055;0,1954045087454473;0,011614084243774414;0,003083211635188716;6;2;50;{'model__max_depth': 6, 'model__min_samples_split': 2, 'model__n_estimators': 50};-0,29024763432868816;-0,27944553729153865;-0,258295035205505;-0,25193101666008716;-0,286126029277222;-0,27320905055260825;0,015305149613227442;16
1,9000460624694824;0,27477129122307903;0,021424388885498045;0,004581205716699338;6;2;100;{'model__max_depth': 6, 'model__min_samples_split': 2, 'model__n_estimators': 100};-0,2911080333944188;-0,277401970510551;-0,2552264980140582;-0,2529081922779454;-0,28674979518319277;-0,2726788978760332;0,015845489344814234;10
3,3938854217529295;0,39562040491388273;0,030344820022583006;0,0016784402089288924;6;2;200;{'model__max_depth': 6, 'model__min_samples_split': 2, 'model__n_estimators': 200};-0,2908578937314472;-0,2759685925820651;-0,25283044578062236;-0,25175178458605524;-0,2854901096198876;-0,2713797652600155;0,016302708495101743;2
0,13447866439819336;0,014286310119225326;0,006235742568969726;0,0017676286411698514;6;5;5;{'model__max_depth': 6, 'model__min_samples_split': 5, 'model__n_estimators': 5};-0,30827747514161613;-0,2875100178697252;-0,27786332032985955;-0,2538461788997183;-0,2915868276735297;-0,2838167639828898;0,017922164299979476;383
0,21112446784973143;0,017878442592901916;0,005881690979003906;0,0009148930995186846;6;5;10;{'model__max_depth': 6, 'model__min_samples_split': 5, 'model__n_estimators': 10};-0,30083527547056665;-0,28783219215273514;-0,27111235336124967;-0,2540339347192086;-0,2929341176244858;-0,2813495746656492;0,016774166963677194;295
0,305942964553833;0,01730133813979433;0,006936454772949218;0,0019725156831957844;6;5;15;{'model__max_depth': 6, 'model__min_samples_split': 5, 'model__n_estimators': 15};-0,29765502906133184;-0,28701374423116577;-0,2638965015439081;-0,2510363220237272;-0,29168352277571397;-0,2782570239271694;0,01777877858703231;159
0,38995990753173826;0,04781543006592606;0,008302068710327149;0,0014786582390721426;6;5;20;{'model__max_depth': 6, 'model__min_samples_split': 5, 'model__n_estimators': 20};-0,2972940841408236;-0,28240863370803365;-0,26217941963202;-0,2501216370940262;-0,2905556055440149;-0,27651187602378363;0,01769611415670474;80
0,5112332344055176;0,07277719211052315;0,008146572113037109;0,0012185717990297917;6;5;25;{'model__max_depth': 6, 'model__min_samples_split': 5, 'model__n_estimators': 25};-0,29561205945760916;-0,28279301142267105;-0,262841977161584;-0,2507679539971257;-0,2878297271034843;-0,27596894582849485;0,016616288468847974;67
0,7452339172363281;0,08236909637147327;0,01043529510498047;0,0032179535159901594;6;5;40;{'model__max_depth': 6, 'model__min_samples_split': 5, 'model__n_estimators': 40};-0,29229078988152274;-0,27746311949795727;-0,2602704959104429;-0,2512099370559135;-0,2878069927563463;-0,27380826702043654;0,01577898402296089;30
0,8718916893005371;0,15304833402235654;0,009534358978271484;0,001504671662369891;6;5;50;{'model__max_depth': 6, 'model__min_samples_split': 5, 'model__n_estimators': 50};-0,28997418424421406;-0,2793131279781689;-0,2589505330855099;-0,2518135869767205;-0,2869276851138994;-0,2733958234797026;0,015280230132403877;20
1,4836917877197267;0,023503196041680215;0,01559276580810547;0,0012386482991528656;6;5;100;{'model__max_depth': 6, 'model__min_samples_split': 5, 'model__n_estimators': 100};-0,29093649049904474;-0,27682347160467813;-0,25595358171859345;-0,25266023704961404;-0,2871952478585135;-0,2727138057460888;0,01575892436460332;12
2,9227144718170166;0,13585718302329494;0,027172231674194337;0,0011181593203092677;6;5;200;{'model__max_depth': 6, 'model__min_samples_split': 5, 'model__n_estimators': 200};-0,2910240296178161;-0,27594342181909426;-0,2537286590276227;-0,2517512072978848;-0,2862607314009925;-0,27174160983268203;0,016274854334606993;3
0,08968391418457031;0,01117049267166369;0,004623556137084961;0,0007997235216690098;6;10;5;{'model__max_depth': 6, 'model__min_samples_split': 10, 'model__n_estimators': 5};-0,3109343436209716;-0,28309416467351195;-0,27833161381694627;-0,2516225920310279;-0,2905788466069019;-0,28291231214987195;0,019204543478153004;359
0,15195732116699218;0,0024221856267802135;0,0049000740051269535;0,0007706699417150737;6;10;10;{'model__max_depth': 6, 'model__min_samples_split': 10, 'model__n_estimators': 10};-0,3022699909258138;-0,28385293939775735;-0,2712181618450804;-0,2539425349354422;-0,2919077852838997;-0,2806382824775987;0,016773002906873186;265
0,21828799247741698;0,0016026601901699188;0,005250978469848633;0,0009126078777275942;6;10;15;{'model__max_depth': 6, 'model__min_samples_split': 10, 'model__n_estimators': 15};-0,29941881964452005;-0,2846478338540967;-0,26303238860942335;-0,25129913626885314;-0,2902164317577578;-0,2777229220269302;0,017825725166292095;136
0,2914834976196289;0,00635040200391361;0,005344390869140625;0,000829753380513489;6;10;20;{'model__max_depth': 6, 'model__min_samples_split': 10, 'model__n_estimators': 20};-0,29787612751534603;-0,2804005686091057;-0,25964825349022236;-0,2502502858189;-0,28912322212953956;-0,27545969151262273;0,017883605040556395;56
0,36055808067321776;0,008369700059901565;0,006467771530151367;0,0009751724244107158;6;10;25;{'model__max_depth': 6, 'model__min_samples_split': 10, 'model__n_estimators': 25};-0,2972832708337736;-0,2818387515440499;-0,2599857769384011;-0,2509430706873293;-0,2868330781080724;-0,27537678962232526;0,017244055841043406;54
0,5795236587524414;0,017850015931281448;0,00799703598022461;0,00032835586308957123;6;10;40;{'model__max_depth': 6, 'model__min_samples_split': 10, 'model__n_estimators': 40};-0,29286311053098346;-0,27628403796951384;-0,2586368367746924;-0,25183647923542124;-0,2870582400640509;-0,27333574091493235;0,01585303528179728;18
0,7168369770050049;0,012791737266337507;0,010139226913452148;0,0012846445710717445;6;10;50;{'model__max_depth': 6, 'model__min_samples_split': 10, 'model__n_estimators': 50};-0,29037740452739985;-0,2780963256167046;-0,25851791907312044;-0,2523803534717969;-0,28608509190349773;-0,27309141891850386;0,01506004685816604;14
1,4515464305877686;0,01847777281922669;0,015450334548950196;0,0007848540688284481;6;10;100;{'model__max_depth': 6, 'model__min_samples_split': 10, 'model__n_estimators': 100};-0,2915365106452411;-0,27583049552006744;-0,2561098338314375;-0,25340979535368796;-0,28664718852597904;-0,27270676477528266;0,015533728356417443;11
2,9381157875061037;0,05679423036946939;0,027486038208007813;0,0010668574574033724;6;10;200;{'model__max_depth': 6, 'model__min_samples_split': 10, 'model__n_estimators': 200};-0,2910729546335052;-0,27400729237528226;-0,2541206164421113;-0,25176592542473525;-0,28591422467635436;-0,2713762027103977;0,016053392068410846;1
0,08572893142700196;0,001870934266058893;0,003831005096435547;0,0004291966363574343;7;2;5;{'model__max_depth': 7, 'model__min_samples_split': 2, 'model__n_estimators': 5};-0,3054693544311754;-0,28437021774005566;-0,26447992328668835;-0,26006430565463107;-0,2930304683442989;-0,2814828538913699;0,01711660208926647;300
0,19190034866333008;0,03187067050298992;0,0043087959289550785;0,00059874322409731;7;2;10;{'model__max_depth': 7, 'model__min_samples_split': 2, 'model__n_estimators': 10};-0,30000053694820844;-0,2914150635681943;-0,2681922191320611;-0,260908893910629;-0,28828544036409526;-0,28176043078463764;0,014747014033443723;312
0,2549612998962402;0,007737950697825085;0,004854345321655273;0,0009754344312606771;7;2;15;{'model__max_depth': 7, 'model__min_samples_split': 2, 'model__n_estimators': 15};-0,2961619606821364;-0,29255042683790733;-0,26150922225182466;-0,25623517135998525;-0,28912959315846876;-0,2791172748580645;0,016762169202012032;194
0,3292222023010254;0,006317070113563885;0,005922079086303711;0,0004983132646427058;7;2;20;{'model__max_depth': 7, 'model__min_samples_split': 2, 'model__n_estimators': 20};-0,29721346682175065;-0,2902152911464453;-0,2577636621822545;-0,2546393188726974;-0,28729367804169764;-0,2774250834129691;0,01765401508009372;117
0,44533815383911135;0,026092273060390286;0,009382009506225586;0,005940508323409799;7;2;25;{'model__max_depth': 7, 'model__min_samples_split': 2, 'model__n_estimators': 25};-0,29594392021096555;-0,28909107787050103;-0,2587544577609896;-0,2556338889830416;-0,2841788057442296;-0,2767204301139455;0,016405006820613594;90
0,6785106658935547;0,01245133932475988;0,008264923095703125;0,0008205314365841241;7;2;40;{'model__max_depth': 7, 'model__min_samples_split': 2, 'model__n_estimators': 40};-0,2920001860858937;-0,2827824933057594;-0,25821570642344954;-0,25229069235965557;-0,28492429607119363;-0,2740426748491903;0,01575378042670195;32
0,8753551006317138;0,011725839151103437;0,008956241607666015;0,0007367955535474318;7;2;50;{'model__max_depth': 7, 'model__min_samples_split': 2, 'model__n_estimators': 50};-0,29102360113935966;-0,2834308176800075;-0,2576494856674842;-0,2524198623387415;-0,2832192413521775;-0,27354860163555406;0,015464543879305334;21
1,675464963912964;0,06188786009975817;0,017715930938720703;0,002101027260457087;7;2;100;{'model__max_depth': 7, 'model__min_samples_split': 2, 'model__n_estimators': 100};-0,29333903610063206;-0,2803746881808563;-0,25628230910507055;-0,2548155670242037;-0,2836777509187095;-0,2736978702658944;0,015425929190290056;27
3,545797872543335;0,052663767853162055;0,03222208023071289;0,005589246009288326;7;2;200;{'model__max_depth': 7, 'model__min_samples_split': 2, 'model__n_estimators': 200};-0,29228305384715675;-0,27899084542987035;-0,2532799113763117;-0,25432101691173203;-0,2833910100640081;-0,2724531675258158;0,015823973335108172;7
0,09067931175231933;0,004136940500745295;0,0038734912872314454;0,001130161984082133;7;5;5;{'model__max_depth': 7, 'model__min_samples_split': 5, 'model__n_estimators': 5};-0,3079501917209544;-0,2890053329628125;-0,2675101442275739;-0,25814188706911784;-0,29262039867001655;-0,28304559093009507;0,01793866873069012;363
0,16609954833984375;0,0016230727664733292;0,004219436645507812;0,0002558479359276164;7;5;10;{'model__max_depth': 7, 'model__min_samples_split': 5, 'model__n_estimators': 10};-0,3031496140031505;-0,29049331798078465;-0,2688357740877223;-0,2606474971974926;-0,2899781479861481;-0,28262087025105964;0,015558870708063454;353
0,2501405715942383;0,006607750907061072;0,005135774612426758;0,0008057158395491993;7;5;15;{'model__max_depth': 7, 'model__min_samples_split': 5, 'model__n_estimators': 15};-0,29926347885688354;-0,2896548340207379;-0,2592003798763423;-0,2552704832996889;-0,29021366556865963;-0,2787205683244624;0,017914267322129637;179
0,37657985687255857;0,03544609187357747;0,006979608535766601;0,0018133129797154215;7;5;20;{'model__max_depth': 7, 'model__min_samples_split': 5, 'model__n_estimators': 20};-0,30008704257038066;-0,28774452278571133;-0,2564432835427043;-0,25401584110982256;-0,28832093357760197;-0,27732232471724416;0,01858467393787449;112
0,47008590698242186;0,033440679967052654;0,006707668304443359;0,001362700246756014;7;5;25;{'model__max_depth': 7, 'model__min_samples_split': 5, 'model__n_estimators': 25};-0,2975631741950668;-0,28690830879173274;-0,25938853394594025;-0,25431612472133874;-0,2855533824861372;-0,2767459048280431;0,016843860486790114;91
0,7107195854187012;0,062008541429371546;0,008754968643188477;0,0011655142315221186;7;5;40;{'model__max_depth': 7, 'model__min_samples_split': 5, 'model__n_estimators': 40};-0,29348019490270244;-0,28096291517723615;-0,25886559809661436;-0,2515572306774808;-0,2855532228375763;-0,274083832338322;0,01608807021167935;33
0,8814846038818359;0,08026489790883944;0,010626506805419923;0,0017909303017704806;7;5;50;{'model__max_depth': 7, 'model__min_samples_split': 5, 'model__n_estimators': 50};-0,2914345810152127;-0,28218258410400415;-0,258883118496496;-0,25249031247535736;-0,28348563595145254;-0,27369524640850457;0,015176422353372403;26
1,7476722240447997;0,18189500333353636;0,01731271743774414;0,0015969875090395996;7;5;100;{'model__max_depth': 7, 'model__min_samples_split': 5, 'model__n_estimators': 100};-0,2937629223024417;-0,27867664074042603;-0,25613749668896174;-0,25512856817600377;-0,2844705745403201;-0,27363524048963067;0,015470046631308687;23
3,5290014266967775;0,30918663194601276;0,031221914291381835;0,0044490592276569055;7;5;200;{'model__max_depth': 7, 'model__min_samples_split': 5, 'model__n_estimators': 200};-0,29223552231168587;-0,27835861718414395;-0,25390638823762274;-0,25460064903973995;-0,2837773280787442;-0,2725757009703873;0,015601749099412015;8
0,09066085815429688;0,010922800384451894;0,004023933410644531;0,0011058466599468586;7;10;5;{'model__max_depth': 7, 'model__min_samples_split': 10, 'model__n_estimators': 5};-0,3107724515188372;-0,28313228884122177;-0,2697227949428875;-0,25638405642567597;-0,29108917116848904;-0,2822201525794223;0,018538678865442897;341
0,17572736740112305;0,017660076010505493;0,004433345794677734;0,0003749773375497237;7;10;10;{'model__max_depth': 7, 'model__min_samples_split': 10, 'model__n_estimators': 10};-0,299932866142146;-0,2879682377531909;-0,26945857108083876;-0,2586588895654224;-0,29054001941588575;-0,28131171679149675;0,015032402924033331;292
0,26326923370361327;0,03101273162052168;0,005580902099609375;0,0009148924210455773;7;10;15;{'model__max_depth': 7, 'model__min_samples_split': 10, 'model__n_estimators': 15};-0,2975917427025071;-0,289918279566952;-0,26106290435348484;-0,25404350325280384;-0,2898280872069502;-0,27848890341653965;0,0174663632706788;167
0,3493655204772949;0,03587180594810371;0,005536270141601562;0,0008308301423364633;7;10;20;{'model__max_depth': 7, 'model__min_samples_split': 10, 'model__n_estimators': 20};-0,2985746088266195;-0,28592347178178545;-0,25834576968444883;-0,25317214096211516;-0,2881360613461295;-0,2768304105202197;0,01780284993479082;99
0,42278180122375486;0,025494213349075378;0,0061340808868408205;0,00020729051866551817;7;10;25;{'model__max_depth': 7, 'model__min_samples_split': 10, 'model__n_estimators': 25};-0,29717468765177485;-0,2856099502817865;-0,26084210382565903;-0,25408841143371674;-0,28518005079671166;-0,2765790407979297;0,016329084254180823;83
0,6925204277038575;0,0586657288853646;0,009977293014526368;0,0010386730438910626;7;10;40;{'model__max_depth': 7, 'model__min_samples_split': 10, 'model__n_estimators': 40};-0,29338482114699815;-0,2800947045259882;-0,2605417576280267;-0,25277544827486337;-0,2852751138706051;-0,2744143690892963;0,015302236973202812;37
0,849346113204956;0,09242750193714991;0,010857248306274414;0,0010557934773313773;7;10;50;{'model__max_depth': 7, 'model__min_samples_split': 10, 'model__n_estimators': 50};-0,29098284470719177;-0,28097243926612847;-0,26005397247303447;-0,25310118322136715;-0,283419460609206;-0,27370598005538554;0,014536699417181435;28
1,7369762897491454;0,15807007735040407;0,018749380111694337;0,0015735632477383381;7;10;100;{'model__max_depth': 7, 'model__min_samples_split': 10, 'model__n_estimators': 100};-0,292965201851053;-0,27765718059770433;-0,2569967517570708;-0,2558393701380043;-0,2847343168224612;-0,2736385642332587;0,01487645897079052;24
3,414271688461304;0,2760176961761683;0,029812049865722657;0,0028443586911156664;7;10;200;{'model__max_depth': 7, 'model__min_samples_split': 10, 'model__n_estimators': 200};-0,2921556788678104;-0,2766301995004342;-0,2545529211567865;-0,2547772025478077;-0,2839880818996512;-0,27242081679449803;0,015307149467074234;6
0,11719241142272949;0,0017573498110844171;0,004433393478393555;0,0013632533347156712;8;2;5;{'model__max_depth': 8, 'model__min_samples_split': 2, 'model__n_estimators': 5};-0,31395288152070017;-0,29470853980377076;-0,2736522391663724;-0,2663049598605674;-0,28506688139756137;-0,28673710034979444;0,016707592167756382;452
0,22188491821289064;0,01812452678288616;0,005001163482666016;0,0006333144916519631;8;2;10;{'model__max_depth': 8, 'model__min_samples_split': 2, 'model__n_estimators': 10};-0,3061537031041246;-0,2930100800076053;-0,2715326524467009;-0,2652406393344316;-0,2831570989046602;-0,2838188347595045;0,01469600522999011;384
0,320896577835083;0,03147742499572779;0,006004858016967774;0,0006325281012238275;8;2;15;{'model__max_depth': 8, 'model__min_samples_split': 2, 'model__n_estimators': 15};-0,30187117913211015;-0,29176520823284025;-0,26064142405773494;-0,26223729969637244;-0,28291547158339136;-0,27988611654048984;0,01622018318837176;236
0,40306892395019533;0,036693697264009104;0,006316328048706054;0,0010476694624793486;8;2;20;{'model__max_depth': 8, 'model__min_samples_split': 2, 'model__n_estimators': 20};-0,300984661439478;-0,29167127674991883;-0,25699229319253925;-0,2619189611297252;-0,2829777261213497;-0,2789089837266022;0,016945610205471206;187
0,4774182319641113;0,03959030092443911;0,0066449642181396484;0,00136171409248973;8;2;25;{'model__max_depth': 8, 'model__min_samples_split': 2, 'model__n_estimators': 25};-0,298681456045139;-0,2911258905584972;-0,25963030472358817;-0,2610741628441956;-0,2826721183534727;-0,2786367865049785;0,01577176274053057;172
0,8310898780822754;0,08152550626452278;0,009580421447753906;0,0013139377758441338;8;2;40;{'model__max_depth': 8, 'model__min_samples_split': 2, 'model__n_estimators': 40};-0,29526720269455253;-0,28563776990738937;-0,2571924302230006;-0,2586768098078643;-0,2819750691272049;-0,27574985635200233;0,015187612713406084;58
1,0038726329803467;0,08996891217740492;0,010987663269042968;0,0011673624844088406;8;2;50;{'model__max_depth': 8, 'model__min_samples_split': 2, 'model__n_estimators': 50};-0,2931144871956294;-0,28526492043348145;-0,2566300044465299;-0,2580385204505427;-0,2803370825097337;-0,27467700300718345;0,014741876253966847;41
1,8952541828155518;0,16430987111609793;0,01873946189880371;0,0028546329027777802;8;2;100;{'model__max_depth': 8, 'model__min_samples_split': 2, 'model__n_estimators': 100};-0,2939558785195555;-0,2828061342249918;-0,2556380564930066;-0,2587082690642339;-0,28257475300706897;-0,27473661826177137;0,014950561518926812;45
4,0076076030731205;0,3425850013474011;0,03297181129455566;0,00262350007020522;8;2;200;{'model__max_depth': 8, 'model__min_samples_split': 2, 'model__n_estimators': 200};-0,2929139205078096;-0,2816018756998786;-0,2528147402609987;-0,2576554159792438;-0,2818671282084727;-0,2733706161312807;0,015436299078018544;19
0,11385974884033204;0,0016744248574367454;0,005185222625732422;0,0009621331538297474;8;5;5;{'model__max_depth': 8, 'model__min_samples_split': 5, 'model__n_estimators': 5};-0,3137105422227041;-0,29639444642929946;-0,2709769969868368;-0,2671537322276217;-0,28468313174546994;-0,2865837699223864;0,0170693954240794;449
0,21983256340026855;0,0025733876548081048;0,005940485000610352;0,000989966680521997;8;5;10;{'model__max_depth': 8, 'model__min_samples_split': 5, 'model__n_estimators': 10};-0,30522622500269436;-0,2954631038129708;-0,2700298824632906;-0,2649086974529909;-0,28414766861827023;-0,2839551154700434;0,015110321814829351;389
0,3332860469818115;0,0077208166849973585;0,005700874328613281;0,001253784405524726;8;5;15;{'model__max_depth': 8, 'model__min_samples_split': 5, 'model__n_estimators': 15};-0,302138638282189;-0,29182330685200786;-0,2587854073058428;-0,2614060745013571;-0,2836210888791408;-0,2795549031641075;0,016957739396738232;210
0,3759665012359619;0,025837853812738922;0,006033945083618164;0,0008410656148308355;8;5;20;{'model__max_depth': 8, 'model__min_samples_split': 5, 'model__n_estimators': 20};-0,30130033236187875;-0,2911842023209937;-0,25757117298534626;-0,2603952143176176;-0,2837356607908681;-0,2788373165553409;0,01716616696161863;185
0,48954973220825193;0,04511498096546876;0,006544065475463867;0,0005442069684127175;8;5;25;{'model__max_depth': 8, 'model__min_samples_split': 5, 'model__n_estimators': 25};-0,2988147390832579;-0,29028382724061763;-0,26007621434979006;-0,2597073418923848;-0,28316579529693714;-0,2784095835725975;0,015911479220948405;165
0,8063815593719482;0,06973212419337604;0,009001207351684571;0,0013001167193307402;8;5;40;{'model__max_depth': 8, 'model__min_samples_split': 5, 'model__n_estimators': 40};-0,29557003490062;-0,2847181544903433;-0,2587738083117475;-0,2569521658393501;-0,28306958296541135;-0,2758167493014944;0,015286368105167031;61
0,9313679218292237;0,08113919067682844;0,011021566390991212;0,001819111468927259;8;5;50;{'model__max_depth': 8, 'model__min_samples_split': 5, 'model__n_estimators': 50};-0,293701510312622;-0,28479324567724174;-0,2576058949656233;-0,25660229393278233;-0,2807862358302628;-0,2746978361437064;0,014964682672571127;43
1,9675220012664796;0,15258737946511125;0,018001270294189454;0,001806489410900509;8;5;100;{'model__max_depth': 8, 'model__min_samples_split': 5, 'model__n_estimators': 100};-0,2939853570462911;-0,28152614556249683;-0,25522914814633824;-0,25765498052156716;-0,28286293501804183;-0,27425171325894704;0,01519076511350549;34
3,704627513885498;0,30584400004851403;0,028709793090820314;0,0028359027338718105;8;5;200;{'model__max_depth': 8, 'model__min_samples_split': 5, 'model__n_estimators': 200};-0,2925915284946117;-0,2805653018872097;-0,2535323774768063;-0,25709171509845624;-0,2822179113200128;-0,2731997668554193;0,015217713308740197;15
0,1091198444366455;0,0015908912520239359;0,0043599605560302734;0,0005693838011041317;8;10;5;{'model__max_depth': 8, 'model__min_samples_split': 10, 'model__n_estimators': 5};-0,31905131485662463;-0,28854843763992344;-0,2726808384139511;-0,26130439144664946;-0,2867641498521778;-0,2856698264418653;0,019422646304950532;429
0,1912700653076172;0,017044722394589585;0,004627132415771484;0,0010533449669669522;8;10;10;{'model__max_depth': 8, 'model__min_samples_split': 10, 'model__n_estimators': 10};-0,3059506645684476;-0,29131529481027546;-0,2716070952356441;-0,2629234500829855;-0,28500234159552285;-0,2833597692585751;0,015047295236841278;369
0,3056632041931152;0,02091168581051607;0,006011867523193359;0,000638220584884709;8;10;15;{'model__max_depth': 8, 'model__min_samples_split': 10, 'model__n_estimators': 15};-0,30219280857870906;-0,2917202915607078;-0,2603191616846515;-0,25945537369957333;-0,28346690936218216;-0,2794309089771648;0,017027643354630848;206
0,37900314331054685;0,037030444564635716;0,004954099655151367;0,0008011459146845374;8;10;20;{'model__max_depth': 8, 'model__min_samples_split': 10, 'model__n_estimators': 20};-0,301986650516387;-0,28882745177287444;-0,25764558905623813;-0,2592470805175135;-0,28340572885554727;-0,2782225001437121;0,017248429040137556;156
0,4787002086639404;0,036567665819773804;0,006537723541259766;0,0012594334684764034;8;10;25;{'model__max_depth': 8, 'model__min_samples_split': 10, 'model__n_estimators': 25};-0,299298503106068;-0,2883524886896541;-0,2591816610873841;-0,2592465652647801;-0,2826797671321541;-0,27775179705600805;0,01605125320547269;140
0,768260908126831;0,06749592754139443;0,009089946746826172;0,0010797915802786193;8;10;40;{'model__max_depth': 8, 'model__min_samples_split': 10, 'model__n_estimators': 40};-0,2951904591150855;-0,28157409453902144;-0,25861211083156876;-0,25784608744946846;-0,28323662126938337;-0,27529187464090554;0,01470448204718031;53
0,9604068279266358;0,08964576851014842;0,011598587036132812;0,001883875744328126;8;10;50;{'model__max_depth': 8, 'model__min_samples_split': 10, 'model__n_estimators': 50};-0,2921120638428047;-0,28287405999005016;-0,258246637891623;-0,25766165425039944;-0,2813694699835994;-0,2744527771916953;0,013965599226789777;38
1,8613996505737305;0,16831642612071843;0,017336034774780275;0,001820896942823013;8;10;100;{'model__max_depth': 8, 'model__min_samples_split': 10, 'model__n_estimators': 100};-0,2938675721067898;-0,2800059031890259;-0,2560497594518556;-0,25817433084035296;-0,2834243091705821;-0,2743043749517213;0,014777067485856837;36
3,602516460418701;0,32039681671980447;0,030118465423583984;0,002379377289282643;8;10;200;{'model__max_depth': 8, 'model__min_samples_split': 10, 'model__n_estimators': 200};-0,2926705163290163;-0,27858292998965045;-0,2541344812583902;-0,2567928518925171;-0,2826870637091115;-0,2729735686357371;0,015036711590681342;13
0,12630133628845214;0,002518807141660773;0,005359935760498047;0,0008058427691267364;9;2;5;{'model__max_depth': 9, 'model__min_samples_split': 2, 'model__n_estimators': 5};-0,31471727542701644;-0,29696904043318284;-0,26844077542483763;-0,2719866046072602;-0,289255645164866;-0,28827386821143264;0,016937828764719907;468
0,23889760971069335;0,01614617754819328;0,005364608764648437;0,0009208496976090861;9;2;10;{'model__max_depth': 9, 'model__min_samples_split': 2, 'model__n_estimators': 10};-0,30920802369056494;-0,2981876532140061;-0,2699737137879122;-0,26783819009495546;-0,28555956858025616;-0,286153429873539;0,015961959274916428;439
0,3307972431182861;0,03249595291841255;0,006123399734497071;0,0006726531491717556;9;2;15;{'model__max_depth': 9, 'model__min_samples_split': 2, 'model__n_estimators': 15};-0,30473336050922867;-0,2945914636530295;-0,25983497499444236;-0,26319978482246126;-0,2884086170383172;-0,2821536402034958;0,017669405236000635;338
0,444013786315918;0,04223523796647238;0,006641006469726563;0,0009621413187361561;9;2;20;{'model__max_depth': 9, 'model__min_samples_split': 2, 'model__n_estimators': 20};-0,30317701460521546;-0,2951279689623505;-0,25754579337212885;-0,2627371633243015;-0,2849492584244519;-0,28070743973768963;0,01783378356016961;268
0,5565192222595214;0,05501523594022981;0,007251358032226563;0,0014373302594179718;9;2;25;{'model__max_depth': 9, 'model__min_samples_split': 2, 'model__n_estimators': 25};-0,2985616454698962;-0,2933499287313037;-0,2584353766382546;-0,26237432093547647;-0,2832240814106967;-0,27918907063712556;0,016158957216884175;196
0,8951786518096924;0,09085669447429345;0,008921003341674805;0,0010222264528743795;9;2;40;{'model__max_depth': 9, 'model__min_samples_split': 2, 'model__n_estimators': 40};-0,29617347565344854;-0,28635073711029485;-0,2581670590679046;-0,2602227075593914;-0,2824607802660314;-0,27667495193141417;0,01497002003210514;86
1,0934235095977782;0,11431906861453993;0,011674737930297852;0,0011887255851289514;9;2;50;{'model__max_depth': 9, 'model__min_samples_split': 2, 'model__n_estimators': 50};-0,2944911921592131;-0,2858979309442645;-0,25718981858434625;-0,26098260344663365;-0,28074861205162915;-0,2758620314372173;0,014433935626657993;63
2,1759024143218992;0,19731831168667144;0,017812108993530272;0,002470023680827421;9;2;100;{'model__max_depth': 9, 'model__min_samples_split': 2, 'model__n_estimators': 100};-0,2966360968881688;-0,2849539219939459;-0,257212547384372;-0,2619469540052552;-0,282404797544382;-0,27663086356322475;0,014802088898354427;85
4,201509571075439;0,2534909842734595;0,030344343185424803;0,0016927961200003923;9;2;200;{'model__max_depth': 9, 'model__min_samples_split': 2, 'model__n_estimators': 200};-0,294763474538552;-0,2842094511013043;-0,2540186211861467;-0,26026402588794983;-0,2818929253404536;-0,2750296996108813;0,015364140814242547;49
0,12170462608337403;0,001962991941338802;0,004325580596923828;0,0012960174170578759;9;5;5;{'model__max_depth': 9, 'model__min_samples_split': 5, 'model__n_estimators': 5};-0,3119072054603181;-0,29441041659046535;-0,27294926048024065;-0,27073571684981773;-0,2835392966044768;-0,2867083791970637;0,015157734658295301;451
0,23393173217773439;0,018715537053525366;0,005328464508056641;0,0013465796702040564;9;5;10;{'model__max_depth': 9, 'model__min_samples_split': 5, 'model__n_estimators': 10};-0,3071011790672905;-0,2931935378800069;-0,27179639160583535;-0,26665614901464113;-0,28730804876524596;-0,285211061266604;0,01463921225726648;420
0,31645979881286623;0,03140952972444448;0,005470466613769531;0,0007534225286218996;9;5;15;{'model__max_depth': 9, 'model__min_samples_split': 5, 'model__n_estimators': 15};-0,3041120280690886;-0,29077592441498634;-0,2603703213345241;-0,2630389536963955;-0,28825702691813765;-0,28131085088662644;0,016912117928378302;291
0,4315458297729492;0,03904502299642134;0,005485248565673828;0,0013516083316471147;9;5;20;{'model__max_depth': 9, 'model__min_samples_split': 5, 'model__n_estimators': 20};-0,30208175696561246;-0,29242244085745794;-0,2590226802093123;-0,2631780714548374;-0,2859447114614917;-0,28052993218974237;0,01672651611577566;262
0,5372995376586914;0,049479388966008585;0,007130908966064453;0,0016151006381252147;9;5;25;{'model__max_depth': 9, 'model__min_samples_split': 5, 'model__n_estimators': 25};-0,2967720416411812;-0,29133618230935227;-0,2600918102570714;-0,26288549076310486;-0,28416101498268115;-0,2790493079906782;0,014912061055586914;192
0,819441556930542;0,08448311210650866;0,008506107330322265;0,0005269869011542081;9;5;40;{'model__max_depth': 9, 'model__min_samples_split': 5, 'model__n_estimators': 40};-0,2938413730909161;-0,2842213796753676;-0,25939043751538066;-0,2601274348324885;-0,28331671903194305;-0,2761794688292192;0,013907515238548385;71
1,058349895477295;0,09772247984118825;0,01126251220703125;0,0023708426204162754;9;5;50;{'model__max_depth': 9, 'model__min_samples_split': 5, 'model__n_estimators': 50};-0,2926283050625951;-0,2840309725620349;-0,25774198838445944;-0,2605851076037721;-0,28057545707756437;-0,2751123661380852;0,013630600011679055;50
1,902537202835083;0,02376347410282502;0,01576690673828125;0,000601665946033617;9;5;100;{'model__max_depth': 9, 'model__min_samples_split': 5, 'model__n_estimators': 100};-0,29604611672307296;-0,2833612666637362;-0,25678837599023924;-0,2612838417022149;-0,2822778333607086;-0,27595148688799437;0,01470432779015911;66
3,764415645599365;0,04513964413014141;0,02860703468322754;0,0009718355243951685;9;5;200;{'model__max_depth': 9, 'model__min_samples_split': 5, 'model__n_estimators': 200};-0,2949958016606944;-0,2822413852790449;-0,2537170186466558;-0,25999753015499466;-0,2824963075728554;-0,27468960866284897;0,015401441847219664;42
0,0931459903717041;0,0018469990034457305;0,0037885665893554687;0,0009101970247152773;9;10;5;{'model__max_depth': 9, 'model__min_samples_split': 10, 'model__n_estimators': 5};-0,31250853749007085;-0,289769575702496;-0,27506573876888346;-0,26536559537432663;-0,28969221512970483;-0,28648033249309635;0,015967014998490164;447
0,18420796394348143;0,00624140680183356;0,004328393936157226;0,0006836549318291049;9;10;10;{'model__max_depth': 9, 'model__min_samples_split': 10, 'model__n_estimators': 10};-0,3053186450447486;-0,2897936879263982;-0,27327037515160113;-0,26391272496367774;-0,28808599776809035;-0,2840762861709032;0,014306230768208614;397
0,2685396194458008;0,0011524181202585478;0,004416656494140625;0,0007974049209375817;9;10;15;{'model__max_depth': 9, 'model__min_samples_split': 10, 'model__n_estimators': 15};-0,30349889926104295;-0,29062944956333786;-0,2617325467960601;-0,2608096684746747;-0,2887266989071039;-0,28107945260044387;0,01695571478494752;282
0,36238884925842285;0,00937567555754053;0,005432224273681641;0,000854378420204469;9;10;20;{'model__max_depth': 9, 'model__min_samples_split': 10, 'model__n_estimators': 20};-0,30276264813247333;-0,2904909761860264;-0,259339452142031;-0,2612538739952015;-0,2864121219404405;-0,28005181447923455;0,01701514674280278;242
0,4441112518310547;0,003979985523626148;0,006754684448242188;0,0005166260144944427;9;10;25;{'model__max_depth': 9, 'model__min_samples_split': 10, 'model__n_estimators': 25};-0,2985451845090733;-0,28999903519728915;-0,26083868010041633;-0,25986545765184393;-0,2845324590846431;-0,27875616330865316;0,015679719933699907;181
0,7152692794799804;0,01825061154231025;0,008071279525756836;0,0006590386977790381;9;10;40;{'model__max_depth': 9, 'model__min_samples_split': 10, 'model__n_estimators': 40};-0,29468300806067904;-0,2836346969236281;-0,2597015118605457;-0,2594437805911707;-0,2838337333725842;-0,27625934616172154;0,014199461823963788;73
0,889414930343628;0,02850533910744947;0,009406042098999024;0,001501379401937379;9;10;50;{'model__max_depth': 9, 'model__min_samples_split': 10, 'model__n_estimators': 50};-0,2925795258095177;-0,2840719798463343;-0,25877417486387017;-0,2596509940046806;-0,280989281359642;-0,2752131911768089;0,013607749051389924;51
1,7782002925872802;0,03474687558426199;0,016625452041625976;0,0007529110662443111;9;10;100;{'model__max_depth': 9, 'model__min_samples_split': 10, 'model__n_estimators': 100};-0,294723744746938;-0,28186234736306476;-0,2570035330343022;-0,25981698535658493;-0,28290589297466157;-0,27526250069511027;0,014509812443553313;52
3,6404163360595705;0,02069149363754395;0,030850696563720702;0,0030941562867510563;9;10;200;{'model__max_depth': 9, 'model__min_samples_split': 10, 'model__n_estimators': 200};-0,29320102368448075;-0,280344748442227;-0,2547815476646022;-0,25880963811076496;-0,28294340221664055;-0,2740160720237431;0,014758145543935317;31
0,11367683410644532;0,0029935445225461616;0,0033203125;0,0010949202337888367;10;2;5;{'model__max_depth': 10, 'model__min_samples_split': 2, 'model__n_estimators': 5};-0,31710732209849335;-0,29501974577042905;-0,27182632784984795;-0,27502067073019876;-0,2880236855945005;-0,2893995504086939;0,016228188708641695;476
0,2199840545654297;0,006311729408415154;0,0047000408172607425;0,0007151367183843386;10;2;10;{'model__max_depth': 10, 'model__min_samples_split': 2, 'model__n_estimators': 10};-0,310142894256149;-0,29352256871434146;-0,2730480838030233;-0,2697206772436897;-0,2841099086382346;-0,28610882653108766;0,01466799301192694;435
0,327284049987793;0,011083907820635406;0,005963945388793945;0,00045562020275788;10;2;15;{'model__max_depth': 10, 'model__min_samples_split': 2, 'model__n_estimators': 15};-0,3061038111216784;-0,292871958283253;-0,26063784591350053;-0,2654217294347907;-0,2878686973742124;-0,282580808425487;0,017106307529010906;351
0,43192424774169924;0,008977835711322454;0,005656814575195313;0,0005168759204662389;10;2;20;{'model__max_depth': 10, 'model__min_samples_split': 2, 'model__n_estimators': 20};-0,3029223697780241;-0,29330393234351804;-0,2569742603018601;-0,2643150109337426;-0,28616421960196314;-0,2807359585918216;0,017400704875109713;270
0,5293751716613769;0,006605649750978412;0,006470012664794922;0,0006808072713619014;10;2;25;{'model__max_depth': 10, 'model__min_samples_split': 2, 'model__n_estimators': 25};-0,29851192036273444;-0,29155846919174355;-0,25794804660344184;-0,26442989496850805;-0,28376479256336584;-0,2792426247379588;0,015596870208319265;198
0,8395635604858398;0,018785334075513662;0,008547544479370117;0,00031973255977745365;10;2;40;{'model__max_depth': 10, 'model__min_samples_split': 2, 'model__n_estimators': 40};-0,2968284923791147;-0,28730458670653447;-0,2579647807743196;-0,2644301961710001;-0,28260204006154954;-0,2778260192185037;0,01447525109001476;144
1,1377748012542725;0,10474406150162542;0,011580610275268554;0,001333537928954996;10;2;50;{'model__max_depth': 10, 'model__min_samples_split': 2, 'model__n_estimators': 50};-0,2950331481233159;-0,2880813214164032;-0,2563478975688098;-0,26522207645848983;-0,2798090416984819;-0,2768986970531001;0,014290264778356453;101
2,284658336639404;0,24505005540280902;0,018402576446533203;0,0016531857214413185;10;2;100;{'model__max_depth': 10, 'model__min_samples_split': 2, 'model__n_estimators': 100};-0,2969447442634156;-0,287485236103724;-0,2574374198861398;-0,264969018068082;-0,28160644193510803;-0,2776885720512939;0,014519095817533755;129
4,280732822418213;0,37799949958195606;0,02993044853210449;0,0005938201449232918;10;2;200;{'model__max_depth': 10, 'model__min_samples_split': 2, 'model__n_estimators': 200};-0,2958988907239639;-0,2857152604007355;-0,2563274774298394;-0,26354861875620167;-0,2819835022052523;-0,2766947499031986;0,014599904707569392;88
0,12940521240234376;0,004710340056989869;0,004893302917480469;0,000728272768865951;10;5;5;{'model__max_depth': 10, 'model__min_samples_split': 5, 'model__n_estimators': 5};-0,3153876311174302;-0,2939169823813073;-0,27224397165362285;-0,2678440019659101;-0,28749714685066907;-0,2873779467937879;0,016958347885688667;460
0,2510176181793213;0,003993361892755877;0,004666519165039062;0,0008830299280747784;10;5;10;{'model__max_depth': 10, 'model__min_samples_split': 5, 'model__n_estimators': 10};-0,3086413150566911;-0,2943331582362212;-0,27366258216766687;-0,26632627371640993;-0,2857559725315695;-0,28574386034171173;0,014973774207727669;432
0,3407722473144531;0,03220623626938933;0,0063152313232421875;0,0006540171290196144;10;5;15;{'model__max_depth': 10, 'model__min_samples_split': 5, 'model__n_estimators': 15};-0,3041963226339666;-0,29004671763052453;-0,2599414699017033;-0,2607018147982627;-0,287396170923276;-0,2804564991775466;0,017405887123442654;257
0,4368156909942627;0,04504391915252465;0,005799436569213867;0,0009764545258048103;10;5;20;{'model__max_depth': 10, 'model__min_samples_split': 5, 'model__n_estimators': 20};-0,30362258215530047;-0,2911372887622926;-0,2581709242688779;-0,26219244009019077;-0,28730012668360255;-0,2804846723920529;0,01748027825198257;259
0,5704111576080322;0,059015455433131345;0,006532478332519531;0,001018825814052618;10;5;25;{'model__max_depth': 10, 'model__min_samples_split': 5, 'model__n_estimators': 25};-0,2989790616321651;-0,2882582211060312;-0,2592127675955122;-0,2609229974462349;-0,28526479650041703;-0,2785275688560721;0,015756407386018717;169
0,8671544075012207;0,08501551189820142;0,009638166427612305;0,00038765323087586596;10;5;40;{'model__max_depth': 10, 'model__min_samples_split': 5, 'model__n_estimators': 40};-0,2942715270913034;-0,2853911237091821;-0,2589609084874013;-0,26147574214043895;-0,28464158718952914;-0,276948177723571;0,014096158603619527;106
1,1193931579589844;0,11353993566876695;0,01039438247680664;0,001982385848225143;10;5;50;{'model__max_depth': 10, 'model__min_samples_split': 5, 'model__n_estimators': 50};-0,2929726239482131;-0,2857997155270779;-0,25722442748717933;-0,2634325952610104;-0,2806311760006881;-0,27601210764483375;0,01353523720760671;69
2,005076789855957;0,050482355530578955;0,016668033599853516;0,00047875617590585325;10;5;100;{'model__max_depth': 10, 'model__min_samples_split': 5, 'model__n_estimators': 100};-0,29570588053275515;-0,28406735491564455;-0,2576545504475704;-0,2641685861283696;-0,2822839767403835;-0,27677606975294466;0,013902652687564658;94
3,977606439590454;0,017572158212089847;0,032341814041137694;0,005909579859599139;10;5;200;{'model__max_depth': 10, 'model__min_samples_split': 5, 'model__n_estimators': 200};-0,29494011497456407;-0,28330842318302357;-0,255587169063884;-0,2627590440885407;-0,28329807226946635;-0,27597856471589577;0,01454240108400848;68
0,09614157676696777;0,0023213097808469697;0,0033179759979248048;0,0008727919622278368;10;10;5;{'model__max_depth': 10, 'model__min_samples_split': 10, 'model__n_estimators': 5};-0,31443143107783367;-0,28922465438968953;-0,2707882494449649;-0,26482284838136405;-0,2901710614189364;-0,28588764894255775;0,017412342830612163;433
0,1880824089050293;0,0038252429909418;0,003824138641357422;0,0003930996656692412;10;10;10;{'model__max_depth': 10, 'model__min_samples_split': 10, 'model__n_estimators': 10};-0,3073140940807355;-0,2890220097126696;-0,2753207500131166;-0,26326734444998917;-0,28756878224732046;-0,28449859610076633;0,014733860099919761;407
0,2792519092559814;0,0025261786989335994;0,004831504821777344;0,0007380249700143762;10;10;15;{'model__max_depth': 10, 'model__min_samples_split': 10, 'model__n_estimators': 15};-0,3043063420042832;-0,2894980828045945;-0,26176139541341414;-0,2605474090354534;-0,28789789840783164;-0,2808022255331154;0,01703655364985784;271
0,37598452568054197;0,007779530085336174;0,006435251235961914;0,0012766823558809095;10;10;20;{'model__max_depth': 10, 'model__min_samples_split': 10, 'model__n_estimators': 20};-0,3026611172065866;-0,28931506714646277;-0,26109957207024215;-0,26049855326992044;-0,287080148787574;-0,2801308916961572;0,016660565135441462;247
0,4654365062713623;0,004557995038554157;0,006026029586791992;0,0006323788971749893;10;10;25;{'model__max_depth': 10, 'model__min_samples_split': 10, 'model__n_estimators': 25};-0,2984891057888456;-0,2879598147369522;-0,2619181543539719;-0,2609310221961144;-0,28541291996768786;-0,2789422034087144;0,014963220070583117;189
0,7369494438171387;0,015807034898414885;0,007711029052734375;0,0006700326088616369;10;10;40;{'model__max_depth': 10, 'model__min_samples_split': 10, 'model__n_estimators': 40};-0,29568345975186444;-0,2828875752553772;-0,26041394630109665;-0,2605555610709765;-0,2839054471272306;-0,2766891979013091;0,013974649691386053;87
0,9185415267944336;0,007778059576944501;0,009762382507324219;0,0012238594465936497;10;10;50;{'model__max_depth': 10, 'model__min_samples_split': 10, 'model__n_estimators': 50};-0,29332038945213607;-0,2838942497176469;-0,25922857702562796;-0,2618644252713596;-0,2806094314305262;-0,2757834145794593;0,013148554922600992;59
1,922103214263916;0,0700937135333751;0,015378904342651368;0,0007595440949962577;10;10;100;{'model__max_depth': 10, 'model__min_samples_split': 10, 'model__n_estimators': 100};-0,2950104999581566;-0,28168064449166785;-0,2575350130462335;-0,2626032644069134;-0,2820921817530111;-0,27578432073119646;0,01379115070637974;60
3,7104663848876953;0,10706831622916829;0,028654050827026368;0,0026255425094754955;10;10;200;{'model__max_depth': 10, 'model__min_samples_split': 10, 'model__n_estimators': 200};-0,2938708136097634;-0,28044912245756026;-0,2554237944076728;-0,2612731513507098;-0,28251643711168567;-0,2747066637874784;0,014237424888451882;44
0,1283637523651123;0,022661643624002834;0,004049921035766601;0,0014516372771185158;11;2;5;{'model__max_depth': 11, 'model__min_samples_split': 2, 'model__n_estimators': 5};-0,3216930331335481;-0,2964952944412519;-0,2737804963960761;-0,2746104063479449;-0,2887352555613554;-0,2910628971760353;0,017564167589024945;504
0,2458256721496582;0,027713007135887414;0,004033279418945312;1,9327734123086018e-05;11;2;10;{'model__max_depth': 11, 'model__min_samples_split': 2, 'model__n_estimators': 10};-0,31256235243587255;-0,2969546916685895;-0,2712857291672526;-0,27307935498007674;-0,28646538991099746;-0,28806950363255773;0,015413105019398833;463
0,3333739757537842;0,004515727331979286;0,004735374450683593;0,0008051721034244677;11;2;15;{'model__max_depth': 11, 'model__min_samples_split': 2, 'model__n_estimators': 15};-0,3083980938930354;-0,29362653792302823;-0,2635389274348327;-0,27022872135027504;-0,28739630641124536;-0,28463771740248334;0,01616008851444942;410
0,4442408084869385;0,0026119080375658138;0,006134510040283203;0,0004984040117885917;11;2;20;{'model__max_depth': 11, 'model__min_samples_split': 2, 'model__n_estimators': 20};-0,3052173398856827;-0,29267281878578716;-0,2627978592175869;-0,27136801639076685;-0,2865040481751481;-0,2837120164909943;0,015101964547257095;378
0,5512387752532959;0,007159070217568539;0,006753063201904297;0,0008089601146620645;11;2;25;{'model__max_depth': 11, 'model__min_samples_split': 2, 'model__n_estimators': 25};-0,3011484452961123;-0,2920450081119958;-0,26157945131032745;-0,26914159659531806;-0,28252553094840566;-0,2812880064524318;0,014475109677318016;290
0,8818610191345215;0,020344514800132323;0,00863962173461914;0,0012223249833351823;11;2;40;{'model__max_depth': 11, 'model__min_samples_split': 2, 'model__n_estimators': 40};-0,30052757126063867;-0,28850637888379876;-0,2611353833307812;-0,2670194466009902;-0,28159999060114166;-0,27975775413547016;0,01428548036872252;228
1,1070825099945067;0,018194194464753545;0,010608386993408204;0,0013518213964536503;11;2;50;{'model__max_depth': 11, 'model__min_samples_split': 2, 'model__n_estimators': 50};-0,29871965349243024;-0,2874213979161754;-0,25924668815294327;-0,2689592044081859;-0,27889170010119113;-0,27864772881418515;0,013785404134040103;174
2,254960870742798;0,05076525541533328;0,016825103759765626;0,0009141950375453009;11;2;100;{'model__max_depth': 11, 'model__min_samples_split': 2, 'model__n_estimators': 100};-0,29921636172213806;-0,2869716184747045;-0,25881579862629106;-0,2672283444374553;-0,28154749166350984;-0,27875592298481977;0,014313725496831058;180
4,449318504333496;0,08052003624705201;0,03380107879638672;0,002721696660350877;11;2;200;{'model__max_depth': 11, 'model__min_samples_split': 2, 'model__n_estimators': 200};-0,2979136491454319;-0,28679247297809;-0,2578877669305102;-0,2662091143059437;-0,2818887862117464;-0,27813835791434444;0,014369515311853388;151
0,1121124267578125;0,006873147224291783;0,004006671905517578;0,000630997052980267;11;5;5;{'model__max_depth': 11, 'model__min_samples_split': 5, 'model__n_estimators': 5};-0,3208515720400439;-0,29537375966827684;-0,2731056750980642;-0,2681776726689597;-0,2941072334679371;-0,29032318258865636;0,01875460533405991;491
0,21980528831481932;0,007889322583618442;0,004207992553710937;0,0007516041788234389;11;5;10;{'model__max_depth': 11, 'model__min_samples_split': 5, 'model__n_estimators': 10};-0,3110582711847599;-0,2959273631387366;-0,2735527896233666;-0,26566021025300296;-0,2870844621740463;-0,2866566192747825;0,016088069496470913;450
0,31630306243896483;0,009890909584967782;0,004828166961669922;0,000741486892805234;11;5;15;{'model__max_depth': 11, 'model__min_samples_split': 5, 'model__n_estimators': 15};-0,30650417532940405;-0,2923388613756487;-0,26067410357504234;-0,2625167659480531;-0,2879729880265955;-0,2820013788509488;0,01776183271528995;330
0,43030176162719724;0,010555849688472549;0,005506372451782227;0,00033921890455820966;11;5;20;{'model__max_depth': 11, 'model__min_samples_split': 5, 'model__n_estimators': 20};-0,3055307609584953;-0,29095721238104333;-0,26087304239671777;-0,2649421386581377;-0,2872416635093579;-0,2819089635807504;0,016725315747400604;321
0,534296703338623;0,01645458104410367;0,006113433837890625;0,0007673593672132859;11;5;25;{'model__max_depth': 11, 'model__min_samples_split': 5, 'model__n_estimators': 25};-0,30088318827320065;-0,2898754601718464;-0,26199904428169873;-0,26394242716018357;-0,2853901281312014;-0,2804180496036262;0,015124099789760922;255
0,8134430885314942;0,009354454354628264;0,008823490142822266;0,0008184561609516715;11;5;40;{'model__max_depth': 11, 'model__min_samples_split': 5, 'model__n_estimators': 40};-0,2987249730269089;-0,28651724698581643;-0,261112802068299;-0,2646401921918244;-0,28355630594880565;-0,2789103040443309;0,014088713144715844;188
1,0186701774597169;0,016872678131682514;0,009289693832397462;0,0012332459749426958;11;5;50;{'model__max_depth': 11, 'model__min_samples_split': 5, 'model__n_estimators': 50};-0,29703369231445004;-0,2856674680153571;-0,25910545244433986;-0,26684643413283815;-0,28009494508207555;-0,27774959839781216;0,013465160658966682;139
2,152506875991821;0,03560065928439229;0,016237306594848632;0,002818556193166784;11;5;100;{'model__max_depth': 11, 'model__min_samples_split': 5, 'model__n_estimators': 100};-0,2984856292980058;-0,2842870199201105;-0,25845699641644565;-0,26614591803514914;-0,2818085795231028;-0,27783682863856274;0,014113879899058464;146
4,189468669891357;0,054663700782266296;0,030709028244018555;0,0027234651407086865;11;5;200;{'model__max_depth': 11, 'model__min_samples_split': 5, 'model__n_estimators': 200};-0,2972406893083398;-0,28381881755259325;-0,25589463070179325;-0,2651085364740624;-0,2818524617762486;-0,27678302716260744;0,014603672782720177;95
0,10030651092529297;0,0048962605421896494;0,003502225875854492;0,000757967012760392;11;10;5;{'model__max_depth': 11, 'model__min_samples_split': 10, 'model__n_estimators': 5};-0,3171902470007412;-0,28983768536141946;-0,27131225474510845;-0,26448483966363073;-0,29167462078383916;-0,28689992951094784;0,018408385465812974;456
0,19250931739807128;0,005476287589488797;0,004004907608032226;0,0001586345854003467;11;10;10;{'model__max_depth': 11, 'model__min_samples_split': 10, 'model__n_estimators': 10};-0,3073216850989307;-0,29312467166449624;-0,2748066423599241;-0,26354699753524713;-0,28736812549178314;-0,28523362443007627;0,015058146542759311;421
0,29384570121765136;0,00972311511838315;0,00532078742980957;0,0006208708568894872;11;10;15;{'model__max_depth': 11, 'model__min_samples_split': 10, 'model__n_estimators': 15};-0,3044031738805309;-0,29301827892008425;-0,262687326120454;-0,26143153841128247;-0,28739776571259096;-0,28178761660898854;0,017019142140251707;315
0,3882560729980469;0,0046893303497382004;0,005068731307983398;0,0009021567666239992;11;10;20;{'model__max_depth': 11, 'model__min_samples_split': 10, 'model__n_estimators': 20};-0,30506034362175916;-0,29222048625064145;-0,2611078664902785;-0,263116239992872;-0,2868349599629211;-0,2816679792636944;0,01704195452842402;306
0,4907045841217041;0,01238892329778172;0,0064770221710205075;0,0005674661019414199;11;10;25;{'model__max_depth': 11, 'model__min_samples_split': 10, 'model__n_estimators': 25};-0,30025567042838797;-0,2912608082230124;-0,26136962157827637;-0,2626150798896297;-0,2847966476227648;-0,28005956554841427;0,015552585134720883;243
0,762941837310791;0,014122966242412528;0,008430767059326171;0,00038452943157884454;11;10;40;{'model__max_depth': 11, 'model__min_samples_split': 10, 'model__n_estimators': 40};-0,2968367965909467;-0,2857794196414533;-0,26044392756608825;-0,2624026858868356;-0,28303481286285875;-0,27769952850963653;0,014083565511598308;132
0,9689761161804199;0,034143774595037826;0,009743499755859374;0,000966300934895512;11;10;50;{'model__max_depth': 11, 'model__min_samples_split': 10, 'model__n_estimators': 50};-0,2946961896568781;-0,2859552240713586;-0,25951642542761494;-0,26382009712170806;-0,28004033638583764;-0,27680565453267947;0,013279993831214724;97
1,922685432434082;0,03881019917222689;0,01622161865234375;0,00026486978317440623;11;10;100;{'model__max_depth': 11, 'model__min_samples_split': 10, 'model__n_estimators': 100};-0,2957679316122558;-0,28254111729210163;-0,2575752112605296;-0,2635548734933564;-0,28152690614205755;-0,2761932079600602;0,013843925703645558;72
3,835185670852661;0,08166975477378562;0,02805633544921875;0,0007385412306357798;11;10;200;{'model__max_depth': 11, 'model__min_samples_split': 10, 'model__n_estimators': 200};-0,2943819091923693;-0,2814950261490071;-0,25577011984699083;-0,263061364599914;-0,2823768549756826;-0,2754170549527928;0,014026484874670671;55
0,11894865036010742;0,0031732117602873214;0,0036414146423339845;0,0014772788899461088;12;2;5;{'model__max_depth': 12, 'model__min_samples_split': 2, 'model__n_estimators': 5};-0,3203396525906959;-0,2904323364844653;-0,27627506847880245;-0,2738867392478755;-0,29334826904414085;-0,290856413169196;0,01659057587606608;498
0,23236517906188964;0,005947024628120944;0,004215431213378906;0,0008169304034848752;12;2;10;{'model__max_depth': 12, 'model__min_samples_split': 2, 'model__n_estimators': 10};-0,31166386847589456;-0,2982529005964651;-0,27528146089481664;-0,272943171554026;-0,2846474674114178;-0,28855777378652403;0,014582550383796657;470
0,34617090225219727;0,007441609707016013;0,0049168109893798825;0,0007333270672025427;12;2;15;{'model__max_depth': 12, 'model__min_samples_split': 2, 'model__n_estimators': 15};-0,30576270181474474;-0,29576367816876703;-0,26167849401728044;-0,2682660886261147;-0,2868798602942172;-0,2836701645842248;0,016526067584881735;376
0,467360258102417;0,016477575016068478;0,005618858337402344;0,000789928951514257;12;2;20;{'model__max_depth': 12, 'model__min_samples_split': 2, 'model__n_estimators': 20};-0,3040157297856493;-0,2952976387636976;-0,25981284202607324;-0,2686384980167433;-0,28595600631498685;-0,28274414298143;0,016402441958277007;354
0,5832428455352783;0,02133671650395038;0,005820178985595703;0,0005107228397493361;12;2;25;{'model__max_depth': 12, 'model__min_samples_split': 2, 'model__n_estimators': 25};-0,2990384247457441;-0,29423616364973487;-0,259823418801048;-0,2678514934461201;-0,28267539570801953;-0,2807249792701333;0,014995601889306315;269
0,9158446311950683;0,024162302957577837;0,008631086349487305;0,0008055373079930691;12;2;40;{'model__max_depth': 12, 'model__min_samples_split': 2, 'model__n_estimators': 40};-0,2987180429880412;-0,29171338827197313;-0,25962101649026803;-0,2696943835273969;-0,2807451988435633;-0,2800984060242485;0,01420974454711188;244
1,131349515914917;0,020760324195507673;0,009624624252319336;0,001151480756798983;12;2;50;{'model__max_depth': 12, 'model__min_samples_split': 2, 'model__n_estimators': 50};-0,2985773576279672;-0,29130060020628107;-0,25767017723497027;-0,2707136198614959;-0,2792890745674321;-0,27951016589962935;0,014539500335261024;209
2,2699671268463133;0,02970757379599104;0,0161867618560791;0,0003084539166970872;12;2;100;{'model__max_depth': 12, 'model__min_samples_split': 2, 'model__n_estimators': 100};-0,3001216474721234;-0,2884826916781511;-0,2585763174671621;-0,27022492517540037;-0,28179749057888875;-0,2798406144743451;0,014383789277138218;231
4,5909003734588625;0,08105204736598502;0,03203907012939453;0,0037307312381287577;12;2;200;{'model__max_depth': 12, 'model__min_samples_split': 2, 'model__n_estimators': 200};-0,29837999834906703;-0,2877470021887597;-0,25691747655508596;-0,2682428575296082;-0,28264951478248174;-0,2787873698810005;0,014618763555332013;182
0,11179203987121582;0,0028652750659439886;0,004372119903564453;0,0009081427585700423;12;5;5;{'model__max_depth': 12, 'model__min_samples_split': 5, 'model__n_estimators': 5};-0,31977971491664314;-0,29176524837031065;-0,2667609102478485;-0,2691171509668298;-0,2926164532883931;-0,28800789555800504;0,01925149150506223;462
0,2169656276702881;0,004514555097454324;0,0043637752532958984;0,0008329063299434378;12;5;10;{'model__max_depth': 12, 'model__min_samples_split': 5, 'model__n_estimators': 10};-0,3116906848636852;-0,2974844877801303;-0,27178354803364285;-0,26663333468645833;-0,28849720804510876;-0,28721785268180505;0,016540255151981664;458
0,32704339027404783;0,006041903251850954;0,005100536346435547;0,0009587806774705019;12;5;15;{'model__max_depth': 12, 'model__min_samples_split': 5, 'model__n_estimators': 15};-0,3060133734138064;-0,29457694885465796;-0,2584564684615619;-0,26326252874232625;-0,28876852954887444;-0,2822155698042454;0,0183618794908835;340
0,42561612129211424;0,0057178471232195854;0,0055525779724121095;0,0008086327125473869;12;5;20;{'model__max_depth': 12, 'model__min_samples_split': 5, 'model__n_estimators': 20};-0,3045303659927763;-0,29335894834712334;-0,259436144918199;-0,2659292509782247;-0,2883601499400341;-0,28232297203527146;0,016993937637736312;343
0,5368363380432128;0,008475293297588008;0,006704902648925782;0,0008452351308521248;12;5;25;{'model__max_depth': 12, 'model__min_samples_split': 5, 'model__n_estimators': 25};-0,3003965917478085;-0,2917608456617965;-0,2606660522447354;-0,26629949227606586;-0,2851394647243048;-0,2808524893309422;0,015090555328812582;273
0,8592933654785156;0,02557946051094073;0,009616851806640625;0,0026429256313757537;12;5;40;{'model__max_depth': 12, 'model__min_samples_split': 5, 'model__n_estimators': 40};-0,29774427713020324;-0,28677766829428786;-0,26100999185561713;-0,2675994703020192;-0,2830156851193439;-0,27922941854029426;0,013276408266574972;197
1,058489942550659;0,021511855384295373;0,010665702819824218;0,0022643771251875896;12;5;50;{'model__max_depth': 12, 'model__min_samples_split': 5, 'model__n_estimators': 50};-0,29704354565769664;-0,285461000031318;-0,25874341727484107;-0,26942654161733176;-0,28023217061207917;-0,27818133503865333;0,013171647529709795;154
2,125803756713867;0,04687361568433672;0,016678333282470703;0,000635121462422165;12;5;100;{'model__max_depth': 12, 'model__min_samples_split': 5, 'model__n_estimators': 100};-0,29810024280643016;-0,28367638605740364;-0,25812181714554694;-0,2681063769336672;-0,28113611702587493;-0,2778281879937846;0,013703683327459535;145
4,189565420150757;0,0870009951055932;0,029005146026611327;0,0018359347631480513;12;5;200;{'model__max_depth': 12, 'model__min_samples_split': 5, 'model__n_estimators': 200};-0,2974795579394882;-0,2836951585324946;-0,2557935716273447;-0,26725773231823746;-0,282411891138807;-0,27732758231127436;0,014405650557505303;113
0,10754756927490235;0,005484358306344467;0,003664731979370117;0,0009786806265288364;12;10;5;{'model__max_depth': 12, 'model__min_samples_split': 10, 'model__n_estimators': 5};-0,32162767053238334;-0,28741732334316694;-0,2730525080861512;-0,26795068406208683;-0,29284090020386067;-0,28857781724552983;0,01885909474259756;471
0,2019646167755127;0,004272775779452751;0,004181098937988281;0,0008396540801178568;12;10;10;{'model__max_depth': 12, 'model__min_samples_split': 10, 'model__n_estimators': 10};-0,31066289610554654;-0,28990190322026055;-0,2747712699785347;-0,26437410494262076;-0,28811765092389846;-0,2855655650341722;0,015625541812806478;428
0,2962625026702881;0,0034694638371517185;0,00549020767211914;0,0007844129897023544;12;10;15;{'model__max_depth': 12, 'model__min_samples_split': 10, 'model__n_estimators': 15};-0,3073650056494343;-0,2892919266806496;-0,2627220997475274;-0,26244660350332666;-0,28817478316070777;-0,28200008374832913;0,017254891515503048;329
0,3972303867340088;0,006426351553516183;0,006086921691894532;0,0012774044608692345;12;10;20;{'model__max_depth': 12, 'model__min_samples_split': 10, 'model__n_estimators': 20};-0,3066135813847844;-0,28981978330101993;-0,26209204422428284;-0,2639916747790641;-0,2866157073926702;-0,28182655821636426;0,016785459328623797;317
0,48990716934204104;0,009385435646021815;0,006916570663452149;0,0011242780766802022;12;10;25;{'model__max_depth': 12, 'model__min_samples_split': 10, 'model__n_estimators': 25};-0,3013417686640006;-0,2875273270650968;-0,2628461507498154;-0,2638749642485194;-0,282781245950613;-0,27967429133560906;0,014653381609067222;216
0,8040325164794921;0,009912940625829031;0,008028936386108399;0,0006669636133768273;12;10;40;{'model__max_depth': 12, 'model__min_samples_split': 10, 'model__n_estimators': 40};-0,298918282632903;-0,28388362102284775;-0,26191446060128043;-0,265539142919204;-0,2813538769650461;-0,27832187682825626;0,013393577183262995;162
1,000351333618164;0,01377549828843545;0,009900045394897462;0,0005817031144267125;12;10;50;{'model__max_depth': 12, 'model__min_samples_split': 10, 'model__n_estimators': 50};-0,297456350556235;-0,2843107934989914;-0,26076263216699164;-0,26728791411018243;-0,27918526256706466;-0,27780059057989304;0,012895405012980596;142
1,9552725791931151;0,03352567924726456;0,015733098983764647;0,0007961898346425523;12;10;100;{'model__max_depth': 12, 'model__min_samples_split': 10, 'model__n_estimators': 100};-0,29696390322483107;-0,2825819451515584;-0,2590838975827525;-0,2664549437424785;-0,2806673092698096;-0,277150399794286;0,013230544491704379;108
3,9562524795532226;0,0924571289729152;0,029413127899169923;0,0006073355027769929;12;10;200;{'model__max_depth': 12, 'model__min_samples_split': 10, 'model__n_estimators': 200};-0,2951659013991175;-0,281362966705888;-0,25701674233416055;-0,26522294391581336;-0,2816040205093114;-0,2760745149728582;0,013446036451247612;70
0,12010807991027832;0,002830576343109301;0,004309749603271485;0,0004020232320596417;13;2;5;{'model__max_depth': 13, 'model__min_samples_split': 2, 'model__n_estimators': 5};-0,3272433750998726;-0,2962847698867224;-0,2732881016338734;-0,2760316730509147;-0,2875344258765342;-0,29207646910958346;0,019419008533177917;522
0,2374892234802246;0,003640269429285535;0,004023408889770508;0,00030772694778854906;13;2;10;{'model__max_depth': 13, 'model__min_samples_split': 2, 'model__n_estimators': 10};-0,31683694097870074;-0,2968765297667261;-0,27154699637622215;-0,2700891153719404;-0,2891407656382667;-0,2888980696263712;0,01731549458193297;472
0,3563450813293457;0,009793184791441287;0,004906988143920899;0,0009118393486758406;13;2;15;{'model__max_depth': 13, 'model__min_samples_split': 2, 'model__n_estimators': 15};-0,31099107914764373;-0,29312725178965876;-0,2588392793716491;-0,2644040114851303;-0,2900741969060053;-0,2834871637400174;0,01931046643716399;372
0,47689189910888674;0,0105286628571262;0,0059258460998535155;0,000368807862046831;13;2;20;{'model__max_depth': 13, 'model__min_samples_split': 2, 'model__n_estimators': 20};-0,309106106236152;-0,2937461395826588;-0,2603539297047069;-0,2667911091869397;-0,28853808292105515;-0,2837070735263025;0,017892744549312722;377
0,5917118549346924;0,011458462523273729;0,006690168380737304;0,00045248229944496934;13;2;25;{'model__max_depth': 13, 'model__min_samples_split': 2, 'model__n_estimators': 25};-0,3045898972358399;-0,2933652960926432;-0,2595610149391359;-0,26710314490127524;-0,2851871463054298;-0,28196129989486485;0,016583414412447574;325
0,9720797538757324;0,03324477564643785;0,008411550521850586;0,0004581599854487303;13;2;40;{'model__max_depth': 13, 'model__min_samples_split': 2, 'model__n_estimators': 40};-0,3022840644743043;-0,2901514766567531;-0,2584527898847573;-0,27002015182419437;-0,2836517484761855;-0,2809120462632389;0,015314618938595799;276
1,1892316818237305;0,03701731758436277;0,010375308990478515;0,0009111605053681667;13;2;50;{'model__max_depth': 13, 'model__min_samples_split': 2, 'model__n_estimators': 50};-0,30142993497181203;-0,28952875560066954;-0,25744087465536153;-0,2723546211893398;-0,2804290583078951;-0,2802366489450156;0,014948640922054916;250
2,3598501682281494;0,0650935764105898;0,01733713150024414;0,0009621572915032116;13;2;100;{'model__max_depth': 13, 'model__min_samples_split': 2, 'model__n_estimators': 100};-0,30137840308534464;-0,28778285936997344;-0,25894825616661393;-0,27124735215230655;-0,2830606759514576;-0,28048350934513927;0,014460930897215046;258
4,8102373600006105;0,11010620958817768;0,030076885223388673;0,0005253760908489166;13;2;200;{'model__max_depth': 13, 'model__min_samples_split': 2, 'model__n_estimators': 200};-0,2988456744278032;-0,2867136519735424;-0,2571390485479747;-0,26903371255474723;-0,2834552336399899;-0,2790374642288115;0,014494284342713869;191
0,11813559532165527;0,003196336312088227;0,003354310989379883;0,0007730190847792642;13;5;5;{'model__max_depth': 13, 'model__min_samples_split': 5, 'model__n_estimators': 5};-0,3197826541546165;-0,29026794088740226;-0,2775913896254975;-0,27647690468470526;-0,29503280681393895;-0,2918303392332321;0,015700346716096946;513
0,23215327262878419;0,005703947308470091;0,004614830017089844;0,0004929070340324407;13;5;10;{'model__max_depth': 13, 'model__min_samples_split': 5, 'model__n_estimators': 10};-0,3129245239992254;-0,29681288045505194;-0,2774676952754084;-0,2712218742566146;-0,2910084746445208;-0,2898870897261642;0,014714476452047197;485
0,34824485778808595;0,03154000080314183;0,005933952331542969;0,0007981317162082954;13;5;15;{'model__max_depth': 13, 'model__min_samples_split': 5, 'model__n_estimators': 15};-0,30683672341127444;-0,29322024692299326;-0,2626192943917451;-0,26693460876242153;-0,290486044200034;-0,2840193835376937;0,016715010802506987;391
0,454986572265625;0,033635776768130204;0,004726982116699219;0,0007559888942827893;13;5;20;{'model__max_depth': 13, 'model__min_samples_split': 5, 'model__n_estimators': 20};-0,3055779568332143;-0,2936444530111315;-0,26178255127297856;-0,2688887194581015;-0,2881394082477866;-0,28360661776464247;0,016105592042890818;374
0,5418617725372314;0,009810358812191522;0,006835317611694336;0,0007593157452513655;13;5;25;{'model__max_depth': 13, 'model__min_samples_split': 5, 'model__n_estimators': 25};-0,3006295192781685;-0,29321215071756795;-0,26314020463802745;-0,26790177081310296;-0,2860521515270057;-0,2821871593947745;0,014446231677177417;339
0,8661881446838379;0,025439404895941053;0,00814661979675293;0,00048136706633281827;13;5;40;{'model__max_depth': 13, 'model__min_samples_split': 5, 'model__n_estimators': 40};-0,29888018779975006;-0,2885701501071918;-0,2614303376014146;-0,2688032180464534;-0,2825252958350844;-0,28004183787797887;0,013464602622735359;241
1,0836380004882813;0,03845953084424013;0,009956932067871094;0,0013485243125164782;13;5;50;{'model__max_depth': 13, 'model__min_samples_split': 5, 'model__n_estimators': 50};-0,2984364159934423;-0,2887694867650009;-0,26003637951419717;-0,26964873709238757;-0,28017413493154997;-0,2794130308593156;0,013570613682529372;204
2,134177589416504;0,010569277828486453;0,016745805740356445;0,00038664587300246255;13;5;100;{'model__max_depth': 13, 'model__min_samples_split': 5, 'model__n_estimators': 100};-0,3002585138724402;-0,2858893556480369;-0,25919279337093787;-0,2693160627608698;-0,28177780835462696;-0,27928690680138235;0,014091106059492164;201
4,317144060134888;0,10212801644438431;0,02989640235900879;0,001529538895627122;13;5;200;{'model__max_depth': 13, 'model__min_samples_split': 5, 'model__n_estimators': 200};-0,298290994836784;-0,2845390757658213;-0,25715988015813357;-0,2682478203565135;-0,28263306000492167;-0,2781741662244348;0,014178950326454139;153
0,10550823211669921;0,005139676691344061;0,00311131477355957;0,0009206634167395837;13;10;5;{'model__max_depth': 13, 'model__min_samples_split': 10, 'model__n_estimators': 5};-0,32330130041604965;-0,28800683377855546;-0,26938828930573633;-0,27442107119785775;-0,2902369474964863;-0,28907088843893713;0,01884799651954618;474
0,204911470413208;0,004785684895086301;0,004118537902832032;0,00038416537686013203;13;10;10;{'model__max_depth': 13, 'model__min_samples_split': 10, 'model__n_estimators': 10};-0,3099981488607124;-0,2918616634002607;-0,2738096702168198;-0,2688226517424963;-0,287569774410677;-0,2864123817261932;0,014529622006102224;444
0,3032533168792725;0,005950175343612479;0,005530261993408203;0,0011910552429698078;13;10;15;{'model__max_depth': 13, 'model__min_samples_split': 10, 'model__n_estimators': 15};-0,30665410147331335;-0,2910970737572728;-0,261614139865537;-0,2630125495741355;-0,2892644275383773;-0,2823284584417272;0,01742940343338731;344
0,4009411811828613;0,003470639824411584;0,005105829238891602;0,0008594617041919491;13;10;20;{'model__max_depth': 13, 'model__min_samples_split': 10, 'model__n_estimators': 20};-0,30589406206056313;-0,29088589926729963;-0,2612977596186808;-0,26493421386036387;-0,2872061392733059;-0,2820436148160427;0,016714087446130736;334
0,4967918395996094;0,009125981126009373;0,006335639953613281;0,0005424550858655655;13;10;25;{'model__max_depth': 13, 'model__min_samples_split': 10, 'model__n_estimators': 25};-0,3010850510425908;-0,29033979832800394;-0,26185222243789347;-0,26374834635232836;-0,2837121294177627;-0,2801475095157159;0,015222483326895875;248
0,7800978660583496;0,011825114724924706;0,008172607421875;0,0007290726100062045;13;10;40;{'model__max_depth': 13, 'model__min_samples_split': 10, 'model__n_estimators': 40};-0,2975418080957763;-0,2857314380899692;-0,2613784230519206;-0,26546820418763833;-0,28138462791761504;-0,2783009002685839;0,013311522275061964;161
0,9849855899810791;0,021314251024440786;0,009427070617675781;0,0004471041180646882;13;10;50;{'model__max_depth': 13, 'model__min_samples_split': 10, 'model__n_estimators': 50};-0,2960681930813329;-0,28618364587825007;-0,26008483701277707;-0,26730911067199264;-0,27908822085896756;-0,27774680150066405;0,012880555250492521;137
1,9844810009002685;0,07712228077017104;0,015984392166137694;0,001341511788301441;13;10;100;{'model__max_depth': 13, 'model__min_samples_split': 10, 'model__n_estimators': 100};-0,2961262063105899;-0,2836595379435256;-0,2583530302325437;-0,26747356449718407;-0,28126868271187117;-0,27737620433914284;0,013161593155275127;114
3,9734339714050293;0,08464743907329454;0,028760814666748048;0,0006581915897807056;13;10;200;{'model__max_depth': 13, 'model__min_samples_split': 10, 'model__n_estimators': 200};-0,294910098888665;-0,282039305872601;-0,2569317782133085;-0,2666768030760946;-0,2818582354221024;-0,2764832442945543;0,013249418367686765;76
0,13197264671325684;0,0057576974786953845;0,003230857849121094;0,0007994804917818662;14;2;5;{'model__max_depth': 14, 'model__min_samples_split': 2, 'model__n_estimators': 5};-0,324445278091717;-0,2993651506559772;-0,2813410224612816;-0,2816661784628529;-0,2909696694142281;-0,2955574598172114;0,015906773171999476;540
0,25046663284301757;0,01167626452610822;0,004203987121582031;0,0002417759727547079;14;2;10;{'model__max_depth': 14, 'model__min_samples_split': 2, 'model__n_estimators': 10};-0,3148465441150772;-0,3027591766380402;-0,2764182034293872;-0,2714622859974254;-0,28828515393154275;-0,29075427282229455;0,016176250746425695;497
0,3686800479888916;0,014657116533524101;0,005213403701782226;0,0010340161891839632;14;2;15;{'model__max_depth': 14, 'model__min_samples_split': 2, 'model__n_estimators': 15};-0,30871496865596787;-0,2967609686641626;-0,26266081020587095;-0,26719907177708085;-0,29017818409184065;-0,2851028006789846;0,01756925336557923;415
0,4823455333709717;0,009799834227104993;0,0059334754943847655;0,000154071863538954;14;2;20;{'model__max_depth': 14, 'model__min_samples_split': 2, 'model__n_estimators': 20};-0,3074684128561165;-0,2967385925553533;-0,26208692110790205;-0,2698433198639018;-0,287536107674799;-0,2847346708116145;0,0167537345852447;411
0,6079170227050781;0,012559471483988251;0,006782722473144531;0,0006495176469994812;14;2;25;{'model__max_depth': 14, 'model__min_samples_split': 2, 'model__n_estimators': 25};-0,3038670660250883;-0,2967010248598154;-0,26292270361352965;-0,26894042240099253;-0,28413987530432744;-0,28331421844075066;0,015650736268458674;366
0,9783295154571533;0,03524324125880282;0,00831294059753418;0,0008319200535283625;14;2;40;{'model__max_depth': 14, 'model__min_samples_split': 2, 'model__n_estimators': 40};-0,3029379086193117;-0,29273889954038695;-0,2629405973728264;-0,2725320148012328;-0,28100745136568234;-0,282431374339888;0,014189279661800133;346
1,222584867477417;0,034895810954355636;0,010291576385498047;0,0010086419423554354;14;2;50;{'model__max_depth': 14, 'model__min_samples_split': 2, 'model__n_estimators': 50};-0,30229714875322294;-0,2903069831265791;-0,2612952960187053;-0,27409236211088006;-0,2793208143772574;-0,281462520877329;0,013985201726673726;296
2,4183757305145264;0,06652288507170087;0,017190265655517577;0,0007237263009061348;14;2;100;{'model__max_depth': 14, 'model__min_samples_split': 2, 'model__n_estimators': 100};-0,3026615508479998;-0,288828579949313;-0,26103196280851015;-0,2718539268986259;-0,28137927752930253;-0,28115105960675024;0,014233147002964184;284
4,813060617446899;0,09616878939147346;0,033070611953735354;0,004394200435391659;14;2;200;{'model__max_depth': 14, 'model__min_samples_split': 2, 'model__n_estimators': 200};-0,29990418470384733;-0,2879095887137523;-0,2582203271542843;-0,2702611168596086;-0,28207779161098123;-0,27967460180849474;0,014364720355772222;217
0,11948747634887695;0,007349909636101665;0,0036620140075683595;0,0003533081990725159;14;5;5;{'model__max_depth': 14, 'model__min_samples_split': 5, 'model__n_estimators': 5};-0,32229850993856973;-0,2918010554824659;-0,2702270629656008;-0,2829693321881762;-0,291827110123791;-0,2918246141397208;0,0171669981159168;512
0,22900991439819335;0,004111766202480443;0,00440831184387207;0,0005860504895781831;14;5;10;{'model__max_depth': 14, 'model__min_samples_split': 5, 'model__n_estimators': 10};-0,31391662656965963;-0,2969775872708715;-0,2722913153529385;-0,27497607475018393;-0,291413909524529;-0,2899151026936365;0,01524447896660771;486
0,336563777923584;0,008123463770414454;0,004766082763671875;0,0012055975591783162;14;5;15;{'model__max_depth': 14, 'model__min_samples_split': 5, 'model__n_estimators': 15};-0,30761855139308525;-0,292973948460212;-0,2585152386594153;-0,27026499746057386;-0,2902222716719376;-0,2839190015290448;0,017407900144571522;386
0,44895710945129397;0,0202664586031238;0,006623125076293946;0,0008183801074760086;14;5;20;{'model__max_depth': 14, 'model__min_samples_split': 5, 'model__n_estimators': 20};-0,30524060655715035;-0,2921584171719686;-0,26049537856723587;-0,27242579440727455;-0,2886752349142249;-0,28379908632357087;0,015657640891552402;381
0,5645897388458252;0,02439467281340934;0,006664180755615234;0,0007637375531500937;14;5;25;{'model__max_depth': 14, 'model__min_samples_split': 5, 'model__n_estimators': 25};-0,3008494037947522;-0,29081036626350026;-0,2611031516649856;-0,26998028650960704;-0,28592663846626426;-0,28173396933982187;0,014346699884826083;310
0,8819514751434326;0,028067740128188204;0,009159278869628907;0,0016745765629353497;14;5;40;{'model__max_depth': 14, 'model__min_samples_split': 5, 'model__n_estimators': 40};-0,2996747827759949;-0,28736860980901396;-0,26027707016210805;-0,27123355302199176;-0,28354922825361994;-0,2804206488045457;0,013556919531524752;256
1,1067823410034179;0,034927467485010515;0,009685134887695313;0,00024366222948445706;14;5;50;{'model__max_depth': 14, 'model__min_samples_split': 5, 'model__n_estimators': 50};-0,2990765337944014;-0,2870909605966222;-0,25848439099479253;-0,2710183710528284;-0,2806610125515849;-0,27926625379804587;0,013824123649261574;199
2,213632822036743;0,06705648047955286;0,01674685478210449;0,0006591534374780997;14;5;100;{'model__max_depth': 14, 'model__min_samples_split': 5, 'model__n_estimators': 100};-0,300362476044681;-0,28499692763021583;-0,25927689291309186;-0,2714771580256921;-0,28178776448182263;-0,27958024381910074;0,013740457377043607;211
4,4131511688232425;0,17936890875594463;0,029584884643554688;0,0008427251708682488;14;5;200;{'model__max_depth': 14, 'model__min_samples_split': 5, 'model__n_estimators': 200};-0,298593818966722;-0,28405100457469185;-0,2569557104087012;-0,26955706741951174;-0,28247908779024294;-0,278327337831974;0,014102423537177389;163
0,10667924880981446;0,0032783904183092375;0,003609466552734375;0,0004593800132082554;14;10;5;{'model__max_depth': 14, 'model__min_samples_split': 10, 'model__n_estimators': 5};-0,3230874387314365;-0,28936363028997725;-0,2686849398242625;-0,2754558064588333;-0,2883778658826769;-0,2889939362374373;0,018754303089667187;473
0,20755233764648437;0,006832406687003687;0,004168081283569336;0,0008906740990837985;14;10;10;{'model__max_depth': 14, 'model__min_samples_split': 10, 'model__n_estimators': 10};-0,31141130705636955;-0,2948677294314161;-0,27370599514981886;-0,2676649518989103;-0,28643858539262484;-0,28681771378582793;0,015546940365720891;453
0,30669002532958983;0,007623569108394777;0,004683446884155273;0,0008747185674655975;14;10;15;{'model__max_depth': 14, 'model__min_samples_split': 10, 'model__n_estimators': 15};-0,3083395030848912;-0,29174099980613694;-0,2614486308622082;-0,2643657677821538;-0,2870563862267444;-0,2825902575524269;0,017582982915966702;352
0,4043628692626953;0,010243762688277584;0,005855131149291992;0,0010014243717017086;14;10;20;{'model__max_depth': 14, 'model__min_samples_split': 10, 'model__n_estimators': 20};-0,307520319328986;-0,29227935050740633;-0,2608443865445569;-0,26579844013019077;-0,28631362537278593;-0,2825512243767852;0,017228409042552947;350
0,5044398307800293;0,016414945478219884;0,0065990924835205075;0,0008462773992204095;14;10;25;{'model__max_depth': 14, 'model__min_samples_split': 10, 'model__n_estimators': 25};-0,3023348996906215;-0,29039002032868705;-0,262051301543981;-0,2650571990268289;-0,28353093081779823;-0,28067287028158333;0,015247603380009885;266
0,8123884677886963;0,013820137779802602;0,008012676239013672;0,00027415232297245005;14;10;40;{'model__max_depth': 14, 'model__min_samples_split': 10, 'model__n_estimators': 40};-0,29931499758829333;-0,2852973188172306;-0,26108108464625074;-0,26524561427270293;-0,28136833574498477;-0,27846147021389245;0,01390528639069805;166
1,021185827255249;0,04429746298032654;0,009790420532226562;0,0005567533792611973;14;10;50;{'model__max_depth': 14, 'model__min_samples_split': 10, 'model__n_estimators': 50};-0,297354556177453;-0,28519780202251055;-0,25975859815280355;-0,26694252136575924;-0,27948391432762715;-0,2777474784092307;0,013291402784068708;138
1,984057903289795;0,027060204618484466;0,015501880645751953;0,0004218137617170054;14;10;100;{'model__max_depth': 14, 'model__min_samples_split': 10, 'model__n_estimators': 100};-0,2975276595128626;-0,2827178932827631;-0,258218740803038;-0,268085033351107;-0,28134109679391633;-0,27757808474873735;0,013442214456955854;123
4,040911912918091;0,13911975734644458;0,030776596069335936;0,001066433651484703;14;10;200;{'model__max_depth': 14, 'model__min_samples_split': 10, 'model__n_estimators': 200};-0,2960039959836045;-0,28178240093934376;-0,25678872048110873;-0,2668889272350992;-0,28213461777318954;-0,27671973248246917;0,01356999914964775;89
0,13832106590270996;0,0020025927108287137;0,004424619674682617;0,00040248382010594765;15;2;5;{'model__max_depth': 15, 'model__min_samples_split': 2, 'model__n_estimators': 5};-0,32516728600385847;-0,2949381542509205;-0,2709466663530142;-0,28550443424442523;-0,2965717546714731;-0,29462565910473837;0,017779580172236405;537
0,2514026165008545;0,0046671440958984825;0,004238557815551758;0,000558116911225256;15;2;10;{'model__max_depth': 15, 'model__min_samples_split': 2, 'model__n_estimators': 10};-0,3137953017675456;-0,30150571142192645;-0,27218712503723896;-0,2739353419260278;-0,2936738168917694;-0,2910194594089016;0,016014181078831766;502
0,38230462074279786;0,0129752088019761;0,004826545715332031;0,0009217399915840617;15;2;15;{'model__max_depth': 15, 'model__min_samples_split': 2, 'model__n_estimators': 15};-0,30976910900766474;-0,29787991089596527;-0,2602592712239777;-0,2686387923667902;-0,29501801751085305;-0,28631302020105015;0,018713279808270988;443
0,48885693550109866;0,010206636405025265;0,005493259429931641;0,0009043203769235086;15;2;20;{'model__max_depth': 15, 'model__min_samples_split': 2, 'model__n_estimators': 20};-0,3077774922618301;-0,2981371668757718;-0,26065164937368707;-0,26838869952797556;-0,29149943604875755;-0,2852908888176044;0,017899700423661905;424
0,6208789348602295;0,020218030228480847;0,006989765167236328;0,0008980360348724312;15;2;25;{'model__max_depth': 15, 'model__min_samples_split': 2, 'model__n_estimators': 25};-0,3026914827829318;-0,296970283947806;-0,25932704583495875;-0,26843829202632996;-0,28828916207668626;-0,2831432533337426;0,01663278722084022;365
0,9763699531555176;0,013649849608515957;0,008864593505859376;0,000692068010877525;15;2;40;{'model__max_depth': 15, 'model__min_samples_split': 2, 'model__n_estimators': 40};-0,3021042617196365;-0,2920800694530916;-0,26123765510759667;-0,2715300545567816;-0,28192990266675816;-0,2817763887007729;0,014465398480901151;314
1,2585354328155518;0,035413992124249824;0,01038203239440918;0,000689839026374161;15;2;50;{'model__max_depth': 15, 'model__min_samples_split': 2, 'model__n_estimators': 50};-0,30167975237251987;-0,290500102999724;-0,2596657368633341;-0,27285836520934614;-0,27990515737444455;-0,2809218229638738;0,014425735599773334;278
2,402192783355713;0,03319942293648788;0,016410684585571288;0,0011914089586951926;15;2;100;{'model__max_depth': 15, 'model__min_samples_split': 2, 'model__n_estimators': 100};-0,30313627499494233;-0,28848089999247356;-0,2597828842248515;-0,27212973021299325;-0,2810419965319294;-0,28091435719143804;0,014661454999520623;277
5,046034574508667;0,07617431946194315;0,032671117782592775;0,0008803386236738698;15;2;200;{'model__max_depth': 15, 'model__min_samples_split': 2, 'model__n_estimators': 200};-0,3010129191193408;-0,28823397702785647;-0,25730210718541746;-0,2709142906262441;-0,28202104127213795;-0,27989686704619937;0,014907159531250387;237
0,1184762954711914;0,0045981464195077645;0,003608560562133789;0,0008631102623347485;15;5;5;{'model__max_depth': 15, 'model__min_samples_split': 5, 'model__n_estimators': 5};-0,32831641547155227;-0,2972613840982291;-0,2702221993575094;-0,2805493421942838;-0,2878779260826219;-0,29284545344083923;0,019826103480595304;527
0,22684054374694823;0,0058737069457751746;0,0045338630676269535;0,0007394726263203317;15;5;10;{'model__max_depth': 15, 'model__min_samples_split': 5, 'model__n_estimators': 10};-0,31458311609755674;-0,30071393478648234;-0,27337703564436344;-0,2741867394229124;-0,28778490611431967;-0,2901291464131269;0,01581343350866501;489
0,3372026443481445;0,003752565252730469;0,005633258819580078;0,0006549842147956773;15;5;15;{'model__max_depth': 15, 'model__min_samples_split': 5, 'model__n_estimators': 15};-0,30750876236529356;-0,2950664162926876;-0,2594763669910731;-0,2686351234141271;-0,2870584372303668;-0,2835490212587096;0,01744105854088651;373
0,446104621887207;0,005175281395580596;0,005765295028686524;0,0005041694365109471;15;5;20;{'model__max_depth': 15, 'model__min_samples_split': 5, 'model__n_estimators': 20};-0,30676414356534243;-0,2949364468218566;-0,25874812076692005;-0,2715387440342038;-0,28687639746224236;-0,28377277053011307;0,016963300991250686;379
0,5509847640991211;0,006124466526884399;0,005852317810058594;0,001146827641726324;15;5;25;{'model__max_depth': 15, 'model__min_samples_split': 5, 'model__n_estimators': 25};-0,3006926637072341;-0,2920766173401072;-0,25926027990957495;-0,26878089428121493;-0,2853321545140169;-0,2812285219504296;0,015171821783071606;287
0,8817147731781005;0,02737976284532759;0,008559751510620116;0,0005229651049900496;15;5;40;{'model__max_depth': 15, 'model__min_samples_split': 5, 'model__n_estimators': 40};-0,29971730373226385;-0,2879579719433091;-0,2587846436621423;-0,271185026383674;-0,28290160417266225;-0,2801093099788103;0,01405884811595257;245
1,0910810947418212;0,009340794580182476;0,009187269210815429;0,0006993792950563326;15;5;50;{'model__max_depth': 15, 'model__min_samples_split': 5, 'model__n_estimators': 50};-0,2990517291701205;-0,2883268916710352;-0,25755101711652206;-0,27280110013209885;-0,2802835767192458;-0,2796028629618045;0,014052603514677938;213
2,2168266773223877;0,0723432816732132;0,01598649024963379;0,0007127752430393865;15;5;100;{'model__max_depth': 15, 'model__min_samples_split': 5, 'model__n_estimators': 100};-0,3000318337345406;-0,2852128146730964;-0,2583761691830227;-0,2724111430302385;-0,28191079327664564;-0,2795885507795087;0,013830641977391676;212
4,447939538955689;0,1324662877091198;0,030457162857055665;0,001044996281368904;15;5;200;{'model__max_depth': 15, 'model__min_samples_split': 5, 'model__n_estimators': 200};-0,2982126441783605;-0,28519157330614653;-0,2568482432029149;-0,27055215354793793;-0,2826849003215447;-0,27869790291138086;0,01401891502456207;176
0,10888180732727051;0,004533483995276133;0,003931856155395508;0,00010539650263790664;15;10;5;{'model__max_depth': 15, 'model__min_samples_split': 10, 'model__n_estimators': 5};-0,3209324542262388;-0,28807220381697407;-0,2711694504857638;-0,27331243063030686;-0,2871431696942251;-0,2881259417707017;0,01779999268101007;464
0,20704078674316406;0,006951090831981714;0,004124164581298828;0,000496915020250368;15;10;10;{'model__max_depth': 15, 'model__min_samples_split': 10, 'model__n_estimators': 10};-0,30765928271617726;-0,2953839981219859;-0,27387628141899306;-0,2679619229360804;-0,28574684896003677;-0,28612566683065466;0,014349396151862879;438
0,31756091117858887;0,02245094723387628;0,006820821762084961;0,0026300221730478023;15;10;15;{'model__max_depth': 15, 'model__min_samples_split': 10, 'model__n_estimators': 15};-0,3068685508938944;-0,2917511776558157;-0,26013773654790795;-0,2637899481398356;-0,2869548619081091;-0,28190045502911254;0,017593157486695443;320
0,42249526977539065;0,02981135223865954;0,005509853363037109;0,0006331344417832831;15;10;20;{'model__max_depth': 15, 'model__min_samples_split': 10, 'model__n_estimators': 20};-0,3068995605316921;-0,2915237898285338;-0,25997469998747463;-0,26549421909323234;-0,28525930849711795;-0,2818303155876102;0,017197235005859474;318
0,505410099029541;0,010412666377584487;0,0064046382904052734;0,0012265655072428389;15;10;25;{'model__max_depth': 15, 'model__min_samples_split': 10, 'model__n_estimators': 25};-0,30188617836111914;-0,2896872009771335;-0,26096598970810314;-0,26473448340048994;-0,28170061172412103;-0,27979489283419334;0,015302666083770768;230
0,7978424072265625;0,012605252788519294;0,008595991134643554;0,0007110181432380539;15;10;40;{'model__max_depth': 15, 'model__min_samples_split': 10, 'model__n_estimators': 40};-0,29917750736471677;-0,2846837194950355;-0,260292626649695;-0,2658346193221106;-0,28087290366415857;-0,2781722752991433;0,013876683062216765;152
1,0090476512908935;0,02924369713714428;0,009308862686157226;0,0010948836410000385;15;10;50;{'model__max_depth': 15, 'model__min_samples_split': 10, 'model__n_estimators': 50};-0,29715504539979604;-0,28524067913629697;-0,2591434096463366;-0,26852746692594665;-0,2787345834439149;-0,27776023691045826;0,013152150108392931;141
2,008919668197632;0,07497529397276313;0,017058801651000977;0,0011507854194555817;15;10;100;{'model__max_depth': 15, 'model__min_samples_split': 10, 'model__n_estimators': 100};-0,29760290630525743;-0,2827723675104282;-0,2578555925665508;-0,2684522757777888;-0,2809276999682588;-0,2775221684256568;0,013501373470669134;122
4,034413385391235;0,09990414599152303;0,02985405921936035;0,0014947877591000211;15;10;200;{'model__max_depth': 15, 'model__min_samples_split': 10, 'model__n_estimators': 200};-0,29572627353609854;-0,2819923177006212;-0,25673990147306985;-0,2677167624169383;-0,28170084386232624;-0,27677521979781083;0,013372299362777486;93
0,13187246322631835;0,006317280079072668;0,0043122291564941405;0,0006903794607612802;16;2;5;{'model__max_depth': 16, 'model__min_samples_split': 2, 'model__n_estimators': 5};-0,3252260217891992;-0,295881128348683;-0,2737761518950223;-0,28330300481777365;-0,28991852395989487;-0,29362096616211464;0,017423965864063133;533
0,2613112449645996;0,012045184917511907;0,004712438583374024;0,001289245688576071;16;2;10;{'model__max_depth': 16, 'model__min_samples_split': 2, 'model__n_estimators': 10};-0,31346227040395275;-0,30047428680847305;-0,2739615525174131;-0,27387354811922354;-0,2867753088732243;-0,28970939334445733;0,015410771793073333;481
0,3798712730407715;0,013723437491533087;0,005359077453613281;0,0010519860261495276;16;2;15;{'model__max_depth': 16, 'model__min_samples_split': 2, 'model__n_estimators': 15};-0,308619457498272;-0,2961329361028004;-0,26243518555110923;-0,26890902913684417;-0,2882175515515798;-0,2848628319681211;0,017089001116833837;414
0,5016003608703613;0,01227068292644441;0,006617164611816407;0,0011709140243588473;16;2;20;{'model__max_depth': 16, 'model__min_samples_split': 2, 'model__n_estimators': 20};-0,3058868596415321;-0,29575964628843343;-0,26336934376264076;-0,27200175403647364;-0,28944167410571175;-0,28529185556695835;0,015544601325385782;425
0,6259179592132569;0,013527514046098175;0,006026840209960938;0,00033959238339189966;16;2;25;{'model__max_depth': 16, 'model__min_samples_split': 2, 'model__n_estimators': 25};-0,3020957193662215;-0,2949999875377389;-0,26287921233244826;-0,2708834125846975;-0,2862871350373815;-0,2834290933716975;0,01463002827830863;371
0,9980319023132325;0,026783358953290183;0,009041786193847656;0,00011694600213918216;16;2;40;{'model__max_depth': 16, 'model__min_samples_split': 2, 'model__n_estimators': 40};-0,3024232561240146;-0,29184211006751637;-0,2631617870676724;-0,27339111586634524;-0,2831976789811426;-0,2828031896213382;0,013719887323891244;356
1,2381183624267578;0,025893045632700718;0,009908771514892578;0,0012039536999335376;16;2;50;{'model__max_depth': 16, 'model__min_samples_split': 2, 'model__n_estimators': 50};-0,30178396864467677;-0,2900529453118043;-0,25997437395086104;-0,27453476795921833;-0,280990794256845;-0,2814673700246811;0,014118875724268292;297
2,4609522342681887;0,05572494167314896;0,017731666564941406;0,000991544054330555;16;2;100;{'model__max_depth': 16, 'model__min_samples_split': 2, 'model__n_estimators': 100};-0,30353399951401233;-0,28867867712424444;-0,2607430514734313;-0,27224190048963676;-0,28214302350879;-0,28146813042202296;0,014518968692017428;298
4,996513986587525;0,15674431979179657;0,032508563995361325;0,0007875106407776545;16;2;200;{'model__max_depth': 16, 'model__min_samples_split': 2, 'model__n_estimators': 200};-0,30146778406588964;-0,2887722484427972;-0,2583500308125236;-0,27164136499907027;-0,2827433145996384;-0,28059494858398387;0,014711641623176763;263
0,12099642753601074;0,008650816791021016;0,003282785415649414;0,0008616717529075102;16;5;5;{'model__max_depth': 16, 'model__min_samples_split': 5, 'model__n_estimators': 5};-0,3212713398398213;-0,2970201623336302;-0,27674521047948974;-0,27961827129932837;-0,290855885772992;-0,29310217394505234;0,015895057314430142;532
0,24056687355041503;0,020970964032060974;0,004143810272216797;0,0008153169525341744;16;5;10;{'model__max_depth': 16, 'model__min_samples_split': 5, 'model__n_estimators': 10};-0,3143351013119626;-0,30164411167189614;-0,2767592481481246;-0,2715594582611879;-0,2885797525500775;-0,29057553438864975;0,015770316961756375;494
0,34051008224487306;0,013577175370481321;0,005166292190551758;0,000863859152587056;16;5;15;{'model__max_depth': 16, 'model__min_samples_split': 5, 'model__n_estimators': 15};-0,3075647914225214;-0,29651807262290425;-0,262736639535041;-0,26753910786126855;-0,28801341695445976;-0,284474405679239;0,017029828050528575;406
0,4479222297668457;0,008100873352840291;0,0064867973327636715;0,0011755856746294003;16;5;20;{'model__max_depth': 16, 'model__min_samples_split': 5, 'model__n_estimators': 20};-0,3063223919310767;-0,2957211497802697;-0,26209826462319036;-0,27101231064927117;-0,2886028299011491;-0,2847513893769914;0,01613941593740355;412
0,5693405628204345;0,01586505354234487;0,007334852218627929;0,001110808413727046;16;5;25;{'model__max_depth': 16, 'model__min_samples_split': 5, 'model__n_estimators': 25};-0,30075916167931643;-0,29197462098056204;-0,2616667310634477;-0,2687160373501528;-0,28428324131879923;-0,28147995847845564;0,014457978246937035;299
0,904835557937622;0,0418009155829632;0,008924770355224609;0,0012160542317201204;16;5;40;{'model__max_depth': 16, 'model__min_samples_split': 5, 'model__n_estimators': 40};-0,3001015249236891;-0,2865824450747203;-0,26109121445163574;-0,27049946708103106;-0,2811248873233071;-0,2798799077708766;0,013389514142421314;235
1,1266133308410644;0,039139199504136045;0,009729957580566407;0,0005322114206883937;16;5;50;{'model__max_depth': 16, 'model__min_samples_split': 5, 'model__n_estimators': 50};-0,2985414179945153;-0,28729014816613413;-0,25878215643601565;-0,2718173926394548;-0,27865829463563535;-0,27901788197435107;0,01349859092244317;190
2,233110046386719;0,04688376308556246;0,01698451042175293;0,001122482402275765;16;5;100;{'model__max_depth': 16, 'model__min_samples_split': 5, 'model__n_estimators': 100};-0,3009802518000011;-0,2850291914605225;-0,2589459055776673;-0,27084846921405586;-0,2808114016596028;-0,2793230439423699;0,01407733046526949;202
4,406330633163452;0,07924673626391233;0,0299041748046875;0,0014268914784081985;16;5;200;{'model__max_depth': 16, 'model__min_samples_split': 5, 'model__n_estimators': 200};-0,29933396426981573;-0,28449253370602;-0,2570658610261984;-0,26947696519534;-0,2822310697636311;-0,278520078792201;0,014315871359017537;168
0,10570745468139649;0,004579353289818882;0,0033714771270751953;0,001182597230766913;16;10;5;{'model__max_depth': 16, 'model__min_samples_split': 10, 'model__n_estimators': 5};-0,32065497841769863;-0,28776609714777746;-0,2710808641240297;-0,27144203633225267;-0,2859382453257742;-0,28737644426950654;0,01805066408311984;459
0,20772299766540528;0,007534095929229776;0,004925775527954102;0,000930906597241144;16;10;10;{'model__max_depth': 16, 'model__min_samples_split': 10, 'model__n_estimators': 10};-0,3087178999874537;-0,293763295263191;-0,2716785409486682;-0,2678360792903213;-0,28646929180423963;-0,2856930214587748;0,01490740080472489;430
0,3142751693725586;0,01309876465953563;0,005336093902587891;0,001088423335361365;16;10;15;{'model__max_depth': 16, 'model__min_samples_split': 10, 'model__n_estimators': 15};-0,3073639716351364;-0,2904048513936045;-0,2591084655678476;-0,2631949298135241;-0,28775392493297813;-0,28156522866861816;0,018021032817320277;303
0,43227643966674806;0,02166604459008878;0,005720901489257813;0,0008165559958911292;16;10;20;{'model__max_depth': 16, 'model__min_samples_split': 10, 'model__n_estimators': 20};-0,30692421720891894;-0,2901619142979528;-0,2594214062077892;-0,2653283591470154;-0,2859699749237108;-0,28156117435707745;0,017264807071146335;302
0,5037461280822754;0,008859302392883765;0,006703233718872071;0,0008273898673887259;16;10;25;{'model__max_depth': 16, 'model__min_samples_split': 10, 'model__n_estimators': 25};-0,3014675518678261;-0,288361059569674;-0,2606341960956524;-0,26443631790939126;-0,2825276849399139;-0,27948536207649155;0,01518611597215379;207
0,8088292121887207;0,0143472805082529;0,009618806838989257;0,002601308185624011;16;10;40;{'model__max_depth': 16, 'model__min_samples_split': 10, 'model__n_estimators': 40};-0,29857033306621833;-0,28357422089954626;-0,2604682912605016;-0,2652623676071922;-0,2807175955003187;-0,2777185616667554;0,013644104360633283;134
1,0255774974822998;0,02543554671062911;0,009731721878051759;0,0010509418207771736;16;10;50;{'model__max_depth': 16, 'model__min_samples_split': 10, 'model__n_estimators': 50};-0,2966874615809406;-0,2837802568966336;-0,2592302710762399;-0,2675019184222311;-0,2787108704885779;-0,27718215569292465;0,012979260542215737;109
2,017166090011597;0,040258955250994384;0,01619114875793457;0,0006333567112021856;16;10;100;{'model__max_depth': 16, 'model__min_samples_split': 10, 'model__n_estimators': 100};-0,29768227908513784;-0,2820646768982096;-0,25811074754435004;-0,2679766949303344;-0,2811138440662262;-0,2773896485048516;0,013474391237951184;115
4,022905874252319;0,0627951959997227;0,029909896850585937;0,0012123868773892728;16;10;200;{'model__max_depth': 16, 'model__min_samples_split': 10, 'model__n_estimators': 200};-0,2958682425622608;-0,28169086943950505;-0,2563974556359804;-0,2679009835330159;-0,28192489965599193;-0,2767564901653508;0,01348502814122664;92
0,1286003589630127;0,007783218823472002;0,003612995147705078;0,0008024404781726107;17;2;5;{'model__max_depth': 17, 'model__min_samples_split': 2, 'model__n_estimators': 5};-0,32931988205937507;-0,29487451761241185;-0,27496477896639243;-0,2840773053954825;-0,291563769288494;-0,2949600506644312;0,01849532422772692;538
0,2511900901794434;0,006547706194947407;0,0036115169525146483;0,0003742129612091331;17;2;10;{'model__max_depth': 17, 'model__min_samples_split': 2, 'model__n_estimators': 10};-0,31582199279332873;-0,30453891304053027;-0,27226900587758085;-0,2741181333817882;-0,2883783776518001;-0,29102528454900567;0,016983231500952864;503
0,3728910446166992;0,0049731049223683665;0,005714845657348633;0,0005006263886903512;17;2;15;{'model__max_depth': 17, 'model__min_samples_split': 2, 'model__n_estimators': 15};-0,31087257942952023;-0,2998645908510064;-0,2606065594650458;-0,2699840766225237;-0,2892984365762801;-0,2861252485888752;0,018563458506332904;437
0,4947298526763916;0,0032979402871831363;0,005828666687011719;0,0011336012581036373;17;2;20;{'model__max_depth': 17, 'model__min_samples_split': 2, 'model__n_estimators': 20};-0,3082879541601216;-0,29891359989369976;-0,26181850228181985;-0,27299449430550116;-0,28884018887205865;-0,2861709479026402;0,016883853411020354;440
0,6332723140716553;0,010637667727702547;0,006441879272460938;0,00045993605863461977;17;2;25;{'model__max_depth': 17, 'model__min_samples_split': 2, 'model__n_estimators': 25};-0,30325185086679196;-0,29782753857026234;-0,2619042813467004;-0,2724139674335828;-0,28604470246519426;-0,2842884681365063;0,015414644056788442;404
0,9888815879821777;0,029240131338515808;0,008758640289306641;0,0008130343088732727;17;2;40;{'model__max_depth': 17, 'model__min_samples_split': 2, 'model__n_estimators': 40};-0,30207588044691946;-0,29368632248292864;-0,2610609788014464;-0,274803139136471;-0,28235544736772483;-0,28279635364709804;0,01433041500523603;355
1,234530258178711;0,01988466721228275;0,010448265075683593;0,0009459386658217303;17;2;50;{'model__max_depth': 17, 'model__min_samples_split': 2, 'model__n_estimators': 50};-0,3014706371296707;-0,29284240889131685;-0,2598009813730704;-0,27607234445260975;-0,28029531120637546;-0,2820963366106087;0,014334968637980925;336
2,5025275707244874;0,04027880269581737;0,019090843200683594;0,0015067639480992017;17;2;100;{'model__max_depth': 17, 'model__min_samples_split': 2, 'model__n_estimators': 100};-0,3029768993698176;-0,2893975286710699;-0,26066411538380885;-0,2741696090867524;-0,28163349153140255;-0,2817683288085703;0,01422079254172079;313
4,961632966995239;0,0761657317582737;0,03129000663757324;0,0012506198457987708;17;2;200;{'model__max_depth': 17, 'model__min_samples_split': 2, 'model__n_estimators': 200};-0,3010662714018785;-0,28919167217586966;-0,25813207828023715;-0,2715905994713056;-0,2826107140512326;-0,2805182670761047;0,01471510427966024;261
0,11843838691711425;0,007033139902363655;0,003420114517211914;0,0008070722530893039;17;5;5;{'model__max_depth': 17, 'model__min_samples_split': 5, 'model__n_estimators': 5};-0,3173996848842139;-0,29690647091996647;-0,2746809876554179;-0,278424200341172;-0,28801149914015395;-0,29108456858818477;0,015265556261299917;505
0,22708349227905272;0,007057168858084245;0,003956842422485352;0,00010480891584368187;17;5;10;{'model__max_depth': 17, 'model__min_samples_split': 5, 'model__n_estimators': 10};-0,3113976947825267;-0,30057377634945537;-0,27746354470443335;-0,27263882869064643;-0,28953170660913796;-0,29032111022724;0,014338359799605183;490
0,33947038650512695;0,008207983449962819;0,00561981201171875;0,0010314112220291532;17;5;15;{'model__max_depth': 17, 'model__min_samples_split': 5, 'model__n_estimators': 15};-0,3055198512652625;-0,29551986243294476;-0,2621507632403629;-0,2673998376496631;-0,28848764314919073;-0,2838155915474848;0,016545299481344512;382
0,48476972579956057;0,03182883312550451;0,005723476409912109;0,0013486470999862308;17;5;20;{'model__max_depth': 17, 'model__min_samples_split': 5, 'model__n_estimators': 20};-0,3040460215610622;-0,29461229818446144;-0,2621006861354521;-0,2711765110344224;-0,28823622620434247;-0,28403434862394816;0,01533900507520149;392
0,5615984916687011;0,013405779354449922;0,006605195999145508;0,0005662480384289906;17;5;25;{'model__max_depth': 17, 'model__min_samples_split': 5, 'model__n_estimators': 25};-0,2998635468208463;-0,29251820713481846;-0,26170253921665954;-0,2685763754114154;-0,2834890720564098;-0,2812299481280299;0,014291060379548953;288
0,8930977344512939;0,01780517808072398;0,0075989246368408205;0,0004928462874644517;17;5;40;{'model__max_depth': 17, 'model__min_samples_split': 5, 'model__n_estimators': 40};-0,3004725341840823;-0,28716022512357225;-0,26193478034058076;-0,2709037863172203;-0,2812251022146611;-0,2803392856360234;0,013269604712777388;252
1,1133888721466065;0,018117570309631528;0,00942821502685547;0,0008900251255292155;17;5;50;{'model__max_depth': 17, 'model__min_samples_split': 5, 'model__n_estimators': 50};-0,29932348009358445;-0,2866615917758964;-0,25962237645398517;-0,27240483657010306;-0,27910524914722296;-0,2794235068081584;0,013340514187340257;205
2,2161001205444335;0,0281869725702762;0,016306972503662108;0,0005310914699215118;17;5;100;{'model__max_depth': 17, 'model__min_samples_split': 5, 'model__n_estimators': 100};-0,30102316840604254;-0,2852879332634577;-0,2597385612358487;-0,2722029606807332;-0,2811226959576808;-0,2798750639087526;0,013729078425343523;233
4,439242362976074;0,0690483982570178;0,029567241668701172;0,002459443335197608;17;5;200;{'model__max_depth': 17, 'model__min_samples_split': 5, 'model__n_estimators': 200};-0,2995575658172004;-0,2844417120535136;-0,25719495218724775;-0,2708201474856303;-0,2819607442913174;-0,2787950243669819;0,014164404480125844;183
0,1064643383026123;0,005920126369507267;0,0034149169921875;0,0009761917213176495;17;10;5;{'model__max_depth': 17, 'model__min_samples_split': 10, 'model__n_estimators': 5};-0,3201366412631576;-0,28785127207204747;-0,2710808641240297;-0,2729349375298243;-0,2871197765055302;-0,2878246982989178;0,01758761062601446;461
0,20757389068603516;0,007395740383904672;0,004221391677856445;0,0006885711239534012;17;10;10;{'model__max_depth': 17, 'model__min_samples_split': 10, 'model__n_estimators': 10};-0,3095275197781695;-0,2950791769573763;-0,2722190624287012;-0,267132151332177;-0,2855272697102924;-0,28589703604134326;0,015375669487045503;434
0,3052196025848389;0,005198813985968714;0,004807186126708984;0,0003999345957945116;17;10;15;{'model__max_depth': 17, 'model__min_samples_split': 10, 'model__n_estimators': 15};-0,30720371038780403;-0,29179170217383193;-0,2599792229416997;-0,26328411346810526;-0,2868502171246073;-0,28182179321920964;0,01783069991655788;316
0,4132715702056885;0,010104578590652922;0,005962800979614258;0,0012753311183261453;17;10;20;{'model__max_depth': 17, 'model__min_samples_split': 10, 'model__n_estimators': 20};-0,30628411097837704;-0,290903580045153;-0,26000237444842034;-0,2658226719450991;-0,28660300905969904;-0,2819231492953497;0,016945509250439292;322
0,5211033344268798;0,016235130024836845;0,005957603454589844;0,0009918238451814725;17;10;25;{'model__max_depth': 17, 'model__min_samples_split': 10, 'model__n_estimators': 25};-0,30065186565474034;-0,28875843662463146;-0,2613096740193555;-0,2648758397602989;-0,2829625714729373;-0,2797116775063927;0,014762380944676249;221
0,8065142631530762;0,008997750533440388;0,008116436004638673;0,001155757146637246;17;10;40;{'model__max_depth': 17, 'model__min_samples_split': 10, 'model__n_estimators': 40};-0,2986641398564954;-0,2838731608712106;-0,2611883094265036;-0,2662260691529184;-0,28035038054590716;-0,27806041197060705;0,013328654266942214;150
1,0106775283813476;0,0263260935800294;0,009775495529174805;0,0005362544813527477;17;10;50;{'model__max_depth': 17, 'model__min_samples_split': 10, 'model__n_estimators': 50};-0,296482110004329;-0,2841387384181931;-0,2598572560086632;-0,26832648976599127;-0,27876925914500567;-0,27751477066843644;0,012660355298907714;121
2,011256790161133;0,06702539579342584;0,015905237197875975;0,0011487891363883699;17;10;100;{'model__max_depth': 17, 'model__min_samples_split': 10, 'model__n_estimators': 100};-0,29741187215305936;-0,282298952011716;-0,2586353596251276;-0,2684501873895292;-0,2813296724436707;-0,2776252087246206;0,013205107820162928;125
4,058172702789307;0,07954637131822503;0,030117082595825195;0,002011491432601694;17;10;200;{'model__max_depth': 17, 'model__min_samples_split': 10, 'model__n_estimators': 200};-0,29576616911699205;-0,2816701203587665;-0,2568507917095262;-0,2680625242940452;-0,2818744263448231;-0,27684480636483066;0,013292763453018058;100
0,13026537895202636;0,0045395117787219155;0,0033417224884033205;0,0007192731787762151;18;2;5;{'model__max_depth': 18, 'model__min_samples_split': 2, 'model__n_estimators': 5};-0,3272775942783469;-0,2996434373709636;-0,2715060147898044;-0,28395613008734466;-0,2932530195798445;-0,29512723922126083;0,01865641979701062;539
0,269382905960083;0,029927933728953266;0,005421876907348633;0,0012023961180910776;18;2;10;{'model__max_depth': 18, 'model__min_samples_split': 2, 'model__n_estimators': 10};-0,31257484716700784;-0,30290319987187986;-0,2722189950618381;-0,2757928174112318;-0,28845779694527157;-0,29038953129144585;0,015464437800294679;492
0,3935361862182617;0,023402355702212965;0,005766916275024414;0,0007779221477381554;18;2;15;{'model__max_depth': 18, 'model__min_samples_split': 2, 'model__n_estimators': 15};-0,3087038679188546;-0,29785249631896227;-0,26086647767916726;-0,27009027330448676;-0,2886713163369487;-0,2852368863116839;0,01757830966680873;422
0,4993537425994873;0,00850466064407613;0,005248069763183594;0,000845478067917126;18;2;20;{'model__max_depth': 18, 'model__min_samples_split': 2, 'model__n_estimators': 20};-0,3074479213092441;-0,29532439548373407;-0,26228078231262375;-0,27132659004770715;-0,2878358520893565;-0,2848431082485331;0,01625759076385385;413
0,6250788688659668;0,008055046558667355;0,006596565246582031;0,0009459140950542958;18;2;25;{'model__max_depth': 18, 'model__min_samples_split': 2, 'model__n_estimators': 25};-0,30249754468678464;-0,2940389324754132;-0,2622441758660305;-0,27110643398517864;-0,28461421002779086;-0,28290025940823954;0,014675349127872066;358
0,9979381084442138;0,015182769956059996;0,00814352035522461;0,0011351266003345765;18;2;40;{'model__max_depth': 18, 'model__min_samples_split': 2, 'model__n_estimators': 40};-0,30226179678422527;-0,29044736382169295;-0,26082735251242456;-0,2739215408118284;-0,28052303831985775;-0,2815962184500058;0,014119540269098048;304
1,2382522106170655;0,03598897502616997;0,010861921310424804;0,0013891008941939605;18;2;50;{'model__max_depth': 18, 'model__min_samples_split': 2, 'model__n_estimators': 50};-0,3008667120148285;-0,2898110966992374;-0,25892260342419593;-0,27596161111587125;-0,2785684335817349;-0,28082609136717357;0,014077498127295614;272
2,483678913116455;0,03538512363085213;0,0179901123046875;0,0006022126157970711;18;2;100;{'model__max_depth': 18, 'model__min_samples_split': 2, 'model__n_estimators': 100};-0,30246194133937426;-0,2875157926765858;-0,25972153524899116;-0,2739823019201628;-0,281114485124742;-0,2809592112619712;0,014178126935506706;280
4,939401721954345;0,09240522484054858;0,0324134349822998;0,0014667471720068747;18;2;200;{'model__max_depth': 18, 'model__min_samples_split': 2, 'model__n_estimators': 200};-0,300611883026929;-0,28817782567124955;-0,2575417193663984;-0,2724490502795087;-0,28288101832887497;-0,28033229933459214;0,014566165711652498;251
0,11906585693359376;0,0038127155866815193;0,003956651687622071;0,00024157158708544078;18;5;5;{'model__max_depth': 18, 'model__min_samples_split': 5, 'model__n_estimators': 5};-0,31850851294180904;-0,2980620251983691;-0,27444357555850163;-0,2799705082249527;-0,2938899183966696;-0,2929749080640604;0,015435061919583687;528
0,23017396926879882;0,00567312614738919;0,004326629638671875;0,0005945962697671831;18;5;10;{'model__max_depth': 18, 'model__min_samples_split': 5, 'model__n_estimators': 10};-0,31219390111548684;-0,3003507049923344;-0,27466359699073445;-0,2741611619993309;-0,2915858995276979;-0,2905910529251169;0,014741429690141321;495
0,34345149993896484;0,002714110589014168;0,005891323089599609;0,0006835664650301895;18;5;15;{'model__max_depth': 18, 'model__min_samples_split': 5, 'model__n_estimators': 15};-0,30635441216128567;-0,2949410952700071;-0,26155409203390967;-0,26935948229801787;-0,2888695663910129;-0,2842157296308466;0,016498914099155826;401
0,456984281539917;0,011153969488850474;0,005515336990356445;0,0009006900326067897;18;5;20;{'model__max_depth': 18, 'model__min_samples_split': 5, 'model__n_estimators': 20};-0,3047768608571349;-0,2925869790594235;-0,26144732269862514;-0,2717353326214804;-0,28906074641102636;-0,2839214483295381;0,015427506462299394;387
0,5623747348785401;0,005045894736535564;0,0068247318267822266;0,0006174709244867355;18;5;25;{'model__max_depth': 18, 'model__min_samples_split': 5, 'model__n_estimators': 25};-0,2998859416756445;-0,29014123112211776;-0,2611356894982797;-0,268395745217063;-0,28507469614594555;-0,28092666073181005;0,014214606749300208;279
0,9046165466308593;0,026202652692777575;0,009073925018310548;0,002080860448569574;18;5;40;{'model__max_depth': 18, 'model__min_samples_split': 5, 'model__n_estimators': 40};-0,2996450629166377;-0,2862800194714696;-0,2609149791912774;-0,2703224935703572;-0,2822033339721537;-0,2798731778243791;0,01332691676868694;232
1,1190109729766846;0,009608543942724822;0,010458230972290039;0,0005551713279735913;18;5;50;{'model__max_depth': 18, 'model__min_samples_split': 5, 'model__n_estimators': 50};-0,29849015799502354;-0,2856381234767134;-0,2595447482140405;-0,2714242847600522;-0,28022049248607755;-0,2790635613863815;0,013124775251975248;193
2,2728044986724854;0,03816702378831699;0,018582677841186522;0,002540211090183842;18;5;100;{'model__max_depth': 18, 'model__min_samples_split': 5, 'model__n_estimators': 100};-0,30083151098931765;-0,28454643930159035;-0,25951523207949806;-0,27151469062893857;-0,28162733139697915;-0,2796070408792647;0,013770434092092412;215
4,79165244102478;0,28700002062915914;0,03619751930236816;0,0041309463750903224;18;5;200;{'model__max_depth': 18, 'model__min_samples_split': 5, 'model__n_estimators': 200};-0,2988223403947081;-0,28425130861570796;-0,2572686111200157;-0,27024716389558295;-0,2826106951475214;-0,2786400238347072;0,014012537448124219;173
0,10823988914489746;0,005674168314947819;0,0039459228515625;0,0002325001262946172;18;10;5;{'model__max_depth': 18, 'model__min_samples_split': 10, 'model__n_estimators': 5};-0,32066423592140675;-0,28785127207204747;-0,2710808641240297;-0,274069002203761;-0,2871197765055302;-0,28815703016535504;0,017595202685677092;465
0,2083110809326172;0,010405663048703308;0,004570674896240234;0,0007614798800059239;18;10;10;{'model__max_depth': 18, 'model__min_samples_split': 10, 'model__n_estimators': 10};-0,30921029154963026;-0,29428615620935195;-0,272235462729129;-0,26743449797658264;-0,2855272697102924;-0,28573873563499724;0,015108941384438789;431
0,31047921180725097;0,010092052882304473;0,004835748672485351;0,0008064250029112365;18;10;15;{'model__max_depth': 18, 'model__min_samples_split': 10, 'model__n_estimators': 15};-0,30707978111017387;-0,2913895480402909;-0,25999015647531826;-0,2633883324972416;-0,28685129143069593;-0,28173982191074415;0,01772671981785842;311
0,4213560104370117;0,014123744417328133;0,006163835525512695;0,0012653462096384352;18;10;20;{'model__max_depth': 18, 'model__min_samples_split': 10, 'model__n_estimators': 20};-0,30634594487142053;-0,29053367627610094;-0,2599196928716567;-0,2660220846851003;-0,2868587040591873;-0,2819360205526932;0,016923173115264072;323
0,5613121509552002;0,04761175439355254;0,0072364330291748045;0,002080780697014254;18;10;25;{'model__max_depth': 18, 'model__min_samples_split': 10, 'model__n_estimators': 25};-0,30104020452143654;-0,2885493621351595;-0,2610469376546192;-0,2648015943703693;-0,2832687721538148;-0,27974137416707984;0,014942170792484907;223
0,8586161613464356;0,07957092431482612;0,009366083145141601;0,0007789742554390388;18;10;40;{'model__max_depth': 18, 'model__min_samples_split': 10, 'model__n_estimators': 40};-0,2989749481379432;-0,2833093683370101;-0,2610987510625431;-0,26571146529317763;-0,28084913071417156;-0,2779887327089691;0,013512328100525956;149
1,0692370414733887;0,0799069455832657;0,010463380813598632;0,0011000382995570174;18;10;50;{'model__max_depth': 18, 'model__min_samples_split': 10, 'model__n_estimators': 50};-0,29711806722485895;-0,2839967343720713;-0,25978776786978486;-0,2682111490053108;-0,27892240807324525;-0,27760722530905424;0,012876706080118675;124
2,2142052173614504;0,22563954112690368;0,01817479133605957;0,002440111054206994;18;10;100;{'model__max_depth': 18, 'model__min_samples_split': 10, 'model__n_estimators': 100};-0,29770199490251925;-0,28210698081295055;-0,2588762584347344;-0,26851447053313693;-0,28095405992130923;-0,27763075292093004;0,013181603910376847;126
4,266102123260498;0,35691675537646084;0,03123764991760254;0,0032623544843163976;18;10;200;{'model__max_depth': 18, 'model__min_samples_split': 10, 'model__n_estimators': 200};-0,29584497411375743;-0,2820253140487074;-0,2568852410036054;-0,26807170091957305;-0,2817795360284137;-0,27692135322281136;0,01332304711886893;104
0,16161837577819824;0,008039656645802916;0,005237770080566406;0,0011182799470226242;19;2;5;{'model__max_depth': 19, 'model__min_samples_split': 2, 'model__n_estimators': 5};-0,3218836521290097;-0,29537292552631306;-0,2727543072184569;-0,28530123413145503;-0,2944711699457489;-0,2939566577901967;0,016165664714684204;534
0,27888174057006837;0,021894438420757292;0,004931831359863281;0,0010061106364203402;19;2;10;{'model__max_depth': 19, 'model__min_samples_split': 2, 'model__n_estimators': 10};-0,3120955701643912;-0,3007504129692474;-0,2709133591161189;-0,27402431350144135;-0,2895418776127035;-0,28946510667278047;0,01563385647237169;480
0,41707763671875;0,04151089394359026;0,006072902679443359;0,0010515055507350065;19;2;15;{'model__max_depth': 19, 'model__min_samples_split': 2, 'model__n_estimators': 15};-0,30863247350629347;-0,2971445527646983;-0,25991369553815574;-0,26952219661775384;-0,29055303014135225;-0,2851531897136508;0,01791975358804326;417
0,5704317092895508;0,058305386955342715;0,006855154037475586;0,0010490261055040191;19;2;20;{'model__max_depth': 19, 'model__min_samples_split': 2, 'model__n_estimators': 20};-0,30729525998526597;-0,29645860496625986;-0,261114995583755;-0,2726959362241752;-0,2890049648094721;-0,28531395231378565;0,01652760466489598;426
0,7127912998199463;0,07308127983974254;0,008232498168945312;0,0014454710504191832;19;2;25;{'model__max_depth': 19, 'model__min_samples_split': 2, 'model__n_estimators': 25};-0,30251282539497437;-0,29562080446148303;-0,2616207399031914;-0,2709653766164213;-0,28595258041543936;-0,2833344653583019;0,015166399560551179;368
1,0936048984527589;0,1120821694407411;0,00934772491455078;0,0018308233720979678;19;2;40;{'model__max_depth': 19, 'model__min_samples_split': 2, 'model__n_estimators': 40};-0,30163996558462397;-0,2927185474240336;-0,26033208070162367;-0,27175648830574967;-0,2827157030625766;-0,2818325570157215;0,014665713829926758;319
1,3670677185058593;0,13080653171741338;0,011587905883789062;0,0011098003575529174;19;2;50;{'model__max_depth': 19, 'model__min_samples_split': 2, 'model__n_estimators': 50};-0,3009730694567003;-0,2912669095840666;-0,25865059374208543;-0,27369207274131196;-0,27991658557897664;-0,2808998462206282;0,01454894037199431;275
2,7352002620697022;0,2571404785993896;0,019275712966918945;0,0020662992248722234;19;2;100;{'model__max_depth': 19, 'model__min_samples_split': 2, 'model__n_estimators': 100};-0,3027787358152387;-0,28882085082260006;-0,2605490875213401;-0,27256835671963475;-0,28153099039107565;-0,2812496042539779;0,014316297777664834;289
5,459601926803589;0,543892352915753;0,03347349166870117;0,0026121156152118965;19;2;200;{'model__max_depth': 19, 'model__min_samples_split': 2, 'model__n_estimators': 200};-0,3009559068817126;-0,28818881613854097;-0,25753813073108844;-0,2714765484931827;-0,28362536373167063;-0,28035695319523907;0,014804713600050043;253
0,12700695991516114;0,012696741086719223;0,004321146011352539;0,00036947773896272944;19;5;5;{'model__max_depth': 19, 'model__min_samples_split': 5, 'model__n_estimators': 5};-0,322065999453208;-0,2969387927212389;-0,27444357555850163;-0,2815153650482923;-0,28882444088550624;-0,2927576347333494;0,016454335171303867;526
0,2552961826324463;0,025739157799161576;0,005133295059204101;0,0015426094456485833;19;5;10;{'model__max_depth': 19, 'model__min_samples_split': 5, 'model__n_estimators': 10};-0,31447140310313604;-0,29895090694103493;-0,27466359699073445;-0,27526466453637605;-0,2898896307716009;-0,2906480404685765;0,015028080865588924;496
0,3588247776031494;0,03224114491748569;0,004494285583496094;0,0008436127698330645;19;5;15;{'model__max_depth': 19, 'model__min_samples_split': 5, 'model__n_estimators': 15};-0,3074194724639892;-0,2946984202607905;-0,26066072343434704;-0,2695594664297161;-0,2888004756729653;-0,2842277116523616;0,01696445714235619;402
0,49619312286376954;0,04954325786401861;0,005609846115112305;0,0012019575481473173;19;5;20;{'model__max_depth': 19, 'model__min_samples_split': 5, 'model__n_estimators': 20};-0,30615784454092726;-0,29350286989914565;-0,2608742222310364;-0,2723125546210033;-0,2887614098072703;-0,28432178021987664;0,015967629121004544;405
0,6179235458374024;0,060697219596488175;0,0075054168701171875;0,0009573165246152347;19;5;25;{'model__max_depth': 19, 'model__min_samples_split': 5, 'model__n_estimators': 25};-0,3011795577779041;-0,2919747902117132;-0,2606089834868667;-0,26920465552046025;-0,2846608310162266;-0,28152576360263415;0,014795971242421792;301
0,9893953800201416;0,09859330495038499;0,009571361541748046;0,0008408192584628466;19;5;40;{'model__max_depth': 19, 'model__min_samples_split': 5, 'model__n_estimators': 40};-0,3000871167211312;-0,2874842669940625;-0,2607792490949744;-0,27087214422019673;-0,2816954060316114;-0,28018363661239526;0,013527507654269919;249
1,1791162014007568;0,0945175994639071;0,010496139526367188;0,0011344542955187382;19;5;50;{'model__max_depth': 19, 'model__min_samples_split': 5, 'model__n_estimators': 50};-0,2985271198667863;-0,2869373264256702;-0,2593272995009223;-0,2722015954109974;-0,27982399048529377;-0,27936346633793396;0,013248105014585785;203
2,5417556762695312;0,23460407077182743;0,019252634048461913;0,0017914416439354143;19;5;100;{'model__max_depth': 19, 'model__min_samples_split': 5, 'model__n_estimators': 100};-0,30079727133785095;-0,2855944581007949;-0,25906139048122345;-0,2721880061105045;-0,28110671921215974;-0,2797495690485067;0,013886600179729348;225
4,493487882614136;0,04949437923744361;0,031492424011230466;0,0022220337307346603;19;5;200;{'model__max_depth': 19, 'model__min_samples_split': 5, 'model__n_estimators': 200};-0,29887238218976203;-0,28468829461420986;-0,2571825351734979;-0,2708047001316095;-0,28194491056813065;-0,27869856453544195;0,013990362128696596;177
0,1334853172302246;0,009989170536294405;0,004816102981567383;0,0010927581077163644;19;10;5;{'model__max_depth': 19, 'model__min_samples_split': 10, 'model__n_estimators': 5};-0,3221190602420354;-0,28785127207204747;-0,2710808641240297;-0,2735216072583422;-0,2871197765055302;-0,28833851604039695;0,018222048374535806;469
0,24089722633361815;0,02590020302908782;0,005182600021362305;0,0011376641660886218;19;10;10;{'model__max_depth': 19, 'model__min_samples_split': 10, 'model__n_estimators': 10};-0,30966360339079596;-0,29638214251411693;-0,272235462729129;-0,26739136965515864;-0,2855272697102924;-0,2862399695998986;0,015514084988131921;442
0,3665339469909668;0,0334861169705481;0,006412124633789063;0,0011758631510056408;19;10;15;{'model__max_depth': 19, 'model__min_samples_split': 10, 'model__n_estimators': 15};-0,307675475933003;-0,2927390897296998;-0,25999015647531826;-0,2629578521765365;-0,28688707087836834;-0,2820499290385852;0,01814092453843572;335
0,4675687313079834;0,04470210704072646;0,006247758865356445;0,0014058354296555007;19;10;20;{'model__max_depth': 19, 'model__min_samples_split': 10, 'model__n_estimators': 20};-0,30655792223950884;-0,29154583254315763;-0,25991662718033876;-0,26594829902751915;-0,28653110756718203;-0,2820999577115413;0,017088170767702186;337
0,5833399772644043;0,05723072170242244;0,006820106506347656;0,0011188179788279786;19;10;25;{'model__max_depth': 19, 'model__min_samples_split': 10, 'model__n_estimators': 25};-0,30097583800443517;-0,2899695596216226;-0,2610266525330868;-0,2647590445040431;-0,2830066949602106;-0,2799475579246796;0,01510416499707806;240
0,963063383102417;0,08695477507725495;0,010346126556396485;0,0014019827056754482;19;10;40;{'model__max_depth': 19, 'model__min_samples_split': 10, 'model__n_estimators': 40};-0,2990176991916435;-0,284173522874273;-0,26118117121108714;-0,26640765416787987;-0,2806267673215539;-0,27828136295328754;0,013443330158230819;160
1,1512977600097656;0,09990288795541616;0,011018991470336914;0,0016937633149889315;19;10;50;{'model__max_depth': 19, 'model__min_samples_split': 10, 'model__n_estimators': 50};-0,2969983342217718;-0,28455857600377293;-0,2598384232404015;-0,26881787887286546;-0,27891504645429793;-0,27782565175862195;0,012796805575257718;143
2,2079591274261476;0,20647860025121642;0,01796445846557617;0,0026161963925203945;19;10;100;{'model__max_depth': 19, 'model__min_samples_split': 10, 'model__n_estimators': 100};-0,2976045557963229;-0,28229153502280774;-0,2587076886273805;-0,2688989008627534;-0,28094321525123134;-0,27768917911209917;0,013160232766334488;130
4,433483362197876;0,37481636563061804;0,029838418960571288;0,002009514750351376;19;10;200;{'model__max_depth': 19, 'model__min_samples_split': 10, 'model__n_estimators': 200};-0,29565502275119415;-0,2821007463427304;-0,2568555555111062;-0,26832082627095677;-0,2817762844681014;-0,27694168706881783;0,013251038290005785;105
0,1431288242340088;0,010966169944695077;0,004453611373901367;0,0009131198063347112;20;2;5;{'model__max_depth': 20, 'model__min_samples_split': 2, 'model__n_estimators': 5};-0,32651335712474094;-0,2950515030025704;-0,2730475286930923;-0,2844813657274955;-0,29355734269420447;-0,2945302194484207;0,017813617176411993;536
0,27804064750671387;0,02736363162670841;0,0055236339569091795;0,0006352768048159272;20;2;10;{'model__max_depth': 20, 'model__min_samples_split': 2, 'model__n_estimators': 10};-0,31308514228980044;-0,29986297609362284;-0,27178063088966153;-0,2726603817217278;-0,28807067253056323;-0,28909196070507515;0,015889678992713104;475
0,3990619659423828;0,03906535300467368;0,0054419517517089845;0,0007253166298667515;20;2;15;{'model__max_depth': 20, 'model__min_samples_split': 2, 'model__n_estimators': 15};-0,3106702266943671;-0,29653240469486275;-0,25865577170042015;-0,2679237405251386;-0,28921976647337133;-0,284600382017632;0,018945088310008466;409
0,5762609958648681;0,04656805749765904;0,006345033645629883;0,00039994396501217763;20;2;20;{'model__max_depth': 20, 'model__min_samples_split': 2, 'model__n_estimators': 20};-0,3085909470530443;-0,2956643832072907;-0,260067040910685;-0,26954620977623844;-0,28895213352552057;-0,2845641428945558;0,01758069074639947;408
0,6556848049163818;0,05547879721560358;0,007225227355957031;0,001180589692526434;20;2;25;{'model__max_depth': 20, 'model__min_samples_split': 2, 'model__n_estimators': 25};-0,3036176895299817;-0,29567855299506834;-0,26052097958491843;-0,2687669862263222;-0,2858083098411746;-0,28287850363549305;0,016134017880478035;357
1,1112066745758056;0,0868397909003971;0,01173086166381836;0,002296657961550662;20;2;40;{'model__max_depth': 20, 'model__min_samples_split': 2, 'model__n_estimators': 40};-0,3018387511722015;-0,29119530461037835;-0,260254418394809;-0,2712731731741467;-0,2820082059224491;-0,2813139706547969;0,014585689521409697;293
1,3662659168243407;0,09245965173882952;0,010226011276245117;0,0012090595198103631;20;2;50;{'model__max_depth': 20, 'model__min_samples_split': 2, 'model__n_estimators': 50};-0,30113722315649655;-0,2909331894277588;-0,2586558548663664;-0,27407533844488813;-0,27952487199182563;-0,28086529557746714;0,014515323243395292;274
2,508488321304321;0,026576862109950233;0,01731114387512207;0,001329826292820356;20;2;100;{'model__max_depth': 20, 'model__min_samples_split': 2, 'model__n_estimators': 100};-0,30336872622712596;-0,28893924751113126;-0,2600608716981994;-0,2725018110738815;-0,2809859860934638;-0,2811713285207604;0,014655451560493337;285
4,951000022888183;0,08507827332175981;0,030774879455566406;0,0011024278895569262;20;2;200;{'model__max_depth': 20, 'model__min_samples_split': 2, 'model__n_estimators': 200};-0,3014445905036546;-0,2887856820734531;-0,257638232022132;-0,2718688325377064;-0,28281798233134;-0,2805110638936572;0,014898713472403161;260
0,11582598686218262;0,0054166563140455575;0,0046196460723876955;0,0004984638484152871;20;5;5;{'model__max_depth': 20, 'model__min_samples_split': 5, 'model__n_estimators': 5};-0,3197770029679802;-0,2969387927212389;-0,27444357555850163;-0,2801462396958789;-0,2884410427730526;-0,2919493307433304;0,01585778407987399;520
0,22506442070007324;0,006502921953150507;0,004413747787475586;0,0005930938182330652;20;5;10;{'model__max_depth': 20, 'model__min_samples_split': 5, 'model__n_estimators': 10};-0,3131474256510979;-0,29933764233039395;-0,27466359699073445;-0,27510647516277875;-0,2905270629658829;-0,2905564406201776;0,014688409597053672;493
0,3361178398132324;0,008585858591814101;0,005077457427978516;0,0008815623937980021;20;5;15;{'model__max_depth': 20, 'model__min_samples_split': 5, 'model__n_estimators': 15};-0,30662371860813026;-0,29454465484749487;-0,26066072343434704;-0,26886520562055166;-0,28856401483103183;-0,28385166346831114;0,016837615233598766;385
0,4500557899475098;0,006211094507901834;0,005023956298828125;0,0008488548161564212;20;5;20;{'model__max_depth': 20, 'model__min_samples_split': 5, 'model__n_estimators': 20};-0,30528882986643596;-0,29318603262228915;-0,26091639034447617;-0,27222778513358126;-0,28874699431758666;-0,28407320645687384;0,015694220013330384;396
0,5568301677703857;0,005564535679440357;0,005907392501831055;0,0006473464514379162;20;5;25;{'model__max_depth': 20, 'model__min_samples_split': 5, 'model__n_estimators': 25};-0,30038205059790957;-0,2906276105451049;-0,26085232939380404;-0,2692496537136922;-0,2845625188029486;-0,28113483261069183;0,014317504530810488;283
0,8896795272827148;0,0200824255444099;0,008109855651855468;0,000882035407956633;20;5;40;{'model__max_depth': 20, 'model__min_samples_split': 5, 'model__n_estimators': 40};-0,3001152980759717;-0,2871819454088297;-0,26079515112065804;-0,2707800210188781;-0,2816792648555531;-0,28011033609597813;0,013511468089116073;246
1,1045351028442383;0,023204957941572093;0,009977626800537109;0,0007600349541869609;20;5;50;{'model__max_depth': 20, 'model__min_samples_split': 5, 'model__n_estimators': 50};-0,29834954368250766;-0,28700597866421157;-0,2593420787998608;-0,27203132444892153;-0,27967137555802973;-0,2792800602307063;0,013217832019026167;200
2,2264296054840087;0,02788762742353772;0,01817922592163086;0,003081194447894162;20;5;100;{'model__max_depth': 20, 'model__min_samples_split': 5, 'model__n_estimators': 100};-0,3006752099021877;-0,28540810734739075;-0,2589495498023343;-0,2724325577732876;-0,28115552143659545;-0,2797241892523592;0,01384235844722507;222
4,429510593414307;0,08807791391983762;0,030348825454711913;0,0018677339423522517;20;5;200;{'model__max_depth': 20, 'model__min_samples_split': 5, 'model__n_estimators': 200};-0,29868141282030986;-0,28477968735182396;-0,2573396754439162;-0,27057496401275805;-0,28216998496032136;-0,27870914491782595;0,013932261187646676;178
0,11064343452453614;0,008395876978367208;0,0035201549530029298;0,0008253941102728703;20;10;5;{'model__max_depth': 20, 'model__min_samples_split': 10, 'model__n_estimators': 5};-0,3210215644707274;-0,28785127207204747;-0,2710808641240297;-0,27378162913959175;-0,2871197765055302;-0,2881710212623853;0,017773540001045862;466
0,2115562915802002;0,004521730915875506;0,003996372222900391;3,201101284120847e-05;20;10;10;{'model__max_depth': 20, 'model__min_samples_split': 10, 'model__n_estimators': 10};-0,30949900293573573;-0,2960934425564737;-0,272235462729129;-0,2675210309032302;-0,2855272697102924;-0,2861752417669722;0,015395359250874723;441
0,32483878135681155;0,011732792123296473;0,005527305603027344;0,0008988696176260026;20;10;15;{'model__max_depth': 20, 'model__min_samples_split': 10, 'model__n_estimators': 15};-0,3072296727901386;-0,29282281671366645;-0,25999015647531826;-0,2631736278358138;-0,28688707087836834;-0,2820206689386611;0,017980081074931594;333
0,41904630661010744;0,016073735250331116;0,005930423736572266;0,00035958378309488957;20;10;20;{'model__max_depth': 20, 'model__min_samples_split': 10, 'model__n_estimators': 20};-0,30624742812500344;-0,29160862778113267;-0,2597817180084045;-0,26609742595190605;-0,2863376825887013;-0,2820145764910296;0,017003657502999755;332
0,5155054092407226;0,018568766546492015;0,006236886978149414;0,0012823514557318957;20;10;25;{'model__max_depth': 20, 'model__min_samples_split': 10, 'model__n_estimators': 25};-0,30083604980476225;-0,2895926373237864;-0,26085015446968096;-0,2647982462905988;-0,28285195497742605;-0,27978580857325086;0,015045755676106184;229
0,8148727416992188;0,006818987336106309;0,008872413635253906;0,0019298589059891522;20;10;40;{'model__max_depth': 20, 'model__min_samples_split': 10, 'model__n_estimators': 40};-0,2988393349028899;-0,28416020049978896;-0,26104787257743517;-0,2662002361866575;-0,28076060027019245;-0,27820164888739285;0,013462931345563634;155
1,0264948844909667;0,03216140317543162;0,009514951705932617;0,0007844114824042044;20;10;50;{'model__max_depth': 20, 'model__min_samples_split': 10, 'model__n_estimators': 50};-0,2968700179529361;-0,2844492032664247;-0,2596792294376591;-0,26844656095684793;-0,27902522152345355;-0,2776940466274643;0,012846568987136417;131
2,0621963024139403;0,03496429654039946;0,015340900421142578;0,0019992818770527333;20;10;100;{'model__max_depth': 20, 'model__min_samples_split': 10, 'model__n_estimators': 100};-0,29763475194510014;-0,2823213508928623;-0,2587575741986144;-0,2686807201426398;-0,28095483552827777;-0,2776698465414989;0,013187141704970472;127
3,781435823440552;0,03727653284491412;0,02279982566833496;0,00203166672603025;20;10;200;{'model__max_depth': 20, 'model__min_samples_split': 10, 'model__n_estimators': 200};-0,29596940089667545;-0,2821000270318877;-0,25687247819766323;-0,2681437949349318;-0,2818062131067028;-0,2769783828335722;0,013360354007888249;107
