mean_fit_time;std_fit_time;mean_score_time;std_score_time;param_model__max_depth;param_model__min_samples_split;param_model__n_estimators;params;split0_test_score;split1_test_score;split2_test_score;split3_test_score;split4_test_score;mean_test_score;std_test_score;rank_test_score
6,456793260574341;0,055911816674710534;0,028348255157470702;0,001561982331725416;8;10;200;{'model__max_depth': 8, 'model__min_samples_split': 10, 'model__n_estimators': 200};-0,26198212256345677;-0,2741340432187824;-0,2726691170653208;-0,25333934689247184;-0,2700883681146537;-0,2664425995709371;0,007782166018020524;1
5,928419780731201;0,010127038609885133;0,02960834503173828;0,0026497489390737232;7;10;200;{'model__max_depth': 7, 'model__min_samples_split': 10, 'model__n_estimators': 200};-0,2621944362569671;-0,273437411228849;-0,2736691781447338;-0,25327094344050155;-0,27061426657263776;-0,2666372471287379;0,007872783649863728;2
6,215473747253418;0,14919752594078742;0,02763047218322754;0,00045889569421985593;7;5;200;{'model__max_depth': 7, 'model__min_samples_split': 5, 'model__n_estimators': 200};-0,2634089903638344;-0,2732532580551846;-0,2725866727542371;-0,25320126226269324;-0,27092907496579915;-0,2666758516803497;0,00759640614420902;3
6,791631031036377;0,06319837320573045;0,029796028137207033;0,0023617287994724405;8;2;200;{'model__max_depth': 8, 'model__min_samples_split': 2, 'model__n_estimators': 200};-0,2641768940555251;-0,27435541464882207;-0,27063644748425203;-0,25336585909937887;-0,2710669365718134;-0,2667203103719583;0,007447609574521637;4
6,162072229385376;0,07818238490690668;0,028687047958374023;0,0009608973839305842;7;2;200;{'model__max_depth': 7, 'model__min_samples_split': 2, 'model__n_estimators': 200};-0,26400112923262814;-0,27287987788769313;-0,27163519805147135;-0,2534987420234197;-0,2717332345819123;-0,266749636355425;0,007340644625847278;5
6,63151183128357;0,062361100249709416;0,02875862121582031;0,00036657523249944174;8;5;200;{'model__max_depth': 8, 'model__min_samples_split': 5, 'model__n_estimators': 200};-0,2631450073760291;-0,27400203882286644;-0,27259620250743233;-0,2536468369845238;-0,27080271781910714;-0,26683856070199174;0,00758741471658062;6
6,982752799987793;0,07476433438388676;0,028995752334594727;0,0006751610217161283;9;10;200;{'model__max_depth': 9, 'model__min_samples_split': 10, 'model__n_estimators': 200};-0,2630614667793786;-0,27432097394986465;-0,27264812193830285;-0,254050134079027;-0,2704038163268263;-0,26689690261467985;0,0074865456992944555;7
3,1196972370147704;0,16006261858578208;0,014981365203857422;0,0007991049391879691;7;5;100;{'model__max_depth': 7, 'model__min_samples_split': 5, 'model__n_estimators': 100};-0,26461730128363287;-0,27405689028109553;-0,2707973015393115;-0,25310389213969287;-0,27293224460161025;-0,2671015259690686;0,007721894258010823;8
1,5325330734252929;0,009255796545013366;0,009808540344238281;0,0003881558444999405;7;2;50;{'model__max_depth': 7, 'model__min_samples_split': 2, 'model__n_estimators': 50};-0,26625780278148514;-0,27362893465278837;-0,26805382707645775;-0,25426576064848816;-0,27361947369927925;-0,2671651597716997;0,007091488955294057;9
1,61821551322937;0,0131693112533174;0,008956050872802735;0,0007527797362675791;8;10;50;{'model__max_depth': 8, 'model__min_samples_split': 10, 'model__n_estimators': 50};-0,2643257727711395;-0,2743162146021372;-0,2708080050051518;-0,25460336818318086;-0,2719040324065639;-0,2671914785936346;0,007109459662768549;10
3,038685989379883;0,019263593134344014;0,015948677062988283;0,0010344212420546083;7;2;100;{'model__max_depth': 7, 'model__min_samples_split': 2, 'model__n_estimators': 100};-0,2653032822603459;-0,27348348629837077;-0,2700625471767689;-0,2535188772596281;-0,2737424271528127;-0,2672221240295853;0,007499972529396585;11
1,546344804763794;0,04964848708327953;0,01038980484008789;0,0005928920629129612;7;5;50;{'model__max_depth': 7, 'model__min_samples_split': 5, 'model__n_estimators': 50};-0,2660630631282121;-0,27426843062816675;-0,26977959949350766;-0,2539809345887106;-0,2720728165934322;-0,26723296888640585;0,007160897537409156;12
2,972807598114014;0,03364985591326516;0,015482187271118164;0,00039171637080428155;7;10;100;{'model__max_depth': 7, 'model__min_samples_split': 10, 'model__n_estimators': 100};-0,2628031385270903;-0,27428641209590937;-0,27291134809653267;-0,25332730340577825;-0,2728737304535996;-0,267240386515782;0,008084601375292731;13
5,4025102138519285;0,04720047194119045;0,028536510467529298;0,0015319718025345748;6;2;200;{'model__max_depth': 6, 'model__min_samples_split': 2, 'model__n_estimators': 200};-0,2630642596952854;-0,2726988275307995;-0,27365007333468766;-0,2548978425103418;-0,2720424390487104;-0,26727068842396495;0,007262399172157684;14
1,4906508922576904;0,009860408370680536;0,009679698944091797;0,0010327089522262185;7;10;50;{'model__max_depth': 7, 'model__min_samples_split': 10, 'model__n_estimators': 50};-0,26422968928523627;-0,2740093746783081;-0,2715836277682679;-0,2538079806864456;-0,27278480091336527;-0,2672830946663246;0,007548618159388305;15
3,228896236419678;0,019641948281880338;0,015928983688354492;0,0009351413244106985;8;10;100;{'model__max_depth': 8, 'model__min_samples_split': 10, 'model__n_estimators': 100};-0,26374413332261126;-0,27503432391386495;-0,2724514245906374;-0,253248556346006;-0,2721714619287703;-0,267329980020378;0,008002135285305889;16
5,285707712173462;0,04378579975394042;0,02766757011413574;0,0007722435765815697;6;10;200;{'model__max_depth': 6, 'model__min_samples_split': 10, 'model__n_estimators': 200};-0,26210271874811925;-0,2737433696311626;-0,2745677923058787;-0,25495416777067315;-0,2713295588391113;-0,267339521458989;0,007615755481372436;17
5,545958185195923;0,15913949554229323;0,027486610412597656;0,0008546944388448182;6;5;200;{'model__max_depth': 6, 'model__min_samples_split': 5, 'model__n_estimators': 200};-0,26290716996210484;-0,273364675424248;-0,2741705487863654;-0,2548670792583344;-0,27195613677524905;-0,2674531220412603;0,007475581320672062;18
3,392220640182495;0,021199770468836397;0,016842126846313477;0,0006983361662118762;8;2;100;{'model__max_depth': 8, 'model__min_samples_split': 2, 'model__n_estimators': 100};-0,26618159032764754;-0,2750763248197157;-0,27017832152682275;-0,25336007129099086;-0,2725404323603466;-0,26746734806510475;0,0076374147402097125;19
1,698408842086792;0,010170159529302746;0,009988164901733399;0,0003925078804241902;8;2;50;{'model__max_depth': 8, 'model__min_samples_split': 2, 'model__n_estimators': 50};-0,2667228409724374;-0,2751214384208764;-0,2688918285387197;-0,25493566342391977;-0,27175000333968663;-0,267484354939128;0,006878246063979594;20
7,453798055648804;0,1343167223023416;0,028955507278442382;0,0009839013067122718;10;10;200;{'model__max_depth': 10, 'model__min_samples_split': 10, 'model__n_estimators': 200};-0,2636953480215601;-0,2758025005844373;-0,2725105685039094;-0,25456425726397536;-0,270881892485672;-0,26749091337191083;0,0075800120507451205;21
7,664440774917603;0,04159564685845794;0,029012441635131836;0,0010824135746512812;11;10;200;{'model__max_depth': 11, 'model__min_samples_split': 10, 'model__n_estimators': 200};-0,2643545821580841;-0,27585005155315157;-0,27232523566205696;-0,2547858929578308;-0,27026691455774243;-0,26751653537777315;0,0073783857379634415;22
7,90033745765686;0,0756146009564913;0,030226850509643556;0,0005019441379321124;12;10;200;{'model__max_depth': 12, 'model__min_samples_split': 10, 'model__n_estimators': 200};-0,2649141350279528;-0,27564113811742397;-0,27214412445000935;-0,2550960837430216;-0,27003890118569585;-0,2675668765048207;0,007138816636028466;23
8,191244888305665;0,10506244609264016;0,031059455871582032;0,0020236738012183917;13;10;200;{'model__max_depth': 13, 'model__min_samples_split': 10, 'model__n_estimators': 200};-0,26453982034055956;-0,27573006633797836;-0,2725297230150413;-0,2547129567372064;-0,2704182058674991;-0,26758615445965694;0,007399757524227306;24
1,6587523937225341;0,009903286810202734;0,010460090637207032;0,00037540170552134906;8;5;50;{'model__max_depth': 8, 'model__min_samples_split': 5, 'model__n_estimators': 50};-0,26594888661088517;-0,2750551758763677;-0,2712483371774938;-0,2544740431397615;-0,2712173442386095;-0,26758875740862353;0,007169260461025406;25
7,195208978652954;0,058897604986074846;0,028949832916259764;0,000542042122212746;9;5;200;{'model__max_depth': 9, 'model__min_samples_split': 5, 'model__n_estimators': 200};-0,26407322168176106;-0,2754381758711228;-0,2718334263568482;-0,2552176772755545;-0,2715422854878938;-0,2676209573346361;0,007220227141614188;26
3,326632928848267;0,04342006026739593;0,016077709197998048;0,0006292405797386814;8;5;100;{'model__max_depth': 8, 'model__min_samples_split': 5, 'model__n_estimators': 100};-0,2648770238044312;-0,27494272569611955;-0,27214400413542583;-0,25370767571745706;-0,2724831956517573;-0,2676309250010382;0,00773066213928773;27
1,2976963520050049;0,006907686029193792;0,008101701736450195;0,0009553844734799258;8;10;40;{'model__max_depth': 8, 'model__min_samples_split': 10, 'model__n_estimators': 40};-0,2650323353730712;-0,2746366765519168;-0,27213374957342;-0,25346307680597113;-0,2729408918805316;-0,26764134603698214;0,007810656563013031;28
7,465347194671631;0,04480804864316271;0,02986035346984863;0,0012918754795189673;9;2;200;{'model__max_depth': 9, 'model__min_samples_split': 2, 'model__n_estimators': 200};-0,2659738970820157;-0,2758316413331467;-0,2713581277656394;-0,2541940287216789;-0,27088326015691944;-0,26764819101188;0,007416412951627906;29
1,2062461376190186;0,013311258394649712;0,0084228515625;0,0006847650056480006;7;5;40;{'model__max_depth': 7, 'model__min_samples_split': 5, 'model__n_estimators': 40};-0,2661439871956249;-0,274363217140508;-0,272291812181766;-0,25304399071894224;-0,2724639877935307;-0,26766139900607433;0,007815255788280436;30
2,7412649154663087;0,03601875866692006;0,015276718139648437;0,0004672328111832702;6;2;100;{'model__max_depth': 6, 'model__min_samples_split': 2, 'model__n_estimators': 100};-0,2644968681093042;-0,27337332440808326;-0,27237299972363765;-0,2548312480131164;-0,27331582694931056;-0,26767805344069046;0,00723081561005201;31
0,6190086364746094;0,01113205449117468;0,00714564323425293;0,003260734292377503;7;5;20;{'model__max_depth': 7, 'model__min_samples_split': 5, 'model__n_estimators': 20};-0,267122738818226;-0,276340630068767;-0,2693619358049225;-0,253806498624845;-0,2719084276190094;-0,267708046187154;0,007595994587375425;32
3,4971891403198243;0,04111185599542661;0,016607046127319336;0,0010058155641798883;9;10;100;{'model__max_depth': 9, 'model__min_samples_split': 10, 'model__n_estimators': 100};-0,2645180381320014;-0,2750520287056539;-0,27294661876136067;-0,25430053702730804;-0,2719809470098963;-0,26775963392724406;0,00760997437678876;33
1,7336410999298095;0,005624787524879486;0,01013789176940918;0,00044253562438170777;9;10;50;{'model__max_depth': 9, 'model__min_samples_split': 10, 'model__n_estimators': 50};-0,26470032126728954;-0,2749137102324904;-0,27169681596932616;-0,2554901569066644;-0,27212594771177345;-0,2677853904175088;0,007009180402938553;34
1,2267314434051513;0,013011846548540826;0,00863790512084961;0,0005914593042005121;7;2;40;{'model__max_depth': 7, 'model__min_samples_split': 2, 'model__n_estimators': 40};-0,2660292004372954;-0,2740664344211861;-0,27084104469765574;-0,25356375550955895;-0,2745806020075984;-0,2678162074146589;0,007749810212838139;35
1,3549406051635742;0,010790143345891994;0,009150981903076172;0,0007484565663503236;8;2;40;{'model__max_depth': 8, 'model__min_samples_split': 2, 'model__n_estimators': 40};-0,2665545203834855;-0,27556422001123104;-0,271204601815007;-0,25347263834849854;-0,2723978855139239;-0,2678387732144292;0,007743797152017645;36
1,3811285972595215;0,020761225300379254;0,009409475326538085;0,0008267100254160586;6;2;50;{'model__max_depth': 6, 'model__min_samples_split': 2, 'model__n_estimators': 50};-0,26534598937666687;-0,27370777155083637;-0,27029912590443;-0,2559271405814206;-0,2739200386389566;-0,2678400132104621;0,006716862683621138;37
0,7665448188781738;0,004780312466758113;0,0064640045166015625;0,0010689192325988972;7;5;25;{'model__max_depth': 7, 'model__min_samples_split': 5, 'model__n_estimators': 25};-0,26906754506400254;-0,2752609043804644;-0,26948929380862385;-0,2542014353377357;-0,27121448981873464;-0,26784673368191225;0,007165113532198433;38
2,641634798049927;0,014980194277628155;0,016391468048095704;0,0013171269955412506;6;10;100;{'model__max_depth': 6, 'model__min_samples_split': 10, 'model__n_estimators': 100};-0,26367599537126324;-0,274617906824578;-0,2733897745073431;-0,255028372691501;-0,27276612284539686;-0,26789563444801645;0,007516221885680921;39
1,1831844806671143;0,012860821445788961;0,008491420745849609;0,0009055631105858546;7;10;40;{'model__max_depth': 7, 'model__min_samples_split': 10, 'model__n_estimators': 40};-0,2643831467110314;-0,27427419648597806;-0,27393554076472953;-0,2532300766285157;-0,273666323677992;-0,2678978568536493;0,008220504944830419;40
7,786862897872925;0,03707540203492536;0,030181741714477538;0,001577308809264049;10;5;200;{'model__max_depth': 10, 'model__min_samples_split': 5, 'model__n_estimators': 200};-0,26558987743748963;-0,27640436989725;-0,27128540260441436;-0,2552903250341151;-0,27106755851277475;-0,2679275066972088;0,0071854780075121865;41
2,282872200012207;0,017337015903313706;0,014884233474731445;0,0012689384537331553;5;2;100;{'model__max_depth': 5, 'model__min_samples_split': 2, 'model__n_estimators': 100};-0,2640700950925977;-0,2729574541863077;-0,27320154775815114;-0,2558895133287152;-0,27365341569314783;-0,2679544052117839;0,007009867411901974;42
1,150694227218628;0,01279827111571786;0,008845233917236328;0,000987339227035797;5;2;50;{'model__max_depth': 5, 'model__min_samples_split': 2, 'model__n_estimators': 50};-0,26417766289286143;-0,2721836535854835;-0,27206709086655273;-0,2569155839019083;-0,27446045883097814;-0,2679608900155568;0,006530675416658172;43
0,8131910800933838;0,004228836010261702;0,006779909133911133;0,0006768665753669692;8;10;25;{'model__max_depth': 8, 'model__min_samples_split': 10, 'model__n_estimators': 25};-0,26882167078748864;-0,2751414468076723;-0,2694868093564563;-0,25445775171981255;-0,27201573825645076;-0,2679846833855761;0,007119037528843989;44
8,006236267089843;0,05234595408289229;0,03016972541809082;9,8683405490658e-06;10;2;200;{'model__max_depth': 10, 'model__min_samples_split': 2, 'model__n_estimators': 200};-0,2663344294777558;-0,27585651811112755;-0,2701368190543891;-0,2557861526423641;-0,27184743894209945;-0,26799227164554723;0,006827086534060401;45
8,329805755615235;0,08734786268094215;0,030305767059326173;0,0005852641393938712;15;10;200;{'model__max_depth': 15, 'model__min_samples_split': 10, 'model__n_estimators': 200};-0,26601817799769195;-0,27643422438736176;-0,2726435110056448;-0,2547853334137127;-0,270116736744468;-0,2679995967097758;0,007426088345066322;46
4,582169151306152;0,02189644150790235;0,026574468612670897;0,0008608263258184025;5;2;200;{'model__max_depth': 5, 'model__min_samples_split': 2, 'model__n_estimators': 200};-0,26322558667655027;-0,27274436675959157;-0,2742979625008885;-0,2565154743816665;-0,27327133521380353;-0,26801094510650003;0,006994984986873262;47
8,190199756622315;0,10692640976440072;0,03021969795227051;0,0002611513354280551;14;10;200;{'model__max_depth': 14, 'model__min_samples_split': 10, 'model__n_estimators': 200};-0,26536174970834475;-0,27649223974779163;-0,2725935380936485;-0,2553786226099489;-0,27034210580386153;-0,2680336511927191;0,007279533742732543;48
4,576544094085693;0,0322364759148807;0,02776174545288086;0,0012073359066563515;5;5;200;{'model__max_depth': 5, 'model__min_samples_split': 5, 'model__n_estimators': 200};-0,26292783813292786;-0,27281743062743025;-0,274753266259098;-0,2564083149283608;-0,2733830205876827;-0,2680579741070999;0,00718148087074197;49
8,415231800079345;0,10629196364424362;0,029470300674438475;0,0007670991955090498;17;10;200;{'model__max_depth': 17, 'model__min_samples_split': 10, 'model__n_estimators': 200};-0,265728856423808;-0,276348918262929;-0,27254185828258004;-0,2552378700197169;-0,2704829614425483;-0,26806809288631644;0,007273305739713917;50
2,713993692398071;0,08239904910293849;0,015294027328491212;0,0010114241217255814;6;5;100;{'model__max_depth': 6, 'model__min_samples_split': 5, 'model__n_estimators': 100};-0,26466549266541245;-0,27427783120148763;-0,273177517274354;-0,25498317281012095;-0,2732957070476211;-0,26807994419979925;0,007413327683773521;51
0,7676033020019531;0,008114642371066908;0,00623469352722168;0,0004008463836183416;7;2;25;{'model__max_depth': 7, 'model__min_samples_split': 2, 'model__n_estimators': 25};-0,2704643144199419;-0,2744177103346915;-0,2688456939041499;-0,2544393009404581;-0,2722762357101893;-0,2680886510618861;0,007072686978207746;52
8,342890739440918;0,12243138756202968;0,03059830665588379;0,0009794969099421878;16;10;200;{'model__max_depth': 16, 'model__min_samples_split': 10, 'model__n_estimators': 200};-0,2660921095366945;-0,27635142222462644;-0,2725181191012508;-0,2554168776647976;-0,2703333675339111;-0,26814237921225603;0,00717604225123585;53
8,506882333755494;0,16315188918285672;0,031238031387329102;0,0011671581352795599;19;10;200;{'model__max_depth': 19, 'model__min_samples_split': 10, 'model__n_estimators': 200};-0,26580396072648904;-0,276095389073107;-0,27311817032761576;-0,25553606552175134;-0,27022349412409696;-0,26815541595461206;0,007165562063669513;54
0,8541950702667236;0,0034672936895014097;0,0065880298614501955;0,0005429319352656978;8;2;25;{'model__max_depth': 8, 'model__min_samples_split': 2, 'model__n_estimators': 25};-0,2705681097681414;-0,27522501924489456;-0,26914494010542767;-0,25560569082355145;-0,2702626410454622;-0,26816128019749547;0,006613854650154069;55
8,676486587524414;0,4334691956496935;0,03265337944030762;0,002294363890451681;;10;200;{'model__max_depth': None, 'model__min_samples_split': 10, 'model__n_estimators': 200};-0,2657952672528357;-0,27619872283153013;-0,27303024380436713;-0,2552520718633797;-0,27058271335423284;-0,26817180382126915;0,007299530842014439;56
8,125879335403443;0,15535939739156135;0,024879264831542968;0,002398519114827079;20;10;200;{'model__max_depth': 20, 'model__min_samples_split': 10, 'model__n_estimators': 200};-0,2655726495678762;-0,27619029730290046;-0,27306763871634143;-0,25544090058257024;-0,2706458507388722;-0,2681834673817121;0,00725557944065264;57
4,656767272949219;0,04216278105147811;0,027219724655151368;0,0013440563683148115;5;10;200;{'model__max_depth': 5, 'model__min_samples_split': 10, 'model__n_estimators': 200};-0,2629032955189618;-0,273419918027628;-0,27511910058785943;-0,25630839471158356;-0,27325123382812;-0,2682003885348306;0,0073498546147058395;58
0,953853178024292;0,03210482151896651;0,008002042770385742;0,0014842743002719126;5;2;40;{'model__max_depth': 5, 'model__min_samples_split': 2, 'model__n_estimators': 40};-0,2642807179982393;-0,27235344577495696;-0,27334614509974575;-0,25614386022291563;-0,27489633408192254;-0,26820410063555605;0,007060963177750239;59
2,274384880065918;0,016309253472044486;0,014496660232543946;0,0003113719113448744;5;5;100;{'model__max_depth': 5, 'model__min_samples_split': 5, 'model__n_estimators': 100};-0,26401339052660755;-0,27335103883184675;-0,2739592203310539;-0,2557805394878894;-0,2739520326289154;-0,2682112443612626;0,007274032792738801;60
0,5820178985595703;0,009656927890722929;0,005780792236328125;0,00031573521732549764;5;2;25;{'model__max_depth': 5, 'model__min_samples_split': 2, 'model__n_estimators': 25};-0,26624791437627693;-0,27137693752706393;-0,271427869526669;-0,25702079213876583;-0,2750244461752208;-0,26821959194879935;0,0062588904255513;61
0,618590259552002;0,007328579936632581;0,006734132766723633;0,0004063418701183528;7;2;20;{'model__max_depth': 7, 'model__min_samples_split': 2, 'model__n_estimators': 20};-0,2691531679076218;-0,27520532611946535;-0,2692785749860309;-0,25493858363967464;-0,27253328266100335;-0,26822178706275923;0,007011227798641464;62
1,3284950733184815;0,009555739617798643;0,00834355354309082;0,0006834672613658155;8;5;40;{'model__max_depth': 8, 'model__min_samples_split': 5, 'model__n_estimators': 40};-0,26678916859626783;-0,2748677007603555;-0,27355095077041236;-0,25349507756655726;-0,27243407271088665;-0,2682273940808959;0,007864346331934786;63
1,3345577239990234;0,0056835587138888005;0,010102939605712891;0,00047209815213353174;6;5;50;{'model__max_depth': 6, 'model__min_samples_split': 5, 'model__n_estimators': 50};-0,2659069417618544;-0,27411594753319984;-0,27138604392858046;-0,25611959475505114;-0,27375161076194626;-0,2682560277481264;0,006740152885587833;64
1,8282483100891114;0,016560301351356017;0,009687280654907227;0,0005995708522768513;9;5;50;{'model__max_depth': 9, 'model__min_samples_split': 5, 'model__n_estimators': 50};-0,2651693181353572;-0,2765237560507061;-0,2708930679435258;-0,25546771719901834;-0,27325120120673585;-0,26826101210706865;0,007393640630620965;65
1,141605520248413;0,010492427898364316;0,009459495544433594;0,0004949721065771983;5;5;50;{'model__max_depth': 5, 'model__min_samples_split': 5, 'model__n_estimators': 50};-0,2643308954736365;-0,27257037249338684;-0,2734975554268428;-0,2563106313448941;-0,2748258020140065;-0,2683070513505534;0,007033281715599071;66
1,342268466949463;0,024772836705927326;0,009641170501708984;0,0020477148319240496;6;10;50;{'model__max_depth': 6, 'model__min_samples_split': 10, 'model__n_estimators': 50};-0,2655337292197931;-0,2745841057414405;-0,27222700806165673;-0,255906040725382;-0,27329433233820627;-0,2683090432172957;0,006944304204480048;67
1,0984335899353028;0,02182619816880398;0,008707475662231446;0,0007977088529571745;6;2;40;{'model__max_depth': 6, 'model__min_samples_split': 2, 'model__n_estimators': 40};-0,2656855902409923;-0,27435552090513304;-0,27216414889892726;-0,2552409180676416;-0,27413256385123913;-0,26831574839278666;0,0072524933708212795;68
0,7427249908447265;0,00596732514285169;0,006654024124145508;0,0006032319304937745;7;10;25;{'model__max_depth': 7, 'model__min_samples_split': 10, 'model__n_estimators': 25};-0,2678892426833677;-0,2748076517495105;-0,27155010610654956;-0,2545608540163607;-0,272884704503183;-0,2683385118117943;0,007250623069956466;69
8,414179039001464;0,08831233217214172;0,03026552200317383;0,00021159642313566663;18;10;200;{'model__max_depth': 18, 'model__min_samples_split': 10, 'model__n_estimators': 200};-0,2658193807662182;-0,2767202643010533;-0,27311193990906524;-0,25567909586307486;-0,270493616598293;-0,2683648594875409;0,007270312642784983;70
0,5993704319000244;0,0061783246133408415;0,0059337615966796875;0,0010352584406513325;7;10;20;{'model__max_depth': 7, 'model__min_samples_split': 10, 'model__n_estimators': 20};-0,26612668670692774;-0,27532428935686354;-0,2724925576556072;-0,2543328497374298;-0,27377448244379954;-0,26841017318012556;0,00770236360049265;71
3,6037972927093507;0,014081655020802504;0,01674165725708008;0,0008128809145381915;9;5;100;{'model__max_depth': 9, 'model__min_samples_split': 5, 'model__n_estimators': 100};-0,2657999787907239;-0,27606218695892454;-0,2720329462007484;-0,2552853341220207;-0,2729267819237423;-0,26842144559923203;0,007364121583559762;72
2,272450017929077;0,015600949524365448;0,014493036270141601;0,0010316441332727025;5;10;100;{'model__max_depth': 5, 'model__min_samples_split': 10, 'model__n_estimators': 100};-0,2637080793694212;-0,274243089361507;-0,2746669003834752;-0,2558022621182599;-0,2737641645615166;-0,26843689915883595;0,007521971900333773;73
0,6557280540466308;0,003350606817907473;0,005719327926635742;0,0008756552145127237;8;10;20;{'model__max_depth': 8, 'model__min_samples_split': 10, 'model__n_estimators': 20};-0,2689609326238962;-0,27553656180655;-0,2702257348581446;-0,2551416605606105;-0,2723292129223435;-0,268438820554309;0,00701132243305786;74
0,5460605621337891;0,00700423888246419;0,006478214263916015;0,0006005686603848446;6;2;20;{'model__max_depth': 6, 'model__min_samples_split': 2, 'model__n_estimators': 20};-0,2670204523468457;-0,27559497510817077;-0,27190282067287785;-0,25548908221225386;-0,2725885713156508;-0,2685191803311598;0,00707255935616544;75
1,1350413799285888;0,005613945577513291;0,010292148590087891;0,0016022239588919483;5;10;50;{'model__max_depth': 5, 'model__min_samples_split': 10, 'model__n_estimators': 50};-0,2637199390692063;-0,27362860887506635;-0,2740863314138425;-0,25675213598363344;-0,2746161770574917;-0,2685606384798481;0,00715206621585999;76
0,9172075748443603;0,010758073728648643;0,008219385147094726;0,0006906007655264168;5;5;40;{'model__max_depth': 5, 'model__min_samples_split': 5, 'model__n_estimators': 40};-0,2647068938599355;-0,27252684820941897;-0,2749637771968463;-0,2554512334349322;-0,2752214706168679;-0,26857404466360013;0,00758689184586122;77
0,46865081787109375;0,005179883535424074;0,0056174278259277345;0,00041134540345969314;5;2;20;{'model__max_depth': 5, 'model__min_samples_split': 2, 'model__n_estimators': 20};-0,26512164410265343;-0,2736618843699818;-0,2713161579132332;-0,25744150333215116;-0,27539486965762583;-0,2685872118751291;0,006569332246174193;78
0,6852386951446533;0,003483348282707608;0,005555152893066406;0,0005888665150445607;8;2;20;{'model__max_depth': 8, 'model__min_samples_split': 2, 'model__n_estimators': 20};-0,2695352985553996;-0,27609876572205555;-0,2698628272468664;-0,2561680682769917;-0,2714837112271964;-0,2686297342057019;0,0066568055340364505;79
3,7417244911193848;0,05261315656827701;0,0167572021484375;0,0009920272063193868;10;10;100;{'model__max_depth': 10, 'model__min_samples_split': 10, 'model__n_estimators': 100};-0,2660244572018694;-0,27678421264288666;-0,2730237284513651;-0,2548112116336189;-0,2726759905155556;-0,26866392008905915;0,007744779985347858;80
8,053704595565796;0,07701789427422173;0,030748319625854493;0,0008604723766113511;11;5;200;{'model__max_depth': 11, 'model__min_samples_split': 5, 'model__n_estimators': 200};-0,26697745846856336;-0,2772891116303892;-0,27226499479397687;-0,25582488790958635;-0,2709860995476982;-0,2686685104700428;0,00721718754554862;81
3,7307363510131837;0,021228155493670787;0,015868186950683594;0,0008317923933965748;9;2;100;{'model__max_depth': 9, 'model__min_samples_split': 2, 'model__n_estimators': 100};-0,2680980679231489;-0,2757641082724659;-0,272242640563549;-0,2543936929830451;-0,27300977902015444;-0,2687016577524727;0,007563846270225044;82
8,417852067947388;0,1144164531106754;0,03168506622314453;0,0035428343718019177;12;5;200;{'model__max_depth': 12, 'model__min_samples_split': 5, 'model__n_estimators': 200};-0,2673844159007653;-0,2769530545110616;-0,27229137432661416;-0,2557356346959593;-0,271149942576472;-0,2687028844021745;0,007166848465041278;83
1,8386808395385743;0,007426807416411598;0,00985255241394043;0,000850363032313275;10;10;50;{'model__max_depth': 10, 'model__min_samples_split': 10, 'model__n_estimators': 50};-0,26704821775396576;-0,2768900535186399;-0,2715800501979721;-0,2552396087123265;-0,2727666850508038;-0,2687049230467416;0,007427247001508712;84
8,75569429397583;0,1282717506191084;0,031673431396484375;0,0010117295143164827;11;2;200;{'model__max_depth': 11, 'model__min_samples_split': 2, 'model__n_estimators': 200};-0,2676397140959635;-0,27664780925438687;-0,2711856822787898;-0,25571047098197075;-0,2724742261142948;-0,2687315805450811;0,007119524629515882;85
3,8465864181518556;0,030199432006381106;0,016402721405029297;0,0008147412908561871;10;5;100;{'model__max_depth': 10, 'model__min_samples_split': 5, 'model__n_estimators': 100};-0,2673773695684909;-0,2770796273230338;-0,2714413812316338;-0,2552064699058637;-0,27261661180810226;-0,2687442919674249;0,0074416136684630286;86
0,35089998245239257;0,003715599841052159;0,005023765563964844;0,0009142213486867961;5;2;15;{'model__max_depth': 5, 'model__min_samples_split': 2, 'model__n_estimators': 15};-0,2646713949058539;-0,2754880743128692;-0,2727250034240243;-0,25563524497547246;-0,27542477352266004;-0,268788898228176;0,007673058748011052;87
0,838915205001831;0,006204907720382084;0,006047344207763672;0,00031564579923700343;8;5;25;{'model__max_depth': 8, 'model__min_samples_split': 5, 'model__n_estimators': 25};-0,270656376566373;-0,27517898516686934;-0,271947655773573;-0,2545300086486413;-0,2717005851891911;-0,26880272226892954;0,007295085100779729;88
0,5758258819580078;0,003341475801579059;0,006037569046020508;0,0006307877001663281;5;5;25;{'model__max_depth': 5, 'model__min_samples_split': 5, 'model__n_estimators': 25};-0,26638874471151525;-0,27210729343260553;-0,2735959571083856;-0,2562736079678487;-0,2757866996594067;-0,26883046057595233;0,0070067592614779664;89
1,9357747554779052;0,014575502082403713;0,010254240036010743;0,0009815733450638355;10;5;50;{'model__max_depth': 10, 'model__min_samples_split': 5, 'model__n_estimators': 50};-0,2687411566234588;-0,27741766957309144;-0,27034223794692896;-0,25480987373965613;-0,2729028403436239;-0,26884275564535176;0,00760518219030261;90
1,8641096115112306;0,02021866566533936;0,009816122055053712;0,0006473530160717955;9;2;50;{'model__max_depth': 9, 'model__min_samples_split': 2, 'model__n_estimators': 50};-0,26896204249227007;-0,27672649505205055;-0,2707294043537664;-0,2552467533326903;-0,27261650210725363;-0,2688562394676062;0,007277617081309583;91
0,699524974822998;0,022514394462171582;0,006890678405761718;0,0006167966811190173;6;2;25;{'model__max_depth': 6, 'model__min_samples_split': 2, 'model__n_estimators': 25};-0,26900342986349396;-0,27396954847860555;-0,2717381906223229;-0,25604542279625353;-0,27364494182971666;-0,2688803067180785;0,006656110492621724;92
0,4609813690185547;0,0042772687529549405;0,005113983154296875;0,0009319118528330747;7;5;15;{'model__max_depth': 7, 'model__min_samples_split': 5, 'model__n_estimators': 15};-0,26922069687213857;-0,2789966272815964;-0,2716449729936096;-0,25236106634746097;-0,2721835382801816;-0,2688813803549974;0,008875762752885279;93
3,812591314315796;0,019148170162590458;0,017088890075683594;0,0011925423442436488;11;10;100;{'model__max_depth': 11, 'model__min_samples_split': 10, 'model__n_estimators': 100};-0,2661554282987765;-0,27691055367854783;-0,273862179813803;-0,25490502509359175;-0,27257697862440533;-0,2688820331018249;0,007819242328419644;94
0,4121675491333008;0,005278384227170252;0,005032491683959961;0,0008406423721756856;6;2;15;{'model__max_depth': 6, 'model__min_samples_split': 2, 'model__n_estimators': 15};-0,26630869635523574;-0,27726878922283527;-0,27337410517413385;-0,25469844666240793;-0,27287375115892;-0,26890475771470657;0,00792772107278085;95
0,908820915222168;0,006755129315430676;0,008231878280639648;0,0006764815676235112;5;10;40;{'model__max_depth': 5, 'model__min_samples_split': 10, 'model__n_estimators': 40};-0,2639885691693078;-0,27389550906956345;-0,2756059232187773;-0,25583978933029794;-0,2752467904735853;-0,26891531625230636;0,007808922448066318;96
1,0817482471466064;0,02645705704182924;0,007974767684936523;0,0003434519921877256;6;10;40;{'model__max_depth': 6, 'model__min_samples_split': 10, 'model__n_estimators': 40};-0,2664785613683759;-0,27518534636837544;-0,2741603960214565;-0,25550636535918825;-0,27325540075728105;-0,26891721397493545;0,007367471660795698;97
1,0727361679077148;0,00840824910827197;0,008238983154296876;0,00046238103839869914;6;5;40;{'model__max_depth': 6, 'model__min_samples_split': 5, 'model__n_estimators': 40};-0,2672693445347119;-0,27490235213489683;-0,2733165068641125;-0,2553849497163058;-0,2737188264317776;-0,2689183959363609;0,007267307363481125;98
0,30872526168823244;0,002270863875266676;0,00460968017578125;0,0008019694162218005;7;5;10;{'model__max_depth': 7, 'model__min_samples_split': 5, 'model__n_estimators': 10};-0,2706381673252098;-0,27675058003959735;-0,2720003648612676;-0,2544434639246861;-0,270831289413404;-0,2689327731128329;0,0075760284924502415;99
1,4110223293304442;0,025733072495087446;0,007572603225708008;0,0006183185766287617;9;10;40;{'model__max_depth': 9, 'model__min_samples_split': 10, 'model__n_estimators': 40};-0,2653814867460396;-0,2757203370984103;-0,2740379879998715;-0,2554524438841345;-0,27426054192164545;-0,2689705595300203;0,007679103284730014;100
4,149171972274781;0,04094576651107427;0,018154048919677736;0,001966755981954144;15;10;100;{'model__max_depth': 15, 'model__min_samples_split': 10, 'model__n_estimators': 100};-0,2678785509975469;-0,2771262173105308;-0,2739048588837322;-0,25437402409603993;-0,2716868276906198;-0,26899409579569394;0,007905551672041104;101
0,8883208274841309;0,027281089218893717;0,01829843521118164;0,02290293417927641;9;10;25;{'model__max_depth': 9, 'model__min_samples_split': 10, 'model__n_estimators': 25};-0,2689285085814182;-0,2755408885528843;-0,26936836225967964;-0,25632827463290925;-0,2749480325609911;-0,2690228133175765;0,006911919237474163;102
9,017986488342284;0,13008881585548038;0,031506824493408206;0,0008314416118743167;12;2;200;{'model__max_depth': 12, 'model__min_samples_split': 2, 'model__n_estimators': 200};-0,26868290867919936;-0,2771075940203992;-0,2722083363001438;-0,2553253036463728;-0,2718707054667524;-0,2690389696225735;0,007366922377811376;103
4,021020555496216;0,05364529575642001;0,01640143394470215;0,0011746625576128315;13;10;100;{'model__max_depth': 13, 'model__min_samples_split': 10, 'model__n_estimators': 100};-0,2671680183790208;-0,2771440516902872;-0,27368867535297864;-0,2549617621859444;-0,2724003720601274;-0,2690725759336717;0,007749499672880035;104
0,9512758731842041;0,02639867377682992;0,007438802719116211;0,0010556115379015238;10;10;25;{'model__max_depth': 10, 'model__min_samples_split': 10, 'model__n_estimators': 25};-0,27027858235482627;-0,276619240762393;-0,2694055847789709;-0,2551571629128335;-0,2740381664912063;-0,269099747460046;0,007440559308040428;105
4,02683048248291;0,014661223243986025;0,01734442710876465;0,0010352300355307214;10;2;100;{'model__max_depth': 10, 'model__min_samples_split': 2, 'model__n_estimators': 100};-0,26875886741595906;-0,276511902024637;-0,27099058099169554;-0,25542297654477025;-0,2738947978106404;-0,26911582495754044;0,0073304401510727;106
0,4059140205383301;0,006647156075573672;0,005434083938598633;0,0005883643707915087;6;5;15;{'model__max_depth': 6, 'model__min_samples_split': 5, 'model__n_estimators': 15};-0,2654459529877415;-0,278268449252844;-0,27426156461574336;-0,2538955522146111;-0,2738352293245377;-0,26914134967909553;0,008690723224071035;107
0,9131739139556885;0,015290459148468221;0,007431840896606446;0,0008263354427474107;9;5;25;{'model__max_depth': 9, 'model__min_samples_split': 5, 'model__n_estimators': 25};-0,26862081613603234;-0,27693497632900627;-0,2689872059505209;-0,2561768501453568;-0,27525972689593814;-0,26919591509137086;0,007301140086637407;108
3,9306503772735595;0,05826105776404965;0,01579709053039551;0,00040887309623277644;12;10;100;{'model__max_depth': 12, 'model__min_samples_split': 10, 'model__n_estimators': 100};-0,2677661836744103;-0,2771891568104349;-0,27334357337123216;-0,2555298112266684;-0,2721879198622741;-0,26920332898900395;0,00746797598912964;109
0,5419675827026367;0,0061329829490601225;0,005650043487548828;0,000835491135365984;6;5;20;{'model__max_depth': 6, 'model__min_samples_split': 5, 'model__n_estimators': 20};-0,2676108621189509;-0,27695838935271627;-0,27252682007638923;-0,2557432820261879;-0,2732386222577644;-0,26921559516640176;0,0073644851645657495;110
8,62958927154541;0,08169551167751374;0,031670427322387694;0,001175333059643509;13;5;200;{'model__max_depth': 13, 'model__min_samples_split': 5, 'model__n_estimators': 200};-0,2678103655996684;-0,2772908729815312;-0,2730956219834951;-0,25532431461511784;-0,27260156624227994;-0,2692245482844185;0,0075719411608603775;111
0,3477166175842285;0,002724727459870821;0,0042383670806884766;0,000751177710359427;5;5;15;{'model__max_depth': 5, 'model__min_samples_split': 5, 'model__n_estimators': 15};-0,2648643867081707;-0,2754964461860883;-0,2740482153172976;-0,2548898353868193;-0,2768451687928851;-0,26922881047825226;0,008308709115900257;112
0,4632411956787109;0,006294460068450206;0,0061340808868408205;0,0003877166539975066;5;5;20;{'model__max_depth': 5, 'model__min_samples_split': 5, 'model__n_estimators': 20};-0,2657082054233573;-0,2740987184504431;-0,27341156651086207;-0,25711135833194376;-0,27588088541895306;-0,26924214682711184;0,0069955410067022656;113
1,977725887298584;0,038343477086814;0,009749603271484376;0,000410005496162597;12;10;50;{'model__max_depth': 12, 'model__min_samples_split': 10, 'model__n_estimators': 50};-0,26821875124624217;-0,276986468869081;-0,2724598727703393;-0,2555204284156273;-0,2732563599627758;-0,2692883762528131;0,007426498503521029;114
0,4789163112640381;0,03932734098168618;0,005643367767333984;0,0010341327856577607;7;10;15;{'model__max_depth': 7, 'model__min_samples_split': 10, 'model__n_estimators': 15};-0,2673190907684883;-0,27836586719663536;-0,27403984158109246;-0,25446246132592837;-0,272292790614916;-0,2692960102974121;0,008218142340030835;115
1,4511832237243651;0,006108619081074706;0,008445310592651366;0,0010207155469645058;9;5;40;{'model__max_depth': 9, 'model__min_samples_split': 5, 'model__n_estimators': 40};-0,2659060519781888;-0,2769656623940605;-0,2728215002116373;-0,255708339582987;-0,2751457979088107;-0,26930947041513686;0,0077664453193629175;116
0,42905588150024415;0,06324608811330881;0,0043200492858886715;0,0009812187760097188;7;10;10;{'model__max_depth': 7, 'model__min_samples_split': 10, 'model__n_estimators': 10};-0,26776820243642513;-0,27728861990170517;-0,2733117602741079;-0,25707517076360414;-0,2712054493995535;-0,26932984055507914;0,006860486967938424;117
0,5730642795562744;0,005469399847844765;0,006134319305419922;0,00020806916024382373;5;10;25;{'model__max_depth': 5, 'model__min_samples_split': 10, 'model__n_estimators': 25};-0,26561385850503155;-0,2734759390151205;-0,2747962766982644;-0,25672369848660975;-0,2760552977792722;-0,2693330140968596;0,0072804824223701315;118
4,308184432983398;0,04374610855353971;0,017702722549438478;0,000801766802028844;20;10;100;{'model__max_depth': 20, 'model__min_samples_split': 10, 'model__n_estimators': 100};-0,26760801886318397;-0,27678918683496023;-0,27463592631407013;-0,25547725233834756;-0,27232139431123237;-0,26936635573235884;0,00758416759217582;119
1,551183319091797;0,013708030478626725;0,009247350692749023;0,0009338178371476584;10;5;40;{'model__max_depth': 10, 'model__min_samples_split': 5, 'model__n_estimators': 40};-0,26842221450274795;-0,27703745110327155;-0,27231772085216865;-0,2546171604475996;-0,27444750608883367;-0,2693684105989243;0,007896891696132164;120
4,0686482906341555;0,018941212774093098;0,01708674430847168;0,0008872041442908889;14;10;100;{'model__max_depth': 14, 'model__min_samples_split': 10, 'model__n_estimators': 100};-0,2677815982334465;-0,2774396001352916;-0,27360249615647714;-0,25536520988796896;-0,27266015188173676;-0,2693698112589842;0,0076487219264254214;121
0,4639893531799316;0,0024404739699072538;0,004715728759765625;0,0008678823818734339;7;2;15;{'model__max_depth': 7, 'model__min_samples_split': 2, 'model__n_estimators': 15};-0,27018461890147516;-0,27822579315299967;-0,27152261488871826;-0,2543365204393177;-0,27274153098455123;-0,2694022156734124;0,008013613003079973;122
0,4049409866333008;0,0033258870185672402;0,005238199234008789;0,0002238209113584006;6;10;15;{'model__max_depth': 6, 'model__min_samples_split': 10, 'model__n_estimators': 15};-0,2666658717712164;-0,27890534935280104;-0,27404835309677655;-0,25348664409027805;-0,2739087522443619;-0,2694029941110868;0,008865641638252176;123
2,043431043624878;0,03305645248684952;0,010622167587280273;0,0013557245086695355;14;10;50;{'model__max_depth': 14, 'model__min_samples_split': 10, 'model__n_estimators': 50};-0,268380248832059;-0,27769949650916387;-0,2723666889367356;-0,2550292550704378;-0,2736709171177502;-0,26942932129322933;0,007790731957441952;124
4,213537120819092;0,04538523840061129;0,01779799461364746;0,0013487170005779176;19;10;100;{'model__max_depth': 19, 'model__min_samples_split': 10, 'model__n_estimators': 100};-0,2680099719768513;-0,27681934584120305;-0,2745963894666991;-0,2557916289590776;-0,2719352238794067;-0,2694305120246476;0,007424174050950402;125
1,908958339691162;0,01853794936556776;0,009819936752319337;0,0009820932530734754;11;10;50;{'model__max_depth': 11, 'model__min_samples_split': 10, 'model__n_estimators': 50};-0,2680350894375256;-0,27676771422587537;-0,27243580076805624;-0,255839381966591;-0,27411082065888775;-0,2694377614113872;0,007368003028885405;126
9,094079542160035;0,14761994957066865;0,03291678428649902;0,002420065670281209;15;5;200;{'model__max_depth': 15, 'model__min_samples_split': 5, 'model__n_estimators': 200};-0,2687681834029237;-0,2776875430043335;-0,2731006830992118;-0,2554155406540906;-0,2722437519465372;-0,26944314042141937;0,007568623910762589;127
2,06575231552124;0,024496744162692836;0,010126209259033203;0,0005009799143931659;15;10;50;{'model__max_depth': 15, 'model__min_samples_split': 10, 'model__n_estimators': 50};-0,26852474009183985;-0,27808114137026974;-0,27403373256282715;-0,25422365755260934;-0,27246072790800785;-0,26946479989711075;0,008213016536392066;128
2,0266159534454347;0,029380668193564302;0,0094512939453125;0,0004925335603516152;13;10;50;{'model__max_depth': 13, 'model__min_samples_split': 10, 'model__n_estimators': 50};-0,26735199697749085;-0,2780569120877767;-0,2734301456486019;-0,2554742734034855;-0,2730299467882998;-0,269468654981131;0,007777625918225111;129
4,418531465530395;0,1711411267661657;0,01715989112854004;0,0009298059557536728;;10;100;{'model__max_depth': None, 'model__min_samples_split': 10, 'model__n_estimators': 100};-0,26789052312468226;-0,2769768894227763;-0,27477855747308244;-0,25517045122795856;-0,27264159107394076;-0,2694916024644881;0,007766114474335369;130
0,2755854606628418;0,005568520648750777;0,004896354675292969;0,0006956252946795795;6;5;10;{'model__max_depth': 6, 'model__min_samples_split': 5, 'model__n_estimators': 10};-0,2683791830680326;-0,2766868488465449;-0,27384079436313974;-0,25735173888918683;-0,27121350315750137;-0,2694944136648811;0,00666731891681651;131
4,1736955642700195;0,026950899800770853;0,01730489730834961;0,001658029406824821;17;10;100;{'model__max_depth': 17, 'model__min_samples_split': 10, 'model__n_estimators': 100};-0,26800281198830705;-0,27729339493887273;-0,2741700000275842;-0,2552942119817126;-0,27280809245046095;-0,2695137022773875;0,0077140706114544625;132
4,136993789672852;0,06163369254179589;0,017615318298339844;0,0025829394482226238;16;10;100;{'model__max_depth': 16, 'model__min_samples_split': 10, 'model__n_estimators': 100};-0,2688361719165154;-0,276893067215045;-0,27418391852425966;-0,2551575316380194;-0,27251619477555855;-0,2695173768138796;0,007639889046088515;133
0,6701707363128662;0,007364733722208352;0,005940532684326172;0,0007332205391555023;6;5;25;{'model__max_depth': 6, 'model__min_samples_split': 5, 'model__n_estimators': 25};-0,27026275330989324;-0,27544694040482404;-0,27226340695210133;-0,25596933057017157;-0,2736833594364511;-0,26952515813468825;0,006987999105728862;134
0,590441083908081;0,04430085303310441;0,010527896881103515;0,006381072941277152;6;10;20;{'model__max_depth': 6, 'model__min_samples_split': 10, 'model__n_estimators': 20};-0,268261343481676;-0,27744654289790316;-0,2729062624076991;-0,2555580296348033;-0,27348478171277;-0,26953139202697035;0,007570158958098158;135
4,22462739944458;0,07410795853808283;0,017304039001464842;0,0012176502934818027;12;5;100;{'model__max_depth': 12, 'model__min_samples_split': 5, 'model__n_estimators': 100};-0,26965035593437264;-0,27795240812855415;-0,2724454276897401;-0,25503084853654745;-0,2725951492904058;-0,26953483791592403;0,007733971543190964;136
0,699824047088623;0,005456046330365909;0,005527114868164063;0,0008478710631137118;9;10;20;{'model__max_depth': 9, 'model__min_samples_split': 10, 'model__n_estimators': 20};-0,26859566419319797;-0,27587272107770255;-0,2710994981021772;-0,257093070816535;-0,275050469478204;-0,26954228473356334;0,006763408231994496;137
0,3132333755493164;0,0024194994072691198;0,004238510131835937;0,00024153675917962445;7;2;10;{'model__max_depth': 7, 'model__min_samples_split': 2, 'model__n_estimators': 10};-0,27198079598947406;-0,27649636894541735;-0,2735026563057427;-0,2559503092292274;-0,2700035237420996;-0,26958673084239226;0,007140515802251271;138
1,4969340324401856;0,026031858033259848;0,008914518356323241;0,0006834274521051088;10;10;40;{'model__max_depth': 10, 'model__min_samples_split': 10, 'model__n_estimators': 40};-0,2676463428843111;-0,27669219893821617;-0,2740518961582773;-0,2547312365479395;-0,27496995964215515;-0,2696183268341798;0,008047985525539302;139
8,76675238609314;0,06728014019030923;0,030982017517089844;0,000941622568049984;14;5;200;{'model__max_depth': 14, 'model__min_samples_split': 5, 'model__n_estimators': 200};-0,2686775056447042;-0,2779128962171722;-0,27429376687028095;-0,25546626732801697;-0,2718356370499526;-0,2696372146220254;0,007703768355906273;140
0,7290374279022217;0,005444173989371709;0,005593061447143555;0,0006282817687700197;9;5;20;{'model__max_depth': 9, 'model__min_samples_split': 5, 'model__n_estimators': 20};-0,2662125941244163;-0,277739994182331;-0,27046690598717044;-0,2571829309724549;-0,2766124084825825;-0,26964296674979105;0,007507779899522752;141
2,20627818107605;0,07476065465147586;0,010786628723144532;0,0014135606903482344;12;5;50;{'model__max_depth': 12, 'model__min_samples_split': 5, 'model__n_estimators': 50};-0,26969454872982723;-0,27982355156288036;-0,27087797212483394;-0,2553927598774898;-0,27267377835083567;-0,2696925221291734;0,007967611214157408;142
2,1570952892303468;0,03591063697364344;0,010404825210571289;0,0003787390607022292;20;10;50;{'model__max_depth': 20, 'model__min_samples_split': 10, 'model__n_estimators': 50};-0,26825937446324805;-0,2774439620927448;-0,27354615063470544;-0,25594727068381107;-0,27334576082207673;-0,26970850373931726;0,0074734998439030635;143
0,6972936630249024;0,01438918263485002;0,006950283050537109;0,0007817524034024524;6;10;25;{'model__max_depth': 6, 'model__min_samples_split': 10, 'model__n_estimators': 25};-0,270568406179071;-0,2756622654289809;-0,2728800369055077;-0,2559830232402086;-0,27352503858250404;-0,26972375406725446;0,007059729787542962;144
2,201338052749634;0,08946396684532953;0,010696172714233398;0,001141841680591347;;10;50;{'model__max_depth': None, 'model__min_samples_split': 10, 'model__n_estimators': 50};-0,267889622978394;-0,2779084260447187;-0,27385283610489636;-0,2556331241486438;-0,27337746532313323;-0,2697322949199572;0,007736889600054356;145
0,6718839645385742;0,004534494657093718;0,0056362152099609375;0,0007959929819235113;8;5;20;{'model__max_depth': 8, 'model__min_samples_split': 5, 'model__n_estimators': 20};-0,27070334978980815;-0,2764209400308302;-0,27325096512315383;-0,2553617919783182;-0,27292722231034167;-0,2697328538464904;0,007413243220639932;146
0,9873198509216309;0,00540089804915763;0,006438922882080078;0,0008636411555644722;12;10;25;{'model__max_depth': 12, 'model__min_samples_split': 10, 'model__n_estimators': 25};-0,271390119485315;-0,27597878656050656;-0,270064742916026;-0,2558382291762969;-0,27542305874774564;-0,26973898737717805;0,007311732950032419;147
1,4875596523284913;0,012114337435123178;0,007937812805175781;0,0006745813541246297;9;2;40;{'model__max_depth': 9, 'model__min_samples_split': 2, 'model__n_estimators': 40};-0,2688215912966001;-0,27704781788227695;-0,2726045746937269;-0,2558625686358433;-0,27437459273507175;-0,2697422290487038;0,007436612013094644;148
4,162210369110108;0,03444149826290463;0,016369962692260744;0,0003943536877242549;18;10;100;{'model__max_depth': 18, 'model__min_samples_split': 10, 'model__n_estimators': 100};-0,2679274235575272;-0,27772189583877843;-0,2752153502953796;-0,2556946628766885;-0,2722553447682815;-0,26976293546733104;0,007753339660178876;149
9,345831251144409;0,07428002857029863;0,032526683807373044;0,0004997530822115928;13;2;200;{'model__max_depth': 13, 'model__min_samples_split': 2, 'model__n_estimators': 200};-0,2694509448310816;-0,27785982491560773;-0,27301868492300935;-0,2559663335550482;-0,27252987456791783;-0,26976513255853296;0,007406200288801061;150
2,10790901184082;0,04081853431075107;0,010153675079345703;0,0006852167649800432;16;10;50;{'model__max_depth': 16, 'model__min_samples_split': 10, 'model__n_estimators': 50};-0,26955105866511303;-0,2776083058590958;-0,27319027603710616;-0,2553288614848324;-0,27337072071710705;-0,26980984455265083;0,00767709574740137;151
2,096850347518921;0,034116688565896766;0,010559797286987305;0,0012325372056598755;19;10;50;{'model__max_depth': 19, 'model__min_samples_split': 10, 'model__n_estimators': 50};-0,26854839094716787;-0,27776102697711763;-0,273645308664759;-0,25588609998071926;-0,2732478828769604;-0,2698177418893449;0,0075526658960314965;152
9,059022188186646;0,08805948930911836;0,030594778060913087;0,0009460181282463873;16;5;200;{'model__max_depth': 16, 'model__min_samples_split': 5, 'model__n_estimators': 200};-0,26912807934248034;-0,2775165967605689;-0,27360130713783154;-0,2560830474497728;-0,2728593477025656;-0,26983767567864386;0,007375019691335406;153
0,4639285564422607;0,004051284310584259;0,006049060821533203;0,0008924220938934589;5;10;20;{'model__max_depth': 5, 'model__min_samples_split': 10, 'model__n_estimators': 20};-0,265029866966091;-0,27527955750530225;-0,2749942245539928;-0,2578610447221634;-0,2760431404993145;-0,26984156684937277;0,007228644488947216;154
9,167194890975953;0,1294269923481121;0,032352352142333986;0,0014062863943217624;19;5;200;{'model__max_depth': 19, 'model__min_samples_split': 5, 'model__n_estimators': 200};-0,2693141932735831;-0,27747579312411613;-0,2738002029617244;-0,2563258217224456;-0,27229846608533165;-0,26984289543344014;0,007251786606602128;155
0,23626575469970704;0,002926972556640481;0,004564476013183594;0,0005153545928008204;5;2;10;{'model__max_depth': 5, 'model__min_samples_split': 2, 'model__n_estimators': 10};-0,26787828045542056;-0,2734468638553011;-0,27375206356014453;-0,25764210631019074;-0,2766083550787852;-0,26986553385196843;0,006734360144710066;156
3,8323014259338377;0,04663805549386743;0,027513694763183594;0,0021075104149732935;4;10;200;{'model__max_depth': 4, 'model__min_samples_split': 10, 'model__n_estimators': 200};-0,26419097801201463;-0,2758405186765743;-0,2759460089883235;-0,25860188068880247;-0,2747810374333032;-0,2698720847598036;0,007154090424157387;157
9,429023551940919;0,1468746686586314;0,03156118392944336;0,0007336625782603614;20;5;200;{'model__max_depth': 20, 'model__min_samples_split': 5, 'model__n_estimators': 200};-0,2692939244300458;-0,2772734404054916;-0,27381776642137096;-0,25614870908493015;-0,2728372121155186;-0,2698742104914714;0,007318548163275756;158
0,9617947101593017;0,01028806888015599;0,006541824340820313;0,0008927422345797314;11;10;25;{'model__max_depth': 11, 'model__min_samples_split': 10, 'model__n_estimators': 25};-0,2713127225289239;-0,27711043345072817;-0,270037631320639;-0,2555223034561581;-0,275469922671712;-0,26989060268563225;0,007638675707209951;159
3,863768482208252;0,04952843328555045;0,028779888153076173;0,002352559801084218;4;5;200;{'model__max_depth': 4, 'model__min_samples_split': 5, 'model__n_estimators': 200};-0,26425006093789183;-0,2758458119706469;-0,275859573184101;-0,25861223464615213;-0,27489650499095536;-0,2698928371459494;0,0071438008959972925;160
0,34752330780029295;0,002489089457011262;0,005353212356567383;0,0009768232471520169;5;10;15;{'model__max_depth': 5, 'model__min_samples_split': 10, 'model__n_estimators': 15};-0,26372079149029437;-0,27692440064639584;-0,2758604474330632;-0,25572750044650716;-0,27724537487981477;-0,26989570297921506;0,008693284065836625;161
3,795313262939453;0,02229594869494105;0,02641901969909668;0,0008434302151227612;4;2;200;{'model__max_depth': 4, 'model__min_samples_split': 2, 'model__n_estimators': 200};-0,2643916888170354;-0,27577169911086724;-0,2756009788379986;-0,2587179135218317;-0,2750278667199014;-0,2699020294015269;0,007052000521244932;162
9,577064323425294;0,06290023051535304;0,0330357551574707;0,0009683500834618395;14;2;200;{'model__max_depth': 14, 'model__min_samples_split': 2, 'model__n_estimators': 200};-0,2698342113134835;-0,27818559092669304;-0,27345163622253205;-0,25548521650819084;-0,27255464285358433;-0,2699022595648968;0,0076954863560482764;163
2,049092483520508;0,032091477637272686;0,009800338745117187;0,0004503099403864397;10;2;50;{'model__max_depth': 10, 'model__min_samples_split': 2, 'model__n_estimators': 50};-0,2706111897526377;-0,2775730248886952;-0,2706549239929748;-0,256925455782587;-0,27389904252842884;-0,2699327273890647;0,006989660870539766;164
0,4928943157196045;0,005416155833511948;0,005022716522216797;0,0005555985638002726;8;10;15;{'model__max_depth': 8, 'model__min_samples_split': 10, 'model__n_estimators': 15};-0,27121949969381787;-0,2787914795101702;-0,2726750155677322;-0,25458942430440135;-0,2724563154820629;-0,2699463469116369;0,008117116920635272;165
0,2771439075469971;0,002654889386700011;0,0039463996887207035;0,00048604506708371787;6;2;10;{'model__max_depth': 6, 'model__min_samples_split': 2, 'model__n_estimators': 10};-0,2687808007517721;-0,27583430172365125;-0,27430799309101395;-0,2588145094473404;-0,2720378558944551;-0,2699550921816466;0,0060554487838831465;166
0,7502861022949219;0,010036131962786875;0,007020807266235352;0,0011177266069429075;10;10;20;{'model__max_depth': 10, 'model__min_samples_split': 10, 'model__n_estimators': 20};-0,2704354514893698;-0,2769651756942174;-0,27195911055878624;-0,25570005291940895;-0,27471973521905385;-0,2699559051761672;0,007473902192438657;167
1,6399612903594971;0,012820067155121842;0,009086704254150391;0,0011026246244555714;14;10;40;{'model__max_depth': 14, 'model__min_samples_split': 10, 'model__n_estimators': 40};-0,2694353051215302;-0,27677613891570946;-0,27303420545316115;-0,25465703577581883;-0,2759389866003149;-0,2699683343733069;0,00807606885936975;168
0,7923474788665772;0,009929847106824399;0,005827474594116211;0,00039935014923888685;12;10;20;{'model__max_depth': 12, 'model__min_samples_split': 10, 'model__n_estimators': 20};-0,27102623806817816;-0,2755556454464548;-0,2716763150818357;-0,2559746045994934;-0,27562663893374373;-0,2699718884259411;0,007253898588775196;169
9,952163362503052;0,12241478658275068;0,033902215957641604;0,001106622555020626;16;2;200;{'model__max_depth': 16, 'model__min_samples_split': 2, 'model__n_estimators': 200};-0,2700506617697255;-0,2783228187620272;-0,2735215722928498;-0,2553317720510316;-0,27264493762725744;-0,26997435250057833;0,007795160901714325;170
9,140913963317871;0,1754959868316554;0,03171873092651367;0,0012529271489487316;18;5;200;{'model__max_depth': 18, 'model__min_samples_split': 5, 'model__n_estimators': 200};-0,26974472288585555;-0,27783864376684736;-0,2735645404901078;-0,2563601533603449;-0,272393241594777;-0,26998026041958656;0,0072936482619230525;171
9,406466102600097;0,2958146850709492;0,035080480575561526;0,004456640016303948;;5;200;{'model__max_depth': None, 'model__min_samples_split': 5, 'model__n_estimators': 200};-0,2696086121295152;-0,27727342879691674;-0,2738065606535804;-0,25623526961682286;-0,2730008013915254;-0,26998493451767214;0,007294070627674488;172
2,0894991874694826;0,01933151644422301;0,010155820846557617;0,0009398461065577809;17;10;50;{'model__max_depth': 17, 'model__min_samples_split': 10, 'model__n_estimators': 50};-0,26860425107533736;-0,27790762188005863;-0,27375946511933485;-0,2558933566508754;-0,2737692499030953;-0,2699867889257403;0,007639580297256434;173
9,101321840286255;0,14304144447198927;0,031889486312866214;0,0017896860642974337;17;5;200;{'model__max_depth': 17, 'model__min_samples_split': 5, 'model__n_estimators': 200};-0,2694529787197136;-0,2774571962230653;-0,27403090736052715;-0,25614318421142895;-0,2728522654494607;-0,2699873063928392;0,0073797449589237535;174
2,1514918327331545;0,031589112429107266;0,010456228256225586;0,0010238129038413358;11;2;50;{'model__max_depth': 11, 'model__min_samples_split': 2, 'model__n_estimators': 50};-0,270325893337216;-0,2782096648656623;-0,2702689286803533;-0,25561850003511993;-0,27557288566111515;-0,26999917451589334;0,007816159142871086;175
0,31295342445373536;0,03345800505464913;0,0059432506561279295;0,002116824982146364;6;10;10;{'model__max_depth': 6, 'model__min_samples_split': 10, 'model__n_estimators': 10};-0,2690646992494595;-0,2777066855699626;-0,274392009578721;-0,25640593784006754;-0,27242786172011096;-0,2699994387916643;0,007351878332414403;176
1,8847157955169678;0,016920169854831718;0,014881134033203125;0,000805794315777142;4;2;100;{'model__max_depth': 4, 'model__min_samples_split': 2, 'model__n_estimators': 100};-0,265356997396569;-0,27628831615380095;-0,2754771805581126;-0,2577214388329128;-0,2752957996700117;-0,2700279465222814;0,007347170251600915;177
0,9490625381469726;0,008446328032602564;0,009217166900634765;0,0008441686007385766;4;2;50;{'model__max_depth': 4, 'model__min_samples_split': 2, 'model__n_estimators': 50};-0,264698131896671;-0,2767782468804502;-0,2740890318185523;-0,2580417573985454;-0,276551737720164;-0,2700317811428766;0,007439010692752288;178
10,073309326171875;0,1104017613351819;0,03330950736999512;0,0015674021190752363;17;2;200;{'model__max_depth': 17, 'model__min_samples_split': 2, 'model__n_estimators': 200};-0,27110430348604614;-0,2772620803431873;-0,27350618506075897;-0,2554193742320228;-0,27291242923747394;-0,27004087447189784;0,00758049034056925;179
0,515781021118164;0,0035501345067163737;0,005140352249145508;0,0011384291911822732;8;2;15;{'model__max_depth': 8, 'model__min_samples_split': 2, 'model__n_estimators': 15};-0,2721912167077031;-0,2790222206236411;-0,27167313642618274;-0,25633160140581157;-0,2709995507422525;-0,27004354518111817;0,007440645429589406;180
0,936316728591919;0,011175542099757307;0,006339836120605469;0,00024102641568850877;9;2;25;{'model__max_depth': 9, 'model__min_samples_split': 2, 'model__n_estimators': 25};-0,27236900205957426;-0,27724121057554796;-0,2696166418407915;-0,25664388087223566;-0,2743585462419498;-0,2700458563180198;0,007149357933754074;181
9,867750644683838;0,12691594517396365;0,03438525199890137;0,0020547170453730132;15;2;200;{'model__max_depth': 15, 'model__min_samples_split': 2, 'model__n_estimators': 200};-0,2703348282797848;-0,2779275323156214;-0,2733180815183954;-0,25580212008463876;-0,2729035643795942;-0,2700572253156069;0,007536068604632215;182
0,943143892288208;0,008779444939143784;0,00874156951904297;0,0008682239322746715;4;5;50;{'model__max_depth': 4, 'model__min_samples_split': 5, 'model__n_estimators': 50};-0,2644077956384916;-0,2767927030270505;-0,2744755799076462;-0,25803535677775097;-0,276626165680789;-0,2700675202063456;0,007542948279259936;183
1,0257158279418945;0,009941451913180728;0,007372713088989258;0,0008043755350903534;14;10;25;{'model__max_depth': 14, 'model__min_samples_split': 10, 'model__n_estimators': 25};-0,271229454929515;-0,27709305905850234;-0,2698656294993059;-0,256826946573739;-0,2753282961954895;-0,27006867725131034;0,007123729300813225;184
1,0336287021636963;0,04305810098874826;0,010199594497680663;0,0006510054538975821;4;10;50;{'model__max_depth': 4, 'model__min_samples_split': 10, 'model__n_estimators': 50};-0,264143309501105;-0,2768071013613747;-0,2746748225442586;-0,2581509914981764;-0,27664168387476723;-0,27008358175593633;0,007575849206302743;185
1,8796069145202636;0,01244954308560831;0,014143228530883789;6,33703845938758e-05;4;5;100;{'model__max_depth': 4, 'model__min_samples_split': 5, 'model__n_estimators': 100};-0,26533027544927384;-0,27635218512911736;-0,27580812778462105;-0,25768243263757723;-0,27527747493306437;-0,27009009918673077;0,007421920906832934;186
4,040593051910401;0,04850041885194853;0,01714940071105957;0,0008576679421143501;11;5;100;{'model__max_depth': 11, 'model__min_samples_split': 5, 'model__n_estimators': 100};-0,26951986185398175;-0,2787026707485588;-0,273457462087221;-0,2555334531531237;-0,273326325228253;-0,27010795461422765;0,007851219027450035;187
0,23412485122680665;0,0007974796816790215;0,00455164909362793;0,0007738508397054528;5;5;10;{'model__max_depth': 5, 'model__min_samples_split': 5, 'model__n_estimators': 10};-0,26902687021967386;-0,27353024521428115;-0,27419060655647487;-0,2560363320679517;-0,27775664594248145;-0,2701081400001726;0,0075638866100547104;188
1,9520516395568848;0,05927584996886215;0,014178800582885741;0,0006675505532491217;4;10;100;{'model__max_depth': 4, 'model__min_samples_split': 10, 'model__n_estimators': 100};-0,2652410952930398;-0,27650590013048143;-0,2759349140028064;-0,25768547096056116;-0,27524723401557877;-0,2701229228804935;0,007473990297600326;189
1,0566518783569336;0,007076566022318;0,008852958679199219;0,004672697424553573;12;5;25;{'model__max_depth': 12, 'model__min_samples_split': 5, 'model__n_estimators': 25};-0,27222855807317886;-0,27886084315775567;-0,27085247891255726;-0,25530867943143076;-0,27344523630683226;-0,270139159176351;0,00789703057768929;190
1,6460662364959717;0,02666802108166831;0,01120896339416504;0,005542833089116112;10;2;40;{'model__max_depth': 10, 'model__min_samples_split': 2, 'model__n_estimators': 40};-0,2702164379532048;-0,2768965431886623;-0,2723414753436919;-0,25585097915167815;-0,2754618688273916;-0,27015346089292575;0,007523306599513006;191
1,5866196155548096;0,035342999300669795;0,009154415130615235;0,0008037281698925797;12;10;40;{'model__max_depth': 12, 'model__min_samples_split': 10, 'model__n_estimators': 40};-0,26909241274562706;-0,27667109033304343;-0,27448246258354203;-0,2548054312811181;-0,27573240664040205;-0,27015676071674655;0,008112116450112825;192
2,171113395690918;0,009845188630195456;0,011155796051025391;0,0006736979306679932;13;5;50;{'model__max_depth': 13, 'model__min_samples_split': 5, 'model__n_estimators': 50};-0,2701147298006022;-0,27902003890730875;-0,2727373260324541;-0,25454953754760556;-0,2743631568587273;-0,2701569578293396;0,008324637740949636;193
10,108193254470825;0,04618374053033547;0,03299283981323242;0,001288374690918073;18;2;200;{'model__max_depth': 18, 'model__min_samples_split': 2, 'model__n_estimators': 200};-0,27036789165256364;-0,2777656279723276;-0,27410241417794484;-0,2561236704808855;-0,27270238769985633;-0,2702123983967156;0,007441773699445205;194
1,1087496280670166;0,03301458890356708;0,006753301620483399;0,0011330929858172066;20;10;25;{'model__max_depth': 20, 'model__min_samples_split': 10, 'model__n_estimators': 25};-0,27065517078602497;-0,2767040955277322;-0,2711936179658195;-0,257110882736239;-0,27540133950088735;-0,2702130213033406;0,006955225248927449;195
1,5327759742736817;0,012512323536526714;0,009181642532348632;0,0010210634730205125;11;10;40;{'model__max_depth': 11, 'model__min_samples_split': 10, 'model__n_estimators': 40};-0,2686514780798855;-0,27704979568826044;-0,2745932881651964;-0,2550080513332111;-0,2758188386112383;-0,2702242903755584;0,008136120740650413;196
1,0134530544281006;0,006296287153650006;0,006529951095581054;0,0008372396199668022;10;2;25;{'model__max_depth': 10, 'model__min_samples_split': 2, 'model__n_estimators': 25};-0,27395061855776714;-0,27802739756297856;-0,26910934022872507;-0,2553473085625907;-0,27474290156982034;-0,27023551329637635;0,007971937312201317;197
2,100167655944824;0,02951126167820489;0,009912776947021484;0,0007985314343137662;18;10;50;{'model__max_depth': 18, 'model__min_samples_split': 10, 'model__n_estimators': 50};-0,2690339941558191;-0,27767484053420655;-0,274206102283326;-0,25667816063751425;-0,2735873542499053;-0,27023609037215424;0,007315592417970815;198
0,12211461067199707;0,0014022498232659653;0,0033254623413085938;0,000842866956337225;5;2;5;{'model__max_depth': 5, 'model__min_samples_split': 2, 'model__n_estimators': 5};-0,2669039554297265;-0,2702961793610136;-0,27326765338959624;-0,2595726188117423;-0,28114202949800376;-0,27023648729801647;0,007112611917411926;199
0,8241100788116456;0,009122039399943261;0,0057314872741699215;0,0008736293964174417;14;10;20;{'model__max_depth': 14, 'model__min_samples_split': 10, 'model__n_estimators': 20};-0,2706084332477633;-0,27759968534603957;-0,27093368445873706;-0,2569884720934928;-0,275099921905394;-0,27024603941028535;0,007127461820173366;200
1,663869571685791;0,019389278937425817;0,008117866516113282;0,0004908840973052449;15;10;40;{'model__max_depth': 15, 'model__min_samples_split': 10, 'model__n_estimators': 40};-0,2694136002436036;-0,2772922107865102;-0,2757148443620022;-0,2541019588647056;-0,2747431458453249;-0,2702531520204293;0,008498286458262089;201
4,356736755371093;0,06359333863208387;0,01694512367248535;0,0011688765291593152;11;2;100;{'model__max_depth': 11, 'model__min_samples_split': 2, 'model__n_estimators': 100};-0,27013061599476057;-0,27790193687255726;-0,2730779276978467;-0,25534004800633076;-0,2751182875767597;-0,270313763229651;0,007906328214067943;202
1,7625920295715332;0,022613813262435497;0,008843612670898438;0,0006075816969395595;11;2;40;{'model__max_depth': 11, 'model__min_samples_split': 2, 'model__n_estimators': 40};-0,26955406813818067;-0,27823780498857115;-0,2719271686774615;-0,25524020627684985;-0,2766999284637208;-0,27033183530895677;0,0081726892045895;203
1,0465484619140626;0,006529455542433971;0,006015253067016601;0,0005481701056461713;16;10;25;{'model__max_depth': 16, 'model__min_samples_split': 10, 'model__n_estimators': 25};-0,27289256466480155;-0,2767634699701571;-0,2715135998301274;-0,25590811852852796;-0,27494993868152284;-0,27040553833502734;0,007465428996032396;204
10,17665057182312;0,1444410170036523;0,035616827011108396;0,0030742660277618935;20;2;200;{'model__max_depth': 20, 'model__min_samples_split': 2, 'model__n_estimators': 200};-0,2710663126280233;-0,27754041982319655;-0,2742251422051262;-0,25611012521924315;-0,27314731934909153;-0,27041786384493616;0,007453964984221799;205
1,043186616897583;0,01458890320579672;0,0066680908203125;0,0007584424552844829;15;10;25;{'model__max_depth': 15, 'model__min_samples_split': 10, 'model__n_estimators': 25};-0,271861966000542;-0,27723821805861065;-0,2720825561233414;-0,2569679587059196;-0,27394026830005364;-0,27041819343769347;0,006995443429381924;206
4,485333347320557;0,044184429897213835;0,016733694076538085;0,0004215943107473894;12;2;100;{'model__max_depth': 12, 'model__min_samples_split': 2, 'model__n_estimators': 100};-0,2714569850208929;-0,2776296617210481;-0,2735961188032184;-0,2552642947973827;-0,2741662688282883;-0,2704226658341661;0,007834183882278304;207
1,0746068477630615;0,02983873125482517;0,006522464752197266;0,0009402922195869156;;10;25;{'model__max_depth': None, 'model__min_samples_split': 10, 'model__n_estimators': 25};-0,27110836380933073;-0,2772981534220132;-0,2718914401912617;-0,25666693026531684;-0,2752279133659521;-0,27043856021077495;0,007241673993237298;208
1,1261789798736572;0,017154620041921722;0,008116817474365235;0,0013224681607937338;11;2;25;{'model__max_depth': 11, 'model__min_samples_split': 2, 'model__n_estimators': 25};-0,2733439516749763;-0,27906972929618257;-0,26838745714663603;-0,2559000550367956;-0,27553482763383247;-0,2704472041576846;0,008055868716320068;209
0,9297343254089355;0,032094636569627015;0,006241130828857422;0,0002404387432547597;14;5;20;{'model__max_depth': 14, 'model__min_samples_split': 5, 'model__n_estimators': 20};-0,2716260325484353;-0,2802014353853481;-0,2719438876144576;-0,2537029871787086;-0,27479149224478866;-0,2704531669943476;0,008922064649317675;210
1,7225307464599608;0,035313463606300693;0,007753324508666992;0,00039810801082125035;12;5;40;{'model__max_depth': 12, 'model__min_samples_split': 5, 'model__n_estimators': 40};-0,2698116751227506;-0,2790395707378022;-0,27369329628356437;-0,25513480482559225;-0,27458659555730314;-0,2704531885054025;0,00820211838604729;211
1,0520809173583985;0,006146789761895998;0,006730270385742187;0,0003861965463210139;19;10;25;{'model__max_depth': 19, 'model__min_samples_split': 10, 'model__n_estimators': 25};-0,27148444216982115;-0,2769470785585772;-0,27156584282766294;-0,2571869440953253;-0,27520098684074856;-0,270477058898427;0,006971428441670291;212
10,086503601074218;0,07277145886819746;0,03325166702270508;0,0010043906498159948;19;2;200;{'model__max_depth': 19, 'model__min_samples_split': 2, 'model__n_estimators': 200};-0,2704095056656641;-0,2774813574369715;-0,27422434138179785;-0,2570033076016717;-0,2732745683138511;-0,27047861607999124;0,007105982103532491;213
0,8714271545410156;0,004840649256500016;0,0056515693664550785;0,0007290185458601057;13;5;20;{'model__max_depth': 13, 'model__min_samples_split': 5, 'model__n_estimators': 20};-0,2708957931068385;-0,27983604321951244;-0,26988297130238326;-0,2548914683678142;-0,27692453869974953;-0,2704861629392596;0,008632486078644818;214
4,334259128570556;0,08385903124255974;0,01719365119934082;0,000617014690989999;13;5;100;{'model__max_depth': 13, 'model__min_samples_split': 5, 'model__n_estimators': 100};-0,2701079826682462;-0,27787560756055957;-0,2734015737075894;-0,25631726306663205;-0,2747497357568946;-0,27049043255198435;0,007512419286762328;215
0,9737705230712891;0,002131127039925393;0,006510543823242188;0,0008675410377207944;10;5;25;{'model__max_depth': 10, 'model__min_samples_split': 5, 'model__n_estimators': 25};-0,2723761334617195;-0,27864465151340073;-0,2702349078397883;-0,2560938855307105;-0,27513335368231406;-0,27049658640558666;0,007732134777393392;216
10,092659711837769;0,12168824673963712;0,03377556800842285;0,0015515999331315706;;2;200;{'model__max_depth': None, 'model__min_samples_split': 2, 'model__n_estimators': 200};-0,2706747388752487;-0,27796481832564063;-0,2738867158763014;-0,25673270621924027;-0,2732255871538632;-0,2704969132900588;0,007268989564943587;217
0,8452773571014405;0,009418003951062494;0,0055425167083740234;0,0007692849355946953;19;10;20;{'model__max_depth': 19, 'model__min_samples_split': 10, 'model__n_estimators': 20};-0,27071900214127004;-0,276569658588998;-0,2723294791225103;-0,25775641396718496;-0,27511163926245735;-0,27049723861648417;0,006691814024928988;218
0,8543221950531006;0,02734777337591424;0,005647516250610352;0,0008231513311273699;15;10;20;{'model__max_depth': 15, 'model__min_samples_split': 10, 'model__n_estimators': 20};-0,27100285058450685;-0,2768418114868193;-0,2730240567697892;-0,2568983673081682;-0,2748316833532748;-0,2705197539005117;0,007079664338023801;219
0,7524051189422607;0,0030789376058426355;0,007849407196044923;0,0002247661056382791;4;2;40;{'model__max_depth': 4, 'model__min_samples_split': 2, 'model__n_estimators': 40};-0,2657411726449274;-0,27659134101375277;-0,275769573515071;-0,2574569273144908;-0,27709295976219406;-0,27053039485008723;0,007760200028901027;220
0,7561542510986328;0,0029453143610301863;0,007836484909057617;0,001185180350006942;4;5;40;{'model__max_depth': 4, 'model__min_samples_split': 5, 'model__n_estimators': 40};-0,2657241945882088;-0,2765763613109617;-0,2757768870378492;-0,2573146406115048;-0,27727628470587173;-0,27053367365087927;0,007840179691408353;221
0,7720887660980225;0,00820969677679998;0,006452035903930664;0,0005652598389245006;11;10;20;{'model__max_depth': 11, 'model__min_samples_split': 10, 'model__n_estimators': 20};-0,2717914587515067;-0,27769443518038284;-0,27184531082527513;-0,2554323647460777;-0,2759966452470817;-0,2705520429500648;0,007905325082024467;222
0,9327425956726074;0,04942503180746401;0,010479259490966796;0,00796617043123898;20;10;20;{'model__max_depth': 20, 'model__min_samples_split': 10, 'model__n_estimators': 20};-0,270063033412733;-0,2767173085536277;-0,2723150137414738;-0,25819543916129356;-0,2754795823184242;-0,2705540754375105;0,006607934277303607;223
0,8333786010742188;0,007285918924777989;0,0061263561248779295;0,0002127052071663213;16;10;20;{'model__max_depth': 16, 'model__min_samples_split': 10, 'model__n_estimators': 20};-0,27232709590051113;-0,27680667658167774;-0,272470674988741;-0,2565134556490824;-0,27485135342110895;-0,2705938513082243;0,007232007577182159;224
0,7558629512786865;0,006837825011978745;0,00537405014038086;0,0007726098845616793;9;2;20;{'model__max_depth': 9, 'model__min_samples_split': 2, 'model__n_estimators': 20};-0,2711863732804536;-0,27679101891646696;-0,2723856355551241;-0,2567377646252798;-0,2759507282007521;-0,27061030411561526;0,0072477910313733475;225
1,6134499549865722;0,02140041428057403;0,009430694580078124;0,0011471487414625246;13;10;40;{'model__max_depth': 13, 'model__min_samples_split': 10, 'model__n_estimators': 40};-0,269070670138867;-0,27790074753045446;-0,2753583382558124;-0,2554106402694979;-0,2753716666862433;-0,27062241257617503;0,008145728790644421;226
1,6751612663269042;0,0175936101822532;0,00877237319946289;0,000854309469084486;16;10;40;{'model__max_depth': 16, 'model__min_samples_split': 10, 'model__n_estimators': 40};-0,2711634114995904;-0,27703263615778045;-0,27519907230657276;-0,25447655191349144;-0,275259366614036;-0,2706262076982942;0,008300837882556434;227
0,7687593936920166;0,021519346035500687;0,009952783584594727;0,00358376502705218;4;10;40;{'model__max_depth': 4, 'model__min_samples_split': 10, 'model__n_estimators': 40};-0,26559103268005513;-0,27655538202612495;-0,27608698501531065;-0,2575148957395263;-0,2773831379982799;-0,2706262866918594;0,007847175197584705;228
1,7266643047332764;0,013105269445751962;0,008742904663085938;0,0008840605741837799;13;5;40;{'model__max_depth': 13, 'model__min_samples_split': 5, 'model__n_estimators': 40};-0,2695710681176422;-0,27892692177819955;-0,2738326412622397;-0,25469456609299884;-0,2761095834855722;-0,2706269561473305;0,00853441270895893;229
0,8521781921386719;0,004230988826644449;0,00592494010925293;0,00036977933030417413;12;5;20;{'model__max_depth': 12, 'model__min_samples_split': 5, 'model__n_estimators': 20};-0,2713127507031633;-0,2787001231970495;-0,2734268129882204;-0,25499883537243134;-0,27470640780022165;-0,27062898601221724;0,00817759870446466;230
1,7404478549957276;0,045494329002961915;0,009404802322387695;0,0008119936829610599;20;10;40;{'model__max_depth': 20, 'model__min_samples_split': 10, 'model__n_estimators': 40};-0,2691619518475495;-0,27739838900557295;-0,2755266653678786;-0,25487898516102553;-0,27618202286208476;-0,2706296028488223;0,008376908885307476;231
2,098066520690918;0,05202405881570338;0,01046299934387207;0,0007451337318139036;11;5;50;{'model__max_depth': 11, 'model__min_samples_split': 5, 'model__n_estimators': 50};-0,27102204029924315;-0,2788488685712842;-0,2723936569393075;-0,255900792824367;-0,27505591791755307;-0,270644255310351;0,00784029666982202;232
2,2789119243621827;0,02417698448064656;0,010546493530273437;0,0009923969762162912;12;2;50;{'model__max_depth': 12, 'model__min_samples_split': 2, 'model__n_estimators': 50};-0,27266977173292345;-0,2788108664214161;-0,27161538735970875;-0,2564500536939969;-0,2736786855774665;-0,27064495295710234;0,007515616746653769;233
4,426633358001709;0,0305771172766328;0,017751121520996095;0,002082580502528782;14;5;100;{'model__max_depth': 14, 'model__min_samples_split': 5, 'model__n_estimators': 100};-0,27189880181272635;-0,2781356515103479;-0,2751971900791065;-0,2552660128148467;-0,27283253044647404;-0,2706660373327003;0,007996257086911528;234
0,23611526489257811;0,0018470067269986635;0,004425954818725586;0,0003831651799505308;5;10;10;{'model__max_depth': 5, 'model__min_samples_split': 10, 'model__n_estimators': 10};-0,2672031972510787;-0,2756126705336792;-0,2755857468663425;-0,2574184816258797;-0,27758966036881644;-0,2706819513291593;0,007537864488387387;235
1,7498272895812987;0,0685420502930026;0,00858001708984375;0,00033438619740280845;;10;40;{'model__max_depth': None, 'model__min_samples_split': 10, 'model__n_estimators': 40};-0,2691340712189049;-0,2779606787961204;-0,2756517834331637;-0,25478505058775575;-0,27592037961254046;-0,2706903927296971;0,00848795929881803;236
0,47573466300964357;0,003127746277814339;0,006733465194702149;0,0005251900868747807;4;5;25;{'model__max_depth': 4, 'model__min_samples_split': 5, 'model__n_estimators': 25};-0,26693393536989823;-0,27720026187196034;-0,2734671877620174;-0,258053592030796;-0,27782973385198434;-0,27069694217733126;0,007414292520324578;237
1,0900997638702392;0,005490550394600491;0,007344818115234375;0,0008802340012278136;13;5;25;{'model__max_depth': 13, 'model__min_samples_split': 5, 'model__n_estimators': 25};-0,2730843453866414;-0,27938176823636673;-0,26937816685336546;-0,2552938346929348;-0,27634857001954916;-0,27069733703777155;0,008391205905921453;238
0,4786667823791504;0,006077327142631554;0,0063416481018066405;0,0003973105922009081;4;2;25;{'model__max_depth': 4, 'model__min_samples_split': 2, 'model__n_estimators': 25};-0,26728278791290083;-0,27713882216282026;-0,27364733530805024;-0,25810298030122736;-0,2776143714244364;-0,270757259421887;0,007325293154407899;239
0,7801008701324463;0,005462635303081625;0,005535697937011719;0,0007603631868234495;10;5;20;{'model__max_depth': 10, 'model__min_samples_split': 5, 'model__n_estimators': 20};-0,27134312799849264;-0,27847370989776576;-0,2722444087319541;-0,2557361768798129;-0,2760791780516306;-0,2707753203119312;0,007950504017543108;240
1,6773216724395752;0,022148625150901973;0,009239816665649414;0,0010462392805398808;19;10;40;{'model__max_depth': 19, 'model__min_samples_split': 10, 'model__n_estimators': 40};-0,2696045038388837;-0,27764415560402017;-0,2756279032201237;-0,25514453919669655;-0,27588766331220055;-0,2707817530343849;0,008277154495229345;241
0,47690548896789553;0,0023947973213119876;0,005941152572631836;0,0010212088569812993;4;10;25;{'model__max_depth': 4, 'model__min_samples_split': 10, 'model__n_estimators': 25};-0,2667520296137865;-0,27730453965989926;-0,27366599518110996;-0,258372891815672;-0,2778530627969921;-0,270789703813492;0,007363249437565346;242
0,8866424083709716;0,01617240792682305;0,006234121322631836;0,00023362648123341115;11;2;20;{'model__max_depth': 11, 'model__min_samples_split': 2, 'model__n_estimators': 20};-0,27146799774525904;-0,27967758221745465;-0,2691201473053221;-0,2561594323846198;-0,27756780670909925;-0,27079859327235095;0,008273197809178621;243
1,0073530197143554;0,010467857468518601;0,006620168685913086;0,0003756747259681877;13;10;25;{'model__max_depth': 13, 'model__min_samples_split': 10, 'model__n_estimators': 25};-0,27159896376713455;-0,27779751955028653;-0,2722198402914975;-0,25777076044687125;-0,27464496866844634;-0,2708064105448472;0,006872615678617832;244
0,12132673263549805;0,002024645629037649;0,0036265373229980467;0,0007941308564734377;5;5;5;{'model__max_depth': 5, 'model__min_samples_split': 5, 'model__n_estimators': 5};-0,26837442867379635;-0,2718269937266816;-0,2724005556021787;-0,2584373311482416;-0,28309318136100425;-0,2708264981023805;0,00791775560338208;245
2,2299851894378664;0,028746378901560322;0,010802459716796876;0,0008407074867763995;14;5;50;{'model__max_depth': 14, 'model__min_samples_split': 5, 'model__n_estimators': 50};-0,2718524674040834;-0,280022338210091;-0,2737996511105198;-0,2548101172809292;-0,2736505767339251;-0,27082703014790976;0,008472964067243034;246
0,8596646785736084;0,019719870622779894;0,006243848800659179;0,00040005238295990253;;10;20;{'model__max_depth': None, 'model__min_samples_split': 10, 'model__n_estimators': 20};-0,27033112682723826;-0,2774702563968231;-0,2732326489348699;-0,25761428360357924;-0,2756188562347396;-0,2708534343994501;0,007038468006811196;247
4,485780334472656;0,044397481842795954;0,01676068305969238;0,0007506496280329047;16;5;100;{'model__max_depth': 16, 'model__min_samples_split': 5, 'model__n_estimators': 100};-0,2721997273024975;-0,27788444195779616;-0,27383489742485195;-0,25596161581853094;-0,27448443574722436;-0,2708730236501801;0,0076822549603483;248
0,8226261615753174;0,007679364963233891;0,005720376968383789;0,0008801263230805318;10;2;20;{'model__max_depth': 10, 'model__min_samples_split': 2, 'model__n_estimators': 20};-0,2738194972171288;-0,277290832068414;-0,2716879015667148;-0,2555022967768951;-0,2761677949863153;-0,2708936645230936;0,00793505784830391;249
4,655966901779175;0,04164595138518606;0,018314170837402343;0,0009327384385973529;13;2;100;{'model__max_depth': 13, 'model__min_samples_split': 2, 'model__n_estimators': 100};-0,27298079498864775;-0,2788116393227421;-0,27268653081871624;-0,2563334281526657;-0,273756689621413;-0,27091381658083696;0,007621813083660276;250
4,755559682846069;0,20646052149493205;0,018346023559570313;0,001084943777097867;15;5;100;{'model__max_depth': 15, 'model__min_samples_split': 5, 'model__n_estimators': 100};-0,2722885256460315;-0,27827957017044364;-0,2737485043955182;-0,25587849358828113;-0,2744490578569125;-0,2709288303314374;0,007781225446810348;251
0,5067780494689942;0,0029622840025669505;0,00515451431274414;0,0011071968713585653;8;5;15;{'model__max_depth': 8, 'model__min_samples_split': 5, 'model__n_estimators': 15};-0,27283357591927926;-0,27955973741497725;-0,27460902285922145;-0,25403068012267027;-0,2737072766453257;-0,27094805859229476;0,008774164639984787;252
0,812277889251709;0,008659570076274345;0,0059641838073730465;0,00010771746126724983;13;10;20;{'model__max_depth': 13, 'model__min_samples_split': 10, 'model__n_estimators': 20};-0,2702288069269124;-0,27822187854537805;-0,2737319499657501;-0,2577291730075209;-0,2751074974635891;-0,27100386118183006;0,007116180563049382;253
1,1291199684143067;0,020159449514481193;0,007143402099609375;0,001017908555874826;14;5;25;{'model__max_depth': 14, 'model__min_samples_split': 5, 'model__n_estimators': 25};-0,2745938347734115;-0,28053802171000586;-0,27130628649340244;-0,25415304857217763;-0,27451100932277983;-0,27102044017435545;0,008945704978452845;254
4,581545400619507;0,03186526985329844;0,01737809181213379;0,0006536716230804163;19;5;100;{'model__max_depth': 19, 'model__min_samples_split': 5, 'model__n_estimators': 100};-0,2721175875530864;-0,27780703062055473;-0,273888207589747;-0,2568849120216628;-0,27442987642523886;-0,27102552284205794;0,007306475412135877;255
1,0593690872192383;0,009467225835815291;0,006744003295898438;0,0003881144452660515;17;10;25;{'model__max_depth': 17, 'model__min_samples_split': 10, 'model__n_estimators': 25};-0,2727630012878579;-0,27765113467255953;-0,2718218518311242;-0,2565140231239411;-0,2764376550369319;-0,2710375331904829;0,007581896610456764;256
0,33606729507446287;0,006777218760486615;0,005030202865600586;0,0009645544070256504;8;10;10;{'model__max_depth': 8, 'model__min_samples_split': 10, 'model__n_estimators': 10};-0,2752638720798278;-0,2766363400926206;-0,2747035079338172;-0,25713453534800834;-0,27152158225280526;-0,2710519675414158;0,007157856672271832;257
4,546733617782593;0,04088325956767754;0,018102598190307618;0,0008136661774307541;18;5;100;{'model__max_depth': 18, 'model__min_samples_split': 5, 'model__n_estimators': 100};-0,2721849932185699;-0,27831202142647893;-0,2738247547338855;-0,25674257911608717;-0,2743512140391623;-0,2710831125068368;0,007447405627858618;258
4,801836204528809;0,040284741556528246;0,017774438858032225;0,00046547722837172496;14;2;100;{'model__max_depth': 14, 'model__min_samples_split': 2, 'model__n_estimators': 100};-0,27217465245737077;-0,27847305537003053;-0,2739454875772809;-0,25561680022357375;-0,27534146011457217;-0,2711102911485656;0,008016639603071442;259
1,6930224418640136;0,04106827091267371;0,009147548675537109;0,0006750549242352729;17;10;40;{'model__max_depth': 17, 'model__min_samples_split': 10, 'model__n_estimators': 40};-0,2703356781919799;-0,27791516616834466;-0,27584691584738796;-0,2552935787592467;-0,27637298650817577;-0,271152865095027;0,008333033701536648;260
1,6689297199249267;0,041671860859460334;0,01048107147216797;0,00256895899894315;11;5;40;{'model__max_depth': 11, 'model__min_samples_split': 5, 'model__n_estimators': 40};-0,2702492819655318;-0,2790639421077892;-0,2740425133877706;-0,25562351801115524;-0,27688078112015546;-0,27117200731848046;0,008315280872564734;261
0,3686362266540527;0,0027940321953265055;0,004279327392578125;0,00031605065407088107;9;5;10;{'model__max_depth': 9, 'model__min_samples_split': 5, 'model__n_estimators': 10};-0,27158423874705606;-0,278149710867445;-0,27405157168298727;-0,2560739821490872;-0,27600481676957356;-0,2711728640432298;0,007854381962110009;262
4,598675918579102;0,06456504035494534;0,018575382232666016;0,0016226782463868098;20;5;100;{'model__max_depth': 20, 'model__min_samples_split': 5, 'model__n_estimators': 100};-0,2723257345563637;-0,2778370256501468;-0,2738934119735186;-0,2569229681307056;-0,2749324914086921;-0,2711823263438854;0,007353032369755995;263
2,265606164932251;0,02609198880045373;0,010688257217407227;0,0006918199497736314;16;5;50;{'model__max_depth': 16, 'model__min_samples_split': 5, 'model__n_estimators': 50};-0,2729603535571403;-0,28008729712337077;-0,27289824962537723;-0,2548018774763493;-0,27518181970144023;-0,27118591949673554;0,008599061178150576;264
1,052398109436035;0,006328281817012156;0,006842565536499023;0,0004018165692961506;18;10;25;{'model__max_depth': 18, 'model__min_samples_split': 10, 'model__n_estimators': 25};-0,27265919034697655;-0,27672452471071746;-0,27238284884515;-0,25849299427419103;-0,27569668624281785;-0,2711912488839706;0,006568661049413958;265
4,605171585083008;0,048789368920367886;0,01669588088989258;0,0006243516927299177;;5;100;{'model__max_depth': None, 'model__min_samples_split': 5, 'model__n_estimators': 100};-0,2723229321104636;-0,2775545997025101;-0,2743832050773537;-0,2571398126356758;-0,2745610680551183;-0,2711923235162243;0,007221635009017901;266
0,5507632732391358;0,007927743131513952;0,0049378395080566405;0,0009302776860195582;9;5;15;{'model__max_depth': 9, 'model__min_samples_split': 5, 'model__n_estimators': 15};-0,26803455354896316;-0,2805932461766107;-0,2742823369625562;-0,2555398982843371;-0,2775753529201591;-0,27120507757852524;0,00887285419481245;267
0,1643679141998291;0,013688335706811506;0,003515195846557617;0,0010883287404817887;7;10;5;{'model__max_depth': 7, 'model__min_samples_split': 10, 'model__n_estimators': 5};-0,2734571032681371;-0,2763442788258958;-0,27240630002123495;-0,26259381821058414;-0,2712579898244242;-0,2712118980300552;0,004627792120211114;268
2,3232571601867678;0,015452980474140489;0,010658454895019532;0,0007924377733308461;13;2;50;{'model__max_depth': 13, 'model__min_samples_split': 2, 'model__n_estimators': 50};-0,2740343204728747;-0,28071796130031645;-0,27207725373342273;-0,2552077810545765;-0,27435193891857296;-0,27127785109595265;0,008544589115330885;269
0,1818246841430664;0,007485454515669189;0,006910514831542969;0,006197454497714262;6;10;5;{'model__max_depth': 6, 'model__min_samples_split': 10, 'model__n_estimators': 5};-0,27025040903636155;-0,2758031437273107;-0,2743636183881195;-0,25990087202248086;-0,2761502406224025;-0,27129365675933503;0,006070098084995754;270
4,533094978332519;0,05259530174406435;0,01751289367675781;0,0009413990923646342;17;5;100;{'model__max_depth': 17, 'model__min_samples_split': 5, 'model__n_estimators': 100};-0,27198208628794746;-0,2774547041824108;-0,2747274380005867;-0,2568421660208108;-0,27551538906191375;-0,2713043567107339;0,0074416574757713095;271
4,886669778823853;0,05145073268225715;0,017904996871948242;0,00037019540760809173;15;2;100;{'model__max_depth': 15, 'model__min_samples_split': 2, 'model__n_estimators': 100};-0,2734061587351781;-0,2788640422684711;-0,27415513654538043;-0,25594163781671875;-0,2741922194225205;-0,27131183895765376;0,00792522512091623;272
1,7725905418395995;0,022734234346585072;0,009234952926635741;0,0006476887106355165;14;5;40;{'model__max_depth': 14, 'model__min_samples_split': 5, 'model__n_estimators': 40};-0,27256477409564855;-0,2797744271145057;-0,27500382126609924;-0,25362061493692795;-0,27563282069042117;-0,27131929162072055;0,009148398667678059;273
0,8392207145690918;0,010606819772042546;0,005709266662597657;0,0011681566258642314;17;10;20;{'model__max_depth': 17, 'model__min_samples_split': 10, 'model__n_estimators': 20};-0,2723228672622628;-0,2778913745372337;-0,27296809881171524;-0,25716863599200845;-0,27625267791078784;-0,2713207309028016;0,0073688173777704345;274
0,558021068572998;0,005456363173860645;0,004932546615600586;0,0006740181969219404;10;10;15;{'model__max_depth': 10, 'model__min_samples_split': 10, 'model__n_estimators': 15};-0,27327655147875113;-0,2797505285709216;-0,2739231748525369;-0,25416616507391326;-0,27549663421261905;-0,2713226108377484;0,0088699122534791;275
4,969734811782837;0,04093989595270023;0,017685556411743165;0,0008713549356205954;16;2;100;{'model__max_depth': 16, 'model__min_samples_split': 2, 'model__n_estimators': 100};-0,2723877539770372;-0,27915934787322694;-0,27439166383125163;-0,25554247344934067;-0,27517474296128264;-0,27133119641842784;0,008195356647279677;276
0,3575143814086914;0,025084048104738056;0,004323101043701172;0,0006170301864767952;8;2;10;{'model__max_depth': 8, 'model__min_samples_split': 2, 'model__n_estimators': 10};-0,2755640460888664;-0,27650141953790913;-0,27279383428509874;-0,25993502814742514;-0,2719905590277081;-0,2713569774174015;0,005951329598984677;277
0,12215118408203125;0,002349837135901894;0,003892946243286133;0,0009975662123972511;5;10;5;{'model__max_depth': 5, 'model__min_samples_split': 10, 'model__n_estimators': 5};-0,2671645673220142;-0,27407490305711457;-0,27353874426414654;-0,258691510330964;-0,2833325712880054;-0,2713604592524489;0,00816764804848827;278
1,6823597431182862;0,024991044274586795;0,009187602996826172;0,0004978815582587801;18;10;40;{'model__max_depth': 18, 'model__min_samples_split': 10, 'model__n_estimators': 40};-0,27077708531618083;-0,2776690505586602;-0,2764958881350739;-0,2559159305336427;-0,2761627046409687;-0,27140413183690526;0,00810057739758401;279
1,8055008888244628;0,013657448233634073;0,008960390090942382;0,0012237048551359145;12;2;40;{'model__max_depth': 12, 'model__min_samples_split': 2, 'model__n_estimators': 40};-0,27274447952891845;-0,2784751883751794;-0,2733738420076494;-0,2568582294073428;-0,2755816171199557;-0,2714066712878092;0,007546002374715861;280
2,347071409225464;0,08162325439843089;0,010911083221435547;0,0011029189312113765;15;5;50;{'model__max_depth': 15, 'model__min_samples_split': 5, 'model__n_estimators': 50};-0,27246362163052656;-0,2805336329954574;-0,27323870578504683;-0,2554280676957896;-0,2753831788839884;-0,27140944139816175;0,008472346445757898;281
2,3080289363861084;0,03531046688096017;0,010340118408203125;0,0009388659261852951;19;5;50;{'model__max_depth': 19, 'model__min_samples_split': 5, 'model__n_estimators': 50};-0,27315569554238195;-0,27967686939668074;-0,2732726967642354;-0,25627896627528185;-0,2747091188601222;-0,2714186693677404;0,007933350021599308;282
5,006268739700317;0,05825479479284406;0,01834979057312012;0,0007298573907305136;18;2;100;{'model__max_depth': 18, 'model__min_samples_split': 2, 'model__n_estimators': 100};-0,27291599279716544;-0,278584813379863;-0,27470257365954964;-0,2560700412740635;-0,27484230659861997;-0,2714231455418523;0,00789533027705045;283
2,2838855266571043;0,026682997552796895;0,010457324981689452;0,0010252458362485669;17;5;50;{'model__max_depth': 17, 'model__min_samples_split': 5, 'model__n_estimators': 50};-0,2725496701193813;-0,27939534086815776;-0,2735658533976123;-0,25615457571643946;-0,2756435286408455;-0,2714617937484872;0,008004368088688497;284
5,006583499908447;0,041066175515662204;0,018152427673339844;0,0002692986726845032;17;2;100;{'model__max_depth': 17, 'model__min_samples_split': 2, 'model__n_estimators': 100};-0,27353326353051444;-0,2776392043473257;-0,27466230566157274;-0,2560664402613666;-0,2754480886766985;-0,2714698604954956;0,00781795108908133;285
0,14253005981445313;0,0009731666934580486;0,003715372085571289;0,0008107314963045864;6;2;5;{'model__max_depth': 6, 'model__min_samples_split': 2, 'model__n_estimators': 5};-0,26831728927662774;-0,2749013447375764;-0,27464354206063935;-0,26228898223249264;-0,2772679434534925;-0,2714838203521657;0,0054715877284480935;286
1,0837568759918212;0,047037617621244296;0,006372928619384766;0,000761688055496909;11;5;25;{'model__max_depth': 11, 'model__min_samples_split': 5, 'model__n_estimators': 25};-0,27410498989698784;-0,27931005012499754;-0,270522407169909;-0,25638966488414155;-0,2772312874212972;-0,2715116798994666;0,008122902729672872;287
0,2911373138427734;0,0023186401381080804;0,004812860488891601;0,0009814052859415964;4;2;15;{'model__max_depth': 4, 'model__min_samples_split': 2, 'model__n_estimators': 15};-0,26567180122749157;-0,28029479998468726;-0,27551458614486074;-0,2577468177069629;-0,2783442851358994;-0,27151445803998037;0,008525567742378622;288
2,427687168121338;0,061036168458673934;0,011680984497070312;0,0007367232022668518;14;2;50;{'model__max_depth': 14, 'model__min_samples_split': 2, 'model__n_estimators': 50};-0,27374338153049627;-0,2805524503654552;-0,27294576569011647;-0,25412156513710593;-0,2763254214822538;-0,2715377168410855;0,009103377776472427;289
2,3104652404785155;0,041649194004660585;0,012870025634765626;0,003624020570990876;;5;50;{'model__max_depth': None, 'model__min_samples_split': 5, 'model__n_estimators': 50};-0,27308249709084775;-0,2789543119087038;-0,27376815861727877;-0,2567210962281528;-0,2751639125715649;-0,27153799528330963;0,0076817789659654;290
0,28973970413208006;0,003880218570362357;0,005423736572265625;0,0007388716998520726;4;5;15;{'model__max_depth': 4, 'model__min_samples_split': 5, 'model__n_estimators': 15};-0,26516030185175254;-0,2802793105175248;-0,27581848631736033;-0,2577953973332207;-0,2786499374572924;-0,27154068669543013;0,008658485464661863;291
5,059617948532105;0,056780885374917656;0,01850757598876953;0,0005959970186719022;19;2;100;{'model__max_depth': 19, 'model__min_samples_split': 2, 'model__n_estimators': 100};-0,27289083557065974;-0,27797821978622234;-0,27446785030069354;-0,25680484395752445;-0,2756924405555742;-0,27156683803413484;0,007565867073921341;292
2,2885018825531005;0,019431596100337005;0,010155057907104493;0,001111621869207441;20;5;50;{'model__max_depth': 20, 'model__min_samples_split': 5, 'model__n_estimators': 50};-0,2733280171825892;-0,2798202279509749;-0,2731292425946211;-0,2567841138550101;-0,27480222751948136;-0,27157276582053536;0,0077802031941034515;293
0,3835741519927979;0,0023123774237622254;0,00633397102355957;0,000520048704526713;4;5;20;{'model__max_depth': 4, 'model__min_samples_split': 5, 'model__n_estimators': 20};-0,26657371057387297;-0,27886222524074306;-0,2758125232615838;-0,25863974003723594;-0,27800428535897587;-0,2715784968944823;0,007806788717721898;294
0,526923656463623;0,004770894308332946;0,006337547302246093;0,0006020937583146931;9;10;15;{'model__max_depth': 9, 'model__min_samples_split': 10, 'model__n_estimators': 15};-0,27204956627187415;-0,27982232957357167;-0,27372344867108067;-0,25649650987091155;-0,27585064047623037;-0,2715884989727337;0,00798123480267874;295
0,38763856887817383;0,004450329430900632;0,00518956184387207;0,0006980660602634459;4;2;20;{'model__max_depth': 4, 'model__min_samples_split': 2, 'model__n_estimators': 20};-0,2668873422984869;-0,27887384234111484;-0,2759457427266497;-0,2586656291938807;-0,2777034748990072;-0,2716152062918279;0,007727258280887228;296
0,8427243709564209;0,00807903330854291;0,006536674499511719;0,0004475313328655349;18;10;20;{'model__max_depth': 18, 'model__min_samples_split': 10, 'model__n_estimators': 20};-0,2722924158063223;-0,2766581598907289;-0,2740569166521143;-0,2591034023617014;-0,2762543943323431;-0,271673057808642;0,00647923625872557;297
0,3858827590942383;0,0030674021860156043;0,005841112136840821;0,0005160376933316997;4;10;20;{'model__max_depth': 4, 'model__min_samples_split': 10, 'model__n_estimators': 20};-0,26634662186347025;-0,27908463430596664;-0,2760515175686553;-0,2590273555262612;-0,2779020730289718;-0,271682440458665;0,007761279180429887;298
0,8847402095794678;0,06455694771990092;0,008162355422973633;0,0012623575649293177;11;5;20;{'model__max_depth': 11, 'model__min_samples_split': 5, 'model__n_estimators': 20};-0,27233929724478434;-0,28001115153724704;-0,27255889053424526;-0,2560141029364944;-0,27756245981553745;-0,27169718041366175;0,008374215137162863;299
2,44655704498291;0,026551923397751538;0,010262060165405273;0,0011311683130331648;15;2;50;{'model__max_depth': 15, 'model__min_samples_split': 2, 'model__n_estimators': 50};-0,2736562722895381;-0,2796661180262307;-0,2741374177958484;-0,25578330870185884;-0,2752857801014641;-0,271705779382988;0,008239244589162415;300
0,1572636127471924;0,0011871536794561509;0,003725481033325195;0,0005912435313870111;7;5;5;{'model__max_depth': 7, 'model__min_samples_split': 5, 'model__n_estimators': 5};-0,27768809940387296;-0,27633651569220175;-0,270397752823686;-0,2623461745971938;-0,2717614756574818;-0,2717060036348872;0,005413836138033749;301
0,29085502624511717;0,003134450490422204;0,004834938049316406;0,0005268632086794289;4;10;15;{'model__max_depth': 4, 'model__min_samples_split': 10, 'model__n_estimators': 15};-0,26454422648949044;-0,280890867151421;-0,2763787504361678;-0,25819180503032213;-0,27857354511851895;-0,271715838845184;0,00880094925178849;302
0,6913776397705078;0,03134213247486736;0,005626964569091797;0,00047454963351192955;14;5;15;{'model__max_depth': 14, 'model__min_samples_split': 5, 'model__n_estimators': 15};-0,27489491160248547;-0,28186541790211334;-0,2738987854665392;-0,25238760160747087;-0,2755580187607323;-0,2717209470678682;0,010062094069644046;303
0,3408618927001953;0,0034521483504799575;0,0049323558807373045;0,0009185357312287971;8;5;10;{'model__max_depth': 8, 'model__min_samples_split': 5, 'model__n_estimators': 10};-0,2771903268494698;-0,27631789342134105;-0,2764788579483231;-0,25651062134340324;-0,2721663544509304;-0,2717328108026935;0,007813263589034197;304
5,07369031906128;0,07239342213534426;0,018832015991210937;0,0007572867736464962;20;2;100;{'model__max_depth': 20, 'model__min_samples_split': 2, 'model__n_estimators': 100};-0,2743109222191312;-0,2787484672478659;-0,2744553631431685;-0,25657386201340204;-0,2748009630975995;-0,27177791554423336;0,007777859600062632;305
2,2908167362213137;0,022399209913441458;0,011059236526489259;0,0009503576469642797;18;5;50;{'model__max_depth': 18, 'model__min_samples_split': 5, 'model__n_estimators': 50};-0,272960950866308;-0,28077469114036685;-0,27277312270271153;-0,2569981532995384;-0,27542276266826227;-0,2717859361354374;0,007937983899033578;306
1,1392313957214355;0,003598766127075407;0,006967973709106445;0,0009616513111054631;17;5;25;{'model__max_depth': 17, 'model__min_samples_split': 5, 'model__n_estimators': 25};-0,27582192483977064;-0,28011371601326657;-0,2704781532745758;-0,25649229171364424;-0,27603076897335926;-0,27178737096292327;0,008237300210077821;307
1,008202886581421;0,05675986394827427;0,006440353393554687;0,00038274606329984887;14;2;20;{'model__max_depth': 14, 'model__min_samples_split': 2, 'model__n_estimators': 20};-0,274357662062233;-0,2799121032858499;-0,2716817955579027;-0,2561322607204453;-0,27692979659061395;-0,27180272364340896;0,00829644089157541;308
1,8473239898681642;0,03609424550982856;0,008591365814208985;0,000754806071652865;16;5;40;{'model__max_depth': 16, 'model__min_samples_split': 5, 'model__n_estimators': 40};-0,2730287286216882;-0,28021213473011264;-0,2750501204323376;-0,2543597180699908;-0,27638270329776593;-0,2718066810303791;0,009033287858811396;309
0,37658185958862306;0,003550365469441468;0,004874706268310547;0,001617133948476979;10;10;10;{'model__max_depth': 10, 'model__min_samples_split': 10, 'model__n_estimators': 10};-0,27592565771385136;-0,2767130058672431;-0,274675990065039;-0,2571433499969815;-0,2746590428690104;-0,2718234093024251;0,007381311164532359;310
1,1560209274291993;0,008260780537485725;0,007172584533691406;0,0009728794733391575;19;5;25;{'model__max_depth': 19, 'model__min_samples_split': 5, 'model__n_estimators': 25};-0,2774367868442165;-0,27935014401294245;-0,2715543047403007;-0,25616745542680874;-0,27468277240816663;-0,27183829268648696;0,008264598013755394;311
1,146540069580078;0,007963251728322162;0,007340478897094727;0,0014726833316406106;16;5;25;{'model__max_depth': 16, 'model__min_samples_split': 5, 'model__n_estimators': 25};-0,27630485604627114;-0,2797495099606816;-0,2725706630378322;-0,25486242027000755;-0,2757955844456312;-0,2718566067520848;0,00879673392436756;312
2,479955720901489;0,021211105066043026;0,012511682510375977;0,00114922440698476;16;2;50;{'model__max_depth': 16, 'model__min_samples_split': 2, 'model__n_estimators': 50};-0,2731677826756649;-0,28022153427553764;-0,2741964691235183;-0,2557221639321309;-0,27604388091160165;-0,2718703661836907;0,008426371865518102;313
0,5944583892822266;0,006330417457435459;0,005130386352539063;0,0009181676556829363;12;10;15;{'model__max_depth': 12, 'model__min_samples_split': 10, 'model__n_estimators': 15};-0,27462554657956406;-0,27874971912237206;-0,2736022297006623;-0,2555789211449338;-0,27720802483266704;-0,27195288827603986;0,008387891259850313;314
1,1641579627990724;0,00450469810694042;0,006636333465576172;0,0009698783682849465;13;2;25;{'model__max_depth': 13, 'model__min_samples_split': 2, 'model__n_estimators': 25};-0,27867810335136073;-0,28008238168070443;-0,26988717558188824;-0,2564238329321549;-0,27473398251171394;-0,2719610952115644;0,008537798990521785;315
0,9370353698730469;0,00344365563569979;0,005974864959716797;0,0004895096234469189;13;2;20;{'model__max_depth': 13, 'model__min_samples_split': 2, 'model__n_estimators': 20};-0,27663040504593206;-0,2800205760379892;-0,2707178901705345;-0,2573508179472093;-0,275176896433336;-0,2719793171270002;0,007900672925050641;316
2,5145528316497803;0,02423791343647268;0,010864830017089844;0,0009319906448606355;18;2;50;{'model__max_depth': 18, 'model__min_samples_split': 2, 'model__n_estimators': 50};-0,27404035182438696;-0,2803502821860887;-0,2744106323247727;-0,2554340388122087;-0,27570892958729737;-0,2719888469469509;0,008577738666639407;317
1,15692195892334;0,019948613176525416;0,00725088119506836;0,0005092310449520212;18;5;25;{'model__max_depth': 18, 'model__min_samples_split': 5, 'model__n_estimators': 25};-0,2761202854949426;-0,2814049300293766;-0,2700868194302925;-0,2558836822266358;-0,2764725695309427;-0,271993657342438;0,008818493033894814;318
4,955390119552613;0,05354559151980066;0,018189191818237305;0,0012508661324545384;;2;100;{'model__max_depth': None, 'model__min_samples_split': 2, 'model__n_estimators': 100};-0,27408905999330757;-0,2790339399343998;-0,2747025381855906;-0,2568872009944093;-0,27534750862065893;-0,2720120495456732;0,00775559123590164;319
0,1407421588897705;0,0020987131875279193;0,004678201675415039;0,0010641874360932345;6;5;5;{'model__max_depth': 6, 'model__min_samples_split': 5, 'model__n_estimators': 5};-0,27149543531458414;-0,2774183086144234;-0,27288607348484845;-0,261753994630096;-0,276524867345214;-0,2720157358778332;0,005583038463526544;320
0,6191434383392334;0,004840742489321598;0,005158185958862305;0,000955519667059006;14;10;15;{'model__max_depth': 14, 'model__min_samples_split': 10, 'model__n_estimators': 15};-0,27536819346067193;-0,2797366450505638;-0,27198057539228376;-0,2560361533788996;-0,276962927810396;-0,272016899018563;0,008374657063443125;321
1,849640703201294;0,01311693754218997;0,009790134429931641;0,0008933601412298248;13;2;40;{'model__max_depth': 13, 'model__min_samples_split': 2, 'model__n_estimators': 40};-0,2741795648851796;-0,280508377349177;-0,2735907467873247;-0,25577055235734525;-0,2760775913063917;-0,27202536653708365;0,00848165040410998;322
1,9649604320526124;0,0571091289106546;0,010115432739257812;0,0006435489116799885;14;2;40;{'model__max_depth': 14, 'model__min_samples_split': 2, 'model__n_estimators': 40};-0,2732922134723769;-0,2801312027808743;-0,2745860316357628;-0,25441560006432;-0,27775838829413296;-0,27203668724949337;0,009130577867973404;323
1,1302310943603515;0,010950061014282447;0,006994724273681641;0,001054104401420293;12;2;25;{'model__max_depth': 12, 'model__min_samples_split': 2, 'model__n_estimators': 25};-0,27647973673476806;-0,27916852047891705;-0,27109174272686853;-0,2580610990156525;-0,27546540018808974;-0,2720532998288592;0,007464159873689118;324
1,8191051006317138;0,026340738600774304;0,00992755889892578;0,0009941996590240672;15;5;40;{'model__max_depth': 15, 'model__min_samples_split': 5, 'model__n_estimators': 40};-0,2721117277395427;-0,28064055117218284;-0,2749758021455816;-0,25521571383731806;-0,2775488946129258;-0,27209853790151023;0,008899224133400899;325
0,930492353439331;0,0047193646874064315;0,006730985641479492;0,0006868014456587384;19;5;20;{'model__max_depth': 19, 'model__min_samples_split': 5, 'model__n_estimators': 20};-0,2753910098606597;-0,27885594720963797;-0,27214308854313274;-0,25790558832034005;-0,27620243231086017;-0,27209961324892606;0,007413321769273176;326
0,6290137290954589;0,008100075811172128;0,005368995666503906;0,0006925153246207002;19;10;15;{'model__max_depth': 19, 'model__min_samples_split': 10, 'model__n_estimators': 15};-0,27462312431706687;-0,27881368710878907;-0,2735505483925274;-0,2569803707380165;-0,27653157276363355;-0,27209986066400665;0,007768987934541957;327
0,4145325183868408;0,007802025036434568;0,004024314880371094;1,5026348680306443e-05;10;2;10;{'model__max_depth': 10, 'model__min_samples_split': 2, 'model__n_estimators': 10};-0,27927683533460407;-0,2768881404766449;-0,2745610388444454;-0,25480315948473337;-0,27521185725647174;-0,2721482062793799;0,008824315214296717;328
1,8325370788574218;0,013093949494358357;0,009249210357666016;0,0012122024681443992;17;5;40;{'model__max_depth': 17, 'model__min_samples_split': 5, 'model__n_estimators': 40};-0,2726246168937467;-0,27994752665622985;-0,27511892395410026;-0,2558963860358503;-0,2772510038691029;-0,272167691481806;0,008485750821479942;329
1,1282418251037598;0,005589883591934075;0,006851720809936524;0,0006720289970175473;15;5;25;{'model__max_depth': 15, 'model__min_samples_split': 5, 'model__n_estimators': 25};-0,27552401741409177;-0,2812021366676146;-0,2720848161416632;-0,25486431418523414;-0,2771794452572408;-0,2721709459331689;0,009136930345766606;330
0,9113474369049073;0,007938064784298562;0,0062830448150634766;0,0008315783707797844;16;5;20;{'model__max_depth': 16, 'model__min_samples_split': 5, 'model__n_estimators': 20};-0,2745980753186927;-0,27940883147927303;-0,27414863334450895;-0,25611770507431036;-0,2767304748750545;-0,2722007440183679;0,008254460592244156;331
2,496116065979004;0,02935485712930593;0,009955358505249024;0,0006996708722425177;17;2;50;{'model__max_depth': 17, 'model__min_samples_split': 2, 'model__n_estimators': 50};-0,27428584142933987;-0,27970040106665806;-0,2745550241869539;-0,2560864054476222;-0,27640363228014647;-0,2722062608821441;0,008288198203495101;332
2,5358882427215574;0,024159994887141604;0,010944652557373046;0,0003424302195306262;19;2;50;{'model__max_depth': 19, 'model__min_samples_split': 2, 'model__n_estimators': 50};-0,27322394323161875;-0,2795320665151795;-0,27446073005689386;-0,2570054041118861;-0,2768565427415561;-0,27221573733142684;0,007905396330403195;333
1,2297284603118896;0,011935003971292874;0,007016611099243164;0,0008967626247890677;15;2;25;{'model__max_depth': 15, 'model__min_samples_split': 2, 'model__n_estimators': 25};-0,27723140377217387;-0,2797407958837582;-0,2729967519154956;-0,25601947448338436;-0,27517430238251894;-0,27223254568746624;0,008407901339117162;334
0,6475172996520996;0,02312261219537602;0,005043697357177734;0,0006368025800084766;15;10;15;{'model__max_depth': 15, 'model__min_samples_split': 10, 'model__n_estimators': 15};-0,2744596049057779;-0,27940698450869705;-0,2736758175981679;-0,2563713527474366;-0,27726141639623825;-0,2722350352312636;0,008190022589308536;335
0,685539960861206;0,03161151496389118;0,005532598495483399;0,0007784795106716482;13;5;15;{'model__max_depth': 13, 'model__min_samples_split': 5, 'model__n_estimators': 15};-0,27343277633745955;-0,28245501188662586;-0,27196861890533214;-0,25488937696280206;-0,27843178841605976;-0,27223551450165584;0,009436366821010858;336
2,9751214027404784;0,008205226146929577;0,026175403594970705;0,000838617925479922;3;2;200;{'model__max_depth': 3, 'model__min_samples_split': 2, 'model__n_estimators': 200};-0,26711363800491944;-0,2792019325171838;-0,2779413429729943;-0,2600634380245525;-0,2768762940084569;-0,27223932910562143;0,007443349847997331;337
0,585514497756958;0,006357742379038611;0,005472850799560547;0,0005567506920347686;11;10;15;{'model__max_depth': 11, 'model__min_samples_split': 10, 'model__n_estimators': 15};-0,27554202455973886;-0,28073380742147974;-0,27437418261520646;-0,2541672573520509;-0,2763864814742035;-0,2722407506845359;0,009288920268347947;338
1,979313611984253;0,017157886936948856;0,00985722541809082;0,0015239728735439457;15;2;40;{'model__max_depth': 15, 'model__min_samples_split': 2, 'model__n_estimators': 40};-0,2738164950516808;-0,2798580876159571;-0,2761338797746548;-0,25484819486583066;-0,27654752790962445;-0,2722408370435495;0,008907441543852443;339
2,9836123466491697;0,02169415081301611;0,027077960968017577;0,0019524121892962449;3;5;200;{'model__max_depth': 3, 'model__min_samples_split': 5, 'model__n_estimators': 200};-0,26710317694962066;-0,27920512121128127;-0,2779495478309169;-0,26007398876442794;-0,27687687600339383;-0,2722417421519281;0,00744326855960102;340
2,978254699707031;0,02147171282250706;0,02603306770324707;0,0008550841253472569;3;10;200;{'model__max_depth': 3, 'model__min_samples_split': 10, 'model__n_estimators': 200};-0,26709780248706516;-0,279248042160467;-0,2779310447544695;-0,2600759185575252;-0,2768921833398049;-0,2722489982598663;0,007450504988324027;341
0,9038931846618652;0,005818185847613052;0,006171464920043945;0,0003184109178522643;15;5;20;{'model__max_depth': 15, 'model__min_samples_split': 5, 'model__n_estimators': 20};-0,27387215792979475;-0,2807885286031589;-0,2733808120666886;-0,2558638911203464;-0,27739338923934737;-0,27225975579186723;0,00862293620749045;342
1,8528312206268311;0,02119464053638141;0,008859491348266602;0,0007652222723692443;19;5;40;{'model__max_depth': 19, 'model__min_samples_split': 5, 'model__n_estimators': 40};-0,27406998489038153;-0,2797118589658336;-0,275442580587421;-0,25595724644612333;-0,2761201611719899;-0,27226036641234985;0,00836200554396372;343
0,3516800880432129;0,002686724259064353;0,004604625701904297;0,0008727865409349216;9;10;10;{'model__max_depth': 9, 'model__min_samples_split': 10, 'model__n_estimators': 10};-0,2743955032215499;-0,27701878390307333;-0,27560317457442646;-0,2589753148973748;-0,27540571376484474;-0,27227969807225383;0,006704620015727727;344
0,9229670524597168;0,009747525739176944;0,006059074401855468;0,0006146118668108781;18;5;20;{'model__max_depth': 18, 'model__min_samples_split': 5, 'model__n_estimators': 20};-0,27450121308941056;-0,28154947387099855;-0,27066117931681494;-0,2568754879703491;-0,27781876019216484;-0,2722812228879476;0,008502403915348835;345
0,9245242118835449;0,006830301163078916;0,0063403606414794925;0,0006044607310464277;20;5;20;{'model__max_depth': 20, 'model__min_samples_split': 5, 'model__n_estimators': 20};-0,27629073536202636;-0,2798504748901568;-0,27127449721951674;-0,2579808659748193;-0,2760278322472969;-0,2722848811387632;0,00765402489340927;346
2,510198974609375;0,039059351063187454;0,009752988815307617;0,0007436862600105174;;2;50;{'model__max_depth': None, 'model__min_samples_split': 2, 'model__n_estimators': 50};-0,27458892639765553;-0,2809020133313843;-0,273014601657747;-0,25732727638994396;-0,27572971792394113;-0,27231250714013433;0,00794593113655805;347
1,168462324142456;0,016086166704825225;0,006748819351196289;0,0004049793059450023;20;5;25;{'model__max_depth': 20, 'model__min_samples_split': 5, 'model__n_estimators': 25};-0,27764726093940423;-0,28025308937630206;-0,2710552111635024;-0,2571666084406466;-0,2754949705133035;-0,27232342808663174;0,008156211886928486;348
1,258597183227539;0,0740238206347028;0,006897974014282227;0,0007348045662252685;14;2;25;{'model__max_depth': 14, 'model__min_samples_split': 2, 'model__n_estimators': 25};-0,27700734827000134;-0,2799622695070302;-0,27185701256735395;-0,2560959758676196;-0,276781260797038;-0,2723407734018086;0,008528886488414439;349
2,568243932723999;0,019380532879457475;0,011437082290649414;0,0004610007687822259;20;2;50;{'model__max_depth': 20, 'model__min_samples_split': 2, 'model__n_estimators': 50};-0,27487147100687037;-0,27994003862547984;-0,2730257071691921;-0,2575989152308977;-0,2763047089766947;-0,272348168201827;0,007715663169571761;350
0,635169506072998;0,02706709894141994;0,005238199234008789;0,001179991396181395;10;2;15;{'model__max_depth': 10, 'model__min_samples_split': 2, 'model__n_estimators': 15};-0,2764462992189245;-0,28039153790404353;-0,2741269551040348;-0,2547861423370081;-0,2760158245741745;-0,2723533518276371;0,009016993714488268;351
0,6407276153564453;0,003078169368705547;0,0055388927459716795;0,000706205480665471;12;5;15;{'model__max_depth': 12, 'model__min_samples_split': 5, 'model__n_estimators': 15};-0,27319512018171266;-0,2824712088470235;-0,2745845304906882;-0,254116187287831;-0,27755932628050783;-0,27238527461755263;0,009672114639379009;352
0,9812230587005615;0,007911539943536171;0,006714916229248047;0,000933492506952549;15;2;20;{'model__max_depth': 15, 'model__min_samples_split': 2, 'model__n_estimators': 20};-0,2742415498727232;-0,280229263371464;-0,2736185898625196;-0,2575951996720059;-0,27624341410894754;-0,27238560337753204;0,007747600152014155;353
0,6648419857025146;0,024137428494695103;0,00656280517578125;0,002175304350171956;20;10;15;{'model__max_depth': 20, 'model__min_samples_split': 10, 'model__n_estimators': 15};-0,27373441908073665;-0,2793091059133846;-0,27421353421142486;-0,2576977638541086;-0,277042402376011;-0,27239944508713315;0,007622505770573293;354
1,8471432685852052;0,025971288502048703;0,009258413314819336;0,0007509071570279273;18;5;40;{'model__max_depth': 18, 'model__min_samples_split': 5, 'model__n_estimators': 40};-0,27380695378056924;-0,2809052989307302;-0,2739871402367834;-0,25597934471620876;-0,2773397689773868;-0,2724037013283357;0,008612523578752656;355
0,5649518966674805;0,004271029015264335;0,005983543395996094;0,00040019287955550846;9;2;15;{'model__max_depth': 9, 'model__min_samples_split': 2, 'model__n_estimators': 15};-0,2734858218159285;-0,27955131417222084;-0,2764669383778662;-0,25567603961488733;-0,2769317041762909;-0,2724223636314388;0,00859168184023697;356
0,6305912017822266;0,0064816174411378765;0,00541996955871582;0,0008065469720477091;16;10;15;{'model__max_depth': 16, 'model__min_samples_split': 10, 'model__n_estimators': 15};-0,2749692958273809;-0,2801308993258478;-0,2740927608437039;-0,2563775645866688;-0,276558723566986;-0,27242584883011745;0,008285452337438786;357
0,9150488376617432;0,005561244207684714;0,006025171279907227;0,001416615534604326;17;5;20;{'model__max_depth': 17, 'model__min_samples_split': 5, 'model__n_estimators': 20};-0,27464500124946606;-0,28061934487533935;-0,2718765363992158;-0,25820655461386627;-0,2768777028441704;-0,27244502799641157;0,007672877583003209;358
0,6637595653533935;0,026933730817989894;0,005539512634277344;0,0007715341127418529;;10;15;{'model__max_depth': None, 'model__min_samples_split': 10, 'model__n_estimators': 15};-0,27369863284420115;-0,2802708745346641;-0,27450895748829557;-0,25683030946255625;-0,2769479863078112;-0,2724513521275057;0,008138440545641487;359
0,45339064598083495;0,006729115899517987;0,0045491218566894535;0,0010157406423671003;14;5;10;{'model__max_depth': 14, 'model__min_samples_split': 5, 'model__n_estimators': 10};-0,27791872725900907;-0,279136717363947;-0,2730215438783082;-0,2554594112864826;-0,2769789971149386;-0,2725030793805371;0,008764971898864339;360
0,5872165203094483;0,004270417344159149;0,005519723892211914;0,00044800632709359687;10;5;15;{'model__max_depth': 10, 'model__min_samples_split': 5, 'model__n_estimators': 15};-0,275162583602756;-0,28080550677396043;-0,2733682624672816;-0,2552273214514761;-0,2779760468411211;-0,27250794422731894;0,009001742849238803;361
1,4829867362976075;0,011549922140912534;0,014811229705810548;0,001261611941426481;3;2;100;{'model__max_depth': 3, 'model__min_samples_split': 2, 'model__n_estimators': 100};-0,26754272294078957;-0,2802771007868698;-0,27807219466144883;-0,2595145619390861;-0,277298418315007;-0,27254099972864027;0,007845320400173168;362
1,5076368808746339;0,020438213539172304;0,017976760864257812;0,006476724492617062;3;5;100;{'model__max_depth': 3, 'model__min_samples_split': 5, 'model__n_estimators': 100};-0,2675365322214665;-0,28028036725399413;-0,27807219466144883;-0,25952764820631763;-0,27729958230488094;-0,2725432649296216;0,007842550891519265;363
1,81469669342041;0,02113487457804664;0,009349393844604491;0,0010040317602555211;;5;40;{'model__max_depth': None, 'model__min_samples_split': 5, 'model__n_estimators': 40};-0,27417993321108264;-0,27959783570542684;-0,2760945847946113;-0,25620713584225036;-0,2766487778002445;-0,2725456534707231;0,008352027845287881;364
0,90495924949646;0,007076568891571963;0,005948257446289062;0,0002508195815222056;12;2;20;{'model__max_depth': 12, 'model__min_samples_split': 2, 'model__n_estimators': 20};-0,27482955333739995;-0,27969831515553767;-0,2725241214845544;-0,25812875268822555;-0,27757779510538044;-0,2725517075542196;0,007609816367677274;365
1,8479305744171142;0,01627174782392535;0,009187078475952149;0,0006792163386240248;20;5;40;{'model__max_depth': 20, 'model__min_samples_split': 5, 'model__n_estimators': 40};-0,27440929911559975;-0,2802142555210261;-0,27524870824006176;-0,2565009679385492;-0,2763981205781452;-0,2725542702786764;0,008268738754790193;366
1,4744179248809814;0,007239139337905174;0,014536333084106446;0,0010439941978033346;3;10;100;{'model__max_depth': 3, 'model__min_samples_split': 10, 'model__n_estimators': 100};-0,2675428181533498;-0,280344986010676;-0,2780271235084653;-0,2595385426805878;-0,27731849608381554;-0,2725543932873789;0,007846897971178428;367
0,691326379776001;0,02559057957414186;0,006324625015258789;0,0011035394005026085;11;2;15;{'model__max_depth': 11, 'model__min_samples_split': 2, 'model__n_estimators': 15};-0,27461677842862164;-0,28212409081342565;-0,273041375482851;-0,2551834497903419;-0,277840668766671;-0,27256127265638225;0,009227825796591291;368
0,17507786750793458;0,0010931518881212138;0,003955030441284179;0,0006080943442513263;8;2;5;{'model__max_depth': 8, 'model__min_samples_split': 2, 'model__n_estimators': 5};-0,28352014497218425;-0,27547040230237047;-0,27145233812375413;-0,25917094459839823;-0,2732212432263925;-0,2725670146446199;0,007867984943178821;369
0,16952776908874512;0,003493975745078483;0,0041158199310302734;0,0011073669926830872;8;10;5;{'model__max_depth': 8, 'model__min_samples_split': 10, 'model__n_estimators': 5};-0,28166315147331766;-0,27548462017616493;-0,2709725311181844;-0,26147076115534884;-0,27325081920216066;-0,2725683766250353;0,006593768662249055;370
0,4075320243835449;0,002081680542517856;0,004330873489379883;0,00025367463440246666;12;10;10;{'model__max_depth': 12, 'model__min_samples_split': 10, 'model__n_estimators': 10};-0,279412280850414;-0,27751779106290253;-0,2722860462361114;-0,2582285070324827;-0,2754534578805963;-0,2725796166125014;0,007554738392141027;371
1,002788209915161;0,0075658141495464;0,006231451034545898;0,0005113990289420492;17;2;20;{'model__max_depth': 17, 'model__min_samples_split': 2, 'model__n_estimators': 20};-0,2730692239157631;-0,27864624749995726;-0,2768525905679367;-0,25575496144640597;-0,27869811009386086;-0,2726042267047848;0,00866953271769728;372
0,1979738235473633;0,0031905682680454413;0,004250669479370117;0,00040392111520087955;4;2;10;{'model__max_depth': 4, 'model__min_samples_split': 2, 'model__n_estimators': 10};-0,26695105380664713;-0,2793961127722463;-0,2769753311059816;-0,2600103695598314;-0,27988564035138763;-0,2726437015192188;0,007858893879310653;373
1,140218734741211;0,009521442150173644;0,006532001495361328;0,0007693179997368307;;5;25;{'model__max_depth': None, 'model__min_samples_split': 5, 'model__n_estimators': 25};-0,27759676504919695;-0,2792011540850782;-0,2730667567858297;-0,25748050071152145;-0,27591599099594616;-0,2726522335255145;0,007852925205584215;374
0,6094093799591065;0,005761391893860595;0,005514001846313477;0,0007762569987140152;13;10;15;{'model__max_depth': 13, 'model__min_samples_split': 10, 'model__n_estimators': 15};-0,27391148555488426;-0,28094901567841385;-0,2738560170706171;-0,2574024000552171;-0,2772289224017747;-0,2726695681521814;0,008066887926394907;375
0,19524106979370118;0,002367023652255471;0,004269170761108399;0,00032849274797400706;4;5;10;{'model__max_depth': 4, 'model__min_samples_split': 5, 'model__n_estimators': 10};-0,26691837061010004;-0,27937287857150284;-0,2773227053961321;-0,25986215516141414;-0,27994826454119087;-0,272684874856068;0,007958271258513384;376
0,19412784576416015;0,0014777897955681489;0,00466303825378418;0,0008341825742893572;4;10;10;{'model__max_depth': 4, 'model__min_samples_split': 10, 'model__n_estimators': 10};-0,2663191767118613;-0,2801021744459432;-0,27687923986073976;-0,26068442383052465;-0,2797074599022655;-0,27273849495026686;0,007828720123194676;377
0,39664931297302247;0,0038815378881904986;0,003926992416381836;0,0006791546464627954;10;5;10;{'model__max_depth': 10, 'model__min_samples_split': 5, 'model__n_estimators': 10};-0,2780857535506943;-0,27785171351808163;-0,2742812435396667;-0,25853478597567114;-0,2752748918252112;-0,27280567768186503;0,007283877291900239;378
0,1601652145385742;0,0013215971192527731;0,004115962982177734;0,0004890758737351771;7;2;5;{'model__max_depth': 7, 'model__min_samples_split': 2, 'model__n_estimators': 5};-0,2820824831618754;-0,27771325099248134;-0,27320534744006303;-0,26348145765062214;-0,26755532170206425;-0,27280757218942125;0,006705377406060132;379
0,9156310081481933;0,014694336547796222;0,00577249526977539;0,0004316736133510797;;5;20;{'model__max_depth': None, 'model__min_samples_split': 5, 'model__n_estimators': 20};-0,27593659972098167;-0,2789024972336053;-0,2739243394844225;-0,2584053369995846;-0,277265973656937;-0,2728869494191062;0,0074223488487758634;380
1,245823287963867;0,010742843111612946;0,0061801433563232425;0,0005721109353351592;16;2;25;{'model__max_depth': 16, 'model__min_samples_split': 2, 'model__n_estimators': 25};-0,27610019111244893;-0,28119741785269914;-0,27244118123714794;-0,2573334205889999;-0,2774345575912626;-0,2729013536765117;0,0082725990931615;381
1,99078369140625;0,030366979438670096;0,009711790084838866;0,0009116095345937678;16;2;40;{'model__max_depth': 16, 'model__min_samples_split': 2, 'model__n_estimators': 40};-0,2732534675473798;-0,2806247927073413;-0,2760171898096418;-0,25665003278985715;-0,2780512219896252;-0,272919340968769;0,008486564510324892;382
1,25500545501709;0,007812087952527304;0,007233381271362305;0,0005038259924304055;17;2;25;{'model__max_depth': 17, 'model__min_samples_split': 2, 'model__n_estimators': 25};-0,2763910233859576;-0,27956516193688036;-0,275387473953019;-0,254955692979202;-0,2783618689199809;-0,272932244235008;0,009106306855090559;383
0,393521785736084;0,0028817141880961425;0,004618310928344726;0,0008048056171804509;11;10;10;{'model__max_depth': 11, 'model__min_samples_split': 10, 'model__n_estimators': 10};-0,27861809067739635;-0,27859507784411214;-0,2750659909936673;-0,25717125191592255;-0,2753815454907034;-0,27296639138436035;0,00804178506135654;384
0,7208081245422363;0,006944547964110097;0,006144428253173828;0,0005245833706469941;14;2;15;{'model__max_depth': 14, 'model__min_samples_split': 2, 'model__n_estimators': 15};-0,2787944698598273;-0,2811943409417509;-0,27181790402093675;-0,25536094198308723;-0,27767411721628116;-0,2729683548043767;0,009328442396384723;385
0,43081374168395997;0,005275885415540019;0,004022645950317383;0,0003172901252057799;12;5;10;{'model__max_depth': 12, 'model__min_samples_split': 5, 'model__n_estimators': 10};-0,27799437772140284;-0,2802120462017682;-0,27237779396469136;-0,25762701902163554;-0,2766477637393886;-0,27297180012977734;0,008086721311965804;386
2,021565341949463;0,018845589603079138;0,009900951385498047;0,0004468587681226845;18;2;40;{'model__max_depth': 18, 'model__min_samples_split': 2, 'model__n_estimators': 40};-0,2742554698793313;-0,28036484208369006;-0,2770568596869302;-0,2554712124443401;-0,2778993401840561;-0,2730095448556696;0,00898372624186929;387
2,001571226119995;0,016045248676974933;0,009758853912353515;0,0007497563215631699;17;2;40;{'model__max_depth': 17, 'model__min_samples_split': 2, 'model__n_estimators': 40};-0,274293964338569;-0,27926149347722384;-0,27712836348802156;-0,2559736279770635;-0,27841403483234967;-0,2730142968226455;0,008684838798707496;388
0,7464849472045898;0,006139032065254457;0,009352827072143554;0,00024023260469312573;3;2;50;{'model__max_depth': 3, 'model__min_samples_split': 2, 'model__n_estimators': 50};-0,26762300103261843;-0,280395087160376;-0,27762365498763636;-0,25946538708064515;-0,2801752213863191;-0,27305647032951896;0,008241737945098148;389
0,7578618049621582;0,015464467471133213;0,00916895866394043;0,0014745107200917803;3;5;50;{'model__max_depth': 3, 'model__min_samples_split': 5, 'model__n_estimators': 50};-0,2676300217282348;-0,28040162009462466;-0,27762365498763636;-0,25947710277909003;-0,28017289340657137;-0,27306105859923147;0,008237710123762617;390
0,10138263702392578;0,0024660833380845447;0,0033121585845947267;0,001323567958951466;4;5;5;{'model__max_depth': 4, 'model__min_samples_split': 5, 'model__n_estimators': 5};-0,26498592847793995;-0,27957928342460703;-0,27453266088339107;-0,26347578363232443;-0,2827546618009424;-0,273065663643841;0,007690304647072587;391
0,7418332576751709;0,005472938921119896;0,008855724334716797;0,0008206462194593424;3;10;50;{'model__max_depth': 3, 'model__min_samples_split': 10, 'model__n_estimators': 50};-0,2676425935920014;-0,2804453042596378;-0,2775554069876881;-0,25947685213061406;-0,2802443479204204;-0,27307290097807235;0,008248825662952042;392
0,44202418327331544;0,008770404694235652;0,0052165985107421875;0,000745652800649572;13;5;10;{'model__max_depth': 13, 'model__min_samples_split': 5, 'model__n_estimators': 10};-0,27702693385659805;-0,2804492136821635;-0,27211551890714863;-0,2585296529736731;-0,2773730414980663;-0,2730988721835299;0,00775828388284829;393
0,4236437797546387;0,005626306095975269;0,004526948928833008;0,0007685126445650796;19;10;10;{'model__max_depth': 19, 'model__min_samples_split': 10, 'model__n_estimators': 10};-0,28124244064434034;-0,27559137469405265;-0,2724533642367999;-0,2595030837647585;-0,2767356259380434;-0,27310517785559896;0,007362312114297052;394
0,6879117488861084;0,0125981606202047;0,005627822875976562;0,000573205715823906;16;5;15;{'model__max_depth': 16, 'model__min_samples_split': 5, 'model__n_estimators': 15};-0,2764857882621308;-0,28133088752012264;-0,2738339213734714;-0,2550320953146496;-0,2788758880246042;-0,27311171609899576;0,00937613020349149;395
0,43176732063293455;0,018858567323122452;0,004928016662597656;0,0005741712549053044;11;5;10;{'model__max_depth': 11, 'model__min_samples_split': 5, 'model__n_estimators': 10};-0,2791104171220552;-0,28147030499711484;-0,27321952289639506;-0,25687198096526337;-0,2749025684292195;-0,2731149588820096;0,00863479173277064;396
1,2653791427612304;0,010287434874876713;0,007026386260986328;0,0007010099716752051;18;2;25;{'model__max_depth': 18, 'model__min_samples_split': 2, 'model__n_estimators': 25};-0,2779154106857736;-0,28063374461892543;-0,27390560979714185;-0,25605167746985935;-0,27706847927159456;-0,273114984368659;0,008797584911387414;397
0,4869330406188965;0,0030095818581407094;0,005680656433105469;0,00037070391001361666;14;2;10;{'model__max_depth': 14, 'model__min_samples_split': 2, 'model__n_estimators': 10};-0,2818343148380239;-0,27674649376154803;-0,27162034583859984;-0,2593220420860071;-0,2762209997951755;-0,2731488392638709;0,007633287450539896;398
0,10156354904174805;0,004979983183588443;0,0035091400146484374;0,0006325641764137102;4;10;5;{'model__max_depth': 4, 'model__min_samples_split': 10, 'model__n_estimators': 5};-0,2646859922886501;-0,28013961284952754;-0,27443200007262414;-0,2634988123041064;-0,2830362216988802;-0,2731585278427577;0,007912269943708285;399
0,23053975105285646;0,0032657027343565535;0,004433250427246094;0,000794715419342144;3;2;15;{'model__max_depth': 3, 'model__min_samples_split': 2, 'model__n_estimators': 15};-0,2643815261881933;-0,2804053900215648;-0,2797124639412195;-0,26095342966915386;-0,28053782405491745;-0,27319812677500976;0,008670841268325659;400
0,43596816062927246;0,0215563037292062;0,005029010772705078;0,0008900249722479057;;10;10;{'model__max_depth': None, 'model__min_samples_split': 10, 'model__n_estimators': 10};-0,27949396822510664;-0,2764940600658465;-0,27335626901127674;-0,2594657976550459;-0,2772192989701487;-0,27320587878548486;0,007145238879182822;401
0,22881145477294923;0,0015138572028554852;0,0046192646026611325;0,0010259415871122566;3;5;15;{'model__max_depth': 3, 'model__min_samples_split': 5, 'model__n_estimators': 15};-0,26440492850691444;-0,2804053900215648;-0,2797124639412195;-0,26099248199730357;-0,28054558398741;-0,27321216969088247;0,008656367297110334;402
0,24970088005065919;0,025059599604639386;0,00583958625793457;0,0008221240284032168;3;10;15;{'model__max_depth': 3, 'model__min_samples_split': 10, 'model__n_estimators': 15};-0,26440492850691444;-0,28055100390494203;-0,2797124639412195;-0,2609180977650093;-0,28054558398741;-0,27322641562109906;0,008701746551875857;403
0,42243685722351076;0,0063681392383693036;0,004055118560791016;0,00024618717809757025;15;10;10;{'model__max_depth': 15, 'model__min_samples_split': 10, 'model__n_estimators': 10};-0,27908981644701486;-0,27713454440009494;-0,27222626302883396;-0,2599001046245313;-0,27787788421508847;-0,2732457225431127;0,007069343761316257;404
2,0314921855926515;0,027009193246724413;0,009422111511230468;0,0012747556595950871;19;2;40;{'model__max_depth': 19, 'model__min_samples_split': 2, 'model__n_estimators': 40};-0,27435477621148424;-0,2797380474444499;-0,276474125087178;-0,2569526184030929;-0,27871505888876646;-0,2732469252069943;0,008356814476794325;405
0,3791844367980957;0,004762391520998172;0,004118108749389648;0,00021321300978885594;9;2;10;{'model__max_depth': 9, 'model__min_samples_split': 2, 'model__n_estimators': 10};-0,2782577253895449;-0,27552736903789543;-0,27652563859211626;-0,2589947416358641;-0,2770363730252226;-0,27326836953612865;0,007190839394856911;406
2,026709699630737;0,020665339779765635;0,009232330322265624;0,0009991543044653795;20;2;40;{'model__max_depth': 20, 'model__min_samples_split': 2, 'model__n_estimators': 40};-0,27600917516098455;-0,28066840162006973;-0,2748617305088415;-0,25672029834612137;-0,278167279066322;-0,27328537694046784;0,008516429039703436;407
1,2803680419921875;0,004748993933275418;0,006110048294067383;0,00047268679172168056;19;2;25;{'model__max_depth': 19, 'model__min_samples_split': 2, 'model__n_estimators': 25};-0,2787854301056023;-0,27937390603173673;-0,27410533168081996;-0,2555618757023216;-0,27861392760538395;-0,27328809422517286;0,009061004453146771;408
1,01791090965271;0,007281848202904651;0,006348133087158203;0,0003917166610316095;20;2;20;{'model__max_depth': 20, 'model__min_samples_split': 2, 'model__n_estimators': 20};-0,2771180361177269;-0,2786228385577635;-0,27348479998533315;-0,2587635940938964;-0,2784649872375515;-0,2732908511984543;0,00749570453621386;409
0,1016965389251709;0,0021934873712663454;0,0038141250610351563;0,00038917255643607264;4;2;5;{'model__max_depth': 4, 'model__min_samples_split': 2, 'model__n_estimators': 5};-0,26523802233342714;-0,27957928342460703;-0,2746043596997392;-0,26436561723324536;-0,28270555675378956;-0,2732985678889616;0,007408291590725843;410
0,632220458984375;0,006766313957779498;0,004826164245605469;0,000679730852207829;18;10;15;{'model__max_depth': 18, 'model__min_samples_split': 10, 'model__n_estimators': 15};-0,2764360648262989;-0,27927752801421946;-0,2744401286659239;-0,25858609794047543;-0,2780061059367602;-0,2733491850767356;0,007556452715088107;411
0,41522984504699706;0,006478319113682468;0,004909658432006836;0,000575848808387178;14;10;10;{'model__max_depth': 14, 'model__min_samples_split': 10, 'model__n_estimators': 10};-0,2798978965026073;-0,2778203298876871;-0,2719684395730312;-0,2589862358872946;-0,27809503892572335;-0,2733535881552687;0,007662904888418687;412
0,638562822341919;0,006565127711026634;0,005266952514648438;0,000675438621040544;17;10;15;{'model__max_depth': 17, 'model__min_samples_split': 10, 'model__n_estimators': 15};-0,27613428523160083;-0,2807674480704469;-0,2739125401332084;-0,25712144361937667;-0,2788486438325993;-0,2733568721774464;0,008446160329911991;413
0,44443502426147463;0,00811258168949474;0,004892396926879883;0,0007080315447706166;11;2;10;{'model__max_depth': 11, 'model__min_samples_split': 2, 'model__n_estimators': 10};-0,2799575820967811;-0,28035680417663267;-0,27395585936264233;-0,2571383137823396;-0,27538597080959415;-0,273358906045598;0,008486295564872105;414
0,18783316612243653;0,0022503634248187444;0,0036098480224609373;0,00048732079633711546;10;10;5;{'model__max_depth': 10, 'model__min_samples_split': 10, 'model__n_estimators': 5};-0,28191148702890917;-0,27300177886954896;-0,2726444462921131;-0,26008423194552327;-0,2792148408112567;-0,27337135698947024;0,007540461568738969;415
0,43204851150512696;0,0061754209545264015;0,004208803176879883;0,00040054556868632403;20;10;10;{'model__max_depth': 20, 'model__min_samples_split': 10, 'model__n_estimators': 10};-0,2794054685145457;-0,2756784756617622;-0,273138973563931;-0,2609084758558789;-0,2777259158140188;-0,2733714618820273;0,0065737795699737315;416
1,0485406875610352;0,03393047816316434;0,006115484237670899;0,00048736822179011423;19;2;20;{'model__max_depth': 19, 'model__min_samples_split': 2, 'model__n_estimators': 20};-0,2749395645888367;-0,2791514663877066;-0,27604078446939784;-0,25716951282426675;-0,27962129007006503;-0,2733845236680546;0,008301268985633586;417
1,2673691749572753;0,006855910581963667;0,006730270385742187;0,0008843757690280926;20;2;25;{'model__max_depth': 20, 'model__min_samples_split': 2, 'model__n_estimators': 25};-0,2795215999981065;-0,27982287490668334;-0,2722914087714755;-0,25702582052358913;-0,2782997048188831;-0,2733922818037475;0,008626434328282058;418
2,0290590286254884;0,016405790869562967;0,009293937683105468;0,0008354727736266316;;2;40;{'model__max_depth': None, 'model__min_samples_split': 2, 'model__n_estimators': 40};-0,27608052702426783;-0,2812369025272255;-0,274753122935892;-0,2568367126721391;-0,2784295115450972;-0,2734673553409243;0,008602894836117541;419
0,5974593162536621;0,006587345887269019;0,007664871215820312;0,0010225666894539364;3;2;40;{'model__max_depth': 3, 'model__min_samples_split': 2, 'model__n_estimators': 40};-0,2685069454987066;-0,2800945722543739;-0,2786026758416936;-0,25905784532736;-0,2812665141078572;-0,27350571060599826;0,008524678142162866;420
0,37903523445129395;0,00531727486159079;0,006558704376220703;0,001557218135194635;3;2;25;{'model__max_depth': 3, 'model__min_samples_split': 2, 'model__n_estimators': 25};-0,2675505608700948;-0,2799773856135424;-0,27854483837458366;-0,25995267862914667;-0,2815193083357583;-0,2735089543646252;0,008374264937038441;421
0,6037172317504883;0,006307278080990579;0,007974815368652344;0,0010638636393895888;3;5;40;{'model__max_depth': 3, 'model__min_samples_split': 5, 'model__n_estimators': 40};-0,26851572136822704;-0,2800945722543739;-0,2786026758416936;-0,2590724899504162;-0,28126360413317253;-0,27350981270957664;0,00851815509795189;422
0,38267927169799804;0,004123060486847694;0,00601801872253418;0,0003035148707946245;3;5;25;{'model__max_depth': 3, 'model__min_samples_split': 5, 'model__n_estimators': 25};-0,26756460226132744;-0,2799773856135424;-0,27854483837458366;-0,2599761100260365;-0,28152396429525384;-0,2735173801141488;0,008365571799058058;423
0,5948744297027588;0,003466317095243509;0,007952547073364258;0,0008042233023255668;3;10;40;{'model__max_depth': 3, 'model__min_samples_split': 10, 'model__n_estimators': 40};-0,26851572136822704;-0,2801491774606404;-0,27861528027185317;-0,2590721766398212;-0,2812800116995671;-0,2735264734880217;0,008531211536141036;424
1,019465446472168;0,008503288719532081;0,006036233901977539;0,0008927916153091243;18;2;20;{'model__max_depth': 18, 'model__min_samples_split': 2, 'model__n_estimators': 20};-0,27600706610003767;-0,2804644216810853;-0,2756873588806545;-0,25869531743820423;-0,276816516630063;-0,27353413614600897;0,007612426296331676;425
0,684935474395752;0,01066067745116724;0,0055119991302490234;0,000996284266957239;15;5;15;{'model__max_depth': 15, 'model__min_samples_split': 5, 'model__n_estimators': 15};-0,2772404142389162;-0,28203147500168924;-0,27378433830997045;-0,2549256642950332;-0,27969111763663046;-0,27353460189644796;0,009697293546890947;426
0,3769256591796875;0,005422314029736524;0,005928802490234375;0,0001818957451492296;3;10;25;{'model__max_depth': 3, 'model__min_samples_split': 10, 'model__n_estimators': 25};-0,26756460226132744;-0,2800647539435688;-0,27854483837458366;-0,25997560872908454;-0,2815502164014852;-0,2735400039420099;0,008384300527344984;427
0,4269535064697266;0,0035969117668795646;0,005430936813354492;0,0007272587401553001;16;10;10;{'model__max_depth': 16, 'model__min_samples_split': 10, 'model__n_estimators': 10};-0,2805951394088509;-0,27680185666459006;-0,2731114538454754;-0,25899193402207127;-0,2784218875498392;-0,27358445429816536;0,0076950311449600385;428
0,6306499481201172;0,012621595362376961;0,005386161804199219;0,0012001300093944214;11;5;15;{'model__max_depth': 11, 'model__min_samples_split': 5, 'model__n_estimators': 15};-0,2762707432938483;-0,2846013118303842;-0,27449250319142654;-0,25453156477344085;-0,27811735435459684;-0,2736026954887393;0,01012886933180473;429
0,3052386283874512;0,002637192177234904;0,006241941452026367;0,0015952452798864197;3;2;20;{'model__max_depth': 3, 'model__min_samples_split': 2, 'model__n_estimators': 20};-0,26633668195115995;-0,2808751406245008;-0,27956535172705704;-0,2607119505693093;-0,28078657729541273;-0,273655140433488;0,008473516276330775;430
0,30649170875549314;0,0037595716817477435;0,005579471588134766;0,0007896947238653586;3;5;20;{'model__max_depth': 3, 'model__min_samples_split': 5, 'model__n_estimators': 20};-0,2663542336902008;-0,2808751406245008;-0,27956535172705704;-0,26074123981542163;-0,2807923972447821;-0,2736656726203925;0,008462516752076618;431
0,30680599212646487;0,002417844278359705;0,00569915771484375;0,0004520994664461421;3;10;20;{'model__max_depth': 3, 'model__min_samples_split': 10, 'model__n_estimators': 20};-0,2663542336902008;-0,2809843510370338;-0,27956535172705704;-0,2606854516412009;-0,2808252123775713;-0,27368292009461276;0,008503764641430092;432
0,9934630393981934;0,0070832224340840145;0,006278514862060547;0,0005247140875327592;16;2;20;{'model__max_depth': 16, 'model__min_samples_split': 2, 'model__n_estimators': 20};-0,2746896200335659;-0,28169482583837124;-0,2746487265629815;-0,25893022961225853;-0,27848517644145865;-0,2736897156977272;0,007833775234663802;433
1,3177889347076417;0,05781647265415638;0,007366991043090821;0,0009130720728403915;;2;25;{'model__max_depth': None, 'model__min_samples_split': 2, 'model__n_estimators': 25};-0,2803102800002055;-0,2802404695365958;-0,27293953803158644;-0,2571265893054888;-0,2778530837403189;-0,27369399212283907;0,008706063541874223;434
0,41048011779785154;0,005504634333189417;0,0047244071960449215;0,0007520339489330473;13;10;10;{'model__max_depth': 13, 'model__min_samples_split': 10, 'model__n_estimators': 10};-0,2791797024851743;-0,27875464976594394;-0,27354187753144793;-0,26037275669977517;-0,2767389994404478;-0,2737175971845578;0,0069634906415583205;435
0,6947639942169189;0,005129356076162861;0,006121158599853516;0,00020649587153648876;20;5;15;{'model__max_depth': 20, 'model__min_samples_split': 5, 'model__n_estimators': 15};-0,27804682562804695;-0,28107514588417215;-0,27241674299121865;-0,2574160483790939;-0,2799446669087413;-0,2737798859582546;0,008707071318940282;436
0,18089652061462402;0,0012933753528612054;0,0036631107330322267;0,00034174325322277276;9;10;5;{'model__max_depth': 9, 'model__min_samples_split': 10, 'model__n_estimators': 5};-0,28397451275298635;-0,27406533665559457;-0,2725055481887902;-0,25981940318829355;-0,27858905342903617;-0,2737907708429401;0,008045600199661773;437
1,1595984935760497;0,023778895738935796;0,006848478317260742;0,0009910197021952697;;2;20;{'model__max_depth': None, 'model__min_samples_split': 2, 'model__n_estimators': 20};-0,2778532148370231;-0,2796582067139115;-0,27468825927281953;-0,2589599094860003;-0,2781303707319222;-0,27385799220833534;0,0076223319609183444;438
0,6997904300689697;0,008625761350544209;0,005934333801269532;0,0009205397050220152;19;5;15;{'model__max_depth': 19, 'model__min_samples_split': 5, 'model__n_estimators': 15};-0,27751266647184836;-0,2804536532793356;-0,2732997456774673;-0,2571275905180185;-0,2809392074284629;-0,27386657267502656;0,008800234198204035;439
0,15915298461914062;0,0022863845998821503;0,005148506164550782;0,001039527398489429;3;2;10;{'model__max_depth': 3, 'model__min_samples_split': 2, 'model__n_estimators': 10};-0,26444406813053206;-0,2804154386889716;-0,2814437458227129;-0,2625811323098353;-0,2807456570874711;-0,2739260084079046;0,008529362161706527;440
0,46426868438720703;0,005877693667460662;0,004151105880737305;0,0006638401489541583;16;5;10;{'model__max_depth': 16, 'model__min_samples_split': 5, 'model__n_estimators': 10};-0,2809420852147894;-0,27891004898769667;-0,27341050752735624;-0,25776113163960107;-0,2786732784186524;-0,2739394103576192;0,008463694829648233;441
0,15488166809082032;0,0013986882821548335;0,004236745834350586;0,0003896895888423145;3;5;10;{'model__max_depth': 3, 'model__min_samples_split': 5, 'model__n_estimators': 10};-0,26447917160861373;-0,2804154386889716;-0,2814437458227129;-0,2626397108020599;-0,2807572969862099;-0,2739470727817136;0,008507838802796338;442
0,15493412017822267;0,0013869635001744255;0,003923368453979492;0,00018864882086498417;3;10;10;{'model__max_depth': 3, 'model__min_samples_split': 10, 'model__n_estimators': 10};-0,26447917160861373;-0,28063385951403746;-0,2814437458227129;-0,26256596965633106;-0,2807572969862099;-0,273976008717581;0,008561061286254073;443
0,5078220844268799;0,0064330531642598715;0,004610538482666016;0,0008050204223656488;17;2;10;{'model__max_depth': 17, 'model__min_samples_split': 2, 'model__n_estimators': 10};-0,27997702742931874;-0,2788568821108951;-0,27770423080000095;-0,25560507375193003;-0,27861307927120255;-0,27415125867266943;0,009301342942324839;444
0,6924566745758056;0,005463645816345196;0,005419778823852539;0,000572931531246419;18;5;15;{'model__max_depth': 18, 'model__min_samples_split': 5, 'model__n_estimators': 15};-0,27664339104024194;-0,2838516345988159;-0,2726184762008523;-0,25646313860974473;-0,2812989474504672;-0,2741751175800244;0,009660368926074912;445
0,47255640029907225;0,003099274734997613;0,005212831497192383;0,0004041384774083366;13;2;10;{'model__max_depth': 13, 'model__min_samples_split': 2, 'model__n_estimators': 10};-0,2820314034793287;-0,2793980046243773;-0,27353484089343655;-0,26271902615750886;-0,2735542075731305;-0,2742474965455564;0,006648474979865724;446
0,17374725341796876;0,0030165015025315333;0,0041236400604248045;0,0006568186230921914;8;5;5;{'model__max_depth': 8, 'model__min_samples_split': 5, 'model__n_estimators': 5};-0,28691782112312675;-0,27521541545159606;-0,2746188184934429;-0,26158452088793943;-0,27291533778294735;-0,27425038274781055;0,008046582252385335;447
0,6902027130126953;0,0037742937395368052;0,005375051498413086;0,0005322721898820395;17;5;15;{'model__max_depth': 17, 'model__min_samples_split': 5, 'model__n_estimators': 15};-0,27796459036512355;-0,2832365911606014;-0,2724772556818869;-0,2578486064684383;-0,2798443940202237;-0,27427428753925476;0,008921879056496147;448
0,7548342227935791;0,012105735891365115;0,005672597885131836;0,00030397509020444846;17;2;15;{'model__max_depth': 17, 'model__min_samples_split': 2, 'model__n_estimators': 15};-0,275116172473096;-0,28151975775486543;-0,27855434464607054;-0,2544558571631518;-0,2818304939466074;-0,27429532519675826;0,010211647493451064;449
0,4266190052032471;0,006263072892608019;0,004669952392578125;0,0005485144156601021;17;10;10;{'model__max_depth': 17, 'model__min_samples_split': 10, 'model__n_estimators': 10};-0,28174023582517493;-0,2771278455128818;-0,2725666399700182;-0,259299462453568;-0,28077380765318216;-0,274301598282965;0,008164369612067483;450
0,6839772224426269;0,005081824625263301;0,005955266952514649;0,0005535487209849428;12;2;15;{'model__max_depth': 12, 'model__min_samples_split': 2, 'model__n_estimators': 15};-0,2780299735579627;-0,2837278556064567;-0,2745141084744004;-0,25789860693381134;-0,2777747675375215;-0,27438906242203054;0,008762226314064857;451
0,7012473106384277;0,002031049869650605;0,005002212524414062;0,0008539431481268578;13;2;15;{'model__max_depth': 13, 'model__min_samples_split': 2, 'model__n_estimators': 15};-0,27932884524402735;-0,2826450804820779;-0,27423828796599675;-0,2588016823239631;-0,27694259104551305;-0,2743912974123156;0,00827131093901784;452
0,4608334541320801;0,008999404716796095;0,005240535736083985;0,0011582272942585177;15;5;10;{'model__max_depth': 15, 'model__min_samples_split': 5, 'model__n_estimators': 10};-0,2823835926897975;-0,2792346687148354;-0,27403479653646856;-0,2587646550601567;-0,27766989178082824;-0,2744175209564173;0,008275262124128921;453
0,19934420585632323;0,0013830320059453314;0,003769683837890625;0,0002245640486257619;11;10;5;{'model__max_depth': 11, 'model__min_samples_split': 10, 'model__n_estimators': 5};-0,28425074141875994;-0,27366309435936687;-0,2725303482688343;-0,264129570958037;-0,2778170852179148;-0,2744781680445826;0,006606108792547087;454
0,6837047100067138;0,00702640984651366;0,005138874053955078;0,0006990769216862505;;5;15;{'model__max_depth': None, 'model__min_samples_split': 5, 'model__n_estimators': 15};-0,27862112577337067;-0,2809337933566351;-0,27398842965015496;-0,2578814814305652;-0,2810027622477268;-0,2744855184916905;0,008684458607666427;455
0,428546667098999;0,006416059918846437;0,004549169540405273;0,0006916482561053182;18;10;10;{'model__max_depth': 18, 'model__min_samples_split': 10, 'model__n_estimators': 10};-0,2824986196370989;-0,27550134831170403;-0,2739779246466238;-0,2613213552144329;-0,27954604805759203;-0,2745690591734903;0,007271431918836988;456
0,18929605484008788;0,0036896387182063085;0,004221820831298828;0,0020390902801319284;9;5;5;{'model__max_depth': 9, 'model__min_samples_split': 5, 'model__n_estimators': 5};-0,28066589641686945;-0,2801339061156106;-0,27068702264134703;-0,2615457659606176;-0,28003272303749666;-0,27461306283438824;0,007518740064862172;457
0,46777687072753904;0,006767480892988341;0,004831361770629883;0,0008148819100403841;20;5;10;{'model__max_depth': 20, 'model__min_samples_split': 5, 'model__n_estimators': 10};-0,2833782809528664;-0,27799577050685653;-0,27213487570745487;-0,2596864505649167;-0,2799918507731069;-0,2746374457010403;0,008320400377504499;458
0,7497098922729493;0,014565301838435143;0,005527496337890625;0,0005365061827280654;15;2;15;{'model__max_depth': 15, 'model__min_samples_split': 2, 'model__n_estimators': 15};-0,2763495181826804;-0,28360254346114777;-0,2766850909326117;-0,25840964151862184;-0,27819702624495185;-0,2746487640680027;0,00852653062774548;459
0,4554957389831543;0,004076312693385359;0,004610443115234375;0,0008625772472543664;12;2;10;{'model__max_depth': 12, 'model__min_samples_split': 2, 'model__n_estimators': 10};-0,2826118172518445;-0,2812727616791795;-0,2723147516237898;-0,26204304960549485;-0,2754415022994603;-0,27473677649195377;0,007378738571481636;460
0,4680521011352539;0,006825960528281878;0,004222488403320313;0,00025412309717458195;18;5;10;{'model__max_depth': 18, 'model__min_samples_split': 5, 'model__n_estimators': 10};-0,2819753989549995;-0,2792733793761938;-0,27242186656908346;-0,2584933229285458;-0,2818352526153298;-0,27479984408883046;0,008860648826972661;461
0,7590998649597168;0,008288161568111813;0,005669164657592774;0,0002924831984235161;19;2;15;{'model__max_depth': 19, 'model__min_samples_split': 2, 'model__n_estimators': 15};-0,2780193131348822;-0,2810400423889097;-0,2781013128451055;-0,2572357584386447;-0,2800160232260364;-0,2748824900067157;0,008898047308159535;462
0,7744903087615966;0,009200847037188152;0,0060389041900634766;0,001103976432747325;20;2;15;{'model__max_depth': 20, 'model__min_samples_split': 2, 'model__n_estimators': 15};-0,27971536447850565;-0,28129200862347115;-0,2759453223941914;-0,25858990462301323;-0,27923387750137424;-0,27495529552411113;0,008365699320912398;463
0,47013607025146487;0,006386317383882048;0,004928207397460938;0,0007975341824614597;17;5;10;{'model__max_depth': 17, 'model__min_samples_split': 5, 'model__n_estimators': 10};-0,2835153157802504;-0,2790971486178062;-0,27163958033421903;-0,26036369250258873;-0,2804332444746876;-0,27500979634191036;0,008298563885430623;464
0,8745727062225341;0,010182504103415299;0,007350921630859375;0,0016572090206737103;;2;15;{'model__max_depth': None, 'model__min_samples_split': 2, 'model__n_estimators': 15};-0,28061235024290576;-0,281831627495337;-0,27541803892337724;-0,2578755254451847;-0,2795568448057853;-0,275058877382518;0,008858210842571034;465
0,7689163684844971;0,010722008074198656;0,006042051315307617;0,0014196036303629343;18;2;15;{'model__max_depth': 18, 'model__min_samples_split': 2, 'model__n_estimators': 15};-0,2792431669500393;-0,28277572114447797;-0,27673510435102944;-0,2583800888911827;-0,2782238527821371;-0,2750715868237733;0,008579812828386659;466
0,4953866958618164;0,005935154188618371;0,004623985290527344;0,00047471711459315434;15;2;10;{'model__max_depth': 15, 'model__min_samples_split': 2, 'model__n_estimators': 10};-0,27932817226911927;-0,28211085969886085;-0,2770757655598881;-0,260880722577361;-0,2762171902156216;-0,2751225420641702;0,007407653713270713;467
0,7522423744201661;0,007354655563697034;0,006113243103027344;0,0004896549370176545;16;2;15;{'model__max_depth': 16, 'model__min_samples_split': 2, 'model__n_estimators': 15};-0,2780117651046861;-0,285725938086207;-0,2757790395762967;-0,2577665280673298;-0,2785082836730426;-0,27515831090151244;0,009315564148384869;468
0,20679545402526855;0,001617654299255154;0,003955316543579101;0,0001045317323990896;10;2;5;{'model__max_depth': 10, 'model__min_samples_split': 2, 'model__n_estimators': 5};-0,28743554923367387;-0,28018278843099653;-0,270923306454589;-0,25924998749310935;-0,2784061066832172;-0,2752395476591172;0,009565575280415916;469
0,09717411994934082;0,015625245109373437;0,0057888031005859375;0,004365833411998025;3;2;5;{'model__max_depth': 3, 'model__min_samples_split': 2, 'model__n_estimators': 5};-0,26207536018772054;-0,28213502727493256;-0,28335100050630907;-0,26666748821349195;-0,282168648003997;-0,2752795048372903;0,009034642107518453;470
0,4696345329284668;0,005998224777000715;0,005198001861572266;0,0007418103272145776;19;5;10;{'model__max_depth': 19, 'model__min_samples_split': 5, 'model__n_estimators': 10};-0,2829937227801545;-0,27699807177563734;-0,2744125818742201;-0,26124754744410217;-0,2808642523084431;-0,27530323523651146;0,0076327793516784495;471
0,08163437843322754;0,0030468082993500714;0,0033522605895996093;0,0006344656718428129;3;5;5;{'model__max_depth': 3, 'model__min_samples_split': 5, 'model__n_estimators': 5};-0,26207536018772054;-0,28213502727493256;-0,28335100050630907;-0,26678464519794115;-0,2821860106176332;-0,2753064087569074;0,009015048634771377;472
0,19328780174255372;0,0045995905056343215;0,00401458740234375;1,5450259768069647e-05;9;2;5;{'model__max_depth': 9, 'model__min_samples_split': 2, 'model__n_estimators': 5};-0,2853763392321447;-0,2746088422077571;-0,274483007763521;-0,26412977490816225;-0,2779536679842852;-0,2753103264191741;0,006848257251709827;473
0,0815774917602539;0,002367368237497213;0,0035149574279785155;0,0006408191027010122;3;10;5;{'model__max_depth': 3, 'model__min_samples_split': 10, 'model__n_estimators': 5};-0,26207536018772054;-0,2825718689250643;-0,28335100050630907;-0,2667606604500125;-0,2821860106176332;-0,27538898013734797;0,009087218054304158;474
0,535350751876831;0,014987457442478884;0,004724454879760742;0,0008756764129957198;20;2;10;{'model__max_depth': 20, 'model__min_samples_split': 2, 'model__n_estimators': 10};-0,28202297710215557;-0,2771139922988417;-0,2785094621435817;-0,2623855928417183;-0,27734676198615416;-0,27547575727449025;0,0067765231528802575;475
0,539661455154419;0,05332764434545205;0,0049593448638916016;0,0009922568231517086;16;2;10;{'model__max_depth': 16, 'model__min_samples_split': 2, 'model__n_estimators': 10};-0,280727464638784;-0,2841887379772067;-0,2757044692863989;-0,2599352984414743;-0,2768415602800757;-0,27547950612478794;0,008329705642720094;476
0,5121037483215332;0,003895508398551905;0,0048748493194580075;0,0006901276002044997;19;2;10;{'model__max_depth': 19, 'model__min_samples_split': 2, 'model__n_estimators': 10};-0,2805733049052711;-0,27952584108245343;-0,2786048062942394;-0,2602398424812902;-0,27875534119484907;-0,2755398271916206;0,007681762349520086;477
0,4590616703033447;0,005781957817564253;0,005041313171386719;0,0010427310998833413;;5;10;{'model__max_depth': None, 'model__min_samples_split': 5, 'model__n_estimators': 10};-0,28465396585951847;-0,27746511043192784;-0,27426420217455233;-0,26044969651071354;-0,2809850751079066;-0,27556361001692375;0,008315784979423436;478
0,202431583404541;0,0042928532232384495;0,0036595821380615234;0,00045079746127186956;12;10;5;{'model__max_depth': 12, 'model__min_samples_split': 10, 'model__n_estimators': 5};-0,28546834471107463;-0,2722148576079835;-0,27141413392959957;-0,26520053519815734;-0,28406894985893616;-0,27567336426115024;0,007825726284684639;479
0,5098800659179688;0,0061114500169241835;0,0041692256927490234;0,0003130223665790013;18;2;10;{'model__max_depth': 18, 'model__min_samples_split': 2, 'model__n_estimators': 10};-0,28308013040527513;-0,2800166623560875;-0,2766051949691383;-0,2617955758740131;-0,2777229404267071;-0,2758441008062443;0,007365334339471827;480
0,20127272605895996;0,0028926425511244186;0,003232860565185547;0,0007419963198254454;10;5;5;{'model__max_depth': 10, 'model__min_samples_split': 5, 'model__n_estimators': 5};-0,2870184768155656;-0,2805805760074132;-0,2709771908071395;-0,26093324573915905;-0,2798934746551113;-0,2758805928048777;0,009052204798147882;481
0,5796839714050293;0,0333821240525729;0,0059720039367675785;0,0006831628941599742;;2;10;{'model__max_depth': None, 'model__min_samples_split': 2, 'model__n_estimators': 10};-0,28369276274743527;-0,27963874065816163;-0,27585256813017406;-0,26240164396411364;-0,27853329862340626;-0,2760238028246582;0,007263206238896115;482
0,21210970878601074;0,004774626331332049;0,004029369354248047;3,155084140733804e-05;14;10;5;{'model__max_depth': 14, 'model__min_samples_split': 10, 'model__n_estimators': 5};-0,28698559640744115;-0,2749782321011901;-0,270919503379776;-0,26072254658888966;-0,28734372298003513;-0,2761899202914664;0,010093949367469608;483
0,22097859382629395;0,0036127006369947516;0,0041312694549560545;0,0001919741542902877;11;2;5;{'model__max_depth': 11, 'model__min_samples_split': 2, 'model__n_estimators': 5};-0,2869691056608757;-0,2801309663090463;-0,27083835125541456;-0,2604353014957895;-0,28369862355365266;-0,27641446965495575;0,009640523824791315;484
0,22840380668640137;0,004371833105392204;0,0038227081298828126;0,001173736893641874;14;5;5;{'model__max_depth': 14, 'model__min_samples_split': 5, 'model__n_estimators': 5};-0,28833904135608135;-0,2784180805854983;-0,27008547922036436;-0,2605266692630321;-0,28698707247925187;-0,2768712685808456;0,010482602657907795;485
0,21609764099121093;0,005382997011156881;0,0037171363830566405;0,0008806925869540161;20;10;5;{'model__max_depth': 20, 'model__min_samples_split': 10, 'model__n_estimators': 5};-0,2846005157013418;-0,27416755987866903;-0,2712450628107344;-0,26733407258522607;-0,28720193572153296;-0,2769098293395008;0,007699075912517754;486
0,21442294120788574;0,005116798491182828;0,003966045379638672;8,509751940804988e-05;19;10;5;{'model__max_depth': 19, 'model__min_samples_split': 10, 'model__n_estimators': 5};-0,28554579276116027;-0,2759077071018632;-0,2717401173192148;-0,26549154308620443;-0,2861821488530168;-0,2769734618242919;0,007983018980679431;487
0,2070176601409912;0,0038084231368378852;0,00391693115234375;0,0006601735528263801;13;10;5;{'model__max_depth': 13, 'model__min_samples_split': 10, 'model__n_estimators': 5};-0,28808129995142073;-0,276947456228785;-0,2725735951952369;-0,2641499830551875;-0,28320621850769173;-0,27699171058766436;0,008319023608961333;488
0,21698994636535646;0,003959513481497289;0,003918933868408203;0,0004950407633478342;12;5;5;{'model__max_depth': 12, 'model__min_samples_split': 5, 'model__n_estimators': 5};-0,286913961053039;-0,27752970154248857;-0,2674393980322016;-0,26696351405815527;-0,28653761463486505;-0,2770768378641499;0,008736589038854494;489
0,2104955196380615;0,007459659742814809;0,003709697723388672;0,0002455794045991533;11;5;5;{'model__max_depth': 11, 'model__min_samples_split': 5, 'model__n_estimators': 5};-0,2885671601453264;-0,28202758999332905;-0,2717663753654152;-0,2647796289620883;-0,27956962864466894;-0,2773420766221656;0,008268277443131144;490
0,21463704109191895;0,0067015475151459445;0,004429674148559571;0,0007532195822359869;15;10;5;{'model__max_depth': 15, 'model__min_samples_split': 10, 'model__n_estimators': 5};-0,2876219985725231;-0,2747691458360885;-0,2716967491695897;-0,26700576797676867;-0,28564958677245106;-0,2773486496654842;0,008000253439331815;491
0,2132312297821045;0,007605729973379662;0,00390782356262207;0,00020034479892767692;;10;5;{'model__max_depth': None, 'model__min_samples_split': 10, 'model__n_estimators': 5};-0,2850226891482226;-0,2750910936610883;-0,2717090109544311;-0,26526394395233166;-0,28968005533254;-0,2773533586097227;0,0088757707599401;492
0,23173189163208008;0,0021348381454446776;0,004209280014038086;0,00040245606997186824;12;2;5;{'model__max_depth': 12, 'model__min_samples_split': 2, 'model__n_estimators': 5};-0,2928266368350722;-0,28127441572448786;-0,2686678445783456;-0,264436150324124;-0,2808899493533298;-0,2776189993630719;0,010092017646216065;493
0,22252435684204103;0,004542365409011363;0,0038222312927246095;0,00038870420353120114;13;5;5;{'model__max_depth': 13, 'model__min_samples_split': 5, 'model__n_estimators': 5};-0,2890294216752067;-0,2784184082433374;-0,2688916385166425;-0,26386756188036026;-0,28793711247262804;-0,277628828557635;0,010025653366839407;494
0,21901407241821289;0,0066991605563684236;0,0042264461517333984;0,0007443965187461326;16;10;5;{'model__max_depth': 16, 'model__min_samples_split': 10, 'model__n_estimators': 5};-0,2874008817204666;-0,27638645035105786;-0,2730121530807999;-0,26491516533077203;-0,28697475476980666;-0,2777378810505806;0,008570581383571979;495
0,21821293830871583;0,006375038383586519;0,004324102401733398;0,0007635128518914045;17;10;5;{'model__max_depth': 17, 'model__min_samples_split': 10, 'model__n_estimators': 5};-0,28692300284917266;-0,27653134331204043;-0,271309353628552;-0,2645593321855656;-0,2896199786734311;-0,27778860212975237;0,009402060322636116;496
0,2150557518005371;0,006777283059529062;0,0037160396575927736;0,0008802633809725452;18;10;5;{'model__max_depth': 18, 'model__min_samples_split': 10, 'model__n_estimators': 5};-0,28656113020662355;-0,2740299507709018;-0,27300110972184666;-0,2663641053092207;-0,2903394946746;-0,2780591581366386;0,008963066673443595;497
0,24601368904113768;0,005195552925127906;0,004424428939819336;0,0004979862644910492;14;2;5;{'model__max_depth': 14, 'model__min_samples_split': 2, 'model__n_estimators': 5};-0,29330374559451156;-0,27879749429073114;-0,2737293815935884;-0,2615136751016279;-0,28317005826912467;-0,2781028709699167;0,010502897761256492;498
0,11987237930297852;0,0038526813412449114;0,004709577560424805;0,0007951012411664335;2;2;10;{'model__max_depth': 2, 'model__min_samples_split': 2, 'model__n_estimators': 10};-0,2673915913149404;-0,2881883815764167;-0,28524140384849833;-0,2676256371803948;-0,28438053746712566;-0,27856551027747517;0,00911612896558087;499
0,13090791702270507;0,03530145927321162;0,005097055435180664;0,0015037281537662523;2;5;10;{'model__max_depth': 2, 'model__min_samples_split': 5, 'model__n_estimators': 10};-0,2673915913149404;-0,2881883815764167;-0,28524140384849833;-0,2676256371803948;-0,28438053746712566;-0,27856551027747517;0,00911612896558087;499
0,11808156967163086;0,004667314439960862;0,005413436889648437;0,0008278726885151779;2;10;10;{'model__max_depth': 2, 'model__min_samples_split': 10, 'model__n_estimators': 10};-0,2673915913149404;-0,2881883815764167;-0,28524140384849833;-0,2676256371803948;-0,28438053746712566;-0,27856551027747517;0,00911612896558087;499
0,2334211826324463;0,005500670858169711;0,0039160728454589845;0,0010234048498228726;16;5;5;{'model__max_depth': 16, 'model__min_samples_split': 5, 'model__n_estimators': 5};-0,29040530042903795;-0,2773658606000904;-0,2733557198124843;-0,26365410600012273;-0,2889189188234515;-0,2787399811330374;0,0099815084282481;502
2,1642518997192384;0,049303574752056434;0,026424884796142578;0,0008088593647977889;2;10;200;{'model__max_depth': 2, 'model__min_samples_split': 10, 'model__n_estimators': 200};-0,27261948301717115;-0,2863518710115727;-0,28472870797621314;-0,267082344342251;-0,28362950537506665;-0,27888238234445495;0,007628535458994306;503
2,2031461715698244;0,06723380978683767;0,026175975799560547;0,0015336954953869511;2;2;200;{'model__max_depth': 2, 'model__min_samples_split': 2, 'model__n_estimators': 200};-0,27261948301717115;-0,2863518710115727;-0,28472870797621314;-0,267082344342251;-0,28362950537506665;-0,27888238234445495;0,007628535458994306;503
2,1548435211181642;0,04914759435660027;0,02985997200012207;0,006653252626128176;2;5;200;{'model__max_depth': 2, 'model__min_samples_split': 5, 'model__n_estimators': 200};-0,27261948301717115;-0,2863518710115727;-0,28472870797621314;-0,267082344342251;-0,28362950537506665;-0,27888238234445495;0,007628535458994306;503
0,16901679039001466;0,0036217494639077226;0,005121088027954102;0,0007955057118079478;2;10;15;{'model__max_depth': 2, 'model__min_samples_split': 10, 'model__n_estimators': 15};-0,26979610258374576;-0,2876720330079125;-0,28527925631924267;-0,26732470697120503;-0,2851966080566408;-0,2790537413877493;0,008649172470173926;506
0,17473740577697755;0,0054170393254152;0,0056610107421875;0,0014112010238170787;2;2;15;{'model__max_depth': 2, 'model__min_samples_split': 2, 'model__n_estimators': 15};-0,26979610258374576;-0,2876720330079125;-0,28527925631924267;-0,26732470697120503;-0,2851966080566408;-0,2790537413877493;0,008649172470173926;506
0,16721663475036622;0,004035907850043946;0,005816936492919922;0,00040117795355148073;2;5;15;{'model__max_depth': 2, 'model__min_samples_split': 5, 'model__n_estimators': 15};-0,26979610258374576;-0,2876720330079125;-0,28527925631924267;-0,26732470697120503;-0,2851966080566408;-0,2790537413877493;0,008649172470173926;506
0,2530529499053955;0,005261780727152095;0,0044190406799316405;0,0005922796894948526;17;2;5;{'model__max_depth': 17, 'model__min_samples_split': 2, 'model__n_estimators': 5};-0,29083043717502083;-0,27884795677717733;-0,2757080511398052;-0,2607684786626496;-0,2899687802502381;-0,2792247408009782;0,010984254699395972;509
0,5474554061889648;0,01275955069862135;0,010435390472412109;0,0010367176478057463;2;2;50;{'model__max_depth': 2, 'model__min_samples_split': 2, 'model__n_estimators': 50};-0,272565507168607;-0,2870727828216539;-0,2848149344960186;-0,2662462387938088;-0,285635394373496;-0,2792669715307169;0,008327262432289831;510
0,5404639720916748;0,011201524095603098;0,009344959259033203;0,0010466777934245888;2;5;50;{'model__max_depth': 2, 'model__min_samples_split': 5, 'model__n_estimators': 50};-0,272565507168607;-0,2870727828216539;-0,2848149344960186;-0,2662462387938088;-0,285635394373496;-0,2792669715307169;0,008327262432289831;510
0,5685278415679932;0,05017390819656107;0,009777212142944336;0,0019352435836566407;2;10;50;{'model__max_depth': 2, 'model__min_samples_split': 10, 'model__n_estimators': 50};-0,272565507168607;-0,2870727828216539;-0,2848149344960186;-0,2662462387938088;-0,285635394373496;-0,2792669715307169;0,008327262432289831;510
1,1435555458068847;0,07075405314879031;0,01459360122680664;0,00036927985587914406;2;10;100;{'model__max_depth': 2, 'model__min_samples_split': 10, 'model__n_estimators': 100};-0,2737781976714944;-0,2868540604866034;-0,2851708127330256;-0,26672280225500994;-0,2840097343284889;-0,2793071214949244;0,00777673221757941;513
1,0937473773956299;0,04578633314789436;0,01640329360961914;0,0017440651775062488;2;2;100;{'model__max_depth': 2, 'model__min_samples_split': 2, 'model__n_estimators': 100};-0,2737781976714944;-0,2868540604866034;-0,2851708127330256;-0,26672280225500994;-0,2840097343284889;-0,2793071214949244;0,00777673221757941;513
1,0791287899017334;0,01669071891098076;0,014944648742675782;0,0007696064076403061;2;5;100;{'model__max_depth': 2, 'model__min_samples_split': 5, 'model__n_estimators': 100};-0,2737781976714944;-0,2868540604866034;-0,2851708127330256;-0,26672280225500994;-0,2840097343284889;-0,2793071214949244;0,00777673221757941;513
0,2621622085571289;0,02775125449767572;0,0039405345916748045;0,0002179826217038147;13;2;5;{'model__max_depth': 13, 'model__min_samples_split': 2, 'model__n_estimators': 5};-0,29433590331888176;-0,28251744638846615;-0,27263690469481683;-0,26720419463987205;-0,27994193174686793;-0,2793272761577809;0,0092470974111576;516
0,21851897239685059;0,004396052930614574;0,005728483200073242;0,0008784876838161643;2;10;20;{'model__max_depth': 2, 'model__min_samples_split': 10, 'model__n_estimators': 20};-0,2712310799060888;-0,2875911561364999;-0,2855121991845931;-0,26719366290070534;-0,28588606309482384;-0,2794828322445422;0,008511341224194217;517
0,2189805507659912;0,0017309020175584955;0,006070327758789062;0,0002655338007008618;2;5;20;{'model__max_depth': 2, 'model__min_samples_split': 5, 'model__n_estimators': 20};-0,2712310799060888;-0,2875911561364999;-0,2855121991845931;-0,26719366290070534;-0,28588606309482384;-0,2794828322445422;0,008511341224194217;517
0,22675867080688478;0,005951441715125486;0,006350421905517578;0,000678650728912092;2;2;20;{'model__max_depth': 2, 'model__min_samples_split': 2, 'model__n_estimators': 20};-0,2712310799060888;-0,2875911561364999;-0,2855121991845931;-0,26719366290070534;-0,28588606309482384;-0,2794828322445422;0,008511341224194217;517
0,2715757369995117;0,0028860331581238986;0,0062331676483154295;0,0002522679664417725;2;10;25;{'model__max_depth': 2, 'model__min_samples_split': 10, 'model__n_estimators': 25};-0,27234078254420885;-0,28728620554023904;-0,28508413057450105;-0,26683474787419764;-0,2866238738702375;-0,2796339480806768;0,00841582301922801;520
0,2759899616241455;0,0051489032699021135;0,006444549560546875;0,0008511857232679961;2;2;25;{'model__max_depth': 2, 'model__min_samples_split': 2, 'model__n_estimators': 25};-0,27234078254420885;-0,28728620554023904;-0,28508413057450105;-0,26683474787419764;-0,2866238738702375;-0,2796339480806768;0,00841582301922801;520
0,2762669563293457;0,005198516691167378;0,0057182788848876955;0,0003353450469070093;2;5;25;{'model__max_depth': 2, 'model__min_samples_split': 5, 'model__n_estimators': 25};-0,27234078254420885;-0,28728620554023904;-0,28508413057450105;-0,26683474787419764;-0,2866238738702375;-0,2796339480806768;0,00841582301922801;520
0,4355777740478516;0,01076875460324074;0,006707620620727539;0,000634320888042549;2;5;40;{'model__max_depth': 2, 'model__min_samples_split': 5, 'model__n_estimators': 40};-0,2733400576337929;-0,28685761944008376;-0,2857399040947609;-0,2660553594817887;-0,2862083242740628;-0,2796402529848978;0,008446034283886737;523
0,43349447250366213;0,003350012284574517;0,008007526397705078;0,0006468032844916676;2;2;40;{'model__max_depth': 2, 'model__min_samples_split': 2, 'model__n_estimators': 40};-0,2733400576337929;-0,28685761944008376;-0,2857399040947609;-0,2660553594817887;-0,2862083242740628;-0,2796402529848978;0,008446034283886737;523
0,4256955623626709;0,0034556771487210935;0,007720041275024414;0,0006334082037555718;2;10;40;{'model__max_depth': 2, 'model__min_samples_split': 10, 'model__n_estimators': 40};-0,2733400576337929;-0,28685761944008376;-0,2857399040947609;-0,2660553594817887;-0,2862083242740628;-0,2796402529848978;0,008446034283886737;523
0,2334228515625;0,005552532309761484;0,004160070419311523;0,000450688022529319;17;5;5;{'model__max_depth': 17, 'model__min_samples_split': 5, 'model__n_estimators': 5};-0,2941485132023897;-0,279684587184594;-0,2709860820921101;-0,267895006531391;-0,2872126807363332;-0,27998537394936357;0,00979880796632988;526
0,2363051414489746;0,005535201534962193;0,004019498825073242;1,4617217341683238e-05;18;5;5;{'model__max_depth': 18, 'model__min_samples_split': 5, 'model__n_estimators': 5};-0,29261131736510004;-0,2796552814802536;-0,27063889456406265;-0,2667175762953353;-0,29137535826713934;-0,28019968559437824;0,01051110493732099;527
0,23562321662902833;0,004865558434962613;0,00416259765625;0,0007757891649216664;20;5;5;{'model__max_depth': 20, 'model__min_samples_split': 5, 'model__n_estimators': 5};-0,29399329295223026;-0,27963903167279336;-0,27051596764181496;-0,26715293058020506;-0,290179457924126;-0,2802961361542339;0,01052729299248524;528
0,23102474212646484;0,005695625717428165;0,0037160396575927736;0,0006096264025674712;15;5;5;{'model__max_depth': 15, 'model__min_samples_split': 5, 'model__n_estimators': 5};-0,29415006012423767;-0,2774806698718232;-0,27517821698856026;-0,2643382666905727;-0,29046014435890294;-0,28032147160681936;0,010807484513229226;529
0,06671633720397949;0,004720333728126188;0,004092550277709961;0,0003249137954972394;2;2;5;{'model__max_depth': 2, 'model__min_samples_split': 2, 'model__n_estimators': 5};-0,2661260209092468;-0,291664797810187;-0,2886084445904615;-0,2692860585428975;-0,2861262894871609;-0,28036232226799074;0,010529232634219397;530
0,06688880920410156;0,005753107054726781;0,0037720203399658203;0,000218174756116948;2;5;5;{'model__max_depth': 2, 'model__min_samples_split': 5, 'model__n_estimators': 5};-0,2661260209092468;-0,291664797810187;-0,2886084445904615;-0,2692860585428975;-0,2861262894871609;-0,28036232226799074;0,010529232634219397;530
0,06325640678405761;0,0035778064312916285;0,004282951354980469;0,0004381970816613927;2;10;5;{'model__max_depth': 2, 'model__min_samples_split': 10, 'model__n_estimators': 5};-0,2661260209092468;-0,291664797810187;-0,2886084445904615;-0,2692860585428975;-0,2861262894871609;-0,28036232226799074;0,010529232634219397;530
0,2372049331665039;0,005341862548297423;0,00391545295715332;0,0008052651177782157;19;5;5;{'model__max_depth': 19, 'model__min_samples_split': 5, 'model__n_estimators': 5};-0,29355756710285014;-0,27623633673604797;-0,2733822275766577;-0,26781738014566797;-0,2912152511558071;-0,2804417525434062;0,010148793595445956;533
0,25224928855895995;0,002709684148559042;0,003538179397583008;0,0004633716798135078;16;2;5;{'model__max_depth': 16, 'model__min_samples_split': 2, 'model__n_estimators': 5};-0,2894962322271908;-0,28831067822813317;-0,27716097691318975;-0,2622190873330495;-0,2855457565087165;-0,28054654624205594;0,01012648564667832;534
0,2608170032501221;0,010637577333734055;0,004220199584960937;0,0006743117845651052;18;2;5;{'model__max_depth': 18, 'model__min_samples_split': 2, 'model__n_estimators': 5};-0,2951726294924529;-0,27839619404081006;-0,27502553221584697;-0,2657624385034869;-0,2888070829156417;-0,28063277543364773;0,010351782958586415;535
0,2471242904663086;0,004653747678114167;0,003876352310180664;0,00020039875671746556;15;2;5;{'model__max_depth': 15, 'model__min_samples_split': 2, 'model__n_estimators': 5};-0,28824089983799134;-0,2849129337380874;-0,2776346221050282;-0,26524981405439735;-0,28776878753030427;-0,2807614114531617;0,008633280590326024;536
0,2321286678314209;0,004713047236757615;0,003903102874755859;0,0007222015475295501;;5;5;{'model__max_depth': None, 'model__min_samples_split': 5, 'model__n_estimators': 5};-0,29428313828208463;-0,27870387017761467;-0,27442582931206494;-0,26813400510242297;-0,2924548620792049;-0,28160034099067843;0,010196855774688344;537
0,27388935089111327;0,010018981860023583;0,004013442993164062;0,0002712521442186856;;2;5;{'model__max_depth': None, 'model__min_samples_split': 2, 'model__n_estimators': 5};-0,2947901881196666;-0,27973890935845436;-0,27659085089545454;-0,26651886499573024;-0,2906104101974644;-0,2816498447133541;0,010110904986460374;538
0,2752679824829102;0,00560014554510969;0,00441594123840332;0,0010690402534142714;20;2;5;{'model__max_depth': 20, 'model__min_samples_split': 2, 'model__n_estimators': 5};-0,2944967262836696;-0,28025670162992783;-0,278813140473389;-0,26712288278099433;-0,2893894383434945;-0,28201577790229504;0,00943710232780956;539
0,2570047378540039;0,005809507029563195;0,003908014297485352;0,00019972480195216185;19;2;5;{'model__max_depth': 19, 'model__min_samples_split': 2, 'model__n_estimators': 5};-0,29484510934492375;-0,28158977610725444;-0,281589277896514;-0,2669018434344969;-0,28980948431732695;-0,28294709822010317;0,009484631908070286;540
1,2408984661102296;0,016284398516814562;0,026470470428466796;0,0022228668219668175;1;5;200;{'model__max_depth': 1, 'model__min_samples_split': 5, 'model__n_estimators': 200};-0,27781990187823213;-0,3003081849568847;-0,30119664945738056;-0,2753455539662542;-0,29484040711384024;-0,28990213947451837;0,011118568906151035;541
1,2931855201721192;0,05515613154884605;0,02565765380859375;0,001170085323325424;1;10;200;{'model__max_depth': 1, 'model__min_samples_split': 10, 'model__n_estimators': 200};-0,27781990187823213;-0,3003081849568847;-0,30119664945738056;-0,2753455539662542;-0,29484040711384024;-0,28990213947451837;0,011118568906151035;541
1,3392200946807862;0,08999916905401135;0,02566494941711426;0,0008376958373736958;1;2;200;{'model__max_depth': 1, 'model__min_samples_split': 2, 'model__n_estimators': 200};-0,27781990187823213;-0,3003081849568847;-0,30119664945738056;-0,2753455539662542;-0,29484040711384024;-0,28990213947451837;0,011118568906151035;541
0,6288789272308349;0,016889152944775516;0,014667987823486328;0,0010252950535453711;1;2;100;{'model__max_depth': 1, 'model__min_samples_split': 2, 'model__n_estimators': 100};-0,27759461054458723;-0,30029347240517246;-0,30114564230579904;-0,2753459309675646;-0,29540826227527134;-0,28995758369967894;0,011207646036864043;544
0,6610558509826661;0,03602020772707756;0,014423036575317382;0,00042981363484421233;1;10;100;{'model__max_depth': 1, 'model__min_samples_split': 10, 'model__n_estimators': 100};-0,27759461054458723;-0,30029347240517246;-0,30114564230579904;-0,2753459309675646;-0,29540826227527134;-0,28995758369967894;0,011207646036864043;544
0,6584037780761719;0,02002705223167685;0,014427757263183594;0,000538220985840789;1;5;100;{'model__max_depth': 1, 'model__min_samples_split': 5, 'model__n_estimators': 100};-0,27759461054458723;-0,30029347240517246;-0,30114564230579904;-0,2753459309675646;-0,29540826227527134;-0,28995758369967894;0,011207646036864043;544
0,3245397090911865;0,01135040873101133;0,010683393478393555;0,0014002404349929708;1;5;50;{'model__max_depth': 1, 'model__min_samples_split': 5, 'model__n_estimators': 50};-0,27846996654982714;-0,3001195067820764;-0,30031271355733535;-0,2751901824301456;-0,29776107591942425;-0,2903706890477617;0,011140700999659097;547
0,37009377479553224;0,04434453219607558;0,009441757202148437;0,0011467635117132554;1;10;50;{'model__max_depth': 1, 'model__min_samples_split': 10, 'model__n_estimators': 50};-0,27846996654982714;-0,3001195067820764;-0,30031271355733535;-0,2751901824301456;-0,29776107591942425;-0,2903706890477617;0,011140700999659097;547
0,31505622863769533;0,007446929739982748;0,008685064315795899;0,0008954454314868418;1;2;50;{'model__max_depth': 1, 'model__min_samples_split': 2, 'model__n_estimators': 50};-0,27846996654982714;-0,3001195067820764;-0,30031271355733535;-0,2751901824301456;-0,29776107591942425;-0,2903706890477617;0,011140700999659097;547
0,1302004337310791;0,002805109418487316;0,00523991584777832;0,0009473531132430137;1;10;20;{'model__max_depth': 1, 'model__min_samples_split': 10, 'model__n_estimators': 20};-0,2784318772396299;-0,29990263516729004;-0,30228103611555424;-0,2753892736781804;-0,29778923390103346;-0,2907588112203376;0,011436555526928197;550
0,15121326446533204;0,009310564099916407;0,00813899040222168;0,004155964271010799;1;2;20;{'model__max_depth': 1, 'model__min_samples_split': 2, 'model__n_estimators': 20};-0,2784318772396299;-0,29990263516729004;-0,30228103611555424;-0,2753892736781804;-0,29778923390103346;-0,2907588112203376;0,011436555526928197;550
0,1299302577972412;0,0026692563558657206;0,005881261825561523;0,0009936145403043422;1;5;20;{'model__max_depth': 1, 'model__min_samples_split': 5, 'model__n_estimators': 20};-0,2784318772396299;-0,29990263516729004;-0,30228103611555424;-0,2753892736781804;-0,29778923390103346;-0,2907588112203376;0,011436555526928197;550
0,09912729263305664;0,002207824595769134;0,0048598766326904295;0,0006699166914122699;1;10;15;{'model__max_depth': 1, 'model__min_samples_split': 10, 'model__n_estimators': 15};-0,2778807191156933;-0,30005974401244906;-0,30311896634595964;-0,2750045143424495;-0,2977687657941514;-0,29076654192214063;0,011852958079849379;553
0,10655775070190429;0,006493368870202316;0,004725456237792969;0,0007415974241642213;1;2;15;{'model__max_depth': 1, 'model__min_samples_split': 2, 'model__n_estimators': 15};-0,2778807191156933;-0,30005974401244906;-0,30311896634595964;-0,2750045143424495;-0,2977687657941514;-0,29076654192214063;0,011852958079849379;553
0,11186094284057617;0,018556286547127175;0,0051612377166748045;0,0008575675004900669;1;5;15;{'model__max_depth': 1, 'model__min_samples_split': 5, 'model__n_estimators': 15};-0,2778807191156933;-0,30005974401244906;-0,30311896634595964;-0,2750045143424495;-0,2977687657941514;-0,29076654192214063;0,011852958079849379;553
0,17935447692871093;0,01312096587519352;0,006704187393188477;0,0011681092001000859;1;5;25;{'model__max_depth': 1, 'model__min_samples_split': 5, 'model__n_estimators': 25};-0,2790428397489516;-0,2999460493858396;-0,30107331821897376;-0,27543875598563405;-0,29853056255231253;-0,2908063051783423;0,011163792545842903;556
0,17694311141967772;0,01489786119419314;0,006204366683959961;0,0005993456133823063;1;2;25;{'model__max_depth': 1, 'model__min_samples_split': 2, 'model__n_estimators': 25};-0,2790428397489516;-0,2999460493858396;-0,30107331821897376;-0,27543875598563405;-0,29853056255231253;-0,2908063051783423;0,011163792545842903;556
0,16453180313110352;0,0028151562916612877;0,006472730636596679;0,0005895989672055607;1;10;25;{'model__max_depth': 1, 'model__min_samples_split': 10, 'model__n_estimators': 25};-0,2790428397489516;-0,2999460493858396;-0,30107331821897376;-0,27543875598563405;-0,29853056255231253;-0,2908063051783423;0,011163792545842903;556
0,06907248497009277;0,0032124325731998312;0,004305267333984375;0,00027091286503191583;1;2;10;{'model__max_depth': 1, 'model__min_samples_split': 2, 'model__n_estimators': 10};-0,27852690191914536;-0,29940620607437896;-0,30267089655842483;-0,2752738771194041;-0,2981582058343001;-0,29080721750113064;0,011496237027301202;559
0,06888575553894043;0,002651189009796801;0,004221677780151367;0,0007621103042955342;1;10;10;{'model__max_depth': 1, 'model__min_samples_split': 10, 'model__n_estimators': 10};-0,27852690191914536;-0,29940620607437896;-0,30267089655842483;-0,2752738771194041;-0,2981582058343001;-0,29080721750113064;0,011496237027301202;559
0,08502483367919922;0,0285723810644271;0,008530473709106446;0,00519356321913818;1;5;10;{'model__max_depth': 1, 'model__min_samples_split': 5, 'model__n_estimators': 10};-0,27852690191914536;-0,29940620607437896;-0,30267089655842483;-0,2752738771194041;-0,2981582058343001;-0,29080721750113064;0,011496237027301202;559
0,2719236373901367;0,016344902993079603;0,007901334762573242;0,0005585509881330475;1;2;40;{'model__max_depth': 1, 'model__min_samples_split': 2, 'model__n_estimators': 40};-0,2793370633809077;-0,30021777226764695;-0,30145849844538863;-0,2751425211231597;-0,29826407514316766;-0,2908839860720541;0,011265262835362503;562
0,2710700988769531;0,020341322689325047;0,00805039405822754;0,0005634622986348508;1;10;40;{'model__max_depth': 1, 'model__min_samples_split': 10, 'model__n_estimators': 40};-0,2793370633809077;-0,30021777226764695;-0,30145849844538863;-0,2751425211231597;-0,29826407514316766;-0,2908839860720541;0,011265262835362503;562
0,2594132423400879;0,0020859089669989614;0,00861201286315918;0,0007537894011086924;1;5;40;{'model__max_depth': 1, 'model__min_samples_split': 5, 'model__n_estimators': 40};-0,2793370633809077;-0,30021777226764695;-0,30145849844538863;-0,2751425211231597;-0,29826407514316766;-0,2908839860720541;0,011265262835362503;562
0,03768935203552246;0,0016985527151033859;0,003516960144042969;0,0009059003659536756;1;10;5;{'model__max_depth': 1, 'model__min_samples_split': 10, 'model__n_estimators': 5};-0,27520198957207814;-0,3016720126210779;-0,3033977936799734;-0,2760684286274009;-0,3013228535649243;-0,29153261561309096;0,013002069123164296;565
0,03981623649597168;0,002145472578377741;0,0038199424743652344;0,0006957751056834035;1;2;5;{'model__max_depth': 1, 'model__min_samples_split': 2, 'model__n_estimators': 5};-0,27520198957207814;-0,3016720126210779;-0,3033977936799734;-0,2760684286274009;-0,3013228535649243;-0,29153261561309096;0,013002069123164296;565
0,04084434509277344;0,00478773536172463;0,004022789001464844;0,0005591419518548871;1;5;5;{'model__max_depth': 1, 'model__min_samples_split': 5, 'model__n_estimators': 5};-0,27520198957207814;-0,3016720126210779;-0,3033977936799734;-0,2760684286274009;-0,3013228535649243;-0,29153261561309096;0,013002069123164296;565
