mean_fit_time;std_fit_time;mean_score_time;std_score_time;param_model__max_depth;param_model__min_samples_split;param_model__n_estimators;params;split0_test_score;split1_test_score;split2_test_score;split3_test_score;split4_test_score;mean_test_score;std_test_score;rank_test_score
0,9192854404449463;0,00773708504629373;0,008354282379150391;0,0005026832745911425;5;5;40;{'model__max_depth': 5, 'model__min_samples_split': 5, 'model__n_estimators': 40};-0,23003024175317013;-0,24456075639581729;-0,24469054407910182;-0,24501478665569001;-0,2346352524898311;-0,23978631627472208;0,006259362260453124;1
1,1386478900909425;0,009490413520757007;0,009261226654052735;0,000942705670087035;5;10;50;{'model__max_depth': 5, 'model__min_samples_split': 10, 'model__n_estimators': 50};-0,2311458155174392;-0,24414256056893202;-0,24371941032528108;-0,245312692244969;-0,23467882378022792;-0,23979986048736984;0,005757269148048241;2
0,921326732635498;0,004716253945223526;0,007725191116333008;0,00029635494213693154;5;2;40;{'model__max_depth': 5, 'model__min_samples_split': 2, 'model__n_estimators': 40};-0,230202948753997;-0,24464311190077032;-0,24477679596710897;-0,24505042487258233;-0,23434280853997178;-0,2398032180068861;0,006287693882437623;3
0,9150071144104004;0,0070107573622027125;0,008042383193969726;0,000539082984907892;5;10;40;{'model__max_depth': 5, 'model__min_samples_split': 10, 'model__n_estimators': 40};-0,23017377332974648;-0,24499626964242296;-0,24431191843288466;-0,24532961339798715;-0,23443626435209658;-0,23984956783102757;0,006314378285014227;4
1,1468955516815185;0,007901956237784615;0,009902000427246094;0,00058674534274252;5;5;50;{'model__max_depth': 5, 'model__min_samples_split': 5, 'model__n_estimators': 50};-0,230957903556467;-0,24413215628962612;-0,24431260198853824;-0,2453023639458644;-0,23471985387770392;-0,23988497593163993;0,00588832087123797;5
1,157066774368286;0,008081419406010992;0,009044647216796875;0,0008957235552326429;5;2;50;{'model__max_depth': 5, 'model__min_samples_split': 2, 'model__n_estimators': 50};-0,23111321985004046;-0,24430803493238049;-0,24435267646360578;-0,24513410019273224;-0,23472273685833764;-0,23992615365941933;0,005842277697173059;6
2,2893749713897704;0,019144518201336433;0,01533803939819336;0,0010175022032611926;5;5;100;{'model__max_depth': 5, 'model__min_samples_split': 5, 'model__n_estimators': 100};-0,23184616974455796;-0,24527071083236757;-0,24351262259126633;-0,24502914810876766;-0,23447157678200736;-0,2400260456117934;0,005700109825071204;7
2,2848665714263916;0,010066402001374545;0,015022754669189453;0,0007590890970672893;5;10;100;{'model__max_depth': 5, 'model__min_samples_split': 10, 'model__n_estimators': 100};-0,23188974674959212;-0,2452259002291919;-0,24363541770240574;-0,24504123757973953;-0,2347162488453702;-0,24010171022125987;0,0056494757387933045;8
2,3065495014190676;0,009771219832725756;0,015657377243041993;0,001106155924788841;5;2;100;{'model__max_depth': 5, 'model__min_samples_split': 2, 'model__n_estimators': 100};-0,23193205285275834;-0,24545956852364292;-0,24386520365814812;-0,24512820845261354;-0,23441830873867142;-0,24016066844516687;0,005782096271732013;9
4,59479546546936;0,033751302933282004;0,027660846710205078;0,0006532966126697738;5;5;200;{'model__max_depth': 5, 'model__min_samples_split': 5, 'model__n_estimators': 200};-0,23224017657387336;-0,24589511180918458;-0,2430499154037386;-0,24530633089920198;-0,23457277549869843;-0,2402128620369394;0,0056860275937233576;10
5,315132713317871;0,031068821904680483;0,027809524536132814;0,00034549557373927324;6;10;200;{'model__max_depth': 6, 'model__min_samples_split': 10, 'model__n_estimators': 200};-0,23171246638461052;-0,246516410654215;-0,24517517580713769;-0,24370661392178233;-0,23396645114559056;-0,24021542358266723;0,006129272841360726;11
5,337222385406494;0,027225846506886704;0,028098535537719727;0,002119246020326527;6;5;200;{'model__max_depth': 6, 'model__min_samples_split': 5, 'model__n_estimators': 200};-0,23146597383958734;-0,246696426488555;-0,2453084375712078;-0,24360110706440374;-0,23404254366757998;-0,24022289772626676;0,006229961167306819;12
2,651399326324463;0,027883828815476814;0,01607208251953125;0,0006647211988041362;6;10;100;{'model__max_depth': 6, 'model__min_samples_split': 10, 'model__n_estimators': 100};-0,23119863934602408;-0,24633966898643334;-0,24584220650936156;-0,24391234508895837;-0,23387056903626774;-0,240232685793409;0,006393627823996502;13
2,677159643173218;0,010939842357033274;0,01575303077697754;0,0007280903688462433;6;5;100;{'model__max_depth': 6, 'model__min_samples_split': 5, 'model__n_estimators': 100};-0,23078743075992417;-0,24676929393361116;-0,2460682055837786;-0,24381284909394768;-0,23395201589939923;-0,24027795905413218;0,006606777052168251;14
0,9533195495605469;0,011050769269706481;0,008984994888305665;0,0010647071852828217;4;5;50;{'model__max_depth': 4, 'model__min_samples_split': 5, 'model__n_estimators': 50};-0,2329518491710993;-0,2443218771298316;-0,2426328615624438;-0,24700254083361137;-0,23453091382191354;-0,2402880085037799;0,005546507897727585;15
0,5791805267333985;0,002514117721126731;0,006213140487670898;0,0002443087360381126;5;5;25;{'model__max_depth': 5, 'model__min_samples_split': 5, 'model__n_estimators': 25};-0,23157984736822598;-0,24300070576170898;-0,2464738751467299;-0,24589814656642314;-0,23450954402090468;-0,24029242377279852;0,006104423744942274;16
4,567015695571899;0,022513715694633507;0,026904916763305663;0,0008425431335884615;5;10;200;{'model__max_depth': 5, 'model__min_samples_split': 10, 'model__n_estimators': 200};-0,23230681261744396;-0,2458425085769602;-0,24338311571180887;-0,24523727734044007;-0,2348079232671697;-0,24031552750276458;0,005633017969254873;17
0,9821134090423584;0,034876611559449835;0,008840322494506836;0,0006941970025626841;4;10;50;{'model__max_depth': 4, 'model__min_samples_split': 10, 'model__n_estimators': 50};-0,23296003396182732;-0,24433636539631615;-0,24278399742334214;-0,24691751047871613;-0,23460809757276252;-0,24032120096659285;0,005523124858727429;18
0,9627493858337403;0,011031587151724498;0,008746862411499023;0,0006115505430045621;4;2;50;{'model__max_depth': 4, 'model__min_samples_split': 2, 'model__n_estimators': 50};-0,23312606186816975;-0,24434391833519847;-0,24277565320372657;-0,24697424045148336;-0,23439049609180831;-0,24032207399007732;0,005539184206111295;19
0,5796073913574219;0,0046546163005049615;0,006373548507690429;0,0007889094556821391;5;2;25;{'model__max_depth': 5, 'model__min_samples_split': 2, 'model__n_estimators': 25};-0,23150593834700228;-0,24324676905773038;-0,246512655382845;-0,245943387656603;-0,23464937655410908;-0,24037162539965795;0,006137878684413461;20
0,5778383255004883;0,005373527025378867;0,005846452713012695;0,0004017043710225406;5;10;25;{'model__max_depth': 5, 'model__min_samples_split': 10, 'model__n_estimators': 25};-0,23149181887602568;-0,2435976452536227;-0,2461631561845083;-0,24603100407817238;-0,23460920120893114;-0,24037856512025205;0,006132435985956541;21
5,372326374053955;0,032006892329920204;0,02952103614807129;0,0031033562234969603;6;2;200;{'model__max_depth': 6, 'model__min_samples_split': 2, 'model__n_estimators': 200};-0,23184992290881357;-0,24647589933346453;-0,24523944384604024;-0,24449601448596128;-0,2338797728656974;-0,2403882106879954;0,006208551994262681;22
5,946124696731568;0,029510753897162643;0,028881072998046875;0,001481291174443273;7;10;200;{'model__max_depth': 7, 'model__min_samples_split': 10, 'model__n_estimators': 200};-0,2321419130622143;-0,2469200721798286;-0,24661529132940535;-0,24283644005791447;-0,23344759000549709;-0,240392261326972;0,006381365572724321;23
4,630331039428711;0,029257206703573065;0,027848339080810545;0,0007944210322007691;5;2;200;{'model__max_depth': 5, 'model__min_samples_split': 2, 'model__n_estimators': 200};-0,23247811998198112;-0,24608337062698749;-0,24329501302003465;-0,2453833185476019;-0,23475230772759292;-0,2403984259808396;0,0056598209238943094;24
6,467718029022217;0,024757043681393014;0,028184986114501952;0,0010578473633509782;8;10;200;{'model__max_depth': 8, 'model__min_samples_split': 10, 'model__n_estimators': 200};-0,23242126441280495;-0,2471118214803837;-0,24719949856785206;-0,2422828262308464;-0,23335354496164568;-0,24047379113070658;0,0064515469074849395;25
1,8995787620544433;0,015074265805569921;0,015196132659912109;0,0009502059499513884;4;5;100;{'model__max_depth': 4, 'model__min_samples_split': 5, 'model__n_estimators': 100};-0,23323056142158421;-0,24486266949472352;-0,24268764008044613;-0,24641021336531294;-0,23518166381155814;-0,24047454963472498;0,005289148791979216;26
1,9048381805419923;0,005831682267860495;0,014272785186767578;0,0003980621516990156;4;2;100;{'model__max_depth': 4, 'model__min_samples_split': 2, 'model__n_estimators': 100};-0,23332837551682542;-0,24483702392499584;-0,24267684622392885;-0,24649000463049414;-0,23507408435159605;-0,2404812669295681;0,005297161413315358;27
1,0677443027496338;0,0072619185963311355;0,008185148239135742;0,0009911709267076416;6;5;40;{'model__max_depth': 6, 'model__min_samples_split': 5, 'model__n_estimators': 40};-0,2297908501169354;-0,24775055934272147;-0,2467297346008485;-0,2438728947713533;-0,23427100730914086;-0,2404830092281999;0,007158790691828395;28
1,3390483856201172;0,009745240306417944;0,010097551345825195;0,00025927317927696976;6;5;50;{'model__max_depth': 6, 'model__min_samples_split': 5, 'model__n_estimators': 50};-0,23118501308004316;-0,24678524120374148;-0,24613335705396724;-0,24371493380543524;-0,23460060178101835;-0,24048382938484109;0,006374093524276848;29
1,9131250858306885;0,01786649462627494;0,015027475357055665;0,0017007214054497383;4;10;100;{'model__max_depth': 4, 'model__min_samples_split': 10, 'model__n_estimators': 100};-0,23310150506421218;-0,24481952598457296;-0,2429118928128884;-0,24640547712100713;-0,23529357092021214;-0,24050639438057858;0,005314030830475607;30
0,7667253971099853;0,005188454759975008;0,00820460319519043;0,001201007475699168;4;5;40;{'model__max_depth': 4, 'model__min_samples_split': 5, 'model__n_estimators': 40};-0,2323427320215905;-0,24453256823389904;-0,2442023874672726;-0,24687211771741607;-0,23469648621650663;-0,24052925833133698;0,005844496155880267;31
1,0533480167388916;0,005171147057591089;0,007355165481567383;0,00043180942932953374;6;10;40;{'model__max_depth': 6, 'model__min_samples_split': 10, 'model__n_estimators': 40};-0,2300732323237634;-0,2476172024743891;-0,24695451500095802;-0,24405348214154032;-0,23397820712501696;-0,24053532781313355;0,007158038788603711;32
0,765048599243164;0,0036914506596034532;0,00787978172302246;0,0007876111971273299;4;2;40;{'model__max_depth': 4, 'model__min_samples_split': 2, 'model__n_estimators': 40};-0,23252012329745472;-0,24457995137142993;-0,2444198239025744;-0,24681954644679374;-0,2344032602659758;-0,2405485410568457;0,005878513014612895;33
0,7707539081573487;0,0030925480823002474;0,007475614547729492;0,0007591935676508475;4;10;40;{'model__max_depth': 4, 'model__min_samples_split': 10, 'model__n_estimators': 40};-0,23244904533684455;-0,24459501461755934;-0,2441896223637301;-0,24675196375188052;-0,23476579987586174;-0,24055028918917523;0,005781968275577135;34
0,4663977146148682;0,004165217804949789;0,005567312240600586;0,000926032923152955;5;10;20;{'model__max_depth': 5, 'model__min_samples_split': 10, 'model__n_estimators': 20};-0,23140488978829474;-0,24332877676591008;-0,24566829823392358;-0,24667399247631558;-0,23574797952992194;-0,24056478735887316;0,005968470642057129;35
1,3167568683624267;0,008227024837535719;0,009583187103271485;0,0005861325408126908;6;10;50;{'model__max_depth': 6, 'model__min_samples_split': 10, 'model__n_estimators': 50};-0,2315732067796953;-0,24653351709105795;-0,246198100299481;-0,2440945908130013;-0,23445146980086048;-0,2405701769568192;0,0062934964743866445;36
2,6725948333740233;0,01326960327896467;0,01568326950073242;0,00040281363579803945;6;2;100;{'model__max_depth': 6, 'model__min_samples_split': 2, 'model__n_estimators': 100};-0,23130554858316837;-0,24648033489806856;-0,24627187864252603;-0,24494503377313814;-0,23394713767051578;-0,2405899867134834;0,006576849813156391;37
1,074763870239258;0,005915964199438866;0,008640718460083009;0,0008378944146146264;6;2;40;{'model__max_depth': 6, 'model__min_samples_split': 2, 'model__n_estimators': 40};-0,2299560889669624;-0,24693591026364323;-0,24703158692336205;-0,24497791822991075;-0,2340888935188869;-0,24059807958055307;0,00716048278396149;38
0,46406021118164065;0,0018166820546116809;0,006099081039428711;0,0005097890477741514;5;5;20;{'model__max_depth': 5, 'model__min_samples_split': 5, 'model__n_estimators': 20};-0,23180415935297563;-0,24333805206559847;-0,24583307416531017;-0,24640027726409552;-0,23569544967073416;-0,24061420250374277;0,005830019360834629;39
3,2182857513427736;0,013941189852709408;0,01627383232116699;0,0004001573736481346;8;10;100;{'model__max_depth': 8, 'model__min_samples_split': 10, 'model__n_estimators': 100};-0,23245453974292773;-0,24698312449238544;-0,24779506849083816;-0,24287338592215346;-0,23312024000012585;-0,24064527172968614;0,006632746900521769;40
6,039786434173584;0,046641311972357054;0,028858184814453125;0,002044176393401645;7;5;200;{'model__max_depth': 7, 'model__min_samples_split': 5, 'model__n_estimators': 200};-0,23246760653729842;-0,24704634552287605;-0,2467046546819289;-0,2435454360912205;-0,2336067346246489;-0,24067415549159454;0,006364147421469315;41
6,103000259399414;0,03009602526511289;0,030057430267333984;0,0014699344232079457;7;2;200;{'model__max_depth': 7, 'model__min_samples_split': 2, 'model__n_estimators': 200};-0,23214751019843158;-0,24696282332232775;-0,24693913843659157;-0,24425629027551576;-0,23306601199499008;-0,24067435484557134;0,006666581901067645;42
1,2971426010131837;0,011857412112505503;0,008498477935791015;0,00078449444906212;8;10;40;{'model__max_depth': 8, 'model__min_samples_split': 10, 'model__n_estimators': 40};-0,23185664838415757;-0,24635811761522053;-0,24728797921285234;-0,24481838389722427;-0,23310940801865387;-0,24068610742562174;0,006755706334531487;43
0,4706287860870361;0,005243225174291288;0,00602564811706543;0,00032936957099316257;5;2;20;{'model__max_depth': 5, 'model__min_samples_split': 2, 'model__n_estimators': 20};-0,23160089268014591;-0,24388391765845033;-0,24605237462994414;-0,24623457916433025;-0,2359107816245544;-0,24073650915148498;0,005918454433997399;44
3,8539392948150635;0,004883222234473696;0,027437353134155275;0,001272707876633172;4;5;200;{'model__max_depth': 4, 'model__min_samples_split': 5, 'model__n_estimators': 200};-0,23357225787208563;-0,2457349015565026;-0,24198149381729528;-0,24637918684091878;-0,23603158738231445;-0,24073988549382336;0,005134909019825504;45
3,0912827968597414;0,07521002632396134;0,016124677658081055;0,0011213385322442256;7;10;100;{'model__max_depth': 7, 'model__min_samples_split': 10, 'model__n_estimators': 100};-0,23155962340407055;-0,2468576413259969;-0,24767571116272374;-0,24383339859422185;-0,23382373837710035;-0,2407500225728227;0,006741101195037254;46
3,8312077045440676;0,020205636982868553;0,027257919311523438;0,0014039646504439844;4;2;200;{'model__max_depth': 4, 'model__min_samples_split': 2, 'model__n_estimators': 200};-0,233556677172582;-0,24569909573674936;-0,24208551882768595;-0,24646067688926135;-0,2359862049059052;-0,24075763470643677;0,005163842275639738;47
3,8106595993041994;0,032130357707508495;0,028186845779418945;0,0011307004308725246;4;10;200;{'model__max_depth': 4, 'model__min_samples_split': 10, 'model__n_estimators': 200};-0,23343565348755796;-0,2458050811061386;-0,24214607426995297;-0,24637892042440185;-0,23612212451231873;-0,24077757076007397;0,005178816644767633;48
1,3484352111816407;0,012432743505248279;0,010381984710693359;0,00018712413373578256;6;2;50;{'model__max_depth': 6, 'model__min_samples_split': 2, 'model__n_estimators': 50};-0,23169985622479117;-0,24635613874717005;-0,24667929610213715;-0,2451061308871074;-0,23450590699346666;-0,2408694657909345;0,006424697030601879;49
6,67241792678833;0,025796214127185454;0,029049777984619142;0,001292384801564444;8;5;200;{'model__max_depth': 8, 'model__min_samples_split': 5, 'model__n_estimators': 200};-0,23299014057026826;-0,24707956780825177;-0,24776550486927854;-0,2430529144489496;-0,233576289837838;-0,24089288350691723;0,006421208757647842;50
1,613960361480713;0,015515676049196918;0,009536075592041015;0,001009260888260663;8;10;50;{'model__max_depth': 8, 'model__min_samples_split': 10, 'model__n_estimators': 50};-0,232924039137142;-0,24663631270789188;-0,2469147229149219;-0,2444169192209999;-0,23423886135892327;-0,2410261710679758;0,006153990900587428;51
1,5128252983093262;0,0099931623074549;0,015174055099487304;0,0009159765606736752;3;10;100;{'model__max_depth': 3, 'model__min_samples_split': 10, 'model__n_estimators': 100};-0,23372581456150832;-0,24555706128368548;-0,2427687496545829;-0,24674950708309132;-0,23650910668746858;-0,24106204785406732;0,005099309001021642;52
1,5455068588256835;0,027696777652833966;0,01627950668334961;0,002122834409517323;3;5;100;{'model__max_depth': 3, 'model__min_samples_split': 5, 'model__n_estimators': 100};-0,233764275084888;-0,24555010106461334;-0,24275639069439017;-0,24674700864097318;-0,2364925954703696;-0,2410620741910469;0,005088606506773552;53
1,4967130661010741;0,009349288012937145;0,014736747741699219;0,00042945611664651205;3;2;100;{'model__max_depth': 3, 'model__min_samples_split': 2, 'model__n_estimators': 100};-0,2337456923216776;-0,24555146209258183;-0,24276766175716655;-0,2467529386705964;-0,2364976662076425;-0,241063084209933;0,005095347485647253;54
0,4833383083343506;0,0037733781513762865;0,006240367889404297;0,0008125993398389677;4;5;25;{'model__max_depth': 4, 'model__min_samples_split': 5, 'model__n_estimators': 25};-0,23286990161355176;-0,2441906505811913;-0,24549861496040776;-0,24766678849857598;-0,23532737059939698;-0,24111066525062474;0,005883533745623302;55
1,1815759658813476;0,006036276222544237;0,008355426788330077;0,0008619324009234071;7;10;40;{'model__max_depth': 7, 'model__min_samples_split': 10, 'model__n_estimators': 40};-0,23003272381239112;-0,24777089006284916;-0,24871668239260608;-0,24529319800763122;-0,23386554634099804;-0,2411358081232951;0,007680013610407853;56
0,4841148376464844;0,004102044255962291;0,006243896484375;0,0009920010197540165;4;10;25;{'model__max_depth': 4, 'model__min_samples_split': 10, 'model__n_estimators': 25};-0,23304238581684256;-0,24414774766276345;-0,24584241648806263;-0,24742212351878162;-0,2352815318915996;-0,24114724107560997;0,005839813089574508;57
3,0187089443206787;0,02831833104190519;0,01622929573059082;0,0001879960717833371;7;5;100;{'model__max_depth': 7, 'model__min_samples_split': 5, 'model__n_estimators': 100};-0,2317001776596722;-0,2474440019746176;-0,24820617465243694;-0,24460227216579045;-0,23380522404668302;-0,24115157009984003;0,006993813100605266;58
3,0574708461761473;0,01814996645474671;0,016231346130371093;0,00030056988394481767;7;2;100;{'model__max_depth': 7, 'model__min_samples_split': 2, 'model__n_estimators': 100};-0,2315597899574499;-0,24704516402329998;-0,24790113392056226;-0,24578180427700136;-0,23350010924456405;-0,2411576002845755;0,007103197130083463;59
0,4846349716186523;0,005538684170173567;0,0060370445251464845;0,0012601675144477;4;2;25;{'model__max_depth': 4, 'model__min_samples_split': 2, 'model__n_estimators': 25};-0,2328996574106973;-0,24431048532535277;-0,24572740513207267;-0,24773228749827703;-0,23517670967376292;-0,24116930900803252;0,005966813218432315;60
0,7737719058990479;0,02419574723920173;0,009300756454467773;0,0008116602910775326;3;5;50;{'model__max_depth': 3, 'model__min_samples_split': 5, 'model__n_estimators': 50};-0,23397728478160365;-0,24581433282846535;-0,24294574899908977;-0,2472279568649838;-0,2362428464212441;-0,24124163397907733;0,005242295122828148;61
0,7579715728759766;0,0053383557403990445;0,009358501434326172;0,0007468085530680659;3;2;50;{'model__max_depth': 3, 'model__min_samples_split': 2, 'model__n_estimators': 50};-0,23401849394123903;-0,24581433282846535;-0,24294574899908977;-0,2472279568649838;-0,2362529878957899;-0,24125190410591357;0,005228947481777755;62
0,7574596405029297;0,0080206906601449;0,009656095504760742;0,0005853607313351713;3;10;50;{'model__max_depth': 3, 'model__min_samples_split': 10, 'model__n_estimators': 50};-0,23395992776156344;-0,24581433282846535;-0,24299336912005373;-0,24723295374922008;-0,23626203841524976;-0,2412525243749105;0,005247724988474419;63
3,0846014499664305;0,027811329412267622;0,027308177947998048;0,000836350319439966;3;5;200;{'model__max_depth': 3, 'model__min_samples_split': 5, 'model__n_estimators': 200};-0,2340622712284803;-0,24612872075126666;-0,24213314069609054;-0,2472414926731537;-0,23670319233684328;-0,2412537635371669;0,005153962982172036;64
3,3376184940338134;0,018103224797628558;0,015572929382324218;0,000735273645642126;8;5;100;{'model__max_depth': 8, 'model__min_samples_split': 5, 'model__n_estimators': 100};-0,23297858682783507;-0,24715916902546753;-0,24875674640490125;-0,2436414193064183;-0,2337427038274883;-0,24125572507842205;0,006659790000623303;65
3,007512903213501;0,020123630762169956;0,02751946449279785;0,0009430672016021137;3;10;200;{'model__max_depth': 3, 'model__min_samples_split': 10, 'model__n_estimators': 200};-0,2340445136549915;-0,24613220086080267;-0,2421439309275569;-0,24725874463716496;-0,23670071774200785;-0,24125602156450476;0,00516439408058515;66
3,0040635585784914;0,02711838404430055;0,026807594299316406;0,0018301704154041962;3;2;200;{'model__max_depth': 3, 'model__min_samples_split': 2, 'model__n_estimators': 200};-0,234070074471298;-0,2461262483316915;-0,24214339883081154;-0,24723836568575897;-0,23670572770547976;-0,24125676300500792;0,005150495033350918;67
6,789308977127075;0,03156505102302779;0,029465484619140624;0,0015412306137919981;8;2;200;{'model__max_depth': 8, 'model__min_samples_split': 2, 'model__n_estimators': 200};-0,23354781933885932;-0,247014489136451;-0,24806572878065972;-0,24391110631584284;-0,23379576881026787;-0,24126698247641615;0,006350632853256312;68
0,3919548988342285;0,004158115035905038;0,0057369709014892575;0,0009739440523336694;4;5;20;{'model__max_depth': 4, 'model__min_samples_split': 5, 'model__n_estimators': 20};-0,23299380909812648;-0,24423629535000715;-0,2449969601919806;-0,248207407496987;-0,23590938932607222;-0,2412687722926347;0,005797382827805824;69
0,38845314979553225;0,0044012324512235895;0,0060236454010009766;1,2825944572747007e-05;4;2;20;{'model__max_depth': 4, 'model__min_samples_split': 2, 'model__n_estimators': 20};-0,23296882117092374;-0,24438608878020898;-0,24507112910755627;-0,2482892812466133;-0,23572731790760287;-0,24128852764258105;0,00588316376381788;70
6,945270252227783;0,030698072863514232;0,030509328842163085;0,0022639794494149915;9;10;200;{'model__max_depth': 9, 'model__min_samples_split': 10, 'model__n_estimators': 200};-0,23410254522838772;-0,24700853415418186;-0,24843769460079387;-0,24277963517547993;-0,23423142455074525;-0,24131196674191774;0,006123573543492903;71
0,39818391799926756;0,013341823741586071;0,005468893051147461;0,0008155974384705753;4;10;20;{'model__max_depth': 4, 'model__min_samples_split': 10, 'model__n_estimators': 20};-0,23323935336359422;-0,24424103870491212;-0,2452599574401763;-0,2479854473616407;-0,23594476328125155;-0,24133411203031496;0,005703909963785153;72
1,4780311584472656;0,007974059206449894;0,009604120254516601;0,0005077063177670826;7;10;50;{'model__max_depth': 7, 'model__min_samples_split': 10, 'model__n_estimators': 50};-0,23202544144547702;-0,2471624861785353;-0,2479683727304035;-0,24499863483085188;-0,23486528227167236;-0,241404043491388;0,006631511774265742;73
1,338277244567871;0,0069102082040756975;0,008340787887573243;0,0008658929585027044;8;5;40;{'model__max_depth': 8, 'model__min_samples_split': 5, 'model__n_estimators': 40};-0,2313824210043158;-0,24654719389240215;-0,24875162478423596;-0,24548289924048466;-0,2349044364629418;-0,2414137150768761;0,006924642261145184;74
0,35095901489257814;0,0038864566621471816;0,004717016220092773;0,0005671007422891364;5;10;15;{'model__max_depth': 5, 'model__min_samples_split': 10, 'model__n_estimators': 15};-0,231905096010125;-0,24406821416698068;-0,24558223465320148;-0,24755172738303272;-0,23799784336543084;-0,24142102311575414;0,005730268144102465;75
0,6001628398895263;0,0041212190161246075;0,007954883575439452;0,0014699711939599118;3;5;40;{'model__max_depth': 3, 'model__min_samples_split': 5, 'model__n_estimators': 40};-0,2333065367975792;-0,24568859152384806;-0,24409874058263992;-0,24750757524518044;-0,2365626315457303;-0,24143281513899556;0,005511380759318243;76
0,6060800075531005;0,003108604617131832;0,008118581771850587;0,0002451497416000323;3;2;40;{'model__max_depth': 3, 'model__min_samples_split': 2, 'model__n_estimators': 40};-0,23335804824712345;-0,24568859152384806;-0,24409874058263992;-0,24750757524518044;-0,23656350722878725;-0,2414432925655158;0,005496052628146728;77
0,6094784259796142;0,014567540699600685;0,008136701583862305;0,0001918466708090495;3;10;40;{'model__max_depth': 3, 'model__min_samples_split': 10, 'model__n_estimators': 40};-0,2332890567883461;-0,24568859152384806;-0,2441582657338449;-0,24751382135047587;-0,23658662153823737;-0,24144727138695044;0,005519487253380925;78
1,667116355895996;0,008980437927554272;0,00990281105041504;0,0004919379372451749;8;5;50;{'model__max_depth': 8, 'model__min_samples_split': 5, 'model__n_estimators': 50};-0,23276220107946247;-0,24669944590129586;-0,2480430164144588;-0,24472886458213575;-0,23559154774223182;-0,24156501514391696;0,006188839490300754;79
1,2242568492889405;0,007887797143952241;0,009068107604980469;0,0006478132210116823;7;2;40;{'model__max_depth': 7, 'model__min_samples_split': 2, 'model__n_estimators': 40};-0,2298969470086006;-0,24809394830327214;-0,24923329790613574;-0,24731415785916172;-0,23347798359596517;-0,24160326693462714;0,008197789311166895;80
1,3896758556365967;0,013905697182268906;0,00754547119140625;0,00045558660101236136;9;10;40;{'model__max_depth': 9, 'model__min_samples_split': 10, 'model__n_estimators': 40};-0,23322534843771237;-0,245260047229624;-0,25093356159144875;-0,24380348483234127;-0,234963229044905;-0,24163713422720628;0,0066263305962919175;81
3,4498923778533936;0,033511994862040866;0,016160297393798827;0,0008018760309222664;9;10;100;{'model__max_depth': 9, 'model__min_samples_split': 10, 'model__n_estimators': 100};-0,2334626774401105;-0,24687800240173288;-0,24993237234045207;-0,24348592509623201;-0,23447211077533303;-0,2416462176107721;0,006600827138265461;82
0,3594518184661865;0,002868040543834857;0,004926824569702148;0,0009230056035051971;5;5;15;{'model__max_depth': 5, 'model__min_samples_split': 5, 'model__n_estimators': 15};-0,23232954023000651;-0,24437703242471523;-0,24549752426237176;-0,24822394516425234;-0,23803021443340605;-0,2416916513029504;0,005751904858993858;83
1,206356143951416;0,012433243320875772;0,008398199081420898;0,0008654109111031161;7;5;40;{'model__max_depth': 7, 'model__min_samples_split': 5, 'model__n_estimators': 40};-0,2299955910887633;-0,24804862718889867;-0,25056925035075417;-0,2459478437214378;-0,23392133500098522;-0,24169652947016784;0,00817940831790641;84
3,4147427558898924;0,01001620612389926;0,017643547058105467;0,0009314116809942316;8;2;100;{'model__max_depth': 8, 'model__min_samples_split': 2, 'model__n_estimators': 100};-0,23339765235057922;-0,24779973209499426;-0,24877704990227048;-0,2449030447871928;-0,23367061745071294;-0,2417096193171499;0,006796327844020165;85
7,305372047424316;0,06247364260773566;0,02968916893005371;0,0016677894754749704;10;10;200;{'model__max_depth': 10, 'model__min_samples_split': 10, 'model__n_estimators': 200};-0,2346122843629546;-0,24724342611850533;-0,24926951654807622;-0,24270611039896842;-0,23472617413113775;-0,24171150231192845;0,006130394941971865;86
0,3550675392150879;0,0034775874762522645;0,004222869873046875;0,00024839005507033807;5;2;15;{'model__max_depth': 5, 'model__min_samples_split': 2, 'model__n_estimators': 15};-0,23246618505334157;-0,24484486150305693;-0,2456216686002917;-0,2475973798810242;-0,2382761087807327;-0,2417612407636894;0,005603861977955103;87
0,2924661636352539;0,004612895156832728;0,005270576477050782;0,0012004274227696648;4;5;15;{'model__max_depth': 4, 'model__min_samples_split': 5, 'model__n_estimators': 15};-0,23366489210983932;-0,24461074350295445;-0,24438927912211628;-0,24948799985897804;-0,236770706068595;-0,24178472413249663;0,005747740396288898;88
0,29605693817138673;0,0026518608984726884;0,0049324512481689455;0,0005035844109593104;4;2;15;{'model__max_depth': 4, 'model__min_samples_split': 2, 'model__n_estimators': 15};-0,233631574873569;-0,24476731171555502;-0,2444617288351208;-0,24947854333685723;-0,2366691700810829;-0,24180166576843698;0,005794796593738556;89
1,7299157619476317;0,009796159552668262;0,009669017791748048;0,0013737998572702697;9;10;50;{'model__max_depth': 9, 'model__min_samples_split': 10, 'model__n_estimators': 50};-0,23429976468863659;-0,24540433273428539;-0,24991869824389273;-0,24363408209971363;-0,23581742951371823;-0,2418148614560493;0,005904437446837605;90
0,5409978866577149;0,004383670922183493;0,00626063346862793;0,0006035418346631947;6;5;20;{'model__max_depth': 6, 'model__min_samples_split': 5, 'model__n_estimators': 20};-0,23088254170503522;-0,24804299280043032;-0,24912136474630633;-0,2451885927903168;-0,23593608389795326;-0,24183431518800838;0,0071781672029393;91
0,2928153991699219;0,0018177701956757623;0,005217599868774414;0,0007555738594098697;4;10;15;{'model__max_depth': 4, 'model__min_samples_split': 10, 'model__n_estimators': 15};-0,23390855510105268;-0,24451525171038788;-0,24479945749756188;-0,24912497654597576;-0,23685740214840165;-0,24184112860067594;0,005598577262775212;92
0,6743015766143798;0,003203210304547868;0,006087064743041992;0,0005482512443655633;6;5;25;{'model__max_depth': 6, 'model__min_samples_split': 5, 'model__n_estimators': 25};-0,2317012746910645;-0,2473432989923903;-0,2499946731314642;-0,24462767580910946;-0,2355687453682485;-0,2418471335984554;0,007023934242325188;93
0,536210012435913;0,005097896589038426;0,00615234375;0,0016859438717338078;6;10;20;{'model__max_depth': 6, 'model__min_samples_split': 10, 'model__n_estimators': 20};-0,23095659195163562;-0,24779470333039594;-0,24946007317968796;-0,24554832841217517;-0,23597916065813868;-0,24194777150640667;0,007211319458735968;94
0,6697876453399658;0,003648418549319264;0,007282924652099609;0,0006969653813329753;6;10;25;{'model__max_depth': 6, 'model__min_samples_split': 10, 'model__n_estimators': 25};-0,23187746820119215;-0,24731453463917635;-0,2502241841167014;-0,24469364848636746;-0,23563852014150358;-0,24194967111698817;0,007015107069890297;95
0,6787827014923096;0,0053293345762916045;0,0060635566711425785;9,929229047114692e-05;6;2;25;{'model__max_depth': 6, 'model__min_samples_split': 2, 'model__n_estimators': 25};-0,23230478609535654;-0,24625275407627217;-0,2498678864223021;-0,2456652135656232;-0,23573545515860558;-0,24196521906363194;0,006732889285115027;96
0,3806325435638428;0,0022688051119502443;0,006130790710449219;0,0005905939304965154;3;5;25;{'model__max_depth': 3, 'model__min_samples_split': 5, 'model__n_estimators': 25};-0,23306794530344338;-0,24617051349997388;-0,24601591489262054;-0,24802758492688548;-0,23664768652443288;-0,2419859290294712;0,005971271322105724;97
0,39502153396606443;0,007906112673164664;0,006765413284301758;0,0013780588707708427;3;2;25;{'model__max_depth': 3, 'model__min_samples_split': 2, 'model__n_estimators': 25};-0,23306794530344338;-0,24617051349997388;-0,24601591489262054;-0,24802758492688548;-0,23664908761732398;-0,24198620924804945;0,005971020831218239;98
0,3919100284576416;0,008259158207908806;0,006454086303710938;0,0020275737606236756;3;10;25;{'model__max_depth': 3, 'model__min_samples_split': 10, 'model__n_estimators': 25};-0,23306794530344338;-0,24617051349997388;-0,24601591489262054;-0,24802758492688548;-0,2366860705124442;-0,24199360582707347;0,0059644241734271375;99
0,8125988006591797;0,006941541676485706;0,006617879867553711;0,0008090035808275977;8;10;25;{'model__max_depth': 8, 'model__min_samples_split': 10, 'model__n_estimators': 25};-0,23583773115547138;-0,24673777588790935;-0,24924929563701134;-0,24407823004922924;-0,23412299181230198;-0,24200520490838465;0,005988965312644907;100
1,365846538543701;0,0097701822700706;0,009236526489257813;0,0006864362868140863;8;2;40;{'model__max_depth': 8, 'model__min_samples_split': 2, 'model__n_estimators': 40};-0,23175738583335453;-0,2471089260896528;-0,24939723170284414;-0,24780020860251548;-0,23397490221465192;-0,24200773088860378;0,007533599711768126;101
1,5334663391113281;0,00744269747298229;0,009775829315185548;0,0010691068444339939;7;2;50;{'model__max_depth': 7, 'model__min_samples_split': 2, 'model__n_estimators': 50};-0,23214735181977889;-0,24780246609456633;-0,24828738569912007;-0,24711690361000152;-0,2348291264129633;-0,242036646727286;0,007040907945904548;102
0,5469144344329834;0,005467438266507074;0,006128883361816407;0,00019775337826988002;6;2;20;{'model__max_depth': 6, 'model__min_samples_split': 2, 'model__n_estimators': 20};-0,23126106609318917;-0,2469362464327008;-0,249400590972169;-0,24628391801710853;-0,23633772206069215;-0,24204390871517192;0,006998052331891939;103
1,5065174102783203;0,011164159114465104;0,009091806411743165;0,0008200000923266937;7;5;50;{'model__max_depth': 7, 'model__min_samples_split': 5, 'model__n_estimators': 50};-0,2322449347903328;-0,24781698545581088;-0,24941156129974487;-0,24579201877139065;-0,23502336796407783;-0,2420577736562714;0,00702802916738811;104
0,23390212059020996;0,004301090353036959;0,005164384841918945;0,0010882197894991664;3;5;15;{'model__max_depth': 3, 'model__min_samples_split': 5, 'model__n_estimators': 15};-0,2321865285458909;-0,24593975766445306;-0,24595268181992744;-0,24906375954821713;-0,2371920638971786;-0,24206695829513342;0,006331510680117696;105
0,2422473430633545;0,017001676856275363;0,006029558181762695;0,0003159615411394628;3;2;15;{'model__max_depth': 3, 'model__min_samples_split': 2, 'model__n_estimators': 15};-0,2321865285458909;-0,24593975766445306;-0,24595268181992744;-0,24906375954821713;-0,2371943990519971;-0,24206742532609712;0,006331151152172793;106
7,192248439788818;0,05229989378639313;0,030632209777832032;0,0018967549721232437;9;5;200;{'model__max_depth': 9, 'model__min_samples_split': 5, 'model__n_estimators': 200};-0,23492889923036767;-0,2476512096160008;-0,24946108668541045;-0,24398276903379623;-0,23436101983041455;-0,24207699687919795;0,006322344489525286;107
0,23649196624755858;0,00857919332825976;0,005333566665649414;0,0011822653093617604;3;10;15;{'model__max_depth': 3, 'model__min_samples_split': 10, 'model__n_estimators': 15};-0,2321865285458909;-0,24593975766445306;-0,24595268181992744;-0,24906375954821713;-0,2372560372105308;-0,24207975295780387;0,006321703650699244;108
1,714134120941162;0,007237561390717866;0,010857391357421874;0,000753278456473482;8;2;50;{'model__max_depth': 8, 'model__min_samples_split': 2, 'model__n_estimators': 50};-0,23330384731109605;-0,2472019681502186;-0,24845663592573283;-0,24664028574385896;-0,23490975100703412;-0,24210249762758812;0,006574542500443549;109
0,3079089641571045;0,0032018602167723205;0,004833507537841797;0,0008103921420800335;3;5;20;{'model__max_depth': 3, 'model__min_samples_split': 5, 'model__n_estimators': 20};-0,23252836285546388;-0,2467421074160343;-0,24607023078647253;-0,2480448633287985;-0,2373481234618196;-0,24214673756971777;0,006112919760909761;110
0,32422356605529784;0,02064304968609901;0,005945396423339844;0,00037998468900540415;3;2;20;{'model__max_depth': 3, 'model__min_samples_split': 2, 'model__n_estimators': 20};-0,23252836285546388;-0,2467421074160343;-0,24607023078647253;-0,2480448633287985;-0,2373498748279335;-0,24214708784294053;0,006112644831987992;111
0,3335671901702881;0,007953546374511032;0,006627988815307617;0,0010748000660758027;3;10;20;{'model__max_depth': 3, 'model__min_samples_split': 10, 'model__n_estimators': 20};-0,23252836285546388;-0,2467421074160343;-0,24607023078647253;-0,2480448633287985;-0,23739610344683376;-0,2421563335667206;0,006105412464589162;112
7,608240032196045;0,09568126160903186;0,02999906539916992;0,0012077084442853232;11;10;200;{'model__max_depth': 11, 'model__min_samples_split': 10, 'model__n_estimators': 200};-0,23530025488213133;-0,24739426915650306;-0,24952056490404326;-0,2426287062709031;-0,23596309478257796;-0,2421613779992317;0,005783647685313528;113
0,6559108257293701;0,003974914237885454;0,005930900573730469;0,0004969401173608544;8;10;20;{'model__max_depth': 8, 'model__min_samples_split': 10, 'model__n_estimators': 20};-0,23426375580615819;-0,24739786108704795;-0,24898867996158172;-0,2453072234983313;-0,2349037305997696;-0,24217225019057778;0,006308318986465765;114
0,7493072509765625;0,009978880554005178;0,006346607208251953;0,0004054613846350968;7;10;25;{'model__max_depth': 7, 'model__min_samples_split': 10, 'model__n_estimators': 25};-0,2319855802614672;-0,24746569707988453;-0,2508577566454977;-0,24572900503542533;-0,2351445576380483;-0,24223651933206458;0,007338189989629593;115
1,4549198150634766;0,009450100192366301;0,009244680404663086;0,0008151701715922809;10;10;40;{'model__max_depth': 10, 'model__min_samples_split': 10, 'model__n_estimators': 40};-0,234356203143537;-0,24584269064809733;-0,2517343182935381;-0,24447868937635123;-0,23479499441162577;-0,2422413791746299;0,006718862127815603;116
3,6390788078308107;0,029841967661744205;0,016991901397705077;0,0009261912110764549;10;10;100;{'model__max_depth': 10, 'model__min_samples_split': 10, 'model__n_estimators': 100};-0,23460020159176512;-0,2476002505292155;-0,2508421962657642;-0,24341354835624376;-0,2349215958759457;-0,24227555852378685;0,00657307414644775;117
7,819169425964356;0,07626351161501646;0,030922842025756837;0,000881309979138185;12;10;200;{'model__max_depth': 12, 'model__min_samples_split': 10, 'model__n_estimators': 200};-0,23615329839337693;-0,24747124723840525;-0,24944142729078014;-0,24316484531480748;-0,23587300953638657;-0,24242076555475128;0,005612574536394621;118
0,23589954376220704;0,003417785905200574;0,004533147811889649;0,0009021189885403391;5;10;10;{'model__max_depth': 5, 'model__min_samples_split': 10, 'model__n_estimators': 10};-0,23123239114044034;-0,24513719287148364;-0,2460003591595274;-0,2493528484358005;-0,240453717303232;-0,24243530178209677;0,006281626941505919;119
0,8433101177215576;0,0025964331205136555;0,0069465160369873045;0,0009830311303671156;8;5;25;{'model__max_depth': 8, 'model__min_samples_split': 5, 'model__n_estimators': 25};-0,23478124864548314;-0,24593255123438143;-0,2514429036573189;-0,24505080218502318;-0,23507135675589919;-0,24245577249562117;0,006527152643352585;120
0,15608763694763184;0,0017306997880383865;0,004427671432495117;0,0003805895724773322;3;5;10;{'model__max_depth': 3, 'model__min_samples_split': 5, 'model__n_estimators': 10};-0,23165828947766365;-0,2463478076427368;-0,24526700187469283;-0,25014028288735485;-0,23897868507318396;-0,2424784133911264;0,006492701465251698;121
0,15933523178100586;0,002979329867507383;0,0038177490234375;0,00040471862165374637;3;2;10;{'model__max_depth': 3, 'model__min_samples_split': 2, 'model__n_estimators': 10};-0,23165828947766365;-0,2463478076427368;-0,24526700187469283;-0,25014028288735485;-0,23898218780541175;-0,242479113937572;0,00649232399341528;122
0,15643706321716308;0,002448534517808468;0,004152441024780273;0,0009523142247529885;3;10;10;{'model__max_depth': 3, 'model__min_samples_split': 10, 'model__n_estimators': 10};-0,23165828947766365;-0,2463478076427368;-0,24526700187469283;-0,25014028288735485;-0,23907464504321224;-0,24249760538513207;0,006482461887093394;123
1,4343122482299804;0,008927309729001352;0,008895969390869141;0,0008641043423801898;9;5;40;{'model__max_depth': 9, 'model__min_samples_split': 5, 'model__n_estimators': 40};-0,23447608465801364;-0,24701716147029043;-0,2502274140067635;-0,24558323473556762;-0,23533641069014546;-0,24252806111215616;0,006408124585255207;124
1,824457836151123;0,008995677598275709;0,010496044158935547;0,0009312321520587795;10;10;50;{'model__max_depth': 10, 'model__min_samples_split': 10, 'model__n_estimators': 50};-0,2355588992576053;-0,24587017281694104;-0,25113717024471266;-0,24425284851052745;-0,23582927688473063;-0,2425296735429034;0,006028337687189989;125
0,6838179588317871;0,007427367607176121;0,006020832061767578;0,0006357760580015012;8;5;20;{'model__max_depth': 8, 'model__min_samples_split': 5, 'model__n_estimators': 20};-0,23272345464123634;-0,24755193555940982;-0,2504971481512657;-0,24657519792060856;-0,2353322921692016;-0,2425360056883444;0,007113846529038153;126
0,6099579811096192;0,013773852569174617;0,005929994583129883;0,0010391821534894278;7;10;20;{'model__max_depth': 7, 'model__min_samples_split': 10, 'model__n_estimators': 20};-0,23116138811709647;-0,2478451752083691;-0,25000301333513864;-0,2477910558347891;-0,23590775557090443;-0,24254167761325954;0,007548171962655798;127
0,1993135929107666;0,003949901841003424;0,004723501205444336;0,0007617593579250395;4;2;10;{'model__max_depth': 4, 'model__min_samples_split': 2, 'model__n_estimators': 10};-0,2330197755313028;-0,24520140649856018;-0,24347661177958985;-0,2515858617706233;-0,23946929856107654;-0,24255059082823052;0,006162000678069481;128
0,40523486137390136;0,0013143046718884417;0,004937314987182617;0,001027334891108158;6;10;15;{'model__max_depth': 6, 'model__min_samples_split': 10, 'model__n_estimators': 15};-0,23045671752921285;-0,24849793517306207;-0,24929864110242023;-0,246404720989304;-0,23815743055714286;-0,2425630890702284;0,007229415661965747;129
3,7906775951385496;0,0423674333092659;0,01639876365661621;0,0008521852554327496;11;10;100;{'model__max_depth': 11, 'model__min_samples_split': 10, 'model__n_estimators': 100};-0,23520789631689537;-0,24819457638138379;-0,25042884417314587;-0,24306861295401558;-0,23592402928732267;-0,24256479182255264;0,0061970197323343605;130
0,7758531093597412;0,004907325897935772;0,006681108474731445;0,0007562402304260104;7;2;25;{'model__max_depth': 7, 'model__min_samples_split': 2, 'model__n_estimators': 25};-0,23187111545547892;-0,24797069899172736;-0,2512146687641726;-0,24726080724512248;-0,23452512680944285;-0,24256848345318885;0,007811371504441019;131
0,23651676177978515;0,002040153241838426;0,004915285110473633;0,0010215482149823817;5;2;10;{'model__max_depth': 5, 'model__min_samples_split': 2, 'model__n_estimators': 10};-0,23182260900354443;-0,24558803593705045;-0,24459351257493864;-0,2501886778236692;-0,24065710514181612;-0,24256998809620373;0,006171109718803968;132
0,7384169101715088;0,009605981951030648;0,005122566223144531;0,000804234130603134;10;10;20;{'model__max_depth': 10, 'model__min_samples_split': 10, 'model__n_estimators': 20};-0,23498468781425766;-0,24746091254659094;-0,2523844164580915;-0,2439567813108837;-0,2340713577887211;-0,242571631183709;0,007098321286644834;133
0,19811949729919434;0,0013291343209415481;0,0037231922149658205;0,0008785183590982696;4;5;10;{'model__max_depth': 4, 'model__min_samples_split': 5, 'model__n_estimators': 10};-0,2330197755313028;-0,24538751830538066;-0,24348394141702778;-0,2515858617706233;-0,23956672019805195;-0,2426087634444773;0,00616892901126369;134
0,19675145149230958;0,001901593254652377;0,004525470733642578;0,0011126003656465094;4;10;10;{'model__max_depth': 4, 'model__min_samples_split': 10, 'model__n_estimators': 10};-0,2334691471523729;-0,2452442806165309;-0,24376180383421428;-0,25077356135059314;-0,23981461957375474;-0,2426126825054932;0,005766786399620989;135
0,2385049819946289;0,0018374817191965857;0,005011749267578125;0,0007239279076490118;5;5;10;{'model__max_depth': 5, 'model__min_samples_split': 5, 'model__n_estimators': 10};-0,23163864317201294;-0,24531413556464854;-0,24510055121929164;-0,2505209808888343;-0,24054757540766228;-0,2426243772504899;0,006335961576128015;136
3,594902753829956;0,02137601745602937;0,016993331909179687;0,0004849529406076869;9;5;100;{'model__max_depth': 9, 'model__min_samples_split': 5, 'model__n_estimators': 100};-0,2347695024323744;-0,2485677674331029;-0,2501996522610537;-0,24522275564531817;-0,23448972034944324;-0,2426498796242585;0,006742828754785856;137
0,6994341373443603;0,009401160510590739;0,005556964874267578;0,0006143233330892608;9;10;20;{'model__max_depth': 9, 'model__min_samples_split': 10, 'model__n_estimators': 20};-0,23491164131475528;-0,2470562629162815;-0,2523264971462057;-0,24359708892368914;-0,23542506723681192;-0,24266331150754872;0,006723506375846221;138
0,4078723430633545;0,0026053217284808822;0,005010414123535156;0,0008941765708594722;6;5;15;{'model__max_depth': 6, 'model__min_samples_split': 5, 'model__n_estimators': 15};-0,23094224827664603;-0,24887432574244983;-0,24857293868177605;-0,247199589188956;-0,23781454126627316;-0,2426807286312202;0,007141016534105736;139
0,08073215484619141;0,00030057147253862603;0,004017305374145508;0,0008377114008811849;3;5;5;{'model__max_depth': 3, 'model__min_samples_split': 5, 'model__n_estimators': 5};-0,23276602979450076;-0,24413934577594296;-0,24724291142130958;-0,25170219999918475;-0,23769424199974482;-0,24270894579813657;0,006745225605333831;140
0,09930744171142578;0,00939628012168974;0,0048198699951171875;0,0018091753077515297;3;2;5;{'model__max_depth': 3, 'model__min_samples_split': 2, 'model__n_estimators': 5};-0,23276602979450076;-0,24413934577594296;-0,24724291142130958;-0,25170219999918475;-0,23770124746420032;-0,24271034689102766;0,006744184471632615;141
0,761599063873291;0,00594808644199264;0,00612492561340332;0,0011688964326100368;7;5;25;{'model__max_depth': 7, 'model__min_samples_split': 5, 'model__n_estimators': 25};-0,23229390619069779;-0,24781086724035217;-0,2521720366604137;-0,24659714168813857;-0,23476684801864642;-0,24272815995964972;0,0077749068109240855;142
0,08628263473510742;0,003743602079808585;0,004317808151245117;0,0008855884788178702;3;10;5;{'model__max_depth': 3, 'model__min_samples_split': 10, 'model__n_estimators': 5};-0,23276602979450076;-0,24413934577594296;-0,24724291142130958;-0,25170219999918475;-0,23784295738179184;-0,24273868887454597;0,006723340065230684;143
7,9516854763031;0,10444669892123068;0,029912328720092772;0,0006775244021445177;13;10;200;{'model__max_depth': 13, 'model__min_samples_split': 10, 'model__n_estimators': 200};-0,236836734523051;-0,24805847460592978;-0,2500188154501884;-0,24273410999830963;-0,23618194842207524;-0,24276601659991082;0,005641286389763344;144
7,6348557472229;0,13820506119315357;0,030658245086669922;0,0009324914376019213;9;2;200;{'model__max_depth': 9, 'model__min_samples_split': 2, 'model__n_estimators': 200};-0,23566030683063904;-0,24853390759458838;-0,2499884872134677;-0,24476333613628934;-0,2351098124723598;-0,24281117004946884;0,006301115971292596;145
0,6228732109069824;0,0035461044792931013;0,005820512771606445;0,000466945279693963;7;2;20;{'model__max_depth': 7, 'model__min_samples_split': 2, 'model__n_estimators': 20};-0,23108101641061796;-0,24881243620664184;-0,250346781233184;-0,24824350145205334;-0,23557432049601298;-0,242811611159702;0,007902902640756474;146
0,4925248622894287;0,002901939520867202;0,0054107666015625;0,000801577298451662;8;10;15;{'model__max_depth': 8, 'model__min_samples_split': 10, 'model__n_estimators': 15};-0,2345515489843909;-0,2471587984693645;-0,25056636722236;-0,245081514935843;-0,23673794765941433;-0,2428192354542745;0,006153120623796572;147
3,8901676654815676;0,01999166991481473;0,01713409423828125;0,0019570268749595308;12;10;100;{'model__max_depth': 12, 'model__min_samples_split': 10, 'model__n_estimators': 100};-0,2360633164609301;-0,24839087973126295;-0,2505019970599498;-0,2434009041306561;-0,23580697130152745;-0,2428328137368653;0,006086374165819295;148
1,5178490161895752;0,019172013469779828;0,007793903350830078;0,0006394039055017702;11;10;40;{'model__max_depth': 11, 'model__min_samples_split': 10, 'model__n_estimators': 40};-0,23467824990450936;-0,24704162240547747;-0,2517976598271345;-0,24460024783429557;-0,23635911587500846;-0,24289537916928508;0,006474449200601804;149
0,6131612300872803;0,0039985149197131345;0,005867433547973633;0,0007086997681849071;7;5;20;{'model__max_depth': 7, 'model__min_samples_split': 5, 'model__n_estimators': 20};-0,23163603610708938;-0,24822000953552245;-0,2503976718215357;-0,2483957810005157;-0,23601877091379408;-0,2429336538756915;0,007601890901716824;150
7,673615837097168;0,0549963507788099;0,029787635803222655;0,00036539240222077283;10;5;200;{'model__max_depth': 10, 'model__min_samples_split': 5, 'model__n_estimators': 200};-0,235763167429071;-0,24833496703392882;-0,2506864988249503;-0,2444549138823716;-0,23545538707270908;-0,24293898684860618;0,0063076973406034085;151
8,194741487503052;0,11204836800657991;0,031098699569702147;0,0009347760950912721;15;10;200;{'model__max_depth': 15, 'model__min_samples_split': 10, 'model__n_estimators': 200};-0,23763058584331323;-0,24819720608353485;-0,24995676060926833;-0,24266441811613113;-0,23632082088315426;-0,2429539583070804;0,00545804960262697;152
1,7933993339538574;0,010476448037860355;0,010052299499511719;0,001106346930761824;9;5;50;{'model__max_depth': 9, 'model__min_samples_split': 5, 'model__n_estimators': 50};-0,2359760539995508;-0,24739538622018617;-0,2496474690287294;-0,24525437910730316;-0,2365178281384193;-0,2429582232988378;0,0056557251112206485;153
0,8757440567016601;0,009453972286503694;0,0060786247253417965;0,0009398994135494432;9;10;25;{'model__max_depth': 9, 'model__min_samples_split': 10, 'model__n_estimators': 25};-0,23656121092205223;-0,24617957588361067;-0,2522265998510181;-0,24362169416496673;-0,2364856318090844;-0,24301494252614644;0,005991998540835491;154
8,213238668441772;0,17600817671544045;0,032274389266967775;0,002094575021630895;16;10;200;{'model__max_depth': 16, 'model__min_samples_split': 10, 'model__n_estimators': 200};-0,2377382470252549;-0,24848041833713538;-0,24985360950759217;-0,24270089213409918;-0,23637071669626505;-0,2430287767400693;0,005453910797447718;155
0,41576371192932127;0,002005669049337243;0,0055254936218261715;0,0004337930907589651;6;2;15;{'model__max_depth': 6, 'model__min_samples_split': 2, 'model__n_estimators': 15};-0,2312594072951368;-0,24783247748512854;-0,24959028495527513;-0,24796459004493426;-0,23859742125298278;-0,24304883620669146;0,007051866994775426;156
8,091209220886231;0,0877060126668186;0,030881357192993165;0,00045567523879015085;14;10;200;{'model__max_depth': 14, 'model__min_samples_split': 10, 'model__n_estimators': 200};-0,23746686254270585;-0,2478729226163981;-0,25059246245026806;-0,24275627215742712;-0,2366551979946825;-0,24306874355229632;0,005519035393498775;157
8,422153568267822;0,17592340970648437;0,030876636505126953;0,0011635958213969133;17;10;200;{'model__max_depth': 17, 'model__min_samples_split': 10, 'model__n_estimators': 200};-0,23761429242895687;-0,24836111669473235;-0,2503976289457089;-0,24292814748535643;-0,2360531468948035;-0,24307086648991158;0,0056694118359102465;158
8,57760181427002;0,4730482292506798;0,030644989013671874;0,0005407342120235844;19;10;200;{'model__max_depth': 19, 'model__min_samples_split': 10, 'model__n_estimators': 200};-0,23779971125207328;-0,24841402858675302;-0,25016841046181726;-0,24271345238441971;-0,23636769018088438;-0,24309265857318954;0,0055094016402126265;159
8,276503324508667;0,12285969761728902;0,03119373321533203;0,0008985945956260741;18;10;200;{'model__max_depth': 18, 'model__min_samples_split': 10, 'model__n_estimators': 200};-0,23796160815697848;-0,24864715027719564;-0,2503751340427554;-0,24231734977772604;-0,2363231576823827;-0,24312487998740764;0,005597080674238801;160
8,422417402267456;0,13702205888808466;0,03195652961730957;0,0014853278904256456;;10;200;{'model__max_depth': None, 'model__min_samples_split': 10, 'model__n_estimators': 200};-0,23783871966864326;-0,24842780618561522;-0,25036485786881035;-0,24275036602872405;-0,23635897880498055;-0,24314814571135468;0,005556919469428709;161
3,9931517124176024;0,06538126083149184;0,017989730834960936;0,00020434242069506135;13;10;100;{'model__max_depth': 13, 'model__min_samples_split': 10, 'model__n_estimators': 100};-0,2370285611318974;-0,24882679822170373;-0,25061913032037575;-0,24371565076768723;-0,23562583542988283;-0,2431631951743094;0,006040167254549802;162
7,734831953048706;0,1509993414596343;0,024389123916625975;0,004046535475648342;20;10;200;{'model__max_depth': 20, 'model__min_samples_split': 10, 'model__n_estimators': 200};-0,23795725116025382;-0,24835962462332678;-0,250654641540872;-0,24289778276695317;-0,23597245304390793;-0,24316835062706277;0,00569216275237496;163
1,489717674255371;0,006837267630846052;0,008447360992431641;0,0005854639639530675;9;2;40;{'model__max_depth': 9, 'model__min_samples_split': 2, 'model__n_estimators': 40};-0,2349314538303446;-0,24646129832056157;-0,2512443975408896;-0,2467118574710416;-0,236613538645228;-0,24319250916161309;0,006315561571274697;164
1,5864486694335938;0,0231139906292658;0,008838033676147461;0,0009358814841477901;13;10;40;{'model__max_depth': 13, 'model__min_samples_split': 10, 'model__n_estimators': 40};-0,23698857938908868;-0,24763150986343166;-0,2515921218073273;-0,24461603130459394;-0,2356180996539277;-0,24328926840367388;0,0061334859155011325;165
0,9168829441070556;0,01071589732869154;0,006427145004272461;0,0007994912449408759;10;10;25;{'model__max_depth': 10, 'model__min_samples_split': 10, 'model__n_estimators': 25};-0,23712475118584758;-0,24722227147435427;-0,25258713363677787;-0,2442091462855852;-0,23531899153499355;-0,2432924588235117;0,006392050083705209;166
0,4607795238494873;0,009524960403013165;0,004664754867553711;0,0003815696287469662;7;10;15;{'model__max_depth': 7, 'model__min_samples_split': 10, 'model__n_estimators': 15};-0,2312581958586737;-0,24898407300920822;-0,25066463486295104;-0,24817189902710113;-0,23738755926714977;-0,24329327240501675;0,007618972487989846;167
3,8230967044830324;0,12512259559399333;0,0163970947265625;0,0005595699715805721;9;2;100;{'model__max_depth': 9, 'model__min_samples_split': 2, 'model__n_estimators': 100};-0,23531791494722923;-0,24876578368071045;-0,25123358253202577;-0,24549221835709514;-0,2358523179550791;-0,2433323634944279;0,006584812176744539;168
1,680279016494751;0,13228218493947935;0,008739757537841796;0,0008774685478475525;14;10;40;{'model__max_depth': 14, 'model__min_samples_split': 10, 'model__n_estimators': 40};-0,2370027455882142;-0,24687280884257376;-0,25232205424508736;-0,24392056004848384;-0,23659482691598563;-0,24334259912806894;0,005985870135334241;169
1,6632867336273194;0,10595160119010322;0,008633089065551759;0,0007381934573188035;12;10;40;{'model__max_depth': 12, 'model__min_samples_split': 10, 'model__n_estimators': 40};-0,23603141611206568;-0,24729169537447335;-0,2524375460184687;-0,2445326144461969;-0,23668740253712273;-0,24339613489766548;0,006284270282609456;170
1,5378737926483155;0,010343175561736006;0,008341026306152344;0,001078288751015418;10;5;40;{'model__max_depth': 10, 'model__min_samples_split': 5, 'model__n_estimators': 40};-0,23527144020975096;-0,24659133717697446;-0,25298977703334036;-0,2461848820475693;-0,23604356862790185;-0,24341620101910738;0,006783705167180219;171
2,0047488689422606;0,08994356628229781;0,010857582092285156;0,00025926228713464994;12;10;50;{'model__max_depth': 12, 'model__min_samples_split': 10, 'model__n_estimators': 50};-0,23701840970000843;-0,2470393954830688;-0,25153793471521896;-0,24446246268911484;-0,2370399368321387;-0,24341962788390994;0,005688113568910297;172
4,072413778305053;0,06976882948934887;0,016892099380493165;0,0006707106208286501;15;10;100;{'model__max_depth': 15, 'model__min_samples_split': 10, 'model__n_estimators': 100};-0,23734402465408716;-0,248989169013274;-0,25128355033834116;-0,24332104262411408;-0,2362011056309497;-0,2434277784521532;0,006031425532630509;173
1,8843856811523438;0,021921457194880926;0,010043811798095704;0,0004027593533110986;11;10;50;{'model__max_depth': 11, 'model__min_samples_split': 10, 'model__n_estimators': 50};-0,23642150380248644;-0,24686277740892792;-0,251425043517508;-0,24506491730871244;-0,23739621099995822;-0,2434340906075186;0,005725437645711598;174
0,8581050395965576;0,009207852132322896;0,0065405845642089845;0,0007769439180144645;8;2;25;{'model__max_depth': 8, 'model__min_samples_split': 2, 'model__n_estimators': 25};-0,23502206623504673;-0,2471699684022605;-0,2522603580210987;-0,2479014521968272;-0,23485281695383545;-0,24344133236181373;0,007158453021014137;175
0,7322760581970215;0,0056164775906706555;0,005978870391845703;0,000332960005924844;9;5;20;{'model__max_depth': 9, 'model__min_samples_split': 5, 'model__n_estimators': 20};-0,23596090056703076;-0,2488980810490546;-0,2510365450088893;-0,24695946647342087;-0,23446192342085628;-0,24346338330385034;0,00687640665700303;176
0,9070432662963868;0,007542676764088234;0,006541061401367188;0,000775213005818807;9;5;25;{'model__max_depth': 9, 'model__min_samples_split': 5, 'model__n_estimators': 25};-0,23693009453956385;-0,24852794897059308;-0,2505299036835188;-0,24589537522267307;-0,23544784761649695;-0,24346623400656914;0,006138937272240137;177
8,014898490905761;0,06753908789630673;0,030392026901245116;0,0010653350145435293;10;2;200;{'model__max_depth': 10, 'model__min_samples_split': 2, 'model__n_estimators': 200};-0,23612393884944607;-0,2487353097037831;-0,25173848307437174;-0,24507650711847426;-0,23568154806292946;-0,24347115736180092;0,0065314126351951884;178
4,11814546585083;0,08658253605711032;0,01744704246520996;0,0007732376625327411;16;10;100;{'model__max_depth': 16, 'model__min_samples_split': 10, 'model__n_estimators': 100};-0,23773353444255285;-0,24914690149910013;-0,25120678909125876;-0,2430785508091909;-0,23627045506458638;-0,24348724618133782;0,005949409143050335;179
4,188312292098999;0,09770576025687643;0,017380952835083008;0,0006915114596995273;17;10;100;{'model__max_depth': 17, 'model__min_samples_split': 10, 'model__n_estimators': 100};-0,237400528537796;-0,24902501205647978;-0,25164034631292176;-0,24361459563635096;-0,23575845033976653;-0,243487786576663;0,006227977615566235;180
4,319745492935181;0,4182760671573902;0,017077255249023437;0,0007296276591760153;19;10;100;{'model__max_depth': 19, 'model__min_samples_split': 10, 'model__n_estimators': 100};-0,2378669939764932;-0,24907270427031714;-0,25123281792393504;-0,24317586039744282;-0,23613952835722163;-0,24349758098508195;0,005947501035189997;181
3,8481310844421386;0,03698376704830801;0,016712141036987305;0,0008338931494639767;10;5;100;{'model__max_depth': 10, 'model__min_samples_split': 5, 'model__n_estimators': 100};-0,23579974362167722;-0,2485908300548225;-0,25209657271706987;-0,24536314282440463;-0,2357252178180177;-0,2435151014071984;0,006678756775295202;182
1,9831090450286866;0,03338150727951176;0,01025075912475586;0,0007506881229290646;13;10;50;{'model__max_depth': 13, 'model__min_samples_split': 10, 'model__n_estimators': 50};-0,23822622408415306;-0,2474150426586291;-0,2514129992451795;-0,24472627355510676;-0,23583234892552785;-0,24352257769371927;0,005762810070689544;183
4,408883285522461;0,24580307647279814;0,01440582275390625;0,0041678856653325005;20;10;100;{'model__max_depth': 20, 'model__min_samples_split': 10, 'model__n_estimators': 100};-0,23797784164756244;-0,2491037109115894;-0,2518758588879423;-0,24316846282731833;-0,23553769835682553;-0,24353271452624758;0,00625385695572603;184
4,032137203216553;0,05301571959867207;0,016732168197631837;0,0007440992350279368;14;10;100;{'model__max_depth': 14, 'model__min_samples_split': 10, 'model__n_estimators': 100};-0,23738345498298805;-0,24878291401991084;-0,2517138482946504;-0,2436343339391673;-0,2362247374811967;-0,24354785774358265;0,006094663990755311;185
0,060212564468383786;0,0015745807763892165;0,003816556930541992;0,00040481802116141977;2;5;5;{'model__max_depth': 2, 'model__min_samples_split': 5, 'model__n_estimators': 5};-0,23393561921589906;-0,24658455417268546;-0,24523824391508417;-0,25099843452843523;-0,24099416618936872;-0,24355020360429452;0,005770727295413456;186
0,0614720344543457;0,0006424663570916378;0,004125356674194336;0,0008459800633480977;2;2;5;{'model__max_depth': 2, 'model__min_samples_split': 2, 'model__n_estimators': 5};-0,23393561921589906;-0,24658455417268546;-0,24523824391508417;-0,25099843452843523;-0,24099416618936872;-0,24355020360429452;0,005770727295413456;186
0,0626535415649414;0,001407408673703782;0,0031181812286376954;0,0008100228976180919;2;10;5;{'model__max_depth': 2, 'model__min_samples_split': 10, 'model__n_estimators': 5};-0,23393561921589906;-0,24658455417268546;-0,24523824391508417;-0,25099843452843523;-0,24099416618936872;-0,24355020360429452;0,005770727295413456;186
4,118531942367554;0,07091433320256509;0,016370010375976563;0,00039371065360717036;18;10;100;{'model__max_depth': 18, 'model__min_samples_split': 10, 'model__n_estimators': 100};-0,23778319875840853;-0,24920207641794084;-0,2517911321395925;-0,24293084917627603;-0,2360762777330071;-0,243556706845045;0,006153988474059718;189
1,8657596111297607;0,01621461582480983;0,010158205032348632;0,00019480648559847845;9;2;50;{'model__max_depth': 9, 'model__min_samples_split': 2, 'model__n_estimators': 50};-0,23630404760591378;-0,24712694383328732;-0,25070192092029997;-0,24652624792428968;-0,23714189633987318;-0,24356021132473277;0,00576835590101869;190
1,6367923736572265;0,02611437154488634;0,009392452239990235;0,0009277616500962523;16;10;40;{'model__max_depth': 16, 'model__min_samples_split': 10, 'model__n_estimators': 40};-0,23788424551341536;-0,24725038652200304;-0,2524729330955689;-0,2430282803762154;-0,23724497982701914;-0,24357616506684435;0,005752119905502616;191
1,6566302299499511;0,0486215384074535;0,008369874954223634;0,0005914350347460763;17;10;40;{'model__max_depth': 17, 'model__min_samples_split': 10, 'model__n_estimators': 40};-0,23787340904129317;-0,2473661903607013;-0,25281683662061566;-0,24337950485648271;-0,23654288600309367;-0,2435957653764373;0,006029585351348238;192
0,6948967456817627;0,008013956025937354;0,006035900115966797;0,0005473508745767185;8;2;20;{'model__max_depth': 8, 'model__min_samples_split': 2, 'model__n_estimators': 20};-0,23273331323984972;-0,2492572565320357;-0,25115586344908836;-0,24980513285888203;-0,23506446259977481;-0,24360320573592614;0,007981723199874344;193
4,353421878814697;0,14238234160026653;0,016980552673339845;0,00106861168529753;;10;100;{'model__max_depth': None, 'model__min_samples_split': 10, 'model__n_estimators': 100};-0,23786892810701574;-0,24929646837451166;-0,2516405349995031;-0,24309242468490966;-0,2363148907330105;-0,24364264937979013;0,006054196807952036;194
1,9122597217559814;0,16903551451152715;0,009337425231933594;0,00144081195732046;;10;40;{'model__max_depth': None, 'model__min_samples_split': 10, 'model__n_estimators': 40};-0,23867379009103193;-0,24782748875376526;-0,2521945405779258;-0,2428209720806221;-0,23688373349506212;-0,24368010499968146;0,005686622357528076;195
1,676076078414917;0,03377525374382425;0,008788871765136718;0,0011056938376137271;18;10;40;{'model__max_depth': 18, 'model__min_samples_split': 10, 'model__n_estimators': 40};-0,23842606276982406;-0,24763971432790416;-0,25278898892289714;-0,24263642717996134;-0,23697297254310573;-0,24369283314873852;0,005870763344990588;196
1,6626073360443114;0,029616081761574858;0,008705377578735352;0,0010592557055425218;20;10;40;{'model__max_depth': 20, 'model__min_samples_split': 10, 'model__n_estimators': 40};-0,23859941740332735;-0,2476283686047453;-0,2528721042699526;-0,2429223933175793;-0,23644443860820274;-0,24369334444076146;0,005980353521982651;197
1,677356243133545;0,04090151639325319;0,010387992858886719;0,0039068261103318855;19;10;40;{'model__max_depth': 19, 'model__min_samples_split': 10, 'model__n_estimators': 40};-0,23828466319836147;-0,24728663683205265;-0,2524099393722758;-0,2435143712409181;-0,23698585068909803;-0,2436962922665412;0,005712566333580452;198
0,7689351558685302;0,014447404661520443;0,005431699752807617;0,0004958358442307794;11;10;20;{'model__max_depth': 11, 'model__min_samples_split': 10, 'model__n_estimators': 20};-0,2362963789876248;-0,2486242555750806;-0,2540311125461652;-0,24445888004218883;-0,23512390955661958;-0,24370690734153583;0,00720997602159351;199
0,5603558540344238;0,010562134071930539;0,004826402664184571;0,0007479947632211036;10;10;15;{'model__max_depth': 10, 'model__min_samples_split': 10, 'model__n_estimators': 15};-0,23588164320390204;-0,2485304760413468;-0,2539387059975897;-0,2433805663137011;-0,23687469500663466;-0,24372121731263485;0,006869874490015365;200
2,0150668144226076;0,029462922455927645;0,009729480743408203;0,0004004592353343863;14;10;50;{'model__max_depth': 14, 'model__min_samples_split': 10, 'model__n_estimators': 50};-0,23871440528726356;-0,2467593309382766;-0,2519468325405111;-0,24424894834277158;-0,23702114546796746;-0,24373813251535803;0,005424519869633442;201
0,5308290481567383;0,00759140002604348;0,00522918701171875;0,0007526029101895441;9;10;15;{'model__max_depth': 9, 'model__min_samples_split': 10, 'model__n_estimators': 15};-0,23501478209414506;-0,24793597144553778;-0,2544777178897194;-0,24311237134364141;-0,2381521471789473;-0,24373859799039818;0,006937610487876853;202
1,6269473552703857;0,027286428760566174;0,008240175247192384;0,0004065575074606623;15;10;40;{'model__max_depth': 15, 'model__min_samples_split': 10, 'model__n_estimators': 40};-0,23781035931651998;-0,247629433640163;-0,2515419655275512;-0,2445296315470693;-0,23726050455624778;-0,24375437891751023;0,0055455449540852035;203
0,6250483989715576;0,06546972886559094;0,010522174835205077;0,0028555627989761386;2;10;50;{'model__max_depth': 2, 'model__min_samples_split': 10, 'model__n_estimators': 50};-0,23539426441797107;-0,24930778458212544;-0,2451392917511936;-0,2498716393251166;-0,23920062109652462;-0,24378272023458622;0,005671038379582247;204
0,5439734935760498;0,004202389531451505;0,009265613555908204;0,0006796237986882332;2;5;50;{'model__max_depth': 2, 'model__min_samples_split': 5, 'model__n_estimators': 50};-0,23539426441797107;-0,24930778458212544;-0,2451392917511936;-0,2498716393251166;-0,23920062109652462;-0,24378272023458622;0,005671038379582247;204
0,5485635757446289;0,002003247784237533;0,009775733947753907;0,00039651493022267915;2;2;50;{'model__max_depth': 2, 'model__min_samples_split': 2, 'model__n_estimators': 50};-0,23539426441797107;-0,24930778458212544;-0,2451392917511936;-0,2498716393251166;-0,23920062109652462;-0,24378272023458622;0,005671038379582247;204
1,084817600250244;0,017768219843618458;0,015667057037353514;0,001708558478675287;2;2;100;{'model__max_depth': 2, 'model__min_samples_split': 2, 'model__n_estimators': 100};-0,2356467324309638;-0,24872773635992287;-0,24529317639267068;-0,25007916257662494;-0,2391728834560342;-0,24378393824324332;0,005546615791630263;207
1,0925485610961914;0,007469397836947794;0,015248250961303712;0,0018075369202085645;2;5;100;{'model__max_depth': 2, 'model__min_samples_split': 5, 'model__n_estimators': 100};-0,2356467324309638;-0,24872773635992287;-0,24529317639267068;-0,25007916257662494;-0,2391728834560342;-0,24378393824324332;0,005546615791630263;207
1,1128104209899903;0,05257873400315832;0,014983272552490235;0,0009115228969243773;2;10;100;{'model__max_depth': 2, 'model__min_samples_split': 10, 'model__n_estimators': 100};-0,2356467324309638;-0,24872773635992287;-0,24529317639267068;-0,25007916257662494;-0,2391728834560342;-0,24378393824324332;0,005546615791630263;207
2,1999059677124024;0,05284783469323068;0,03192858695983887;0,007354989979540316;2;5;200;{'model__max_depth': 2, 'model__min_samples_split': 5, 'model__n_estimators': 200};-0,23589897090389028;-0,24918039176280463;-0,24468711825306222;-0,25026807885470026;-0,2390441447408294;-0,24381574090305738;0,005596692228993841;210
2,1550228118896486;0,008193463893391291;0,026576423645019533;0,0011478520659512265;2;2;200;{'model__max_depth': 2, 'model__min_samples_split': 2, 'model__n_estimators': 200};-0,23589897090389028;-0,24918039176280463;-0,24468711825306222;-0,25026807885470026;-0,2390441447408294;-0,24381574090305738;0,005596692228993841;210
2,166720724105835;0,028976911930528235;0,027651119232177734;0,0009139546580779877;2;10;200;{'model__max_depth': 2, 'model__min_samples_split': 10, 'model__n_estimators': 200};-0,23589897090389028;-0,24918039176280463;-0,24468711825306222;-0,25026807885470026;-0,2390441447408294;-0,24381574090305738;0,005596692228993841;210
0,11517314910888672;0,004671903634883303;0,0044196128845214845;0,001014771712785679;2;5;10;{'model__max_depth': 2, 'model__min_samples_split': 5, 'model__n_estimators': 10};-0,23301959612333498;-0,2493156991285201;-0,24534350345548553;-0,24989212386939594;-0,2415310608413362;-0,24382039668361455;0,006185182706432155;213
0,11772799491882324;0,00263561739229368;0,004425764083862305;0,0008704493776213535;2;2;10;{'model__max_depth': 2, 'model__min_samples_split': 2, 'model__n_estimators': 10};-0,23301959612333498;-0,2493156991285201;-0,24534350345548553;-0,24989212386939594;-0,2415310608413362;-0,24382039668361455;0,006185182706432155;213
0,11369390487670898;0,001888128606090399;0,005135154724121094;0,000479284861136764;2;10;10;{'model__max_depth': 2, 'model__min_samples_split': 10, 'model__n_estimators': 10};-0,23301959612333498;-0,2493156991285201;-0,24534350345548553;-0,24989212386939594;-0,2415310608413362;-0,24382039668361455;0,006185182706432155;213
0,8168492794036866;0,01986122864164677;0,006576061248779297;0,001388001702214585;14;10;20;{'model__max_depth': 14, 'model__min_samples_split': 10, 'model__n_estimators': 20};-0,23962671335080257;-0,24820977841998146;-0,2519106160738386;-0,24424417265076928;-0,2351289905327513;-0,24382405420562864;0,005966998605122651;216
1,923967456817627;0,010355481397499687;0,010475492477416993;0,0008182556284555861;10;5;50;{'model__max_depth': 10, 'model__min_samples_split': 5, 'model__n_estimators': 50};-0,2368791329729095;-0,24683018237303947;-0,25266658539100306;-0,2461331757621174;-0,23667948357961505;-0,2438377120157369;0,006194111629051349;217
2,0527051448822022;0,042847683841159195;0,010055780410766602;0,0007067280559738918;16;10;50;{'model__max_depth': 16, 'model__min_samples_split': 10, 'model__n_estimators': 50};-0,2390962277527968;-0,247236844989566;-0,2518894653056479;-0,24317257847705517;-0,23785448086939492;-0,24384991947889217;0,00519821549178419;218
0,470371675491333;0,002362866255208681;0,005085515975952149;0,0006689952495121378;7;2;15;{'model__max_depth': 7, 'model__min_samples_split': 2, 'model__n_estimators': 15};-0,23110352658713154;-0,24957242326040008;-0,25150843788004495;-0,24893196208730178;-0,2382407359492451;-0,24387141715282468;0,007888704222802705;219
8,02310881614685;0,05414586550673387;0,03043336868286133;0,00038990270273074346;11;5;200;{'model__max_depth': 11, 'model__min_samples_split': 5, 'model__n_estimators': 200};-0,23693829324534274;-0,2491494878923066;-0,25120090332549616;-0,24483052291728577;-0,2373398838589263;-0,24389181824787148;0,005886023027752869;220
2,0752806186676027;0,034559504423399376;0,010309791564941407;0,0004947012496128773;17;10;50;{'model__max_depth': 17, 'model__min_samples_split': 10, 'model__n_estimators': 50};-0,23918740751759682;-0,24718792059790987;-0,25247605895344183;-0,24386147583487697;-0,23709323987402997;-0,24396122055557107;0,005529601516889703;221
2,13932204246521;0,09603172828450023;0,010927152633666993;0,0007207680547280569;20;10;50;{'model__max_depth': 20, 'model__min_samples_split': 10, 'model__n_estimators': 50};-0,23979251367600415;-0,24748688059594018;-0,25270008632773017;-0,24304656754267487;-0,23695800024171443;-0,24399680967681273;0,0055866183460565565;222
2,154672145843506;0,22154280377290464;0,011693143844604492;0,0022462703855900762;19;10;50;{'model__max_depth': 19, 'model__min_samples_split': 10, 'model__n_estimators': 50};-0,23937815340581214;-0,2472785786865007;-0,2523356109464052;-0,24373219907451915;-0,2373094803596324;-0,24400680449457393;0,005411607762610184;223
2,3764021396636963;0,2838382445581027;0,013577461242675781;0,004903955996607605;;10;50;{'model__max_depth': None, 'model__min_samples_split': 10, 'model__n_estimators': 50};-0,23980441914733794;-0,24762634417204543;-0,25225485390465113;-0,24309698661529108;-0,23729106491761212;-0,24401473375138755;0,005379963595192721;224
0,17282743453979493;0,003565458208868613;0,004921865463256836;0,0009311031364557373;2;2;15;{'model__max_depth': 2, 'model__min_samples_split': 2, 'model__n_estimators': 15};-0,23453514029798384;-0,24940281960452707;-0,24622949170504413;-0,2500851262987157;-0,23994957917549908;-0,24404043141635395;0,005952665949816139;225
0,17198433876037597;0,002945650105703104;0,004831075668334961;0,0010117028263730155;2;10;15;{'model__max_depth': 2, 'model__min_samples_split': 10, 'model__n_estimators': 15};-0,23453514029798384;-0,24940281960452707;-0,24622949170504413;-0,2500851262987157;-0,23994957917549908;-0,24404043141635395;0,005952665949816139;225
0,17051873207092286;0,0007251755680786579;0,004566287994384766;0,0007699077728311091;2;5;15;{'model__max_depth': 2, 'model__min_samples_split': 5, 'model__n_estimators': 15};-0,23453514029798384;-0,24940281960452707;-0,24622949170504413;-0,2500851262987157;-0,23994957917549908;-0,24404043141635395;0,005952665949816139;225
2,061104583740234;0,03160826263111763;0,009632396697998046;0,00037928915853204827;18;10;50;{'model__max_depth': 18, 'model__min_samples_split': 10, 'model__n_estimators': 50};-0,2395085486614864;-0,24748762792319803;-0,25260969548554923;-0,24297431094777722;-0,2376692380123227;-0,24404988420606671;0,005432893947376259;228
0,4389989376068115;0,004780527423023873;0,007949542999267579;0,0007369487102742489;2;10;40;{'model__max_depth': 2, 'model__min_samples_split': 10, 'model__n_estimators': 40};-0,23550551049849605;-0,2492896346971537;-0,24585352037510927;-0,2502216293353707;-0,23938124346834258;-0,24405030767489447;0,005720158285854422;229
0,4350146293640137;0,004981050195070066;0,007552146911621094;0,0005525249209703659;2;5;40;{'model__max_depth': 2, 'model__min_samples_split': 5, 'model__n_estimators': 40};-0,23550551049849605;-0,2492896346971537;-0,24585352037510927;-0,2502216293353707;-0,23938124346834258;-0,24405030767489447;0,005720158285854422;229
0,4399758815765381;0,007631321879069659;0,008008337020874024;0,0013759040195961047;2;2;40;{'model__max_depth': 2, 'model__min_samples_split': 2, 'model__n_estimators': 40};-0,23550551049849605;-0,2492896346971537;-0,24585352037510927;-0,2502216293353707;-0,23938124346834258;-0,24405030767489447;0,005720158285854422;229
0,46089787483215333;0,0068828247390514165;0,005611801147460937;0,0008005631190815701;7;5;15;{'model__max_depth': 7, 'model__min_samples_split': 5, 'model__n_estimators': 15};-0,23220341037610354;-0,2494567322340064;-0,2516351314357539;-0,24941946738995066;-0,23781179281520876;-0,24410530685020465;0,007679059483538905;232
0,9530257701873779;0,010434748182325742;0,006242275238037109;0,00025353212429158104;11;10;25;{'model__max_depth': 11, 'model__min_samples_split': 10, 'model__n_estimators': 25};-0,23803129930098785;-0,24808297411567368;-0,25370532417178726;-0,24444835430054426;-0,236334564730974;-0,2441205033239934;0,0064090045581214;233
2,032640886306763;0,029488833993671585;0,00975022315979004;0,0005973405256016714;15;10;50;{'model__max_depth': 15, 'model__min_samples_split': 10, 'model__n_estimators': 50};-0,2390105519824818;-0,24760097355222446;-0,251491362076118;-0,24459746256337034;-0,23795186640299892;-0,24413044331543868;0,005115347730661608;234
0,27685933113098143;0,002147900709624661;0,006458282470703125;0,0004930826624308294;2;10;25;{'model__max_depth': 2, 'model__min_samples_split': 10, 'model__n_estimators': 25};-0,23486821104414554;-0,24984023516408949;-0,24657197879976903;-0,2500788115434225;-0,23951203967609971;-0,24417425524550523;0,006017556056224375;235
0,2811573505401611;0,002094006340634173;0,0066414356231689455;0,0004958300204028529;2;2;25;{'model__max_depth': 2, 'model__min_samples_split': 2, 'model__n_estimators': 25};-0,23486821104414554;-0,24984023516408949;-0,24657197879976903;-0,2500788115434225;-0,23951203967609971;-0,24417425524550523;0,006017556056224375;235
0,2791586875915527;0,002958645186104558;0,006939125061035156;0,0007889326823967283;2;5;25;{'model__max_depth': 2, 'model__min_samples_split': 5, 'model__n_estimators': 25};-0,23486821104414554;-0,24984023516408949;-0,24657197879976903;-0,2500788115434225;-0,23951203967609971;-0,24417425524550523;0,006017556056224375;235
0,7790193557739258;0,006926748555017171;0,005730772018432617;0,0005952143697730893;10;5;20;{'model__max_depth': 10, 'model__min_samples_split': 5, 'model__n_estimators': 20};-0,23694413884341098;-0,24778602226217203;-0,25285212045130656;-0,24727060892760727;-0,2361224954103512;-0,2441950771789696;0,006558061657283685;238
1,0651016235351562;0,10861273151647846;0,006774806976318359;0,000831969816676232;14;10;25;{'model__max_depth': 14, 'model__min_samples_split': 10, 'model__n_estimators': 25};-0,24071900565609103;-0,24718369439037252;-0,25269133976592717;-0,2439047858563805;-0,23648546518335706;-0,24419685817042563;0,005526730576574302;239
0,22302665710449218;0,0039608940142373105;0,00634918212890625;0,0002386244647844233;2;5;20;{'model__max_depth': 2, 'model__min_samples_split': 5, 'model__n_estimators': 20};-0,2342196237101135;-0,25028575862253327;-0,24676960277889848;-0,24973993842855433;-0,24005626982943615;-0,24421423867390715;0,006182356042161114;240
0,22765703201293946;0,0037947821265044033;0,005594635009765625;0,0006026414435385944;2;10;20;{'model__max_depth': 2, 'model__min_samples_split': 10, 'model__n_estimators': 20};-0,2342196237101135;-0,25028575862253327;-0,24676960277889848;-0,24973993842855433;-0,24005626982943615;-0,24421423867390715;0,006182356042161114;240
0,22459111213684083;0,0022249590187603903;0,005854558944702148;0,0003991935732360868;2;2;20;{'model__max_depth': 2, 'model__min_samples_split': 2, 'model__n_estimators': 20};-0,2342196237101135;-0,25028575862253327;-0,24676960277889848;-0,24973993842855433;-0,24005626982943615;-0,24421423867390715;0,006182356042161114;240
0,2738368988037109;0,0026840506034110497;0,004315328598022461;0,00024802007196549547;6;10;10;{'model__max_depth': 6, 'model__min_samples_split': 10, 'model__n_estimators': 10};-0,230111052332552;-0,2492531323484316;-0,2504946631453921;-0,24998752252090364;-0,24124121809830254;-0,24421751768911637;0,00782181117063601;243
0,507219934463501;0,005734677428548674;0,005537223815917969;0,0008338569251000947;8;5;15;{'model__max_depth': 8, 'model__min_samples_split': 5, 'model__n_estimators': 15};-0,234546017592668;-0,24790894393137158;-0,25292570365269473;-0,2480794855648066;-0,2376564850861633;-0,24422332716554082;0,006942028817768902;244
0,2742952823638916;0,0024732208059626694;0,004444503784179687;0,0006018573102985934;6;5;10;{'model__max_depth': 6, 'model__min_samples_split': 5, 'model__n_estimators': 10};-0,23026379070693864;-0,24925622644135262;-0,2492878408624547;-0,251695510191295;-0,2408209476874818;-0,24426486317790458;0,00791516407065841;245
8,486240148544312;0,1645611956380433;0,031221961975097655;0,0019048400630614455;12;5;200;{'model__max_depth': 12, 'model__min_samples_split': 5, 'model__n_estimators': 200};-0,2381670810648033;-0,2500695050356018;-0,25124362477333034;-0,24463988052837052;-0,23738741363156382;-0,24430150100673398;0,005779501117291783;246
8,565780353546142;0,060155991435722936;0,030671072006225587;0,0005388332763111544;13;5;200;{'model__max_depth': 13, 'model__min_samples_split': 5, 'model__n_estimators': 200};-0,2381478480239791;-0,24962091459339125;-0,25106080688459087;-0,24489052945791337;-0,23811371123588937;-0,2443667620391528;0,005485731011291366;247
8,555614137649536;0,03245120513710845;0,0322380542755127;0,0011723049961744176;11;2;200;{'model__max_depth': 11, 'model__min_samples_split': 2, 'model__n_estimators': 200};-0,23725908597768225;-0,25015689425906196;-0,2517753835989648;-0,24608805950724372;-0,2366068761546881;-0,24437725989952813;0,006357837783768177;248
4,024407291412354;0,022954921356207993;0,016992568969726562;0,0008031061092777258;10;2;100;{'model__max_depth': 10, 'model__min_samples_split': 2, 'model__n_estimators': 100};-0,23710235161145107;-0,24917044087374707;-0,2534017299973029;-0,2458383705492681;-0,23646449126107133;-0,2443954768585681;0,006664608429093548;249
1,6297873973846435;0,029618579071907413;0,00845198631286621;0,0008010027393270989;10;2;40;{'model__max_depth': 10, 'model__min_samples_split': 2, 'model__n_estimators': 40};-0,23730997308832874;-0,2462048101231651;-0,25472563965215833;-0,24601349920119156;-0,23778930783433144;-0,24440864597983505;0,006425712602221909;250
0,1050382137298584;0,002464142489657612;0,0044421195983886715;0,0010489164039115062;4;2;5;{'model__max_depth': 4, 'model__min_samples_split': 2, 'model__n_estimators': 5};-0,2339026443635554;-0,24849352902781088;-0,24384476719773354;-0,2536710509338399;-0,24235386416424176;-0,2444531711374363;0,006593703968956821;251
0,968258285522461;0,00297033224517897;0,006446170806884766;0,0009644570695118695;10;5;25;{'model__max_depth': 10, 'model__min_samples_split': 5, 'model__n_estimators': 25};-0,23911394524962865;-0,24768893134750422;-0,2524080159698015;-0,24668948838657986;-0,2364450373638248;-0,2444690836634678;0,005854691945056585;252
0,8002225875854492;0,014168359568663197;0,005718421936035156;0,0009688356375856909;13;10;20;{'model__max_depth': 13, 'model__min_samples_split': 10, 'model__n_estimators': 20};-0,24005694117223925;-0,2505659857507284;-0,25272470798879093;-0,2455355483945081;-0,23357813370595037;-0,2444922634024434;0,006993454095418388;253
1,0026323318481445;0,01975180338235486;0,007078981399536133;0,0008977740615572563;13;10;25;{'model__max_depth': 13, 'model__min_samples_split': 10, 'model__n_estimators': 25};-0,24125746083682215;-0,2485665462882899;-0,25264169151560295;-0,24529640127411498;-0,234727858617278;-0,2444979917064216;0,006155761231592597;254
0,10220704078674317;0,0020844292475304116;0,003822803497314453;0,0009920623490936237;4;5;5;{'model__max_depth': 4, 'model__min_samples_split': 5, 'model__n_estimators': 5};-0,2339026443635554;-0,24873628355844637;-0,24412174035818854;-0,2536710509338399;-0,24236194307569994;-0,24455873245794604;0,00661899298026553;255
0,10113039016723632;0,0015241098997610658;0,004105901718139649;0,0005014531554012085;4;10;5;{'model__max_depth': 4, 'model__min_samples_split': 10, 'model__n_estimators': 5};-0,23439858378922743;-0,2484419791397971;-0,2443742858553924;-0,2530338557346902;-0,24259697979173112;-0,2445691368621677;0,006229251851274628;256
4,020317649841308;0,017837144828499858;0,01611747741699219;0,0009059021254053516;11;5;100;{'model__max_depth': 11, 'model__min_samples_split': 5, 'model__n_estimators': 100};-0,23761221996939536;-0,2504511495455378;-0,25239846250271797;-0,2452807449466912;-0,23740759245605042;-0,24463003388407856;0,006262118937810218;257
0,7551144123077392;0,006441323056672339;0,006021738052368164;1,2349069767386358e-05;9;2;20;{'model__max_depth': 9, 'model__min_samples_split': 2, 'model__n_estimators': 20};-0,23792407396063647;-0,24879882676174722;-0,25290518290254693;-0,24753709245571187;-0,23616525578357758;-0,24466608637284398;0,0064949793340620746;258
0,3430565357208252;0,01942679441071742;0,004005861282348633;0,0006380703814449786;8;10;10;{'model__max_depth': 8, 'model__min_samples_split': 10, 'model__n_estimators': 10};-0,23727409965606458;-0,2474157025416775;-0,24959632618082156;-0,2470397527580952;-0,2420077081546188;-0,2446667178582555;0,004454444659592419;259
0,2821522235870361;0,0032145463182829412;0,005119991302490234;0,0012978825579270826;6;2;10;{'model__max_depth': 6, 'model__min_samples_split': 2, 'model__n_estimators': 10};-0,2303229186113564;-0,24851522443814297;-0,2504634890398646;-0,252479186125839;-0,24158945211422717;-0,244674054065886;0,008058065421109102;260
4,197313404083252;0,03712369848002174;0,01658210754394531;0,0004375167265829391;12;5;100;{'model__max_depth': 12, 'model__min_samples_split': 5, 'model__n_estimators': 100};-0,23774657555721135;-0,2515974137907091;-0,25154672003600154;-0,2455194019401362;-0,23716338206883814;-0,24471469867857926;0,0063288696124548065;261
0,7875916481018066;0,010129665901248745;0,006035995483398437;0,000644974413823394;12;10;20;{'model__max_depth': 12, 'model__min_samples_split': 10, 'model__n_estimators': 20};-0,23785749801911132;-0,2505742311379598;-0,25432945606431545;-0,24527361489123028;-0,2355805363633006;-0,2447230672951835;0,007176960909454808;262
0,9376378536224366;0,008694224580787115;0,006527757644653321;0,0009022308387321773;9;2;25;{'model__max_depth': 9, 'model__min_samples_split': 2, 'model__n_estimators': 25};-0,23826311282378837;-0,24790505724465287;-0,2531519708894391;-0,2474807753743908;-0,23697906253818962;-0,24475599577409218;0,006172060105266791;263
0,9801633358001709;0,01694994002115665;0,006328010559082031;0,0003955382076312831;12;10;25;{'model__max_depth': 12, 'model__min_samples_split': 10, 'model__n_estimators': 25};-0,24006425567544304;-0,24874321051598078;-0,2530724875207894;-0,2455291063808856;-0,2365506768337133;-0,24479194738536242;0,0059159587195314585;264
2,009645414352417;0,02118880182008847;0,010508251190185548;0,0005641945517484279;10;2;50;{'model__max_depth': 10, 'model__min_samples_split': 2, 'model__n_estimators': 50};-0,23837891664468547;-0,24641776368238438;-0,25407242056578744;-0,24652782052823166;-0,2386342454344721;-0,2448062333711122;0,0058451168132434604;265
1,0431825160980224;0,027761316941435604;0,006637477874755859;0,0007942130282489792;18;10;25;{'model__max_depth': 18, 'model__min_samples_split': 10, 'model__n_estimators': 25};-0,24232071804078997;-0,24851781580462268;-0,25381000295699085;-0,24333168794185753;-0,23637731577282417;-0,24487150810341704;0,005902899787763333;266
4,275842714309692;0,028000397475737168;0,016291093826293946;0,00045205697705564006;11;2;100;{'model__max_depth': 11, 'model__min_samples_split': 2, 'model__n_estimators': 100};-0,23730272688147053;-0,25136974098264714;-0,2527643883930767;-0,24625515852368185;-0,2367001577328855;-0,24487843450275232;0,006789642913935036;267
8,939956760406494;0,209806460214398;0,0309506893157959;0,0010638345104849762;14;5;200;{'model__max_depth': 14, 'model__min_samples_split': 5, 'model__n_estimators': 200};-0,23915554121498048;-0,25022887996751375;-0,2518566374795397;-0,2446171177472167;-0,23854138200026678;-0,2448799116819035;0,005482711026409195;268
0,555322790145874;0,004136554958765648;0,005341434478759765;0,0009369302034725688;9;5;15;{'model__max_depth': 9, 'model__min_samples_split': 5, 'model__n_estimators': 15};-0,23800011571489424;-0,24913868810165843;-0,2532672508235521;-0,24750349116558315;-0,23674481808202752;-0,24493087277754308;0,0064632214728841285;269
4,294289827346802;0,055166246554657204;0,01711592674255371;0,000702415586534299;13;5;100;{'model__max_depth': 13, 'model__min_samples_split': 5, 'model__n_estimators': 100};-0,23793783695564966;-0,2507904995120954;-0,2515242600452029;-0,24628917856595695;-0,23819215340859468;-0,24494678569749992;0,005898552337295567;270
0,12195110321044922;0,000582975481618645;0,003345823287963867;0,0008951369286168683;5;5;5;{'model__max_depth': 5, 'model__min_samples_split': 5, 'model__n_estimators': 5};-0,23500563702321997;-0,24936073330619363;-0,24753724246768982;-0,25039238206670233;-0,24244797052824207;-0,24494879307840955;0,005673066431007954;271
1,0333908081054688;0,025652467455852188;0,007459115982055664;0,0005916729001088258;16;10;25;{'model__max_depth': 16, 'model__min_samples_split': 10, 'model__n_estimators': 25};-0,24261154962787207;-0,2482995946888983;-0,25298660669953965;-0,24428265166743876;-0,23662273539964376;-0,24496062761667853;0,005496604529271206;272
0,5216190338134765;0,006112513230885139;0,005341815948486328;0,0008532732466113635;8;2;15;{'model__max_depth': 8, 'model__min_samples_split': 2, 'model__n_estimators': 15};-0,23449948870858495;-0,24904123954860435;-0,2530724346635809;-0,2506255273421117;-0,23764841689616628;-0,24497742143180962;0,00744911187885957;273
1,6336884498596191;0,023729965717128883;0,009143972396850586;0,0012143311734817957;11;5;40;{'model__max_depth': 11, 'model__min_samples_split': 5, 'model__n_estimators': 40};-0,23847179986741202;-0,24837816965313114;-0,25377784598038433;-0,24675231747345555;-0,23753502598794685;-0,24498303179246594;0,006162386244952184;274
8,849980735778809;0,0864942549679962;0,0314979076385498;0,0007865569257105842;15;5;200;{'model__max_depth': 15, 'model__min_samples_split': 5, 'model__n_estimators': 200};-0,23914669054775872;-0,25035613934297485;-0,2520285302376981;-0,24533418058377354;-0,23813224326678054;-0,24499955679579716;0,005650264697063307;275
0,8409823894500732;0,025564109943366876;0,006494569778442383;0,0013963520615299793;18;10;20;{'model__max_depth': 18, 'model__min_samples_split': 10, 'model__n_estimators': 20};-0,24154388061273055;-0,2495790967058888;-0,2543496489830116;-0,24385799793005167;-0,23584568216116678;-0,24503526127856987;0,006409809841169795;276
0,8349528312683105;0,01761283206223349;0,0063265800476074215;0,0008644583142528724;15;10;20;{'model__max_depth': 15, 'model__min_samples_split': 10, 'model__n_estimators': 20};-0,2413056808798529;-0,2500229835246788;-0,25221251266311684;-0,2461204317707771;-0,23552962149289708;-0,24503824606626456;0,006030502778030033;277
8,972944355010986;0,11703573608052042;0,03106369972229004;0,000157463051943683;17;5;200;{'model__max_depth': 17, 'model__min_samples_split': 5, 'model__n_estimators': 200};-0,23981283924080612;-0,25053219635718277;-0,25075170103236766;-0,24513968689384685;-0,23897501923334355;-0,2450422885515094;0,005037953197496681;278
1,0410924911499024;0,024972915782162205;0,006739091873168945;0,0007503983101350487;19;10;25;{'model__max_depth': 19, 'model__min_samples_split': 10, 'model__n_estimators': 25};-0,24203534988555991;-0,24878327370735445;-0,2536714304467491;-0,24379453207055843;-0,23694072342223596;-0,24504506190649158;0,005739180346484009;279
1,028968381881714;0,019574745640301594;0,007090330123901367;0,0006381920369805264;15;10;25;{'model__max_depth': 15, 'model__min_samples_split': 10, 'model__n_estimators': 25};-0,24216779487083961;-0,24878600101699896;-0,2521203279569826;-0,2456308579449467;-0,23667038471099505;-0,2450750733001526;0,005344278293968152;280
0,12133679389953614;0,0015324455583237576;0,003913974761962891;0,00019141075066796438;5;10;5;{'model__max_depth': 5, 'model__min_samples_split': 10, 'model__n_estimators': 5};-0,2336462403220349;-0,24977885404962555;-0,24730923773762553;-0,2517025226070774;-0,2429603239157985;-0,2450794357264324;0,006420754183663476;281
0,12177834510803223;0,0018760478752397184;0,003610992431640625;0,0005855876490042883;5;2;5;{'model__max_depth': 5, 'model__min_samples_split': 2, 'model__n_estimators': 5};-0,23544671214698296;-0,24951765309888274;-0,24736209089722222;-0,24987272610097355;-0,24321293257640744;-0,24508242296409383;0,005369489242706657;282
0,8542938232421875;0,030256652286679855;0,00552835464477539;0,0005449969534010385;20;10;20;{'model__max_depth': 20, 'model__min_samples_split': 10, 'model__n_estimators': 20};-0,24223107692260262;-0,24966981340618377;-0,254590335430577;-0,24348284500913808;-0,23544855536295772;-0,24508452522629182;0,006556596026590029;283
2,013161134719849;0,024010962760548465;0,010849332809448243;0,000682506281037632;11;5;50;{'model__max_depth': 11, 'model__min_samples_split': 5, 'model__n_estimators': 50};-0,23984849047101492;-0,24856701517343738;-0,25270131698818094;-0,24602489538568936;-0,23847608229425427;-0,24512356006251537;0,0053311820146175245;284
0,8374098300933838;0,023750302261893223;0,006335639953613281;0,0008755562909944762;17;10;20;{'model__max_depth': 17, 'model__min_samples_split': 10, 'model__n_estimators': 20};-0,24154708595311675;-0,24955211272544406;-0,2546320085914646;-0,24417312258023677;-0,23583197280090656;-0,24514726053023375;0,00648148063112387;285
0,8405805587768554;0,027108637396197892;0,005829763412475586;0,00039626339551951915;19;10;20;{'model__max_depth': 19, 'model__min_samples_split': 10, 'model__n_estimators': 20};-0,24145787964349424;-0,24941382462751005;-0,25465504234275504;-0,2439932704625673;-0,23629299939271073;-0,2451626032938075;0,006355178547985407;286
0,8144776344299316;0,007882861602250076;0,005220556259155273;0,0009885821336891917;10;2;20;{'model__max_depth': 10, 'model__min_samples_split': 2, 'model__n_estimators': 20};-0,23927439353735913;-0,24765213141479966;-0,2547031925453952;-0,24715795614642203;-0,23705239533068095;-0,2451680137949314;0,006350564817599161;287
1,0414475440979003;0,028100739115857254;0,007230567932128906;0,0006758129016669036;17;10;25;{'model__max_depth': 17, 'model__min_samples_split': 10, 'model__n_estimators': 25};-0,24225025295427227;-0,24871317113233743;-0,25418578814001536;-0,244346966804217;-0,23636160470777534;-0,24517155674772345;0,006010467858957996;288
1,2308839797973632;0,148291563695148;0,007359123229980469;0,000772127682162516;;10;25;{'model__max_depth': None, 'model__min_samples_split': 10, 'model__n_estimators': 25};-0,24302382436407205;-0,2489668800961961;-0,25322082455693573;-0,2436211706908434;-0,23704531028184153;-0,24517560199797778;0,0055181055210107395;289
1,0423027515411376;0,03151722604351203;0,006839847564697266;0,0008148768066290862;20;10;25;{'model__max_depth': 20, 'model__min_samples_split': 10, 'model__n_estimators': 25};-0,24293722054640188;-0,2488526116635125;-0,2543108634306923;-0,24356753255345445;-0,2362527775029321;-0,24518420113939862;0,00606936681423799;290
9,55038824081421;0,4822559111570817;0,04111943244934082;0,008301187708390516;19;5;200;{'model__max_depth': 19, 'model__min_samples_split': 5, 'model__n_estimators': 200};-0,23990993694297325;-0,25039721367961765;-0,25097557254843833;-0,24542838827615737;-0,23923175542252728;-0,24518857337394281;0,004980451528596617;291
1,0058221340179443;0,14954440364567315;0,010807657241821289;0,009690936171737122;;10;20;{'model__max_depth': None, 'model__min_samples_split': 10, 'model__n_estimators': 20};-0,2423357836933216;-0,24986496168889014;-0,253939022377585;-0,24343012995355223;-0,2364563160433638;-0,24520524275134256;0,006097875472799163;292
0,8338185310363769;0,025983773923704895;0,005942106246948242;0,0009759795858516119;16;10;20;{'model__max_depth': 16, 'model__min_samples_split': 10, 'model__n_estimators': 20};-0,24235963686305337;-0,2498528221833192;-0,25365374062351437;-0,24446459820011845;-0,2358464620774374;-0,24523545198948854;0,0061515095839519245;293
9,172967338562012;0,19067572460884377;0,03212871551513672;0,001549707681160502;20;5;200;{'model__max_depth': 20, 'model__min_samples_split': 5, 'model__n_estimators': 200};-0,23998164544296033;-0,24999485765124466;-0,2513716206384309;-0,24524776902342954;-0,23959378014144866;-0,24523793457950283;0,004893578921480405;294
0,30509371757507325;0,003976808910440141;0,004614925384521485;0,000798078330310701;7;10;10;{'model__max_depth': 7, 'model__min_samples_split': 10, 'model__n_estimators': 10};-0,23293896352619395;-0,24930358016928367;-0,2512115199372377;-0,251050656706113;-0,24171400323096245;-0,24524374471395816;0,007066591072647063;295
0,6213658809661865;0,018822735015249253;0,005033302307128906;0,0012659366270760248;14;10;15;{'model__max_depth': 14, 'model__min_samples_split': 10, 'model__n_estimators': 15};-0,2420067848675382;-0,2496025555618133;-0,25309333366467535;-0,2438716538749521;-0,23769997021358297;-0,24525485963651236;0,005475102501787787;296
9,354385137557983;0,5300789980057021;0,033061647415161134;0,001497511225996681;;5;200;{'model__max_depth': None, 'model__min_samples_split': 5, 'model__n_estimators': 200};-0,24033050786987456;-0,2499622438076141;-0,25134063659450845;-0,24513559895028145;-0,2395850145467598;-0,2452708003538077;0,0048084401453930194;297
4,363298130035401;0,0531683303284622;0,016905593872070312;0,0015571106369103428;14;5;100;{'model__max_depth': 14, 'model__min_samples_split': 5, 'model__n_estimators': 100};-0,23908694835211666;-0,25137709182172596;-0,2525296105987477;-0,2450343281771686;-0,2386250139127806;-0,2453305985725079;0,005872336240667776;298
1,0267187118530274;0,019793102345088416;0,00691518783569336;0,0009061609735411282;10;2;25;{'model__max_depth': 10, 'model__min_samples_split': 2, 'model__n_estimators': 25};-0,24094280100644092;-0,24771076539158715;-0,25465510557164195;-0,2462233226690464;-0,23725454804631724;-0,24535730853700674;0,005964568276873631;299
8,951791667938233;0,15383573877880027;0,03172283172607422;0,0014287798684942412;16;5;200;{'model__max_depth': 16, 'model__min_samples_split': 5, 'model__n_estimators': 200};-0,24017434529047854;-0,2505106115177549;-0,2514825936661849;-0,2451958003833461;-0,23943711599759093;-0,24536009337107106;0,005020228746798912;300
8,965275859832763;0,020707126142943857;0,032058334350585936;0,0004044038368630426;12;2;200;{'model__max_depth': 12, 'model__min_samples_split': 2, 'model__n_estimators': 200};-0,23930616541771904;-0,25048324358602997;-0,2527340697310563;-0,24652226133017327;-0,23819626620148052;-0,24544840125329181;0,005829310453521019;301
4,511008977890015;0,07067962532274757;0,018404006958007812;0,00041084182738233474;17;5;100;{'model__max_depth': 17, 'model__min_samples_split': 5, 'model__n_estimators': 100};-0,23949729164663047;-0,25209770558236194;-0,25148408136893013;-0,24578266290527948;-0,2384005233608389;-0,2454524529728082;0,005759212092398759;302
0,5869621276855469;0,004867865771889249;0,0054286479949951175;0,0008603364552073403;10;5;15;{'model__max_depth': 10, 'model__min_samples_split': 5, 'model__n_estimators': 15};-0,2386062124262428;-0,24755436283106144;-0,25570192217084586;-0,24714114536928378;-0,2383581329090402;-0,2454723551412948;0,0064733257636353245;303
9,207372903823853;0,23873477045832533;0,03159947395324707;0,0008454023125678558;18;5;200;{'model__max_depth': 18, 'model__min_samples_split': 5, 'model__n_estimators': 200};-0,24010921421172107;-0,2508980718226816;-0,2515799746846909;-0,24583392941977833;-0,23897872237526022;-0,24547998250282643;0,005249807809811345;304
1,712978219985962;0,012879703561939841;0,009147548675537109;0,0007324818745515105;11;2;40;{'model__max_depth': 11, 'model__min_samples_split': 2, 'model__n_estimators': 40};-0,2385951043473807;-0,249325352465405;-0,2537345247341438;-0,24720237769950806;-0,2385795677783519;-0,2454873854049579;0,006015113953725804;305
1,0168641567230225;0,008456847575245077;0,006294631958007812;0,0008344265601965062;11;5;25;{'model__max_depth': 11, 'model__min_samples_split': 5, 'model__n_estimators': 25};-0,240031824690289;-0,24933658918793677;-0,2541736378166801;-0,24691736976097162;-0,23714495926534;-0,2455208761442435;0,006191378108948319;306
0,8163488388061524;0,01159902044662548;0,006335830688476563;0,0008751592120435593;11;5;20;{'model__max_depth': 11, 'model__min_samples_split': 5, 'model__n_estimators': 20};-0,23887820059578171;-0,24959048777948525;-0,25538839090526905;-0,24741883294711126;-0,23636424455599228;-0,24552803135672793;0,007007147935445174;307
0,5801431655883789;0,012974251375036442;0,0055348873138427734;0,0011054428844243706;11;10;15;{'model__max_depth': 11, 'model__min_samples_split': 10, 'model__n_estimators': 15};-0,23899984967513266;-0,24954835327627312;-0,2569432448090445;-0,24400116570693992;-0,2382999524074802;-0,2455585131749741;0,006980817156601136;308
4,568677616119385;0,06628346819532403;0,017416906356811524;0,0013587778450832718;19;5;100;{'model__max_depth': 19, 'model__min_samples_split': 5, 'model__n_estimators': 100};-0,23956975619469992;-0,2514835047156988;-0,2519016632130752;-0,24588156016403;-0,2390129043011381;-0,24556987771772842;0,005552566910079026;309
4,550561904907227;0,09334862079929883;0,01720151901245117;0,0010254975884710592;20;5;100;{'model__max_depth': 20, 'model__min_samples_split': 5, 'model__n_estimators': 100};-0,2395246171510521;-0,2510152683899785;-0,25203872590792764;-0,24585725291550053;-0,23946164053976313;-0,2455795009808444;0,005393257544210003;310
0,35639591217041017;0,0049191739489544825;0,003955268859863281;0,0006277379921810859;9;10;10;{'model__max_depth': 9, 'model__min_samples_split': 10, 'model__n_estimators': 10};-0,23839942955903737;-0,248647320815964;-0,25345807784854324;-0,244517820496154;-0,2429127815550491;-0,24558708605494953;0,005123966976942436;311
1,673912763595581;0,01696693664296321;0,009177875518798829;0,0008817751892562947;12;5;40;{'model__max_depth': 12, 'model__min_samples_split': 5, 'model__n_estimators': 40};-0,23849464488743435;-0,25068758968201915;-0,2536804533216244;-0,24642446245439703;-0,2388160577276622;-0,24562064161462743;0,006137798410554904;312
4,55127968788147;0,07285012119480211;0,017878198623657228;0,000978072863908031;;5;100;{'model__max_depth': None, 'model__min_samples_split': 5, 'model__n_estimators': 100};-0,23986822434874241;-0,2512058664112118;-0,25195300622472433;-0,2454718741272911;-0,23967094940723074;-0,2456339841038401;0,005287796535465293;313
4,451019525527954;0,048011383996559964;0,017988157272338868;0,0004861127956609974;15;5;100;{'model__max_depth': 15, 'model__min_samples_split': 5, 'model__n_estimators': 100};-0,23880060778182788;-0,25167306513257587;-0,25367526516905775;-0,24624196025797837;-0,237959408263607;-0,24567006132100938;0,006435681382778335;314
2,0831031799316406;0,028549790624245324;0,009828138351440429;0,0005666692824144145;12;5;50;{'model__max_depth': 12, 'model__min_samples_split': 5, 'model__n_estimators': 50};-0,23986475438555033;-0,2508263791754928;-0,2527414402252806;-0,2458299989116953;-0,23912292244411984;-0,24567709902842777;0,0055350512535782305;315
9,276004076004028;0,03163559722879427;0,032831859588623044;0,0008509268229568343;13;2;200;{'model__max_depth': 13, 'model__min_samples_split': 2, 'model__n_estimators': 200};-0,23929900524182526;-0,2497507783438927;-0,25328861427713945;-0,2461677506382082;-0,23988449550262889;-0,2456781288007389;0,0054590309983446215;316
1,716636848449707;0,021404853321489746;0,009442377090454101;0,0008635187906197597;13;5;40;{'model__max_depth': 13, 'model__min_samples_split': 5, 'model__n_estimators': 40};-0,2381231314713073;-0,24952186992113554;-0,2535725140477439;-0,24696877920633284;-0,240298137838551;-0,2456968864970141;0,0057407659914564075;317
2,145571756362915;0,02528141612191779;0,009896612167358399;0,0005954463340956403;13;5;50;{'model__max_depth': 13, 'model__min_samples_split': 5, 'model__n_estimators': 50};-0,23956177607375576;-0,24943624510840956;-0,25285720688899604;-0,24636888732108397;-0,24038339610831835;-0,24572150230011275;0,005129801290021374;318
4,491243505477906;0,06187636614448279;0,017102479934692383;0,000893266278753198;16;5;100;{'model__max_depth': 16, 'model__min_samples_split': 5, 'model__n_estimators': 100};-0,24003930239031426;-0,2518588196395518;-0,25233662672808393;-0,24571244781354948;-0,23885085722610902;-0,24575961075952168;0,005672962463840218;319
1,7527760982513427;0,030208041136571072;0,009240674972534179;0,0007557632400468903;14;5;40;{'model__max_depth': 14, 'model__min_samples_split': 5, 'model__n_estimators': 40};-0,23991088673150854;-0,24977787511245023;-0,25374727644455425;-0,24533076766484452;-0,2401226656465366;-0,24577789431997882;0,005405815561512716;320
9,505911445617675;0,06613437237737352;0,03255915641784668;0,0006639068670735616;14;2;200;{'model__max_depth': 14, 'model__min_samples_split': 2, 'model__n_estimators': 200};-0,2399771984923663;-0,25119674048884016;-0,2520176959904915;-0,24622253310508238;-0,23955551525026228;-0,2457939366654085;0,005307758640440012;321
0,6116698741912842;0,013828282575441974;0,005826187133789062;0,0016018133483887665;13;10;15;{'model__max_depth': 13, 'model__min_samples_split': 10, 'model__n_estimators': 15};-0,2421466945756587;-0,2512485935758052;-0,2544172513215424;-0,24517029630854217;-0,2360459980146601;-0,24580576675924176;0,006524227893137103;322
0,3132817268371582;0,00211065403265162;0,004667854309082032;0,0008036567772282389;7;2;10;{'model__max_depth': 7, 'model__min_samples_split': 2, 'model__n_estimators': 10};-0,23213898678531963;-0,2502979096093685;-0,2524836443148533;-0,25283665614363365;-0,24132673894696027;-0,24581678716002706;0,008013098767915724;323
0,3100120544433594;0,002844947992410249;0,004019927978515625;0,0006523276349758715;7;5;10;{'model__max_depth': 7, 'model__min_samples_split': 5, 'model__n_estimators': 10};-0,23304848970900102;-0,25019773188883193;-0,25162161989517035;-0,25278808484039034;-0,2417011291659424;-0,24587141109986715;0,007502544805547052;324
4,585964584350586;0,1888754039582831;0,017621994018554688;0,00044657527189559697;18;5;100;{'model__max_depth': 18, 'model__min_samples_split': 5, 'model__n_estimators': 100};-0,23965574018464192;-0,2521753062653765;-0,25221447871449937;-0,24622434321023762;-0,23915108411856528;-0,2458841904986641;0,005725289603031121;325
2,1306622505187987;0,015634710056978484;0,010449886322021484;0,000591359017584813;11;2;50;{'model__max_depth': 11, 'model__min_samples_split': 2, 'model__n_estimators': 50};-0,23997195302688076;-0,24944153050913023;-0,2532612852458594;-0,24756649869765826;-0,23933764722174136;-0,245915782940254;0,00543531316711587;326
1,801346778869629;0,03602650825339199;0,009464359283447266;0,0005776176830720494;17;5;40;{'model__max_depth': 17, 'model__min_samples_split': 5, 'model__n_estimators': 40};-0,23978991869194696;-0,2503522363974719;-0,2534131196843288;-0,24637438130612596;-0,2396839472813716;-0,24592272067224905;0,005522032919146232;327
4,662085056304932;0,03951524275877055;0,018230915069580078;0,0001975098420279724;13;2;100;{'model__max_depth': 13, 'model__min_samples_split': 2, 'model__n_estimators': 100};-0,23948965386842702;-0,2504972132708869;-0,25339223741941086;-0,24672612815281975;-0,23965871019815385;-0,24595278858193964;0,005621081424014526;328
9,93184847831726;0,08913059283863976;0,03330831527709961;0,0007416468832063228;16;2;200;{'model__max_depth': 16, 'model__min_samples_split': 2, 'model__n_estimators': 200};-0,24056837479284987;-0,25114289625205466;-0,2522927106572615;-0,24635772068019793;-0,24005825517206103;-0,246083991510885;0,00511756122547129;329
1,8235995769500732;0,03322728023579447;0,00837392807006836;0,0005251108536169553;;5;40;{'model__max_depth': None, 'model__min_samples_split': 5, 'model__n_estimators': 40};-0,2410338075624085;-0,24899062594990606;-0,25455261990894057;-0,24545953909563287;-0,2405015796760005;-0,2461076344385777;0,0052387215309258345;330
0,615492296218872;0,03249837793164217;0,005822658538818359;0,0007547878859033556;12;10;15;{'model__max_depth': 12, 'model__min_samples_split': 10, 'model__n_estimators': 15};-0,23963079832601483;-0,25105403819880895;-0,2562831106732442;-0,24550394975125217;-0,23814926736986228;-0,24612423286383645;0,00683601194928756;331
4,492129516601563;0,04007735555097234;0,01799488067626953;0,0007593093430797982;12;2;100;{'model__max_depth': 12, 'model__min_samples_split': 2, 'model__n_estimators': 100};-0,2387167089722937;-0,25193872896209835;-0,253841348000283;-0,24739340972179624;-0,23882666905673847;-0,24614337294264196;0,006373335968109889;332
4,978358459472656;0,05413491435738335;0,018479633331298827;0,0008137870975942487;16;2;100;{'model__max_depth': 16, 'model__min_samples_split': 2, 'model__n_estimators': 100};-0,24026797259101387;-0,25169070325213516;-0,25289336991888683;-0,24662204894875836;-0,2393776620012908;-0,246170351342417;0,005600999877242039;333
2,183645248413086;0,027713751096757264;0,010353851318359374;0,0008836528919289314;14;5;50;{'model__max_depth': 14, 'model__min_samples_split': 5, 'model__n_estimators': 50};-0,24216612485894154;-0,24976500870931193;-0,25329905984540285;-0,24529158786921068;-0,24037911601724574;-0,24618017946002255;0,004776693942692075;334
0,5709044933319092;0,002584967439723565;0,005625152587890625;0,0011734988097465509;9;2;15;{'model__max_depth': 9, 'model__min_samples_split': 2, 'model__n_estimators': 15};-0,23947673299178904;-0,2478769392894957;-0,25619035654239136;-0,24797130212019713;-0,2393961088590246;-0,24618228796057956;0,006280932188234649;335
9,678393840789795;0,05377597917150777;0,03331713676452637;0,0004987050471479732;15;2;200;{'model__max_depth': 15, 'model__min_samples_split': 2, 'model__n_estimators': 200};-0,2404288486007271;-0,2512679439785716;-0,25273392589974936;-0,2465052823767054;-0,24011197646843288;-0,24620959546483728;0,005269519898290541;336
4,77899055480957;0,052080170335795165;0,017767000198364257;0,0003498912797843706;14;2;100;{'model__max_depth': 14, 'model__min_samples_split': 2, 'model__n_estimators': 100};-0,23984232351865425;-0,2521251353658702;-0,2525178110130553;-0,24711316768994027;-0,23946400867007725;-0,24621248925151948;0,005685924548598119;337
10,098163175582886;0,12184068106909726;0,033376026153564456;0,0009927199423583096;19;2;200;{'model__max_depth': 19, 'model__min_samples_split': 2, 'model__n_estimators': 200};-0,2412934091739833;-0,25089681316131324;-0,2522665452231587;-0,24625115224208619;-0,24068386353451937;-0,24627835666701214;0,004761036390791732;338
1,051640558242798;0,008482188375712442;0,00723414421081543;0,0007415476674677807;12;5;25;{'model__max_depth': 12, 'model__min_samples_split': 5, 'model__n_estimators': 25};-0,24074338742450152;-0,2515789371998828;-0,2536606956161554;-0,24743487793262767;-0,23802009869211985;-0,24628759937305747;0,006045939231263266;339
0,3737386703491211;0,005478236122354355;0,004641389846801758;0,0007782761859661288;10;10;10;{'model__max_depth': 10, 'model__min_samples_split': 10, 'model__n_estimators': 10};-0,2379140123097083;-0,24984742078467945;-0,25446744562782614;-0,24626677323218302;-0,24306306498543312;-0,24631174338796602;0,0056585212665434086;340
0,34049210548400877;0,0024863373061892475;0,004855203628540039;0,0008053500581134917;8;5;10;{'model__max_depth': 8, 'model__min_samples_split': 5, 'model__n_estimators': 10};-0,23804809470191415;-0,24944507965608054;-0,2517667184887376;-0,2505375268958321;-0,2417813151081641;-0,24631574697014566;0,005408223102573282;341
1,8214052677154542;0,0320069667465676;0,009708166122436523;0,0007269115120915457;20;5;40;{'model__max_depth': 20, 'model__min_samples_split': 5, 'model__n_estimators': 40};-0,240290168697146;-0,24941083460061902;-0,2540772941607601;-0,24648386035281147;-0,24138318500466202;-0,24632906856319972;0,00510854809285474;342
1,7810934066772461;0,020882980163942987;0,00866842269897461;0,0007384283666088387;15;5;40;{'model__max_depth': 15, 'model__min_samples_split': 5, 'model__n_estimators': 40};-0,24013426931262888;-0,2503569359638239;-0,2558127554273661;-0,24623248840571008;-0,23912902220354307;-0,24633309426261443;0,006267208060471469;343
0,8444713115692138;0,008411003130106126;0,006528472900390625;0,00046196752194536917;12;5;20;{'model__max_depth': 12, 'model__min_samples_split': 5, 'model__n_estimators': 20};-0,23939980883268233;-0,2518925139521502;-0,2557692359611663;-0,2476788617009696;-0,2369748280384956;-0,24634304969709278;0,007175041539373803;344
1,8475632190704345;0,04671755724312015;0,008878469467163086;0,0007086400363449885;18;5;40;{'model__max_depth': 18, 'model__min_samples_split': 5, 'model__n_estimators': 40};-0,2403491375721743;-0,2507482463096404;-0,25325897310524276;-0,24692519850594288;-0,24055163774031316;-0,2463666386466627;0,005235251738740152;345
2,2664865016937257;0,03946287926422733;0,010796356201171874;0,0012561061459885425;;5;50;{'model__max_depth': None, 'model__min_samples_split': 5, 'model__n_estimators': 50};-0,24225488275575324;-0,2491327306622561;-0,25376620594808824;-0,2458983278157944;-0,24094709743979018;-0,24639984892433647;0,004666832439847532;346
2,256852626800537;0,02641363376058068;0,011050987243652343;0,0006304320206091772;17;5;50;{'model__max_depth': 17, 'model__min_samples_split': 5, 'model__n_estimators': 50};-0,24141582899125658;-0,25029397640788287;-0,2530201430174913;-0,24655405928588578;-0,2408176690993333;-0,24642033536036995;0,004796152445352104;347
10,035374069213868;0,11090531473716043;0,036031484603881836;0,003928649438510558;18;2;200;{'model__max_depth': 18, 'model__min_samples_split': 2, 'model__n_estimators': 200};-0,24139430735371306;-0,251225954151796;-0,2523934208057232;-0,24651582006526354;-0,240676392362287;-0,24644117894775658;0,004838026569751686;348
10,000064849853516;0,18121827291896314;0,03351526260375977;0,0015761264332192636;17;2;200;{'model__max_depth': 17, 'model__min_samples_split': 2, 'model__n_estimators': 200};-0,24128831253758168;-0,25076165814049234;-0,25256185982453133;-0,24688999689825733;-0,24086141211305637;-0,2464726479027838;0,00477517729718902;349
0,9174849510192871;0,02462753526137381;0,005980491638183594;0,0003424906913136642;17;5;20;{'model__max_depth': 17, 'model__min_samples_split': 5, 'model__n_estimators': 20};-0,2402562064675664;-0,2514924796258731;-0,25448650818003915;-0,24720205988110364;-0,23902117722579017;-0,24649168627607448;0,006068269209171879;350
1,13695969581604;0,025314938091255176;0,006745481491088867;0,0005833404403359512;17;5;25;{'model__max_depth': 17, 'model__min_samples_split': 5, 'model__n_estimators': 25};-0,24173532360613134;-0,25023978453015794;-0,25416564961995103;-0,24726683982100917;-0,23913646416866027;-0,24650881234918195;0,00548196367242929;351
4,875250005722046;0,05766279480926364;0,017849254608154296;0,0006871083871666664;15;2;100;{'model__max_depth': 15, 'model__min_samples_split': 2, 'model__n_estimators': 100};-0,24043312808612405;-0,25190857699091906;-0,2533858465529815;-0,24712433368150893;-0,23971021532753442;-0,24651242012781358;0,005656230543104196;352
1,0780666828155518;0,010606990924618495;0,006776571273803711;0,0006737764220609129;13;5;25;{'model__max_depth': 13, 'model__min_samples_split': 5, 'model__n_estimators': 25};-0,24052519372598602;-0,25029058953570665;-0,25411058390391894;-0,24876308535139643;-0,23897302390761607;-0,24653249528492482;0,005826826084312253;353
2,279614877700806;0,044646852908475546;0,010944414138793945;0,0007180390151241805;20;5;50;{'model__max_depth': 20, 'model__min_samples_split': 5, 'model__n_estimators': 50};-0,2416768963629409;-0,24948887024602076;-0,25347024975157567;-0,24677738791793888;-0,24141767667482136;-0,24656621619065952;0,004618767956064639;354
1,8977419853210449;0,02613058726459158;0,009148836135864258;0,0008708733555032935;14;2;40;{'model__max_depth': 14, 'model__min_samples_split': 2, 'model__n_estimators': 40};-0,2399679848039224;-0,24959684625840894;-0,25383305783253884;-0,24686039550263397;-0,24267634298983046;-0,24658692547746694;0,004914140293112168;355
2,2454259395599365;0,04582298051668637;0,01100015640258789;0,0009062741112072367;15;5;50;{'model__max_depth': 15, 'model__min_samples_split': 5, 'model__n_estimators': 50};-0,24122128753710947;-0,2506393500937735;-0,255190579925627;-0,24567511511035292;-0,24023074427955976;-0,24659141538928453;0,005665111162384372;356
0,870215892791748;0,015669360740814518;0,0061378002166748045;0,0006583722847957646;13;5;20;{'model__max_depth': 13, 'model__min_samples_split': 5, 'model__n_estimators': 20};-0,23869132698521425;-0,2510357877060975;-0,2551378449467528;-0,2492565247053369;-0,2388460726594196;-0,24659351140056424;0,006667809534871416;357
0,6280463695526123;0,018887681072907708;0,005230474472045899;0,0010451212841664913;15;10;15;{'model__max_depth': 15, 'model__min_samples_split': 10, 'model__n_estimators': 15};-0,24394487157688943;-0,2508524835678847;-0,25479238363601453;-0,24556980600132516;-0,23783483607311778;-0,2465988761710463;0,0058333157826924295;358
0,8602522850036621;0,003742946149020383;0,006429624557495117;0,0007435248644357581;11;2;20;{'model__max_depth': 11, 'model__min_samples_split': 2, 'model__n_estimators': 20};-0,23967927893265992;-0,25202841664854697;-0,2568100842108551;-0,2482190886756276;-0,23633729837210468;-0,24661483336795884;0,007609905383033685;359
10,097702169418335;0,14903823724148185;0,0338444709777832;0,0009445553635499113;20;2;200;{'model__max_depth': 20, 'model__min_samples_split': 2, 'model__n_estimators': 200};-0,2415629512637616;-0,2515275085888107;-0,2523763485275948;-0,24658334846224497;-0,24107561454361012;-0,24662515427720438;0,004765172639736433;360
0,9268239974975586;0,028167043134786105;0,006918096542358398;0,0011594589670125726;;5;20;{'model__max_depth': None, 'model__min_samples_split': 5, 'model__n_estimators': 20};-0,24142205488586385;-0,25030479099528863;-0,2553927540030904;-0,24753363493521452;-0,2385005784423;-0,24663076265235145;0,006071518540535487;361
5,053961229324341;0,05049267670122057;0,01857147216796875;0,0011614478562802;19;2;100;{'model__max_depth': 19, 'model__min_samples_split': 2, 'model__n_estimators': 100};-0,24153707724365409;-0,25124586046680264;-0,25381513947169565;-0,246019077081398;-0,2405633370186855;-0,2466360982564472;0,00521627644736133;362
1,072236680984497;0,00748715960797117;0,007191133499145508;0,000628869783516401;11;2;25;{'model__max_depth': 11, 'model__min_samples_split': 2, 'model__n_estimators': 25};-0,24137873428650966;-0,25038025927654056;-0,25506825956098994;-0,24886275859412624;-0,2375568193186887;-0,246649366207371;0,006326932969757489;363
1,8172969818115234;0,017556676695224472;0,00873870849609375;0,0007522715968520007;16;5;40;{'model__max_depth': 16, 'model__min_samples_split': 5, 'model__n_estimators': 40};-0,24135819088051572;-0,2499898511395551;-0,2541943528775888;-0,2468313922903159;-0,2408822548034139;-0,24665120839827787;0,005086745329729469;364
1,819418239593506;0,02003842489379528;0,00965104103088379;0,00037343494053247776;19;5;40;{'model__max_depth': 19, 'model__min_samples_split': 5, 'model__n_estimators': 40};-0,2407439937427678;-0,2505487300368481;-0,2544610549708882;-0,24721678812863693;-0,2403797155028083;-0,24667005647638987;0,005490524396015109;365
10,081486701965332;0,158459633180882;0,03579072952270508;0,0020906022127701617;;2;200;{'model__max_depth': None, 'model__min_samples_split': 2, 'model__n_estimators': 200};-0,24134898904226562;-0,2512388353108013;-0,25280359959884763;-0,2467627454314478;-0,2412862516329493;-0,24668808420326233;0,004812487314295496;366
0,6367284774780273;0,0209108495342968;0,006095504760742188;0,001281372304378675;17;10;15;{'model__max_depth': 17, 'model__min_samples_split': 10, 'model__n_estimators': 15};-0,24491255854920954;-0,25106561426418683;-0,25503489366762483;-0,24483659806135094;-0,23763555001265213;-0,24669704291100486;0,005955845262101815;367
1,7829812049865723;0,009029277771171792;0,009044170379638672;0,0010537057389049841;12;2;40;{'model__max_depth': 12, 'model__min_samples_split': 2, 'model__n_estimators': 40};-0,23971721942809562;-0,25052345261441133;-0,25555589127188627;-0,2465604843084548;-0,24118869383027802;-0,24670914829062524;0,005868532465582542;368
0,6399720191955567;0,021383325455249503;0,005452108383178711;0,00059172861946087;18;10;15;{'model__max_depth': 18, 'model__min_samples_split': 10, 'model__n_estimators': 15};-0,24463857649615633;-0,2511536800980143;-0,2554905306051183;-0,2442596854331905;-0,2380094349117512;-0,2467103815088461;0,00604712625065181;369
5,09936752319336;0,09963357486106712;0,018196725845336915;0,00033524563989841515;17;2;100;{'model__max_depth': 17, 'model__min_samples_split': 2, 'model__n_estimators': 100};-0,24114625456545588;-0,25064855900594823;-0,25312617528994186;-0,24747967938083135;-0,24120387445569838;-0,24672090853957512;0,004869169241928573;370
0,6622272491455078;0,04723377635463446;0,004319095611572265;0,0006104301908629819;20;10;15;{'model__max_depth': 20, 'model__min_samples_split': 10, 'model__n_estimators': 15};-0,24558177897237596;-0,25156567374191446;-0,25516232369188047;-0,24406948827813768;-0,23724688399028712;-0,24672522973491912;0,006209894250466146;371
0,8891004085540771;0,023731869097812212;0,005825471878051758;0,00038686907996962936;14;5;20;{'model__max_depth': 14, 'model__min_samples_split': 5, 'model__n_estimators': 20};-0,24127281437371886;-0,25120026662851386;-0,25566265668117244;-0,24767424043071368;-0,23786639120649894;-0,24673527386412358;0,0064654702201835;372
0,6313453197479248;0,017713024610214546;0,005126810073852539;0,0006659521579250077;16;10;15;{'model__max_depth': 16, 'model__min_samples_split': 10, 'model__n_estimators': 15};-0,2450379622424276;-0,2511386948804006;-0,2547994372974977;-0,2453108083123863;-0,23740110609905288;-0,246737601766353;0,005940664578089388;373
1,1518698692321778;0,03266209953765508;0,006937503814697266;0,0010172988252768478;;5;25;{'model__max_depth': None, 'model__min_samples_split': 5, 'model__n_estimators': 25};-0,2427290314747639;-0,2498065808501728;-0,2555315527271676;-0,24677100998312984;-0,2389962431388203;-0,24676688363481086;0,005705195952299397;374
5,039152812957764;0,07176523098770088;0,01931285858154297;0,0010400741773155754;20;2;100;{'model__max_depth': 20, 'model__min_samples_split': 2, 'model__n_estimators': 100};-0,24177443630236028;-0,25194873855199806;-0,25367480021424216;-0,24613935831400266;-0,24045515009471755;-0,24679849669546416;0,0052862507242813755;375
2,2420782089233398;0,017269152596810566;0,010293006896972656;0,00022128804717818425;12;2;50;{'model__max_depth': 12, 'model__min_samples_split': 2, 'model__n_estimators': 50};-0,24087769145018112;-0,25034664870672585;-0,254267320116975;-0,24660034485364252;-0,2419498126707915;-0,24680836355966318;0,005039387956841349;376
0,3855740070343018;0,07346799369921767;0,0038202762603759765;0,0004067791735172278;8;2;10;{'model__max_depth': 8, 'model__min_samples_split': 2, 'model__n_estimators': 10};-0,23716148557717853;-0,2494701797894286;-0,2528829766335755;-0,2528256261217044;-0,24174147519839095;-0,2468163486640556;0,00630759751481361;377
2,2660805225372314;0,04198838002509251;0,010550260543823242;0,0006382004272683206;18;5;50;{'model__max_depth': 18, 'model__min_samples_split': 5, 'model__n_estimators': 50};-0,24185681625299682;-0,25097951399166757;-0,2529854563310901;-0,2473371722623666;-0,24106298785681454;-0,2468443893389871;0,004761413300490492;378
1,8555474281311035;0,03048567799019092;0,009770536422729492;0,0006032477159395641;13;2;40;{'model__max_depth': 13, 'model__min_samples_split': 2, 'model__n_estimators': 40};-0,2406539857255817;-0,2499612236866265;-0,25454967163173253;-0,24696496795053008;-0,24211566424574418;-0,246849102648043;0,0050947501919328545;379
2,2691213607788088;0,044812869841403355;0,01025090217590332;0,0009814718458458279;19;5;50;{'model__max_depth': 19, 'model__min_samples_split': 5, 'model__n_estimators': 50};-0,24222777040180712;-0,25034368664407286;-0,25373502724197383;-0,24738703273279025;-0,24062073413570703;-0,24686285023127025;0,004900322125534615;380
1,1002807140350341;0,012154775124815033;0,006925535202026367;0,0008129685691911716;14;5;25;{'model__max_depth': 14, 'model__min_samples_split': 5, 'model__n_estimators': 25};-0,24201021864985386;-0,2510988966130276;-0,25505242439212295;-0,24716754780498107;-0,23900637926949556;-0,2468670933458962;0,0058374332324060176;381
2,25052433013916;0,04871170631622089;0,01099257469177246;0,000559005403284291;16;5;50;{'model__max_depth': 16, 'model__min_samples_split': 5, 'model__n_estimators': 50};-0,24232536792058867;-0,24993706281018213;-0,25381307764117667;-0,24704919430614045;-0,2412146633442867;-0,24686787320447495;0,004696419973186719;382
0,9350532054901123;0,011552037821295824;0,005940151214599609;0,0007371400535985454;13;2;20;{'model__max_depth': 13, 'model__min_samples_split': 2, 'model__n_estimators': 20};-0,2400629420639855;-0,25191222408702546;-0,2545555650008414;-0,24862695279593558;-0,23921466636220226;-0,24687447006199809;0,006205141210255706;383
5,017975616455078;0,07616202352144996;0,019154167175292967;0,0006018091027874905;18;2;100;{'model__max_depth': 18, 'model__min_samples_split': 2, 'model__n_estimators': 100};-0,24150254209173838;-0,25160501227372667;-0,25315223064928816;-0,2475609224151812;-0,2406574859873764;-0,24689563868346215;0,005094424108582909;384
1,9619668960571288;0,02766869543646873;0,008548784255981445;0,00030856944173560845;16;2;40;{'model__max_depth': 16, 'model__min_samples_split': 2, 'model__n_estimators': 40};-0,24148398807723787;-0,24998767276595407;-0,2533961360309385;-0,24665509879275146;-0,2431013586100493;-0,24692485085538624;0,0043715730984455695;385
0,1395094394683838;0,0015541245539065543;0,003624725341796875;0,0008105242107799711;6;10;5;{'model__max_depth': 6, 'model__min_samples_split': 10, 'model__n_estimators': 5};-0,23107983437220234;-0,2544023096440188;-0,2513022319607507;-0,25294635950252076;-0,24494106797288173;-0,2469343606904749;0,008559578393323889;386
0,6394286155700684;0,02277732868262253;0,0057354927062988285;0,000869099036475601;19;10;15;{'model__max_depth': 19, 'model__min_samples_split': 10, 'model__n_estimators': 15};-0,2446304430151892;-0,251544027806522;-0,2553965185414589;-0,24492318189662257;-0,23817895278521453;-0,24693462480900147;0,00598109004195346;387
0,6117964744567871;0,009258426260508249;0,00493464469909668;0,0009215412408159307;10;2;15;{'model__max_depth': 10, 'model__min_samples_split': 2, 'model__n_estimators': 15};-0,24061817857923656;-0,24694155740310944;-0,25843160886059735;-0,24880965478645772;-0,24003261169839105;-0,24696672226555844;0,006681714667341506;388
0,6827677249908447;0,0777177439548848;0,005627822875976562;0,0010088326163232469;;10;15;{'model__max_depth': None, 'model__min_samples_split': 10, 'model__n_estimators': 15};-0,2455815470596432;-0,2519343989514142;-0,25480855261948854;-0,24419654601770147;-0,23840501843843864;-0,24698521261733722;0,005814907818840478;389
0,9032059669494629;0,017723503587499488;0,005917692184448242;0,001022342365618314;15;5;20;{'model__max_depth': 15, 'model__min_samples_split': 5, 'model__n_estimators': 20};-0,2403869607781253;-0,2505115364054998;-0,25919492722560145;-0,24718520861087864;-0,23770723085005424;-0,24699717277403188;0,007631110619727809;390
2,324611186981201;0,030954556473272575;0,010612154006958007;0,0010192238443979477;13;2;50;{'model__max_depth': 13, 'model__min_samples_split': 2, 'model__n_estimators': 50};-0,2423585822239704;-0,24929347278918887;-0,25397169014835314;-0,24728995856006142;-0,2422588587237172;-0,2470345124890582;0,004426370543453364;391
2,0184982299804686;0,031038471958354623;0,009720754623413087;0,0005561422199410766;20;2;40;{'model__max_depth': 20, 'model__min_samples_split': 2, 'model__n_estimators': 40};-0,24146838071288548;-0,2502715592786339;-0,2535600453296485;-0,24769866623756306;-0,24239675949798875;-0,24707908221134395;0,004603972076986307;392
0,9207722187042237;0,028267662227353888;0,0062286376953125;0,0003959652833165756;18;5;20;{'model__max_depth': 18, 'model__min_samples_split': 5, 'model__n_estimators': 20};-0,24149343703750586;-0,2520055424560318;-0,2546701423559141;-0,2480669519545305;-0,2391887936279837;-0,2470849734863932;0,005938451038639489;393
1,9431646347045899;0,02688106982204568;0,008927154541015624;0,0009342557211544948;15;2;40;{'model__max_depth': 15, 'model__min_samples_split': 2, 'model__n_estimators': 40};-0,24169199312131434;-0,2503645068734383;-0,25476353052879824;-0,24738030183296106;-0,2413904407343697;-0,2471181546181763;0,0051246313402421575;394
0,369577693939209;0,004017753420952434;0,004618692398071289;0,0008008675957567061;9;5;10;{'model__max_depth': 9, 'model__min_samples_split': 5, 'model__n_estimators': 10};-0,24114035248435148;-0,25046340528570865;-0,252371266853289;-0,24871213379466486;-0,2429487146389532;-0,24712717461139344;0,004346138541015728;395
1,1439729690551759;0,030587952373480002;0,0067787647247314455;0,0010546844014507493;18;5;25;{'model__max_depth': 18, 'model__min_samples_split': 5, 'model__n_estimators': 25};-0,24255173051455156;-0,25105454386754655;-0,2547009240834739;-0,2477906136226324;-0,23964247783724285;-0,24714805798508946;0,005480497341838058;396
2,3796318054199217;0,016878433078347608;0,010956859588623047;0,0008602574569136568;14;2;50;{'model__max_depth': 14, 'model__min_samples_split': 2, 'model__n_estimators': 50};-0,24188402895288938;-0,25041904523912417;-0,25350589424336967;-0,24733657429070213;-0,2430272177256922;-0,24723455209035552;0,004377462686185403;397
1,9919139385223388;0,015182547804756613;0,009354400634765624;0,000612254963472896;17;2;40;{'model__max_depth': 17, 'model__min_samples_split': 2, 'model__n_estimators': 40};-0,24243323689292623;-0,24802166101399142;-0,25434166045329;-0,24944649086181472;-0,2420217408060746;-0,2472529580056194;0,004609718822029238;398
0,9323470115661621;0,0213572700425975;0,006334161758422852;0,0011190868357588168;20;5;20;{'model__max_depth': 20, 'model__min_samples_split': 5, 'model__n_estimators': 20};-0,24145995125052486;-0,2515936332843476;-0,2553859436670677;-0,2484351075423908;-0,2395201510826289;-0,24727895736539196;0,005995602480339273;399
0,9252562999725342;0,02694383046633655;0,006227827072143555;0,0012299951099173957;19;5;20;{'model__max_depth': 19, 'model__min_samples_split': 5, 'model__n_estimators': 20};-0,2418187278459203;-0,25225742370996523;-0,2551073387557451;-0,24841943424692026;-0,23890732179886226;-0,24730204927148264;0,006119887125391071;400
1,1160418510437011;0,02071572693185623;0,006738615036010742;0,0007534216232581625;15;5;25;{'model__max_depth': 15, 'model__min_samples_split': 5, 'model__n_estimators': 25};-0,24295171902477739;-0,25047198613836813;-0,2575537350886135;-0,24730355785087363;-0,23844464723135098;-0,24734512906679673;0,006519436002003846;401
5,101331949234009;0,11767026526152484;0,018994903564453124;0,0009357872750178665;;2;100;{'model__max_depth': None, 'model__min_samples_split': 2, 'model__n_estimators': 100};-0,24156174110770687;-0,2520565796425867;-0,2543943702306823;-0,24729951394194435;-0,24161025114493034;-0,24738449121357015;0,005257761927387141;402
2,004966449737549;0,03196059327994004;0,009140920639038087;0,000748809645105663;19;2;40;{'model__max_depth': 19, 'model__min_samples_split': 2, 'model__n_estimators': 40};-0,24197212850351998;-0,24972375504778627;-0,253878886794104;-0,2476817193089875;-0,2439724735331118;-0,2474457926375019;0,004210805605041767;403
2,4668776512146;0,039483855878779936;0,01087183952331543;0,000825292300244071;16;2;50;{'model__max_depth': 16, 'model__min_samples_split': 2, 'model__n_estimators': 50};-0,24284473262136283;-0,25012918390536043;-0,2535141635645311;-0,2470705190404326;-0,24368285875477255;-0,2474482915772919;0,003987378540632827;404
0,9318451881408691;0,008727462756442074;0,006313705444335937;0,0008778928809556155;12;2;20;{'model__max_depth': 12, 'model__min_samples_split': 2, 'model__n_estimators': 20};-0,24058256825883143;-0,2523514226043266;-0,2561076500457484;-0,2490748481348553;-0,23915218071749975;-0,24745373395225229;0,0065974894190872265;405
1,1681350231170655;0,016087328562816944;0,007279539108276367;0,0007080276782952494;13;2;25;{'model__max_depth': 13, 'model__min_samples_split': 2, 'model__n_estimators': 25};-0,24259919874300165;-0,25115952652179074;-0,2544504072912329;-0,2489564887246363;-0,24042693392481124;-0,24751851104109454;0,005251020065741074;406
1,1445074081420898;0,028307365910812784;0,007987737655639648;0,0006078179867776702;20;5;25;{'model__max_depth': 20, 'model__min_samples_split': 5, 'model__n_estimators': 25};-0,24276336744197807;-0,2506008613587175;-0,25525960076115795;-0,24842673980798083;-0,24071992150392219;-0,24755409817475132;0,005274013863280599;407
0,9647647857666015;0,009922448069469103;0,005830526351928711;0,0005111342478499167;14;2;20;{'model__max_depth': 14, 'model__min_samples_split': 2, 'model__n_estimators': 20};-0,24164025897948863;-0,2515320846397571;-0,25721812453854875;-0,24723377611373137;-0,2401732844076984;-0,2475595057358449;0,006305079662961853;408
0,14081053733825682;0,0015393083876404012;0,004000043869018555;1,4234687373033195e-05;6;5;5;{'model__max_depth': 6, 'model__min_samples_split': 5, 'model__n_estimators': 5};-0,23308204761754206;-0,25509538049389957;-0,251082214006174;-0,2540187452093694;-0,24456507835549982;-0,24756869313649696;0,008117679759204436;409
1,1327059745788575;0,015339505522110448;0,00642552375793457;0,0008076405715203932;12;2;25;{'model__max_depth': 12, 'model__min_samples_split': 2, 'model__n_estimators': 25};-0,24247411290722043;-0,25145688023775126;-0,255272212241039;-0,24820023936693342;-0,24057815641087765;-0,24759632023276437;0,00547137261228131;410
1,1380043029785156;0,029432984984045476;0,0074231624603271484;0,0007887377544930337;19;5;25;{'model__max_depth': 19, 'model__min_samples_split': 5, 'model__n_estimators': 25};-0,24296173696831475;-0,25178745504119354;-0,2551926561671088;-0,2482428520365259;-0,2398852433248866;-0,24761398870760593;0,00559689989587844;411
0,38785080909729003;0,008669015958369346;0,0038182735443115234;0,0006732725384487861;11;10;10;{'model__max_depth': 11, 'model__min_samples_split': 10, 'model__n_estimators': 10};-0,24141347062559426;-0,2509002885524229;-0,25508013004423574;-0,24837643944395565;-0,24240364250486904;-0,2476347942342155;0,005152015759719251;412
2,426428747177124;0,03130832869771814;0,011094951629638672;0,0009138595345677111;15;2;50;{'model__max_depth': 15, 'model__min_samples_split': 2, 'model__n_estimators': 50};-0,2433274811282599;-0,25082865059088677;-0,25414900815494484;-0,24800146910012844;-0,2419355271832965;-0,2476484272315033;0,004556398000761532;413
0,41146340370178225;0,011814682351226775;0,004421138763427734;0,0004954353815297882;14;10;10;{'model__max_depth': 14, 'model__min_samples_split': 10, 'model__n_estimators': 10};-0,2451582802781106;-0,24934918719212462;-0,25151045930954763;-0,2500007480544189;-0,2422380247740764;-0,24765133992165564;0,00342970942359322;414
2,508632040023804;0,04050067792163222;0,010766220092773438;0,0007582587725231942;20;2;50;{'model__max_depth': 20, 'model__min_samples_split': 2, 'model__n_estimators': 50};-0,2433649787429942;-0,2504028929217068;-0,25368758426729376;-0,2477835095760414;-0,24308825532382;-0,24766544416637126;0,0040796665815290584;415
1,191832971572876;0,014090954878816458;0,006526470184326172;0,0007762699364544393;14;2;25;{'model__max_depth': 14, 'model__min_samples_split': 2, 'model__n_estimators': 25};-0,2434860763476478;-0,2510452404091504;-0,25526486608461696;-0,24733810362538133;-0,2414861248989158;-0,24772408227314244;0,004998305668914051;416
2,503674840927124;0,03999474836726288;0,011164617538452149;0,000742424941555053;19;2;50;{'model__max_depth': 19, 'model__min_samples_split': 2, 'model__n_estimators': 50};-0,24392345790210654;-0,2495519206730982;-0,25392292689289164;-0,24730777008496063;-0,24403835239099403;-0,2477488855888102;0,0037407554858800486;417
0,6185398578643799;0,006697292159529152;0,005264472961425781;0,0008919549524653906;11;5;15;{'model__max_depth': 11, 'model__min_samples_split': 5, 'model__n_estimators': 15};-0,24129674187186725;-0,25151948342268965;-0,2600875197858944;-0,24723228918466109;-0,23862175466204064;-0,24775155778543062;0,007637549548309295;418
2,52231502532959;0,05114758204329904;0,011353874206542968;0,002623852738726267;17;2;50;{'model__max_depth': 17, 'model__min_samples_split': 2, 'model__n_estimators': 50};-0,24405623159365408;-0,24882771620908484;-0,2535495096778092;-0,24893566783243307;-0,24369833326857807;-0,24781349171631187;0,0036398177232169955;419
1,1470176696777343;0,03420567423568677;0,007046222686767578;0,0010636033830724882;16;5;25;{'model__max_depth': 16, 'model__min_samples_split': 5, 'model__n_estimators': 25};-0,24350664830906638;-0,2510306835260506;-0,2558694232357521;-0,24778092395206697;-0,24102615756274123;-0,24784276731713545;0,005288892817756312;420
2,034267807006836;0,037256223854545786;0,009308576583862305;0,0006738318309787843;;2;40;{'model__max_depth': None, 'model__min_samples_split': 2, 'model__n_estimators': 40};-0,2427343810626251;-0,25096556676814863;-0,2540637536512485;-0,24796982459024017;-0,24349209566192906;-0,2478451243468383;0,004324178930845945;421
2,0101603984832765;0,026574037347122298;0,009654617309570313;0,0010242692094136361;18;2;40;{'model__max_depth': 18, 'model__min_samples_split': 2, 'model__n_estimators': 40};-0,2428949855616898;-0,25056456946739397;-0,25433593641232294;-0,24788447396377564;-0,24405815818261206;-0,24794762471755888;0,004202856802622344;422
0,9925440311431885;0,014390151946973536;0,006532716751098633;0,0006272761625026056;16;2;20;{'model__max_depth': 16, 'model__min_samples_split': 2, 'model__n_estimators': 20};-0,24156987338231803;-0,2524348300355366;-0,25614413719581464;-0,24895253677566856;-0,2409688345806033;-0,24801404239398822;0,0059612891885488534;423
0,4068272113800049;0,008795568357939142;0,0040337562561035155;0,0008953388031119946;13;10;10;{'model__max_depth': 13, 'model__min_samples_split': 10, 'model__n_estimators': 10};-0,2450776397977162;-0,25136325362117795;-0,25273885450699624;-0,25158172843260374;-0,23938472151461723;-0,24802923957462228;0,00508637264251722;424
0,141097354888916;0,002469441098318475;0,004132652282714843;0,00020090353133122953;6;2;5;{'model__max_depth': 6, 'model__min_samples_split': 2, 'model__n_estimators': 5};-0,23429809714807334;-0,25386447677037516;-0,2510848695775476;-0,2558369078005442;-0,24507921499489121;-0,24803271325828632;0,007766510258775748;425
1,236685037612915;0,021260305444594806;0,006830406188964844;0,0002392760782695713;16;2;25;{'model__max_depth': 16, 'model__min_samples_split': 2, 'model__n_estimators': 25};-0,24433606327074045;-0,2509040568355244;-0,25438730967024936;-0,24815820447074755;-0,24253159168807412;-0,2480634451870672;0,004302652552677915;426
0,656719970703125;0,008396910873463222;0,005530118942260742;0,000770626222367667;13;5;15;{'model__max_depth': 13, 'model__min_samples_split': 5, 'model__n_estimators': 15};-0,2408130508051907;-0,25109529724372653;-0,2572970393530882;-0,25056494342399305;-0,24065784995260525;-0,24808563615572074;0,006451627373300044;427
0,6818822383880615;0,019225838396138936;0,0057071208953857425;0,001072182941528342;15;5;15;{'model__max_depth': 15, 'model__min_samples_split': 5, 'model__n_estimators': 15};-0,24308419771820275;-0,24963631962594754;-0,2618142913020082;-0,2479187267828949;-0,23810652883242045;-0,24811201285229476;0,007943575276320775;428
2,552580785751343;0,033939621139351436;0,01076207160949707;0,0009272646611917088;;2;50;{'model__max_depth': None, 'model__min_samples_split': 2, 'model__n_estimators': 50};-0,24437483204653646;-0,2506652689005068;-0,25387643250075237;-0,24792719661513343;-0,24397369656499934;-0,2481634853255857;0,003764591408476178;429
0,7065776824951172;0,032646267071934076;0,005673265457153321;0,0012120569945797983;;5;15;{'model__max_depth': None, 'model__min_samples_split': 5, 'model__n_estimators': 15};-0,24408187879175028;-0,25049621845309916;-0,2583424272663825;-0,24911729472397426;-0,23877976664018066;-0,24816351717507742;0,006552494845561668;430
1,0418642520904542;0,05520230904684948;0,007640361785888672;0,0013682500471375331;20;2;20;{'model__max_depth': 20, 'model__min_samples_split': 2, 'model__n_estimators': 20};-0,24315730792378393;-0,25222372727415465;-0,2555132063495925;-0,24864558594017347;-0,2413711869827705;-0,24818220289409504;0,0053278844212970525;431
0,6996046543121338;0,023205699110763978;0,005827856063842773;0,0006899682322109418;17;5;15;{'model__max_depth': 17, 'model__min_samples_split': 5, 'model__n_estimators': 15};-0,24339270155825266;-0,25166002869404014;-0,25769206201338457;-0,24808030907290005;-0,24012939654268742;-0,24819089957625295;0,006169760289220318;432
1,2438886642456055;0,007283008052699509;0,026300859451293946;0,0010533171942204516;1;2;200;{'model__max_depth': 1, 'model__min_samples_split': 2, 'model__n_estimators': 200};-0,24104578920595054;-0,2546193675472731;-0,2486946843352558;-0,25445567424313853;-0,24226520637327395;-0,24821614434097836;0,00577909433758597;433
1,250993013381958;0,011044941609032497;0,026163482666015626;0,0018528956958055118;1;5;200;{'model__max_depth': 1, 'model__min_samples_split': 5, 'model__n_estimators': 200};-0,24104578920595054;-0,2546193675472731;-0,2486946843352558;-0,25445567424313853;-0,24226520637327395;-0,24821614434097836;0,00577909433758597;433
1,2604381084442138;0,003993843174701048;0,026948165893554688;0,0030914755658040752;1;10;200;{'model__max_depth': 1, 'model__min_samples_split': 10, 'model__n_estimators': 200};-0,24104578920595054;-0,2546193675472731;-0,2486946843352558;-0,25445567424313853;-0,24226520637327395;-0,24821614434097836;0,00577909433758597;433
0,9141910076141357;0,0161525960028139;0,006026363372802735;0,0007056239360504978;16;5;20;{'model__max_depth': 16, 'model__min_samples_split': 5, 'model__n_estimators': 20};-0,24261677552465527;-0,2526391819083151;-0,25709023721577084;-0,24795992836320083;-0,24080291417919836;-0,24822180743822808;0,006077617699710424;436
1,0165500164031982;0,026851446486271836;0,006783056259155274;0,0008209343846478824;19;2;20;{'model__max_depth': 19, 'model__min_samples_split': 2, 'model__n_estimators': 20};-0,24352501300156726;-0,25112367588861156;-0,25572815761823675;-0,24895458022982403;-0,24196652347632205;-0,24825959004291231;0,005029600526693819;437
1,3045701026916503;0,049025658666312734;0,0069329261779785155;0,0007491649642369256;20;2;25;{'model__max_depth': 20, 'model__min_samples_split': 2, 'model__n_estimators': 25};-0,24483905293551494;-0,25116341919010055;-0,2545941590270082;-0,249238284835552;-0,24156757858325714;-0,24828049891428655;0,004604296623854669;438
0,31204495429992674;0,001755476697993887;0,009215450286865235;0,0004887609853891182;1;2;50;{'model__max_depth': 1, 'model__min_samples_split': 2, 'model__n_estimators': 50};-0,24042905503307482;-0,25615958241091935;-0,2477467081796811;-0,2552270056890161;-0,24244189948159148;-0,2484008501588566;0,006423096417018223;439
0,31877727508544923;0,0037526226136889522;0,009411811828613281;0,0009746210443161463;1;10;50;{'model__max_depth': 1, 'model__min_samples_split': 10, 'model__n_estimators': 50};-0,24042905503307482;-0,25615958241091935;-0,2477467081796811;-0,2552270056890161;-0,24244189948159148;-0,2484008501588566;0,006423096417018223;439
0,3136623382568359;0,003379596003419611;0,008956289291381836;0,0010332855980405545;1;5;50;{'model__max_depth': 1, 'model__min_samples_split': 5, 'model__n_estimators': 50};-0,24042905503307482;-0,25615958241091935;-0,2477467081796811;-0,2552270056890161;-0,24244189948159148;-0,2484008501588566;0,006423096417018223;439
0,3986058235168457;0,008342402517855285;0,004608631134033203;0,0008010872347010207;12;10;10;{'model__max_depth': 12, 'model__min_samples_split': 10, 'model__n_estimators': 10};-0,24245172578689247;-0,25190076867167205;-0,2546967794675462;-0,2506374204823745;-0,24237836151540706;-0,2484130111847785;0,005070544607223661;442
2,503672790527344;0,03910109310517845;0,010947751998901366;0,0004200336000030602;18;2;50;{'model__max_depth': 18, 'model__min_samples_split': 2, 'model__n_estimators': 50};-0,2447361054127217;-0,2502819714660608;-0,25452055345741903;-0,24839331681321436;-0,2443141215859849;-0,24844921374708018;0,003771192169207773;443
0,9961054801940918;0,03527685119447457;0,005936288833618164;0,0005888730906469673;15;2;20;{'model__max_depth': 15, 'model__min_samples_split': 2, 'model__n_estimators': 20};-0,24366777821152197;-0,25225231558817657;-0,25781948877646294;-0,24965398270965908;-0,23899773791839093;-0,2484782606408423;0,006571231368686206;444
0,6253818988800048;0,008055161008999615;0,01495356559753418;0,0007570630560022785;1;10;100;{'model__max_depth': 1, 'model__min_samples_split': 10, 'model__n_estimators': 100};-0,24105738910519867;-0,2547182408706743;-0,24903257928247466;-0,2553375872178852;-0,24244382910986167;-0,24851792511721887;0,005962731176447083;445
0,6201821327209472;0,005785288259383195;0,014934682846069336;0,0007286306853022274;1;5;100;{'model__max_depth': 1, 'model__min_samples_split': 5, 'model__n_estimators': 100};-0,24105738910519867;-0,2547182408706743;-0,24903257928247466;-0,2553375872178852;-0,24244382910986167;-0,24851792511721887;0,005962731176447083;445
0,6141621112823487;0,007967690242481453;0,015688610076904298;0,001335551756527697;1;2;100;{'model__max_depth': 1, 'model__min_samples_split': 2, 'model__n_estimators': 100};-0,24105738910519867;-0,2547182408706743;-0,24903257928247466;-0,2553375872178852;-0,24244382910986167;-0,24851792511721887;0,005962731176447083;445
1,2591126918792725;0,020411778770121076;0,006730413436889649;0,0006758916621484216;17;2;25;{'model__max_depth': 17, 'model__min_samples_split': 2, 'model__n_estimators': 25};-0,24632803450915275;-0,24868012837460265;-0,25594815942003474;-0,25020658187987216;-0,24169776155953412;-0,2485721331486393;0,004677217391334661;448
1,2515556335449218;0,02288930187543236;0,006653308868408203;0,0010339027331880803;15;2;25;{'model__max_depth': 15, 'model__min_samples_split': 2, 'model__n_estimators': 25};-0,24526560757699983;-0,25122330784881625;-0,25666616648069684;-0,24950058733683556;-0,240287479833747;-0,2485886298154191;0,005531208932135609;449
1,2599539756774902;0,022845138729284068;0,0070435523986816405;0,0008360924845086546;18;2;25;{'model__max_depth': 18, 'model__min_samples_split': 2, 'model__n_estimators': 25};-0,24570941919033648;-0,25062380778021975;-0,2551929021827667;-0,2492287842779982;-0,24244003585469706;-0,24863898985720362;0,0043416711398919765;450
0,6375007152557373;0,009030524350304419;0,0052073955535888675;0,0007919183355187303;12;5;15;{'model__max_depth': 12, 'model__min_samples_split': 5, 'model__n_estimators': 15};-0,24075270722362105;-0,25256320364943613;-0,2605903336699636;-0,24964420279807387;-0,23969165355658342;-0,2486484201795356;0,007765209100503122;451
1,024099636077881;0,018953425862975784;0,007037544250488281;0,000617233876335807;18;2;20;{'model__max_depth': 18, 'model__min_samples_split': 2, 'model__n_estimators': 20};-0,2446543587513448;-0,2513701461839158;-0,25590583691062285;-0,24955371951385547;-0,24177281945624401;-0,2486513761631966;0,004982445689526314;452
0,700168228149414;0,02319852276952865;0,0059261322021484375;0,0005932838122228603;18;5;15;{'model__max_depth': 18, 'model__min_samples_split': 5, 'model__n_estimators': 15};-0,24464020670374542;-0,2521006549997991;-0,25705057715573665;-0,24969036714300838;-0,24001319253438083;-0,2486989997073341;0,005902879990134367;453
1,260873508453369;0,028637508647138262;0,007035732269287109;0,0007037573854211644;19;2;25;{'model__max_depth': 19, 'model__min_samples_split': 2, 'model__n_estimators': 25};-0,24525719261015358;-0,2509054174418048;-0,25507334434585693;-0,2493493752709969;-0,2429771923985746;-0,2487125044134774;0,00425459140813303;454
0,6675920009613037;0,01235479246024179;0,005518960952758789;0,0007768201898104089;14;5;15;{'model__max_depth': 14, 'model__min_samples_split': 5, 'model__n_estimators': 15};-0,24368660786972024;-0,2514516996050368;-0,2586057933855295;-0,24897031714802445;-0,24089448559085408;-0,24872178071983303;0,006193988190467105;455
0,6536998271942138;0,008859204967888742;0,005133867263793945;0,0008774009085407674;11;2;15;{'model__max_depth': 11, 'model__min_samples_split': 2, 'model__n_estimators': 15};-0,2432179766146419;-0,2519886973173357;-0,26038048763837657;-0,24866697187527426;-0,23944761405367235;-0,24874034949986018;0,007251227455528636;456
0,2619410514831543;0,021918362232759274;0,007828235626220703;0,00042200818567372594;1;2;40;{'model__max_depth': 1, 'model__min_samples_split': 2, 'model__n_estimators': 40};-0,2407401163879426;-0,25639274800043343;-0,24847230140339102;-0,25548938959591616;-0,24263957984424933;-0,24874682704638648;0,006409422832901063;457
0,2567154407501221;0,0015323656870105226;0,007142114639282227;0,0006508689641372048;1;10;40;{'model__max_depth': 1, 'model__min_samples_split': 10, 'model__n_estimators': 40};-0,2407401163879426;-0,25639274800043343;-0,24847230140339102;-0,25548938959591616;-0,24263957984424933;-0,24874682704638648;0,006409422832901063;457
0,25525617599487305;0,004126890746105453;0,007999992370605469;0,0006412051907837899;1;5;40;{'model__max_depth': 1, 'model__min_samples_split': 5, 'model__n_estimators': 40};-0,2407401163879426;-0,25639274800043343;-0,24847230140339102;-0,25548938959591616;-0,24263957984424933;-0,24874682704638648;0,006409422832901063;457
0,3942145824432373;0,004948365143006901;0,004975223541259765;0,0008648478446130199;10;5;10;{'model__max_depth': 10, 'model__min_samples_split': 5, 'model__n_estimators': 10};-0,24183713533109596;-0,25050121966364197;-0,255862171503842;-0,2498814364105187;-0,2456731078895279;-0,24875101415972534;0,004736768096685825;460
0,1544106960296631;0,0018900659382794602;0,003723764419555664;0,0009408946721663595;7;10;5;{'model__max_depth': 7, 'model__min_samples_split': 10, 'model__n_estimators': 5};-0,2323259957909268;-0,25708376845883835;-0,2521216259169058;-0,25711890506524043;-0,24530535070349274;-0,24879112918708085;0,00930014188091256;461
1,008533763885498;0,023458859245752427;0,006655311584472657;0,0007483529303053354;17;2;20;{'model__max_depth': 17, 'model__min_samples_split': 2, 'model__n_estimators': 20};-0,24604043329767047;-0,25034530821895384;-0,25600729683145096;-0,2511366367066384;-0,2406494682729871;-0,24883582866554016;0,005173643465842942;462
0,7043163299560546;0,01370716031803795;0,005733299255371094;0,000614127559953068;13;2;15;{'model__max_depth': 13, 'model__min_samples_split': 2, 'model__n_estimators': 15};-0,24287428975034703;-0,2519243414956614;-0,25783724475361536;-0,25004509399669494;-0,24161281171228138;-0,24885875634172;0,0059955986771358565;463
0,06869683265686036;0,0011169466062763058;0,003973531723022461;0,0010919957112475406;1;10;10;{'model__max_depth': 1, 'model__min_samples_split': 10, 'model__n_estimators': 10};-0,24058532515992997;-0,25341428602453675;-0,24861490085784205;-0,2568852839818449;-0,24524916384046425;-0,2489497919729236;0,005773644364869124;464
0,06739959716796876;0,0009122137937880819;0,004554271697998047;0,0010027711184734038;1;5;10;{'model__max_depth': 1, 'model__min_samples_split': 5, 'model__n_estimators': 10};-0,24058532515992997;-0,25341428602453675;-0,24861490085784205;-0,2568852839818449;-0,24524916384046425;-0,2489497919729236;0,005773644364869124;464
0,06764020919799804;0,0006143398772540192;0,0050159931182861325;0,0008317698906010466;1;2;10;{'model__max_depth': 1, 'model__min_samples_split': 2, 'model__n_estimators': 10};-0,24058532515992997;-0,25341428602453675;-0,24861490085784205;-0,2568852839818449;-0,24524916384046425;-0,2489497919729236;0,005773644364869124;464
0,16705646514892578;0,0033725842288955437;0,004218244552612304;0,0006766448748897604;8;10;5;{'model__max_depth': 8, 'model__min_samples_split': 10, 'model__n_estimators': 5};-0,2363292035502029;-0,25465526627368557;-0,25249183497405336;-0,2539389571614441;-0,24742290746323192;-0,24896763388452356;0,0068058696970990104;467
0,15915780067443847;0,0006121517508007192;0,006224441528320313;0,000806143068635379;1;2;25;{'model__max_depth': 1, 'model__min_samples_split': 2, 'model__n_estimators': 25};-0,24041348026167225;-0,25604265252150626;-0,24897728175643932;-0,25657679282954365;-0,2429024342449319;-0,2489825283228187;0,0066017325498030684;468
0,16250100135803222;0,0020991075281676964;0,006041336059570313;0,0003160990314726998;1;10;25;{'model__max_depth': 1, 'model__min_samples_split': 10, 'model__n_estimators': 25};-0,24041348026167225;-0,25604265252150626;-0,24897728175643932;-0,25657679282954365;-0,2429024342449319;-0,2489825283228187;0,0066017325498030684;468
0,16461734771728515;0,0029064859269193615;0,006028032302856446;0,0006233383711054626;1;5;25;{'model__max_depth': 1, 'model__min_samples_split': 5, 'model__n_estimators': 25};-0,24041348026167225;-0,25604265252150626;-0,24897728175643932;-0,25657679282954365;-0,2429024342449319;-0,2489825283228187;0,0066017325498030684;468
0,3818985939025879;0,004442394381135242;0,0040070533752441405;6,975526255763909e-07;9;2;10;{'model__max_depth': 9, 'model__min_samples_split': 2, 'model__n_estimators': 10};-0,24334068859701422;-0,2501333395920899;-0,2562747191382013;-0,2506808583789095;-0,24449968061803054;-0,24898585726484912;0,004675702344494752;471
0,418244743347168;0,015508288269530535;0,0049210071563720705;0,000923537407862503;16;10;10;{'model__max_depth': 16, 'model__min_samples_split': 10, 'model__n_estimators': 10};-0,247231687057894;-0,2507323165561448;-0,253199880030116;-0,2518166377599609;-0,24204870643645388;-0,2490058455681139;0,004000515046925398;472
0,42579002380371095;0,018583679708811782;0,004466056823730469;0,0006885410840145561;17;10;10;{'model__max_depth': 17, 'model__min_samples_split': 10, 'model__n_estimators': 10};-0,24771586488198766;-0,2502954006504902;-0,25404038755415637;-0,25098477929168;-0,24204274429915412;-0,2490158353354937;0,004026762334111133;473
0,4180757522583008;0,012955503464836749;0,005167055130004883;0,0006982509922853359;15;10;10;{'model__max_depth': 15, 'model__min_samples_split': 10, 'model__n_estimators': 10};-0,2471200323357559;-0,2501880604420326;-0,25317418482508286;-0,2519504494690733;-0,2427760195415769;-0,24904174932270431;0,0037364141840308413;474
0,7089156150817871;0,021006460195623158;0,005732965469360351;0,0015454420841298023;20;5;15;{'model__max_depth': 20, 'model__min_samples_split': 5, 'model__n_estimators': 15};-0,24400636852097302;-0,25192553277476615;-0,2585108763629686;-0,2505896004377731;-0,2404706714154968;-0,2491006099023955;0,006311537537686465;475
0,097664213180542;0,0012076150612920947;0,0048248291015625;0,0006727838136199915;1;2;15;{'model__max_depth': 1, 'model__min_samples_split': 2, 'model__n_estimators': 15};-0,24049091920829424;-0,2549137253181633;-0,24904418309038173;-0,2570201767446262;-0,24403850208403388;-0,24910150128909989;0,006265249224582713;476
0,09959831237792968;0,0031025055507554453;0,004859399795532226;0,0010390865222883127;1;5;15;{'model__max_depth': 1, 'model__min_samples_split': 5, 'model__n_estimators': 15};-0,24049091920829424;-0,2549137253181633;-0,24904418309038173;-0,2570201767446262;-0,24403850208403388;-0,24910150128909989;0,006265249224582713;476
0,0985419750213623;0,001461144234559225;0,004832077026367188;0,0008131002613578927;1;10;15;{'model__max_depth': 1, 'model__min_samples_split': 10, 'model__n_estimators': 15};-0,24049091920829424;-0,2549137253181633;-0,24904418309038173;-0,2570201767446262;-0,24403850208403388;-0,24910150128909989;0,006265249224582713;476
0,43505101203918456;0,017924363197224763;0,004318809509277344;0,00039855718977072644;18;10;10;{'model__max_depth': 18, 'model__min_samples_split': 10, 'model__n_estimators': 10};-0,2470732079063643;-0,25051490226008943;-0,2543484435847945;-0,25058766920607983;-0,24304842366072474;-0,24911452932361056;0,0038076153957502753;479
0,03802700042724609;0,0004898962028266997;0,004119157791137695;0,00036717346725684025;1;10;5;{'model__max_depth': 1, 'model__min_samples_split': 10, 'model__n_estimators': 5};-0,2413094665159692;-0,2547148547174013;-0,24855593774713028;-0,2568868587583809;-0,24427328972650605;-0,24914808149307754;0,005940298838201135;480
0,037459516525268556;0,0012076449226446323;0,003521156311035156;0,0008902384292135752;1;2;5;{'model__max_depth': 1, 'model__min_samples_split': 2, 'model__n_estimators': 5};-0,2413094665159692;-0,2547148547174013;-0,24855593774713028;-0,2568868587583809;-0,24427328972650605;-0,24914808149307754;0,005940298838201135;480
0,03731832504272461;0,0009097915349475158;0,004009771347045899;1,4177387950247293e-06;1;5;5;{'model__max_depth': 1, 'model__min_samples_split': 5, 'model__n_estimators': 5};-0,2413094665159692;-0,2547148547174013;-0,24855593774713028;-0,2568868587583809;-0,24427328972650605;-0,24914808149307754;0,005940298838201135;480
0,698341178894043;0,022344304558682245;0,005177593231201172;0,0008532728628911807;19;5;15;{'model__max_depth': 19, 'model__min_samples_split': 5, 'model__n_estimators': 15};-0,24526029689676054;-0,25302500951628726;-0,2571312020589565;-0,25079797998558695;-0,2401158567627936;-0,24926606904407697;0,005968405100809626;483
0,12920336723327636;0,0016180872670826113;0,004410171508789062;0,0008194782867833683;1;5;20;{'model__max_depth': 1, 'model__min_samples_split': 5, 'model__n_estimators': 20};-0,24012214991357228;-0,25594135538727586;-0,24942743317975966;-0,25694169958208013;-0,2440303787748092;-0,24929260336749942;0,0065501294584645615;484
0,13167638778686525;0,0022380624237916457;0,005636262893676758;0,001064863175874108;1;10;20;{'model__max_depth': 1, 'model__min_samples_split': 10, 'model__n_estimators': 20};-0,24012214991357228;-0,25594135538727586;-0,24942743317975966;-0,25694169958208013;-0,2440303787748092;-0,24929260336749942;0,0065501294584645615;484
0,13009939193725586;0,001629784042403401;0,005267047882080078;0,0006333011538535983;1;2;20;{'model__max_depth': 1, 'model__min_samples_split': 2, 'model__n_estimators': 20};-0,24012214991357228;-0,25594135538727586;-0,24942743317975966;-0,25694169958208013;-0,2440303787748092;-0,24929260336749942;0,0065501294584645615;484
1,0353049278259276;0,029354218096194967;0,006401157379150391;0,0008267463869111742;;2;20;{'model__max_depth': None, 'model__min_samples_split': 2, 'model__n_estimators': 20};-0,2444555298208809;-0,2531251458951596;-0,2564901501644412;-0,24993301301717885;-0,24284894772565366;-0,24937055732466287;0,005134019498770797;487
0,4304919719696045;0,016797851675714737;0,005324363708496094;0,0006845969530046056;20;10;10;{'model__max_depth': 20, 'model__min_samples_split': 10, 'model__n_estimators': 10};-0,24821370325301179;-0,2511304831524446;-0,2537843573929724;-0,2511052867794148;-0,24289939131901903;-0,2494266443793725;0,0037090922951755288;488
0,42858219146728516;0,023925917802882165;0,004128646850585937;0,0004929342125604307;;10;10;{'model__max_depth': None, 'model__min_samples_split': 10, 'model__n_estimators': 10};-0,2479165994541608;-0,25138027127522444;-0,25362355740788317;-0,25090012660483113;-0,24332222247664387;-0,24942855544374867;0,0035537605734673973;489
0,7214633464813233;0,02533925438352654;0,005082607269287109;0,0009964564453415748;12;2;15;{'model__max_depth': 12, 'model__min_samples_split': 2, 'model__n_estimators': 15};-0,24313028296160596;-0,25198628933443246;-0,2600044604908939;-0,25074048686889283;-0,24194658823216472;-0,24956162157759798;0,006567685603326485;490
0,4147759437561035;0,005308301551639265;0,0042190074920654295;0,0004123138528786144;11;5;10;{'model__max_depth': 11, 'model__min_samples_split': 5, 'model__n_estimators': 10};-0,24250633516718112;-0,2533849785102869;-0,2586956420008982;-0,25243534075502067;-0,24085492584963236;-0,24957544445660385;0,006810129377789529;491
0,7249685287475586;0,008083324311678278;0,005723762512207031;0,0009894535499952331;14;2;15;{'model__max_depth': 14, 'model__min_samples_split': 2, 'model__n_estimators': 15};-0,24425132590042933;-0,2515167256367875;-0,25999191606174027;-0,24995026463389752;-0,2421880471083786;-0,24957965586824665;0,006250307717021333;492
1,2915566921234132;0,021024519397648107;0,007840394973754883;0,0003877958919284055;;2;25;{'model__max_depth': None, 'model__min_samples_split': 2, 'model__n_estimators': 25};-0,2468070302140883;-0,25232681613782443;-0,25526526161465446;-0,2503776342700169;-0,2436107562272327;-0,24967749969276337;0,00409333899531024;493
0,42868623733520506;0,019291116572149054;0,005028772354125977;0,0010466756623599565;19;10;10;{'model__max_depth': 19, 'model__min_samples_split': 10, 'model__n_estimators': 10};-0,2479052690095536;-0,2511834291897509;-0,2539683035940091;-0,2524925703446246;-0,24340368929059178;-0,249790652285706;0,0037693746312690026;494
0,41017541885375974;0,004048878913994601;0,004275798797607422;0,00037719009780901844;10;2;10;{'model__max_depth': 10, 'model__min_samples_split': 2, 'model__n_estimators': 10};-0,24339447127124028;-0,2496820153703902;-0,25855193130049875;-0,25239677506606245;-0,24495547645738824;-0,249796133893116;0,005437896551446543;495
0,7505250453948975;0,01701663565849262;0,006026315689086914;1,2239398364667236e-05;16;2;15;{'model__max_depth': 16, 'model__min_samples_split': 2, 'model__n_estimators': 15};-0,24504778411873024;-0,25154638709597593;-0,25930042793084856;-0,25069206460118143;-0,24266113193244004;-0,24984955913583526;0,00579031070909698;496
0,6928210258483887;0,021109226254846816;0,005425930023193359;0,0005924822289910768;16;5;15;{'model__max_depth': 16, 'model__min_samples_split': 5, 'model__n_estimators': 15};-0,24547901216943602;-0,25366242440520353;-0,25961260703339395;-0,24862201965647573;-0,2421987494258127;-0,2499149625380644;0,006147797670143796;497
0,7403621673583984;0,014931783167485132;0,004810714721679687;0,0007497740925896928;15;2;15;{'model__max_depth': 15, 'model__min_samples_split': 2, 'model__n_estimators': 15};-0,2465979603317157;-0,25181380922552477;-0,2614579302030414;-0,2499305467244598;-0,2408825813988414;-0,2501365655767166;0,0067703299368858565;498
0,15675277709960939;0,0015700582974396689;0,004108953475952149;0,00020358614821544844;7;5;5;{'model__max_depth': 7, 'model__min_samples_split': 5, 'model__n_estimators': 5};-0,23594142412296104;-0,25692474348006844;-0,25545902710877627;-0,2574558690431719;-0,24516377392835983;-0,2501889675366675;0,008416616031219872;499
0,4769114971160889;0,02088082382940675;0,005211305618286133;0,0011698279481626185;17;5;10;{'model__max_depth': 17, 'model__min_samples_split': 5, 'model__n_estimators': 10};-0,24423607142705803;-0,25354027170597865;-0,25651732218733186;-0,2538565223994856;-0,24319058164017926;-0,2502681538720067;0,005461012648970061;500
0,18108739852905273;0,004552036841308977;0,0043128013610839845;0,0006108046206179411;9;10;5;{'model__max_depth': 9, 'model__min_samples_split': 10, 'model__n_estimators': 5};-0,23802119700703034;-0,2564319424117082;-0,2567685631780531;-0,25034185369613143;-0,250775744414671;-0,2504678601415188;0,006786740449045439;501
0,7683539867401123;0,02535686187909186;0,006226062774658203;0,000983372208801797;17;2;15;{'model__max_depth': 17, 'model__min_samples_split': 2, 'model__n_estimators': 15};-0,24878851521692022;-0,25039588811931685;-0,25922073306175947;-0,25079615283562723;-0,24314905924375851;-0,25047006969547647;0,005159665918817914;502
0,8401487350463868;0,07231217015318561;0,005607175827026367;0,000560291054859477;20;2;15;{'model__max_depth': 20, 'model__min_samples_split': 2, 'model__n_estimators': 15};-0,24625571156751544;-0,25162709058257415;-0,2596969225615894;-0,2512918214425394;-0,24365052915319912;-0,2505044150614835;0,00550290535440184;503
0,7717631340026856;0,023199763042114654;0,00609440803527832;0,0013315709736442993;19;2;15;{'model__max_depth': 19, 'model__min_samples_split': 2, 'model__n_estimators': 15};-0,24680590236046854;-0,2510469955822642;-0,26012700590417676;-0,2507832021508227;-0,24398891428038197;-0,25055040405562284;0,005460522723673822;504
0,1742093086242676;0,003394103848678426;0,00412602424621582;0,00020646638183384076;8;5;5;{'model__max_depth': 8, 'model__min_samples_split': 5, 'model__n_estimators': 5};-0,24036318550731553;-0,25641860514003517;-0,2542029745763814;-0,2549218386628032;-0,24788884414222043;-0,25075908960575116;0,005958725879422751;505
0,7801656723022461;0,025359230615489232;0,005779123306274414;0,000983365128871184;18;2;15;{'model__max_depth': 18, 'model__min_samples_split': 2, 'model__n_estimators': 15};-0,2478802757271259;-0,25114064995990953;-0,25971502566561483;-0,2505813267384492;-0,2446441977828449;-0,25079229517478885;0,005021153989946113;506
0,48745098114013674;0,010842804656901628;0,005120182037353515;0,000913994725712783;14;2;10;{'model__max_depth': 14, 'model__min_samples_split': 2, 'model__n_estimators': 10};-0,24630784583005436;-0,25134023200999367;-0,2574188234551762;-0,2547611763227783;-0,24432894634659197;-0,2508314047929189;0,0049364085240649535;507
0,45654969215393065;0,012593404019526534;0,005111885070800781;0,0009200574561517067;15;5;10;{'model__max_depth': 15, 'model__min_samples_split': 5, 'model__n_estimators': 10};-0,24471996451223085;-0,2519996976904074;-0,2612292160939851;-0,25554007952122765;-0,24133677232675338;-0,2509651460289209;0,007198045849046244;508
0,43408613204956054;0,006194071805172711;0,0038249015808105467;0,0003965437383144571;11;2;10;{'model__max_depth': 11, 'model__min_samples_split': 2, 'model__n_estimators': 10};-0,2460494793369108;-0,25366199223781083;-0,25957539071468455;-0,25341423632386856;-0,24289339601937338;-0,2511188989265296;0,0059431652134512404;509
0,1772146701812744;0,0015970398956557921;0,004052352905273437;0,0006451735104047429;8;2;5;{'model__max_depth': 8, 'model__min_samples_split': 2, 'model__n_estimators': 5};-0,23747863563160634;-0,25702207955476264;-0,2564743224579978;-0,2580883889078616;-0,24665150765555807;-0,2511429868415572;0,007976382133716611;510
0,4471417427062988;0,008545053138054665;0,004902410507202149;0,000535812334985146;14;5;10;{'model__max_depth': 14, 'model__min_samples_split': 5, 'model__n_estimators': 10};-0,24527410886036832;-0,2537840037366233;-0,2574070465559276;-0,25611781797222966;-0,24362480500857467;-0,2512415564267447;0,00569000116239325;511
0,42666149139404297;0,006866770996998651;0,00532383918762207;0,0009895349867788017;12;5;10;{'model__max_depth': 12, 'model__min_samples_split': 5, 'model__n_estimators': 10};-0,24301782997795382;-0,254159185150262;-0,25871764472355124;-0,2570002503590019;-0,24377084068677787;-0,25133315017950936;0,006647801631961654;512
0,15819644927978516;0,0027501612924924236;0,004023456573486328;1,3675004683912933e-05;7;2;5;{'model__max_depth': 7, 'model__min_samples_split': 2, 'model__n_estimators': 5};-0,2366815933181002;-0,2594241326961521;-0,25579699311602955;-0,2596440076584376;-0,24526815385512946;-0,2513629761287698;0,009010084292870939;513
0,4739404201507568;0,007125469750092114;0,005222034454345703;0,0006656270030164957;13;2;10;{'model__max_depth': 13, 'model__min_samples_split': 2, 'model__n_estimators': 10};-0,24695298464920382;-0,25320928094976;-0,25723856218808344;-0,2550763485535643;-0,24443587740469888;-0,2513826107490621;0,004881624356480864;514
0,4382645606994629;0,008069614846132498;0,004383087158203125;0,000581983218950431;13;5;10;{'model__max_depth': 13, 'model__min_samples_split': 5, 'model__n_estimators': 10};-0,24263906407924032;-0,2538009297349189;-0,25748487117630176;-0,2581288798081066;-0,24488520254936655;-0,25138778946958684;0,006438381517762412;515
0,46802258491516113;0,015349476353473807;0,004415559768676758;0,0010198088711580733;18;5;10;{'model__max_depth': 18, 'model__min_samples_split': 5, 'model__n_estimators': 10};-0,24658338116553605;-0,2534153891690237;-0,25669089838013437;-0,25705790124054334;-0,2439725598029404;-0,25154402595163555;0,0053353577784991234;516
0,47958984375;0,0390077565190732;0,0042836666107177734;0,0005638937204093192;;5;10;{'model__max_depth': None, 'model__min_samples_split': 5, 'model__n_estimators': 10};-0,24641556837398984;-0,25316055904678114;-0,25808759076232674;-0,2571504875406529;-0,24303641645612914;-0,25157012443597593;0,005925215979656135;517
0,4676567554473877;0,019074944648782483;0,00401759147644043;0,00032952576942732806;19;5;10;{'model__max_depth': 19, 'model__min_samples_split': 5, 'model__n_estimators': 10};-0,24660986731924409;-0,254091022945814;-0,25792467712490674;-0,2583597528312468;-0,2425674370633907;-0,2519105514569205;0,006291381417921162;518
0,4553466796875;0,0069786635292120175;0,005284738540649414;0,0008862763110072911;12;2;10;{'model__max_depth': 12, 'model__min_samples_split': 2, 'model__n_estimators': 10};-0,24380079067398855;-0,2547531826056253;-0,2604789219208429;-0,2562944222784366;-0,24437712226477287;-0,2519408879487332;0,0066817964870257715;519
0,8139766216278076;0,026042726912537936;0,005421161651611328;0,0007424559281061649;;2;15;{'model__max_depth': None, 'model__min_samples_split': 2, 'model__n_estimators': 15};-0,24826565625986088;-0,2529107662891283;-0,26048786682818986;-0,25279540318613614;-0,24554314171748362;-0,25200056685615974;0,005082172472445242;520
0,46972808837890623;0,015358315269354534;0,004218196868896485;0,0004103520123016945;20;5;10;{'model__max_depth': 20, 'model__min_samples_split': 5, 'model__n_estimators': 10};-0,24592265992112947;-0,2545409461909389;-0,25821498899322654;-0,2580231551022389;-0,24333043137076416;-0,2520064363156596;0,006220227787425158;521
0,5016640663146973;0,013521415648034819;0,00493474006652832;0,0006629978794130907;16;2;10;{'model__max_depth': 16, 'model__min_samples_split': 2, 'model__n_estimators': 10};-0,24610558028267096;-0,25286745044125297;-0,26031879088425425;-0,25678383994076004;-0,24426526459438164;-0,252068185228664;0,006121877916043678;522
0,1883171558380127;0,0026771192434184837;0,003557443618774414;0,0005536353139820954;10;10;5;{'model__max_depth': 10, 'model__min_samples_split': 10, 'model__n_estimators': 5};-0,24032639458365998;-0,25775676861992425;-0,25801442680297526;-0,2530026473054174;-0,2525515017252858;-0,2523303478074525;0,006424182213024554;523
0,4621846675872803;0,01211110810728353;0,004226398468017578;0,00041011525711883166;16;5;10;{'model__max_depth': 16, 'model__min_samples_split': 5, 'model__n_estimators': 10};-0,24656376964759258;-0,25576184726387324;-0,25972888962726065;-0,25623820656262253;-0,24545958396094195;-0,2527504594124582;0,005680903455159446;524
0,49652848243713377;0,007698801786534402;0,004536628723144531;0,00067802644049243;15;2;10;{'model__max_depth': 15, 'model__min_samples_split': 2, 'model__n_estimators': 10};-0,24944623305181857;-0,2528666507062084;-0,2608218485564135;-0,256353931432322;-0,24598308755062698;-0,2530943502594779;0,0051820799475341016;525
0,5152495861053467;0,015917929765103537;0,005228662490844726;0,0012849965769778562;19;2;10;{'model__max_depth': 19, 'model__min_samples_split': 2, 'model__n_estimators': 10};-0,24812342935257722;-0,25318262744534187;-0,2595426507839714;-0,25836945944224066;-0,24659018106223363;-0,2531616696172729;0,005223155397557469;526
0,18573174476623536;0,0022629143492764875;0,004329061508178711;0,0009740158492672974;9;5;5;{'model__max_depth': 9, 'model__min_samples_split': 5, 'model__n_estimators': 5};-0,2404748297186863;-0,2608021184792251;-0,2586697302168797;-0,25537291103789467;-0,2509029766997076;-0,2532445132304787;0,007205942880543864;527
0,19895834922790528;0,0025049934343681877;0,0037088871002197267;0,0004026173182855637;11;10;5;{'model__max_depth': 11, 'model__min_samples_split': 10, 'model__n_estimators': 5};-0,24277135530793761;-0,2580335963670384;-0,25952303317215897;-0,2533373725923928;-0,2532528075744396;-0,2533836330027935;0,005864368455672519;528
0,5079759120941162;0,009007328922137495;0,005839109420776367;0,0005257106421975011;17;2;10;{'model__max_depth': 17, 'model__min_samples_split': 2, 'model__n_estimators': 10};-0,2506826307551442;-0,25326503634336467;-0,259507060853925;-0,25799887462317395;-0,2457356216282343;-0,2534378448407684;0,00499166676653085;529
0,19230546951293945;0,0010013996024812741;0,003719139099121094;0,00040303560079456166;9;2;5;{'model__max_depth': 9, 'model__min_samples_split': 2, 'model__n_estimators': 5};-0,24542202300833135;-0,2588276881667835;-0,26119049401834643;-0,2544766413269734;-0,24795961233889002;-0,25357529177186494;0,006072940822847103;530
0,21092939376831055;0,0068935192090811845;0,004021167755126953;0,0008486719690832283;14;10;5;{'model__max_depth': 14, 'model__min_samples_split': 10, 'model__n_estimators': 5};-0,24484374407032905;-0,2552589842890576;-0,2586607618014143;-0,2559395477184895;-0,25433209852029137;-0,25380702727991633;0,004708093182706685;531
0,5392507553100586;0,035222210674264814;0,004663991928100586;0,0009276435641536375;18;2;10;{'model__max_depth': 18, 'model__min_samples_split': 2, 'model__n_estimators': 10};-0,2491434998174187;-0,2539229702817436;-0,2605001099983477;-0,25753987339052026;-0,2479517932603883;-0,2538116493496837;0,004791181193404226;532
0,5702472686767578;0,07153383584584892;0,0052163124084472655;0,0006811946073927782;20;2;10;{'model__max_depth': 20, 'model__min_samples_split': 2, 'model__n_estimators': 10};-0,2495573899854699;-0,2543761456558565;-0,2590510212624316;-0,2589650922002978;-0,24714961317982231;-0,25381985245677563;0,0048333996223369;533
0,5300783157348633;0,020206890588213025;0,0049591064453125;0,0009119581147463712;;2;10;{'model__max_depth': None, 'model__min_samples_split': 2, 'model__n_estimators': 10};-0,2500883530893282;-0,25477595334607517;-0,2588475000222152;-0,2586886872437297;-0,2477510359596399;-0,25403030593219766;0,004481742719389966;534
0,203660249710083;0,006531306601542598;0,0033813953399658204;0,0012030096455487701;12;10;5;{'model__max_depth': 12, 'model__min_samples_split': 10, 'model__n_estimators': 5};-0,2446472127000997;-0,25688813211249084;-0,2624617180508495;-0,2570826402169702;-0,2518309063221037;-0,2545821218805028;0,00599883185996108;535
0,20647082328796387;0,0072393831136413215;0,00421757698059082;0,0007593267168548549;13;10;5;{'model__max_depth': 13, 'model__min_samples_split': 10, 'model__n_estimators': 5};-0,24653174612410977;-0,2568806756864107;-0,2600879404378269;-0,25872016823287936;-0,2507735884823823;-0,2545988237927218;0,005138733246503581;536
0,21211977005004884;0,00834729609015381;0,003511476516723633;0,0008976991531289947;15;10;5;{'model__max_depth': 15, 'model__min_samples_split': 10, 'model__n_estimators': 5};-0,2482561627404867;-0,25428753320581826;-0,25959038180250577;-0,2594200294344298;-0,2539832579401126;-0,25510747302467063;0,004185002446135445;537
0,21369566917419433;0,006235911234711277;0,004052734375;0,0005281129559117842;16;10;5;{'model__max_depth': 16, 'model__min_samples_split': 10, 'model__n_estimators': 5};-0,24789062223638314;-0,25691056167789555;-0,2606998850917234;-0,25741642371213463;-0,25343944504685595;-0,25527138755299855;0,004349445193779091;538
0,2093742847442627;0,003211862386976474;0,003924894332885742;0,001027058174728868;11;5;5;{'model__max_depth': 11, 'model__min_samples_split': 5, 'model__n_estimators': 5};-0,24335718567097825;-0,25886590288753686;-0,26537862448830946;-0,2575243197357773;-0,2525529056966111;-0,25553578769584256;0,007336774431428409;539
0,19832568168640136;0,002748058134366349;0,0034142494201660155;0,0008041407566554183;10;5;5;{'model__max_depth': 10, 'model__min_samples_split': 5, 'model__n_estimators': 5};-0,24737230990336026;-0,25896910800937756;-0,2612864484493009;-0,2570102492224662;-0,2532756078222082;-0,2555827446813426;0,004873840009833896;540
0,21617746353149414;0,007059890724833467;0,004063320159912109;0,0002627725975536717;17;10;5;{'model__max_depth': 17, 'model__min_samples_split': 10, 'model__n_estimators': 5};-0,25067661234335153;-0,2554056461226082;-0,2597573366374348;-0,25957967603549126;-0,2537434840192918;-0,25583255103163555;0,0034806620171101877;541
0,21795811653137206;0,0094009524060343;0,0036346912384033203;0,0005706928469442176;20;10;5;{'model__max_depth': 20, 'model__min_samples_split': 10, 'model__n_estimators': 5};-0,2510480238681106;-0,2582394518406497;-0,25977652412274876;-0,25862824991478456;-0,25269582580719313;-0,2560776151106974;0,0035098287932897325;542
0,2545487403869629;0,03343468513566417;0,004124259948730469;0,000483105128281691;18;10;5;{'model__max_depth': 18, 'model__min_samples_split': 10, 'model__n_estimators': 5};-0,25024223150048863;-0,25673501307031255;-0,26103144132298883;-0,25849707605319494;-0,25436748537475;-0,256174649464347;0,0036811825473422686;543
0,21720671653747559;0,006961611009677229;0,0041178703308105465;0,0004984490279211588;;10;5;{'model__max_depth': None, 'model__min_samples_split': 10, 'model__n_estimators': 5};-0,2504386093275391;-0,25759702209150526;-0,25922852176699573;-0,2590584716833555;-0,2548329298082216;-0,2562311109355234;0,003297033185161741;544
0,2169957637786865;0,00799491999647374;0,003714752197265625;0,0008806638773166177;19;10;5;{'model__max_depth': 19, 'model__min_samples_split': 10, 'model__n_estimators': 5};-0,2509906805329451;-0,2570225513750795;-0,26023321366979457;-0,26031228081809754;-0,25453533293402136;-0,2566188118659876;0,0035464169425685668;545
0,2060880184173584;0,0029742568170481004;0,003819561004638672;0,00039392009711716015;10;2;5;{'model__max_depth': 10, 'model__min_samples_split': 2, 'model__n_estimators': 5};-0,24608908567368615;-0,26022028332376024;-0,26256198511400497;-0,2603097967609524;-0,2542100414238183;-0,2566782384592444;0,005976201561860773;546
0,22969303131103516;0,004462562654184857;0,0044308662414550785;0,0008152509395220949;12;2;5;{'model__max_depth': 12, 'model__min_samples_split': 2, 'model__n_estimators': 5};-0,24534809406542712;-0,2584007119138872;-0,26901288113965877;-0,26023676265799534;-0,25411716899202125;-0,25742312375379794;0,007745068077415794;547
0,2158383846282959;0,0027265898509481914;0,0036227226257324217;0,0008528791630043752;12;5;5;{'model__max_depth': 12, 'model__min_samples_split': 5, 'model__n_estimators': 5};-0,2490406414874124;-0,2609825882212609;-0,2648671093397971;-0,2591089631614713;-0,25327844563570356;-0,2574555495691291;0,005627856993377472;548
0,21928210258483888;0,004017446600054179;0,0038272380828857423;0,0006820211325169962;11;2;5;{'model__max_depth': 11, 'model__min_samples_split': 2, 'model__n_estimators': 5};-0,24632997756532363;-0,26331025715846573;-0,2649079736466708;-0,2598407057865232;-0,25333845723136844;-0,2575454742776703;0,006873042488345453;549
0,2443326473236084;0,005686985993278896;0,003924703598022461;0,00048256991397145675;14;2;5;{'model__max_depth': 14, 'model__min_samples_split': 2, 'model__n_estimators': 5};-0,2496626469146262;-0,2589184136820112;-0,26200498397710437;-0,26266077553630157;-0,2561886751966534;-0,25788709906133933;0,00471878861259145;550
0,2225395679473877;0,004884204455618909;0,0036191463470458983;0,0005653275128124749;13;5;5;{'model__max_depth': 13, 'model__min_samples_split': 5, 'model__n_estimators': 5};-0,24649584802312965;-0,26019431429324236;-0,2619604338316233;-0,2646702855249045;-0,25697319297794335;-0,25805881493016863;0,006298814328480654;551
0,2536340236663818;0,0062164173100620205;0,00412592887878418;0,000965815137620972;16;2;5;{'model__max_depth': 16, 'model__min_samples_split': 2, 'model__n_estimators': 5};-0,24860648533654447;-0,26058530808281605;-0,266536666731501;-0,26145779302589073;-0,2546175214675912;-0,2583607549288687;0,006173222619328315;552
0,30208587646484375;0,01585593140263689;0,004324817657470703;0,0017860167341063838;17;5;5;{'model__max_depth': 17, 'model__min_samples_split': 5, 'model__n_estimators': 5};-0,25087362138525354;-0,26167827160857143;-0,2606751072042455;-0,26164834852567964;-0,2574847227631618;-0,2584720142973824;0,0040971483461624885;553
0,22751379013061523;0,0053579843193327;0,004328250885009766;0,00025110350694443746;14;5;5;{'model__max_depth': 14, 'model__min_samples_split': 5, 'model__n_estimators': 5};-0,25041333114012687;-0,25671612960685775;-0,26495387959730826;-0,26313905713791297;-0,25727882042306993;-0,25850024358105517;0,005162191377246621;554
0,24187355041503905;0,0032881788686172893;0,004504156112670898;0,000757973204287747;13;2;5;{'model__max_depth': 13, 'model__min_samples_split': 2, 'model__n_estimators': 5};-0,2527988679797835;-0,25734000495710185;-0,2648172576955733;-0,2632683309064528;-0,2548619123593324;-0,2586172747796488;0,004683164187783058;555
0,23185467720031738;0,006209360727447377;0,003999662399291992;1,5602414937327554e-05;15;5;5;{'model__max_depth': 15, 'model__min_samples_split': 5, 'model__n_estimators': 5};-0,24940345621112153;-0,25963124378407093;-0,2694419713889464;-0,2611395456108254;-0,2548047792905309;-0,25888419925709905;0,006687860211697661;556
0,25309314727783205;0,0040850387443112255;0,004007530212402344;4,592018582345387e-06;15;2;5;{'model__max_depth': 15, 'model__min_samples_split': 2, 'model__n_estimators': 5};-0,25035387525389424;-0,2605383079598706;-0,2694286628828917;-0,2606926429039924;-0,25478377984609824;-0,2591594537693494;0,006424847062668978;557
0,23564376831054687;0,006219847665445055;0,004432010650634766;0,0003812729626074415;18;5;5;{'model__max_depth': 18, 'model__min_samples_split': 5, 'model__n_estimators': 5};-0,2525665664486676;-0,2617140869873193;-0,2619371101242829;-0,2646414976103937;-0,2553981451689675;-0,2592514812679262;0,004513659063058069;558
0,2395542621612549;0,00908512335047704;0,0038472652435302735;0,00022812951144588007;20;5;5;{'model__max_depth': 20, 'model__min_samples_split': 5, 'model__n_estimators': 5};-0,25040950778913995;-0,26137095738039834;-0,2635669029449484;-0,2670251713100772;-0,254285865076844;-0,2593316809002816;0,006104932094050484;559
0,2608858585357666;0,007565812991012014;0,004620027542114258;0,0007500951540161055;19;2;5;{'model__max_depth': 19, 'model__min_samples_split': 2, 'model__n_estimators': 5};-0,2502680928595995;-0,2603233899761878;-0,2645540790137369;-0,26590721945783935;-0,25572393190875464;-0,25935534264322363;0,005773323442095531;560
0,23982534408569336;0,008604135185458278;0,0033158779144287108;0,000871730505127149;;5;5;{'model__max_depth': None, 'model__min_samples_split': 5, 'model__n_estimators': 5};-0,2530373956777054;-0,2587327754972153;-0,263477361380516;-0,2673000070010317;-0,2548045512207932;-0,2594704181554523;0,005311426637770642;561
0,23887557983398439;0,006008687915477473;0,004323387145996093;0,0006882714452024701;19;5;5;{'model__max_depth': 19, 'model__min_samples_split': 5, 'model__n_estimators': 5};-0,2522897729663322;-0,26088752409674126;-0,2651481119499964;-0,2662664121428492;-0,25470176482067824;-0,2598587171953194;0,005549374191521995;562
0,23333158493041992;0,00834490098658345;0,003511190414428711;0,0007673101105797035;16;5;5;{'model__max_depth': 16, 'model__min_samples_split': 5, 'model__n_estimators': 5};-0,25282968657229854;-0,26366101035593714;-0,2633945996396978;-0,2632694104155973;-0,2561463311124005;-0,2598602076191862;0,004511802234225081;563
0,3176855564117432;0,023429391272472816;0,005909252166748047;0,004039870406305422;20;2;5;{'model__max_depth': 20, 'model__min_samples_split': 2, 'model__n_estimators': 5};-0,2535509403734835;-0,2608477204502212;-0,2660648150689973;-0,26556096112855143;-0,25643488592140073;-0,26049186458853085;0,00492982058595764;564
0,26340041160583494;0,008355362909007149;0,005571699142456055;0,003700648769973529;;2;5;{'model__max_depth': None, 'model__min_samples_split': 2, 'model__n_estimators': 5};-0,25292015105257243;-0,26119869599795614;-0,26559566347972974;-0,2660596209265139;-0,2578781083597232;-0,26073044796329914;0,004928006529276754;565
0,2569406986236572;0,006745782440072189;0,004115867614746094;0,00036224768128400144;18;2;5;{'model__max_depth': 18, 'model__min_samples_split': 2, 'model__n_estimators': 5};-0,25335362887364793;-0,26224490750724455;-0,26583235241962266;-0,2638702196694695;-0,2593516879867373;-0,26093055929134434;0,004342796320227792;566
0,25627570152282714;0,007632176368016121;0,003624153137207031;0,001250551747464081;17;2;5;{'model__max_depth': 17, 'model__min_samples_split': 2, 'model__n_estimators': 5};-0,2546089776024226;-0,2630863487166265;-0,2668451820180929;-0,2650093129677072;-0,2571809627280145;-0,2613461568065727;0,004678133913485105;567
