locationid;sessionid;recordid;lzeq_l;lzeq_min;lzeq_max;lzeq_l5;lzeq_l10;lzeq_l50;lzeq_l90;lzeq_l95;lceq_l(c);lceq_min(c);lceq_max(c);lceq_l5(c);lceq_l10(c);lceq_l50(c);lceq_l90(c);lceq_l95(c);laeq_l(a);laeq_min(a);laeq_max(a);laeq_l5(a);laeq_l10(a);laeq_l50(a);laeq_l90(a);laeq_l95(a);n_n5;n_min;n_max;n_n10;n_n50;n_n90;n_n95;s_s;s_min;s_max;s_s5;s_s10;s_s50;s_s90;s_s95;r_r;r_min;r_max;r_r5;r_r10;r_r50;r_r90;r_r95;t_tonalityhms;t_min;t_max;t_t5;t_t10;t_t50;t_t90;t_t95;fs_f;fs_min;fs_max;fs_f5;fs_f10;fs_f50;fs_f90;fs_f95;i_i;i_min;i_max;i_i5;i_i10;i_i50;i_i90;i_i95;ra_cp;ra_min;ra_max;ra_cp5;ra_cp10;ra_cp50;ra_cp90;ra_cp95;thd_thd;thd_min;thd_max;thd_l5;thd_l10;thd_l50;thd_l90;thd_l95
CarloV;CarloV2;1434;65,68;58,81;72,51;69,4;68,36;64,91;61,11;60,61;65,26;56,96;72,48;69,27;68,19;64,32;60,1;59,33;62,12;51,04;69,31;66,21;65,1;61,22;56,07;54,97;16,5;0,0;20,8;15,6;11,8;8,85;8,24;1,81;0,0;2,59;2,13;2,04;1,8;1,59;1,54;0,0333;0,0148;0,113;0,0574;0,0451;0,031;0,0222;0,0204;0,222;0,0;1,29;0,555;0,437;0,174;0,058;0,0395;0,0549;0,0254;0,107;0,0955;0,0899;0,0566;0,0361;0,0311;0,449;0,233;0,888;0,632;0,571;0,434;0,342;0,318;17,9;1,9;56,7;35,0;30,1;16,3;8,15;6,72;-0,09;-11,76;54,18;34,82;26,53;5,57;-9,0;-10,29
CarloV;CarloV2;1435;65,68;58,81;72,51;69,4;68,36;64,91;61,11;60,61;65,26;56,96;72,48;69,27;68,19;64,32;60,1;59,33;62,12;51,04;69,31;66,21;65,1;61,22;56,07;54,97;16,5;0,0;20,8;15,6;11,8;8,85;8,24;1,81;0,0;2,59;2,13;2,04;1,8;1,59;1,54;0,0333;0,0148;0,113;0,0574;0,0451;0,031;0,0222;0,0204;0,222;0,0;1,29;0,555;0,437;0,174;0,058;0,0395;0,0549;0,0254;0,107;0,0955;0,0899;0,0566;0,0361;0,0311;0,449;0,233;0,888;0,632;0,571;0,434;0,342;0,318;17,9;1,9;56,7;35,0;30,1;16,3;8,15;6,72;-0,09;-11,76;54,18;34,82;26,53;5,57;-9,0;-10,29
CarloV;CarloV2;1430;75,52;60,0;86,11;81,5;79,76;72,13;63,96;62,65;67,46;56,73;80,32;73,01;71,31;64,47;60,51;59,66;58,59;49,53;71,55;62,35;61,17;57,4;54,23;53,08;13,8;0,0;19,4;12,9;10,6;8,66;8,15;1,81;0,0;2,49;2,15;2,06;1,79;1,59;1,55;0,0268;0,013;0,0912;0,0426;0,0373;0,0254;0,0184;0,0169;0,251;0,0;1,98;0,646;0,512;0,179;0,0481;0,0314;0,0344;0,00909;0,0822;0,0682;0,0612;0,0332;0,0137;0,0107;0,373;0,155;1,4;0,708;0,549;0,331;0,255;0,231;12,7;0,974;89,2;29,5;23,5;10,4;5,0;3,91;-2,1;-19,32;72,52;32,33;24,52;0,25;-16,3;-17,33
CarloV;CarloV2;1431;75,52;60,0;86,11;81,5;79,76;72,13;63,96;62,65;67,46;56,73;80,32;73,01;71,31;64,47;60,51;59,66;58,59;49,53;71,55;62,35;61,17;57,4;54,23;53,08;13,8;0,0;19,4;12,9;10,6;8,66;8,15;1,81;0,0;2,49;2,15;2,06;1,79;1,59;1,55;0,0268;0,013;0,0912;0,0426;0,0373;0,0254;0,0184;0,0169;0,251;0,0;1,98;0,646;0,512;0,179;0,0481;0,0314;0,0344;0,00909;0,0822;0,0682;0,0612;0,0332;0,0137;0,0107;0,373;0,155;1,4;0,708;0,549;0,331;0,255;0,231;12,7;0,974;89,2;29,5;23,5;10,4;5,0;3,91;-2,1;-19,32;72,52;32,33;24,52;0,25;-16,3;-17,33
CarloV;CarloV2;1432;75,52;60,0;86,11;81,5;79,76;72,13;63,96;62,65;67,46;56,73;80,32;73,01;71,31;64,47;60,51;59,66;58,59;49,53;71,55;62,35;61,17;57,4;54,23;53,08;13,8;0,0;19,4;12,9;10,6;8,66;8,15;1,81;0,0;2,49;2,15;2,06;1,79;1,59;1,55;0,0268;0,013;0,0912;0,0426;0,0373;0,0254;0,0184;0,0169;0,251;0,0;1,98;0,646;0,512;0,179;0,0481;0,0314;0,0344;0,00909;0,0822;0,0682;0,0612;0,0332;0,0137;0,0107;0,373;0,155;1,4;0,708;0,549;0,331;0,255;0,231;12,7;0,974;89,2;29,5;23,5;10,4;5,0;3,91;-2,1;-19,32;72,52;32,33;24,52;0,25;-16,3;-17,33
CarloV;CarloV2;1443;60,94;56,08;70,06;65,14;63,75;59,86;57,96;57,45;57,36;53,7;68,48;59,86;58,75;56,71;55,48;55,13;52,59;48,04;64,83;55,39;54,09;51,99;50,12;49,65;9,1;0,0;19,0;8,64;7,38;6,44;6,21;1,7;0,0;2,88;2,1;1,98;1,66;1,48;1,43;0,0249;0,0123;0,0719;0,0391;0,0343;0,0241;0,0178;0,0165;0,127;0,0;0,73;0,363;0,257;0,0663;0,0164;0,0111;0,0183;0,00874;0,0633;0,0543;0,0364;0,0169;0,0125;0,0103;0,454;0,237;1,5;0,79;0,646;0,408;0,301;0,284;8,73;0,503;84,2;19,5;15,7;7,28;3,36;2,66;-0,89;-17,02;55,82;26,73;19,56;1,15;-13,15;-14,52
CarloV;CarloV2;1429;72,91;58,27;86,4;79,31;76,21;68,04;62,22;61,3;61,87;55,23;73,41;67,15;65,21;59,06;57,01;56,61;54,87;49,18;69,04;59,42;56,69;52,53;50,73;50,43;10,4;0,0;19,8;9,51;8,21;7,29;7,1;1,86;0,0;2,4;2,06;2,01;1,86;1,72;1,68;0,023;0,0116;0,0494;0,0333;0,0309;0,0223;0,0165;0,0154;0,141;0,0;1,26;0,416;0,277;0,0588;0,0105;0,00611;0,0177;0,00529;0,13;0,0804;0,042;0,0105;0,00655;0,00622;0,304;0,153;0,483;0,4;0,371;0,299;0,242;0,228;7,43;0,18;63,0;18,2;14,4;5,8;2,58;1,99;-1,78;-18,1;70,9;30,86;21,01;-1,12;-15,44;-16,46
CarloV;CarloV2;1436;65,24;58,54;75,86;69,52;67,73;63,86;60,69;59,95;62,97;55,99;70,98;66,23;65,23;62,33;59,41;58,69;59,55;49,59;70,49;63,2;61,97;58,69;54,62;53,91;13,2;0,0;20,5;12,4;10,4;8,17;7,7;1,7;0,0;3,03;2,14;1,97;1,66;1,46;1,43;0,0298;0,0139;0,095;0,0478;0,0415;0,0281;0,0207;0,0191;0,258;0,0;1,31;0,673;0,538;0,196;0,0658;0,0464;0,0398;0,0127;0,0677;0,0609;0,0587;0,0417;0,0198;0,0164;0,422;0,211;1,06;0,645;0,591;0,397;0,289;0,267;14,3;0,912;70,5;33,1;27,4;12,2;6,06;4,93;-0,57;-16,16;58,38;32,16;24,88;3,93;-13,25;-14,21
CarloV;CarloV2;1438;65,24;58,54;75,86;69,52;67,73;63,86;60,69;59,95;62,97;55,99;70,98;66,23;65,23;62,33;59,41;58,69;59,55;49,59;70,49;63,2;61,97;58,69;54,62;53,91;13,2;0,0;20,5;12,4;10,4;8,17;7,7;1,7;0,0;3,03;2,14;1,97;1,66;1,46;1,43;0,0298;0,0139;0,095;0,0478;0,0415;0,0281;0,0207;0,0191;0,258;0,0;1,31;0,673;0,538;0,196;0,0658;0,0464;0,0398;0,0127;0,0677;0,0609;0,0587;0,0417;0,0198;0,0164;0,422;0,211;1,06;0,645;0,591;0,397;0,289;0,267;14,3;0,912;70,5;33,1;27,4;12,2;6,06;4,93;-0,57;-16,16;58,38;32,16;24,88;3,93;-13,25;-14,21
CarloV;CarloV2;1440;65,24;58,54;75,86;69,52;67,73;63,86;60,69;59,95;62,97;55,99;70,98;66,23;65,23;62,33;59,41;58,69;59,55;49,59;70,49;63,2;61,97;58,69;54,62;53,91;13,2;0,0;20,5;12,4;10,4;8,17;7,7;1,7;0,0;3,03;2,14;1,97;1,66;1,46;1,43;0,0298;0,0139;0,095;0,0478;0,0415;0,0281;0,0207;0,0191;0,258;0,0;1,31;0,673;0,538;0,196;0,0658;0,0464;0,0398;0,0127;0,0677;0,0609;0,0587;0,0417;0,0198;0,0164;0,422;0,211;1,06;0,645;0,591;0,397;0,289;0,267;14,3;0,912;70,5;33,1;27,4;12,2;6,06;4,93;-0,57;-16,16;58,38;32,16;24,88;3,93;-13,25;-14,21
CarloV;CarloV2;1442;65,24;58,54;75,86;69,52;67,73;63,86;60,69;59,95;62,97;55,99;70,98;66,23;65,23;62,33;59,41;58,69;59,55;49,59;70,49;63,2;61,97;58,69;54,62;53,91;13,2;0,0;20,5;12,4;10,4;8,17;7,7;1,7;0,0;3,03;2,14;1,97;1,66;1,46;1,43;0,0298;0,0139;0,095;0,0478;0,0415;0,0281;0,0207;0,0191;0,258;0,0;1,31;0,673;0,538;0,196;0,0658;0,0464;0,0398;0,0127;0,0677;0,0609;0,0587;0,0417;0,0198;0,0164;0,422;0,211;1,06;0,645;0,591;0,397;0,289;0,267;14,3;0,912;70,5;33,1;27,4;12,2;6,06;4,93;-0,57;-16,16;58,38;32,16;24,88;3,93;-13,25;-14,21
CarloV;CarloV2;1433;65,82;55,56;79,55;73,22;68,42;60,17;57,13;56,71;60,0;53,5;72,82;66,36;62,35;56,32;54,74;54,4;52,68;47,39;59,97;56,87;54,79;51,78;49,35;48,93;8,39;0,0;12,2;7,91;6,69;5,72;5,53;1,42;0,0;2,2;1,75;1,65;1,38;1,24;1,22;0,0249;0,0114;0,0551;0,0365;0,0327;0,0242;0,0176;0,0161;0,227;0,0;1,55;0,805;0,516;0,115;0,0342;0,0241;0,0137;0,00774;0,0411;0,0239;0,0208;0,0119;0,00881;0,00849;0,372;0,209;1,11;0,524;0,479;0,357;0,282;0,263;7,92;0,0643;36,9;15,2;13,2;7,27;3,49;2,82;-1,78;-20,98;60,42;26,3;17,12;-10,15;-19,03;-19,51
CarloV;CarloV2;1427;71,86;58,82;82,56;77,69;75,4;69,11;62,19;61,19;63,88;55,05;74,9;68,65;66,7;61,69;57,67;57,05;54,27;47,2;64,98;58,88;57,62;52,29;49,37;49,0;10,3;0,0;19,2;9,52;7,18;5,95;5,7;1,51;0,0;2,53;1,94;1,81;1,47;1,26;1,23;0,0261;0,0124;0,116;0,0387;0,0345;0,0248;0,0184;0,0164;0,145;0,0;1,01;0,424;0,281;0,0957;0,023;0,0137;0,0345;0,00963;0,104;0,0818;0,0752;0,0219;0,014;0,0123;0,419;0,23;1,95;0,698;0,595;0,38;0,294;0,278;11,3;0,598;82,4;28,0;21,9;9,01;4,1;3,22;-2,86;-16,27;68,15;28,74;19,7;0,32;-14,28;-14,9
CarloV;CarloV2;1407;76,46;61,27;89,8;83,03;81,31;68,85;64,31;63,31;69,71;59,28;81,8;75,48;73,23;66,54;62,81;62,08;65,35;54,24;73,93;70,73;69,2;62,95;58,94;57,78;21,3;0,0;29,3;19,4;13,6;10,3;9,66;1,89;0,0;2,94;2,35;2,24;1,85;1,62;1,56;0,032;0,0146;0,0874;0,0487;0,0447;0,0308;0,0218;0,0199;0,347;0,0;2,42;0,959;0,704;0,256;0,0913;0,0607;0,0459;0,0175;0,0899;0,0816;0,07;0,0457;0,0249;0,022;0,473;0,122;1,17;0,801;0,71;0,446;0,306;0,274;18,8;1,9;59,6;35,3;30,6;17,4;8,88;7,33;-1,22;-9,39;72,49;38,63;30,3;10,19;-5,72;-6,94
CarloV;CarloV2;1408;76,46;61,27;89,8;83,03;81,31;68,85;64,31;63,31;69,71;59,28;81,8;75,48;73,23;66,54;62,81;62,08;65,35;54,24;73,93;70,73;69,2;62,95;58,94;57,78;21,3;0,0;29,3;19,4;13,6;10,3;9,66;1,89;0,0;2,94;2,35;2,24;1,85;1,62;1,56;0,032;0,0146;0,0874;0,0487;0,0447;0,0308;0,0218;0,0199;0,347;0,0;2,42;0,959;0,704;0,256;0,0913;0,0607;0,0459;0,0175;0,0899;0,0816;0,07;0,0457;0,0249;0,022;0,473;0,122;1,17;0,801;0,71;0,446;0,306;0,274;18,8;1,9;59,6;35,3;30,6;17,4;8,88;7,33;-1,22;-9,39;72,49;38,63;30,3;10,19;-5,72;-6,94
CarloV;CarloV2;1409;76,46;61,27;89,8;83,03;81,31;68,85;64,31;63,31;69,71;59,28;81,8;75,48;73,23;66,54;62,81;62,08;65,35;54,24;73,93;70,73;69,2;62,95;58,94;57,78;21,3;0,0;29,3;19,4;13,6;10,3;9,66;1,89;0,0;2,94;2,35;2,24;1,85;1,62;1,56;0,032;0,0146;0,0874;0,0487;0,0447;0,0308;0,0218;0,0199;0,347;0,0;2,42;0,959;0,704;0,256;0,0913;0,0607;0,0459;0,0175;0,0899;0,0816;0,07;0,0457;0,0249;0,022;0,473;0,122;1,17;0,801;0,71;0,446;0,306;0,274;18,8;1,9;59,6;35,3;30,6;17,4;8,88;7,33;-1,22;-9,39;72,49;38,63;30,3;10,19;-5,72;-6,94
CarloV;CarloV2;1410;76,46;61,27;89,8;83,03;81,31;68,85;64,31;63,31;69,71;59,28;81,8;75,48;73,23;66,54;62,81;62,08;65,35;54,24;73,93;70,73;69,2;62,95;58,94;57,78;21,3;0,0;29,3;19,4;13,6;10,3;9,66;1,89;0,0;2,94;2,35;2,24;1,85;1,62;1,56;0,032;0,0146;0,0874;0,0487;0,0447;0,0308;0,0218;0,0199;0,347;0,0;2,42;0,959;0,704;0,256;0,0913;0,0607;0,0459;0,0175;0,0899;0,0816;0,07;0,0457;0,0249;0,022;0,473;0,122;1,17;0,801;0,71;0,446;0,306;0,274;18,8;1,9;59,6;35,3;30,6;17,4;8,88;7,33;-1,22;-9,39;72,49;38,63;30,3;10,19;-5,72;-6,94
CarloV;CarloV2;1411;76,46;61,27;89,8;83,03;81,31;68,85;64,31;63,31;69,71;59,28;81,8;75,48;73,23;66,54;62,81;62,08;65,35;54,24;73,93;70,73;69,2;62,95;58,94;57,78;21,3;0,0;29,3;19,4;13,6;10,3;9,66;1,89;0,0;2,94;2,35;2,24;1,85;1,62;1,56;0,032;0,0146;0,0874;0,0487;0,0447;0,0308;0,0218;0,0199;0,347;0,0;2,42;0,959;0,704;0,256;0,0913;0,0607;0,0459;0,0175;0,0899;0,0816;0,07;0,0457;0,0249;0,022;0,473;0,122;1,17;0,801;0,71;0,446;0,306;0,274;18,8;1,9;59,6;35,3;30,6;17,4;8,88;7,33;-1,22;-9,39;72,49;38,63;30,3;10,19;-5,72;-6,94
CarloV;CarloV2;1412;76,46;61,27;89,8;83,03;81,31;68,85;64,31;63,31;69,71;59,28;81,8;75,48;73,23;66,54;62,81;62,08;65,35;54,24;73,93;70,73;69,2;62,95;58,94;57,78;21,3;0,0;29,3;19,4;13,6;10,3;9,66;1,89;0,0;2,94;2,35;2,24;1,85;1,62;1,56;0,032;0,0146;0,0874;0,0487;0,0447;0,0308;0,0218;0,0199;0,347;0,0;2,42;0,959;0,704;0,256;0,0913;0,0607;0,0459;0,0175;0,0899;0,0816;0,07;0,0457;0,0249;0,022;0,473;0,122;1,17;0,801;0,71;0,446;0,306;0,274;18,8;1,9;59,6;35,3;30,6;17,4;8,88;7,33;-1,22;-9,39;72,49;38,63;30,3;10,19;-5,72;-6,94
CarloV;CarloV2;1413;76,46;61,27;89,8;83,03;81,31;68,85;64,31;63,31;69,71;59,28;81,8;75,48;73,23;66,54;62,81;62,08;65,35;54,24;73,93;70,73;69,2;62,95;58,94;57,78;21,3;0,0;29,3;19,4;13,6;10,3;9,66;1,89;0,0;2,94;2,35;2,24;1,85;1,62;1,56;0,032;0,0146;0,0874;0,0487;0,0447;0,0308;0,0218;0,0199;0,347;0,0;2,42;0,959;0,704;0,256;0,0913;0,0607;0,0459;0,0175;0,0899;0,0816;0,07;0,0457;0,0249;0,022;0,473;0,122;1,17;0,801;0,71;0,446;0,306;0,274;18,8;1,9;59,6;35,3;30,6;17,4;8,88;7,33;-1,22;-9,39;72,49;38,63;30,3;10,19;-5,72;-6,94
CarloV;CarloV2;1414;76,46;61,27;89,8;83,03;81,31;68,85;64,31;63,31;69,71;59,28;81,8;75,48;73,23;66,54;62,81;62,08;65,35;54,24;73,93;70,73;69,2;62,95;58,94;57,78;21,3;0,0;29,3;19,4;13,6;10,3;9,66;1,89;0,0;2,94;2,35;2,24;1,85;1,62;1,56;0,032;0,0146;0,0874;0,0487;0,0447;0,0308;0,0218;0,0199;0,347;0,0;2,42;0,959;0,704;0,256;0,0913;0,0607;0,0459;0,0175;0,0899;0,0816;0,07;0,0457;0,0249;0,022;0,473;0,122;1,17;0,801;0,71;0,446;0,306;0,274;18,8;1,9;59,6;35,3;30,6;17,4;8,88;7,33;-1,22;-9,39;72,49;38,63;30,3;10,19;-5,72;-6,94
CarloV;CarloV2;1415;76,46;61,27;89,8;83,03;81,31;68,85;64,31;63,31;69,71;59,28;81,8;75,48;73,23;66,54;62,81;62,08;65,35;54,24;73,93;70,73;69,2;62,95;58,94;57,78;21,3;0,0;29,3;19,4;13,6;10,3;9,66;1,89;0,0;2,94;2,35;2,24;1,85;1,62;1,56;0,032;0,0146;0,0874;0,0487;0,0447;0,0308;0,0218;0,0199;0,347;0,0;2,42;0,959;0,704;0,256;0,0913;0,0607;0,0459;0,0175;0,0899;0,0816;0,07;0,0457;0,0249;0,022;0,473;0,122;1,17;0,801;0,71;0,446;0,306;0,274;18,8;1,9;59,6;35,3;30,6;17,4;8,88;7,33;-1,22;-9,39;72,49;38,63;30,3;10,19;-5,72;-6,94
CarloV;CarloV2;1416;76,46;61,27;89,8;83,03;81,31;68,85;64,31;63,31;69,71;59,28;81,8;75,48;73,23;66,54;62,81;62,08;65,35;54,24;73,93;70,73;69,2;62,95;58,94;57,78;21,3;0,0;29,3;19,4;13,6;10,3;9,66;1,89;0,0;2,94;2,35;2,24;1,85;1,62;1,56;0,032;0,0146;0,0874;0,0487;0,0447;0,0308;0,0218;0,0199;0,347;0,0;2,42;0,959;0,704;0,256;0,0913;0,0607;0,0459;0,0175;0,0899;0,0816;0,07;0,0457;0,0249;0,022;0,473;0,122;1,17;0,801;0,71;0,446;0,306;0,274;18,8;1,9;59,6;35,3;30,6;17,4;8,88;7,33;-1,22;-9,39;72,49;38,63;30,3;10,19;-5,72;-6,94
CarloV;CarloV2;1417;76,46;61,27;89,8;83,03;81,31;68,85;64,31;63,31;69,71;59,28;81,8;75,48;73,23;66,54;62,81;62,08;65,35;54,24;73,93;70,73;69,2;62,95;58,94;57,78;21,3;0,0;29,3;19,4;13,6;10,3;9,66;1,89;0,0;2,94;2,35;2,24;1,85;1,62;1,56;0,032;0,0146;0,0874;0,0487;0,0447;0,0308;0,0218;0,0199;0,347;0,0;2,42;0,959;0,704;0,256;0,0913;0,0607;0,0459;0,0175;0,0899;0,0816;0,07;0,0457;0,0249;0,022;0,473;0,122;1,17;0,801;0,71;0,446;0,306;0,274;18,8;1,9;59,6;35,3;30,6;17,4;8,88;7,33;-1,22;-9,39;72,49;38,63;30,3;10,19;-5,72;-6,94
CarloV;CarloV2;1419;76,46;61,27;89,8;83,03;81,31;68,85;64,31;63,31;69,71;59,28;81,8;75,48;73,23;66,54;62,81;62,08;65,35;54,24;73,93;70,73;69,2;62,95;58,94;57,78;21,3;0,0;29,3;19,4;13,6;10,3;9,66;1,89;0,0;2,94;2,35;2,24;1,85;1,62;1,56;0,032;0,0146;0,0874;0,0487;0,0447;0,0308;0,0218;0,0199;0,347;0,0;2,42;0,959;0,704;0,256;0,0913;0,0607;0,0459;0,0175;0,0899;0,0816;0,07;0,0457;0,0249;0,022;0,473;0,122;1,17;0,801;0,71;0,446;0,306;0,274;18,8;1,9;59,6;35,3;30,6;17,4;8,88;7,33;-1,22;-9,39;72,49;38,63;30,3;10,19;-5,72;-6,94
CarloV;CarloV2;1421;76,46;61,27;89,8;83,03;81,31;68,85;64,31;63,31;69,71;59,28;81,8;75,48;73,23;66,54;62,81;62,08;65,35;54,24;73,93;70,73;69,2;62,95;58,94;57,78;21,3;0,0;29,3;19,4;13,6;10,3;9,66;1,89;0,0;2,94;2,35;2,24;1,85;1,62;1,56;0,032;0,0146;0,0874;0,0487;0,0447;0,0308;0,0218;0,0199;0,347;0,0;2,42;0,959;0,704;0,256;0,0913;0,0607;0,0459;0,0175;0,0899;0,0816;0,07;0,0457;0,0249;0,022;0,473;0,122;1,17;0,801;0,71;0,446;0,306;0,274;18,8;1,9;59,6;35,3;30,6;17,4;8,88;7,33;-1,22;-9,39;72,49;38,63;30,3;10,19;-5,72;-6,94
CarloV;CarloV2;1422;76,46;61,27;89,8;83,03;81,31;68,85;64,31;63,31;69,71;59,28;81,8;75,48;73,23;66,54;62,81;62,08;65,35;54,24;73,93;70,73;69,2;62,95;58,94;57,78;21,3;0,0;29,3;19,4;13,6;10,3;9,66;1,89;0,0;2,94;2,35;2,24;1,85;1,62;1,56;0,032;0,0146;0,0874;0,0487;0,0447;0,0308;0,0218;0,0199;0,347;0,0;2,42;0,959;0,704;0,256;0,0913;0,0607;0,0459;0,0175;0,0899;0,0816;0,07;0,0457;0,0249;0,022;0,473;0,122;1,17;0,801;0,71;0,446;0,306;0,274;18,8;1,9;59,6;35,3;30,6;17,4;8,88;7,33;-1,22;-9,39;72,49;38,63;30,3;10,19;-5,72;-6,94
CarloV;CarloV2;1423;76,46;61,27;89,8;83,03;81,31;68,85;64,31;63,31;69,71;59,28;81,8;75,48;73,23;66,54;62,81;62,08;65,35;54,24;73,93;70,73;69,2;62,95;58,94;57,78;21,3;0,0;29,3;19,4;13,6;10,3;9,66;1,89;0,0;2,94;2,35;2,24;1,85;1,62;1,56;0,032;0,0146;0,0874;0,0487;0,0447;0,0308;0,0218;0,0199;0,347;0,0;2,42;0,959;0,704;0,256;0,0913;0,0607;0,0459;0,0175;0,0899;0,0816;0,07;0,0457;0,0249;0,022;0,473;0,122;1,17;0,801;0,71;0,446;0,306;0,274;18,8;1,9;59,6;35,3;30,6;17,4;8,88;7,33;-1,22;-9,39;72,49;38,63;30,3;10,19;-5,72;-6,94
CarloV;CarloV2;1424;76,46;61,27;89,8;83,03;81,31;68,85;64,31;63,31;69,71;59,28;81,8;75,48;73,23;66,54;62,81;62,08;65,35;54,24;73,93;70,73;69,2;62,95;58,94;57,78;21,3;0,0;29,3;19,4;13,6;10,3;9,66;1,89;0,0;2,94;2,35;2,24;1,85;1,62;1,56;0,032;0,0146;0,0874;0,0487;0,0447;0,0308;0,0218;0,0199;0,347;0,0;2,42;0,959;0,704;0,256;0,0913;0,0607;0,0459;0,0175;0,0899;0,0816;0,07;0,0457;0,0249;0,022;0,473;0,122;1,17;0,801;0,71;0,446;0,306;0,274;18,8;1,9;59,6;35,3;30,6;17,4;8,88;7,33;-1,22;-9,39;72,49;38,63;30,3;10,19;-5,72;-6,94
PlazaBibRambla;PlazaBibRambla1;1457;68,89;63,7;78,47;72,39;70,99;67,95;65,77;65,25;68,23;62,83;78,45;72,03;70,64;67,06;64,81;64,21;66,22;58,38;77,36;70,79;69,41;64,48;61,22;60,14;21,4;0,0;34,0;19,7;15,6;13,0;12,4;2,03;0,0;3,33;2,46;2,33;2,0;1,77;1,72;0,037;0,0161;0,411;0,0541;0,0479;0,0326;0,024;0,022;0,316;0,0;2,69;0,922;0,653;0,225;0,0537;0,0353;0,0539;0,0142;0,146;0,118;0,0928;0,0453;0,0267;0,0203;0,463;0,165;1,96;0,876;0,716;0,396;0,291;0,273;17,3;0,972;99,1;39,6;31,1;14,3;7,38;5,83;-0,14;-7,2;56,31;40,13;32,1;10,95;-3,57;-4,3
PlazaBibRambla;PlazaBibRambla1;1444;70,11;65,82;79,8;72,85;71,82;69,22;67,53;67,12;68,5;64,91;72,87;70,88;70,38;68,1;66,26;65,97;65,75;59,64;71,93;68,61;67,9;65,34;62,71;62,17;20,2;0,0;24,5;19,2;16,6;14,3;13,7;1,94;0,0;2,69;2,21;2,12;1,92;1,77;1,73;0,0375;0,0186;0,101;0,0584;0,0515;0,0355;0,0257;0,0233;0,399;0,0;1,6;0,885;0,718;0,34;0,152;0,107;0,0253;0,0113;0,071;0,0628;0,0455;0,0228;0,0151;0,0134;0,34;0,195;1,17;0,57;0,48;0,309;0,244;0,232;12,3;1,08;50,2;22,0;18,8;11,4;6,4;5,31;-0,33;-11,38;62,25;39,71;30,4;6,97;-7,68;-8,99
PlazaBibRambla;PlazaBibRambla1;1454;68,24;61,83;76,46;71,75;70,48;67,2;64,34;63,75;67,81;61,1;76,44;71,5;70,21;66,67;63,77;63,02;65,05;56,89;73,41;69,57;68,1;63,52;59,73;58,72;20,7;0,0;26,1;19,4;15,1;12,1;11,4;1,93;0,0;2,94;2,35;2,24;1,9;1,73;1,69;0,0343;0,0148;0,125;0,0508;0,0463;0,0326;0,0237;0,0214;0,355;0,0;2,53;1,24;0,752;0,216;0,048;0,0334;0,0284;0,00913;0,0673;0,0612;0,0551;0,0256;0,0144;0,0121;0,354;0,158;1,06;0,553;0,472;0,334;0,254;0,234;13,4;1,39;65,3;29,8;23,5;11,6;5,7;4,55;-1,16;-12,63;54,91;38,97;30,39;7,03;-10,09;-11,02
CarloV;CarloV1;1395;69,31;53,82;84,17;76,57;73,39;62,36;56,22;55,61;61,81;51,94;76,73;68,26;65,77;58,13;53,91;53,39;55,93;44,1;69,99;61,05;58,25;51,55;47,25;46,52;10,8;0,0;22,5;9,47;6,57;5,13;4,85;1,6;0,0;2,73;1,99;1,88;1,59;1,36;1,29;0,0254;0,0109;0,0664;0,0435;0,0376;0,0234;0,0162;0,0149;0,205;0,0;1,38;0,592;0,401;0,125;0,0236;0,0139;0,0312;0,0127;0,0856;0,058;0,0505;0,0285;0,0182;0,0156;0,51;0,233;1,41;0,841;0,727;0,482;0,333;0,305;12,2;0,719;84,4;27,3;21,6;10,2;5,03;3,83;-3,07;-16,57;66,15;29,66;20,05;-0,42;-13,85;-14,77
CarloV;CarloV1;1396;69,31;53,82;84,17;76,57;73,39;62,36;56,22;55,61;61,81;51,94;76,73;68,26;65,77;58,13;53,91;53,39;55,93;44,1;69,99;61,05;58,25;51,55;47,25;46,52;10,8;0,0;22,5;9,47;6,57;5,13;4,85;1,6;0,0;2,73;1,99;1,88;1,59;1,36;1,29;0,0254;0,0109;0,0664;0,0435;0,0376;0,0234;0,0162;0,0149;0,205;0,0;1,38;0,592;0,401;0,125;0,0236;0,0139;0,0312;0,0127;0,0856;0,058;0,0505;0,0285;0,0182;0,0156;0,51;0,233;1,41;0,841;0,727;0,482;0,333;0,305;12,2;0,719;84,4;27,3;21,6;10,2;5,03;3,83;-3,07;-16,57;66,15;29,66;20,05;-0,42;-13,85;-14,77
CarloV;CarloV1;1397;69,31;53,82;84,17;76,57;73,39;62,36;56,22;55,61;61,81;51,94;76,73;68,26;65,77;58,13;53,91;53,39;55,93;44,1;69,99;61,05;58,25;51,55;47,25;46,52;10,8;0,0;22,5;9,47;6,57;5,13;4,85;1,6;0,0;2,73;1,99;1,88;1,59;1,36;1,29;0,0254;0,0109;0,0664;0,0435;0,0376;0,0234;0,0162;0,0149;0,205;0,0;1,38;0,592;0,401;0,125;0,0236;0,0139;0,0312;0,0127;0,0856;0,058;0,0505;0,0285;0,0182;0,0156;0,51;0,233;1,41;0,841;0,727;0,482;0,333;0,305;12,2;0,719;84,4;27,3;21,6;10,2;5,03;3,83;-3,07;-16,57;66,15;29,66;20,05;-0,42;-13,85;-14,77
CarloV;CarloV1;1394;58,36;49,08;75,27;63,13;60,84;53,55;50,92;50,51;52,43;46,74;67,47;55,91;54,37;50,04;48,07;47,79;47,63;38,82;58,36;54,1;50,91;44,27;40,72;40,23;6,76;0,0;8,81;6,04;3,93;3,04;2,88;1,99;0,0;4,6;3,8;3,31;1,65;1,23;1,17;0,0216;0,00793;0,122;0,0406;0,0311;0,0191;0,0131;0,0119;0,167;0,0;1,31;0,465;0,344;0,0819;0,0133;0,00775;0,0208;0,00945;0,0411;0,036;0,0321;0,0194;0,0124;0,011;0,626;0,333;1,94;1,04;0,88;0,565;0,436;0,413;9,09;0,066;56,3;20,6;16,9;7,66;2,96;2,3;-1,54;-21,13;53,61;22,4;18,99;-3,61;-19,26;-19,77
CarloV;CarloV1;1398;53,0;48,86;61,87;55,68;54,5;52,42;51,04;50,75;50,43;46,14;58,32;53,75;52,1;49,87;48,6;48,26;46,19;38,58;55,77;50,28;48,92;44,95;42,42;41,93;6,12;0,0;8,31;5,6;4,26;3,5;3,24;1,66;0,0;3,8;2,57;2,16;1,6;1,32;1,27;0,0207;0,00942;0,111;0,0314;0,0278;0,0196;0,0141;0,0131;0,128;0,0;0,923;0,395;0,255;0,0611;0,0145;0,00892;0,0252;0,0101;0,0523;0,0486;0,0409;0,0226;0,0131;0,0119;0,614;0,313;1,26;0,985;0,876;0,573;0,419;0,388;9,23;0,0;43,6;20,6;16,7;7,82;3,47;2,59;-0,32;-20,98;45,8;19,62;15,77;-7,78;-19,45;-19,86
CarloV;CarloV1;1403;57,0;51,68;67,75;62,6;59,7;55,27;53,09;52,65;51,79;48,7;57,9;53,77;53,03;51,52;50,15;49,78;44,73;40,4;52,95;47,51;46,74;44,22;41,75;41,37;5,78;0,0;8,56;5,44;4,52;3,6;3,45;2,04;0,0;3,31;2,58;2,46;2,06;1,53;1,42;0,0181;0,009;0,0531;0,0271;0,0246;0,0171;0,0127;0,0116;0,122;0,0;1,03;0,335;0,229;0,0744;0,0217;0,0145;0,0311;0,0112;0,0566;0,0482;0,0448;0,0311;0,019;0,0161;0,496;0,288;1,38;0,784;0,646;0,46;0,369;0,354;9,2;0,447;43,6;19,1;16,5;8,19;3,3;2,54;-1,49;-20,27;52,52;17,23;14,89;-7,33;-17,7;-18,51
CarloV;CarloV1;1404;57,0;51,68;67,75;62,6;59,7;55,27;53,09;52,65;51,79;48,7;57,9;53,77;53,03;51,52;50,15;49,78;44,73;40,4;52,95;47,51;46,74;44,22;41,75;41,37;5,78;0,0;8,56;5,44;4,52;3,6;3,45;2,04;0,0;3,31;2,58;2,46;2,06;1,53;1,42;0,0181;0,009;0,0531;0,0271;0,0246;0,0171;0,0127;0,0116;0,122;0,0;1,03;0,335;0,229;0,0744;0,0217;0,0145;0,0311;0,0112;0,0566;0,0482;0,0448;0,0311;0,019;0,0161;0,496;0,288;1,38;0,784;0,646;0,46;0,369;0,354;9,2;0,447;43,6;19,1;16,5;8,19;3,3;2,54;-1,49;-20,27;52,52;17,23;14,89;-7,33;-17,7;-18,51
CarloV;CarloV1;573;74,22;59,59;87,37;80,53;78,39;69,36;62,22;61,26;65,66;57,51;77,86;70,68;68,96;62,79;59,9;59,55;60,7;53,97;74,98;64,88;62,78;58,43;56,04;55,45;14,1;0,0;34,1;13,3;10,9;9,17;8,8;1,73;0,0;5,34;2,05;1,93;1,69;1,52;1,48;0,0312;0,0151;0,0955;0,0457;0,0415;0,0292;0,0223;0,021;0,156;0,0;0,866;0,398;0,316;0,122;0,0413;0,031;0,0278;0,00911;0,108;0,0567;0,0453;0,0226;0,0141;0,012;0,454;0,22;1,08;0,638;0,583;0,437;0,341;0,325;12,9;0,988;116,0;24,2;20,2;11,6;6,23;5,13;-1,14;-9,54;71,82;33,09;28,66;16,93;2,39;0,05
CarloV;CarloV1;577;59,87;54,45;69,5;63,89;62,56;58,59;56,53;56,09;56,65;53,03;62,42;59,31;58,55;56,15;54,5;54,11;52,15;46,98;59,25;55,7;54,55;51,26;49,1;48,37;8,53;0,0;11,6;8,04;6,59;5,66;5,49;1,55;0,0;2,32;1,81;1,73;1,53;1,39;1,36;0,0245;0,0114;0,0987;0,0373;0,033;0,023;0,0176;0,0164;0,154;0,0;1,06;0,416;0,31;0,111;0,0331;0,0233;0,0189;0,00789;0,0598;0,0393;0,0328;0,0163;0,0115;0,0105;0,393;0,191;1,07;0,771;0,515;0,348;0,279;0,263;8,61;0,688;41,7;18,2;14,8;7,48;3,79;3,04;-0,84;-19,19;54,1;23,98;17,55;-4,74;-16,37;-17,24
CarloV;CarloV1;580;77,46;65,77;88,02;82,51;80,94;75,11;70,52;69,53;66,52;56,76;76,32;72,05;70,57;63,59;59,48;58,55;49,03;43,95;59,99;52,13;51,0;48,09;45,5;45,17;7,03;0,0;11,4;6,49;5,45;4,62;4,44;1,44;0,0;2,16;1,8;1,7;1,41;1,26;1,22;0,0214;0,00936;0,0591;0,0327;0,0302;0,0205;0,0141;0,0129;0,118;0,0;0,894;0,345;0,26;0,0619;0,018;0,0122;0,0178;0,00965;0,0385;0,0331;0,0294;0,0159;0,011;0,0103;0,372;0,226;0,665;0,496;0,455;0,364;0,295;0,279;7,72;0,049;57,0;16,5;13,2;6,63;3,19;2,4;-4,72;-20,24;75,11;22,58;14,22;-10,71;-18,33;-18,82
CarloV;CarloV1;581;74,44;60,49;87,21;80,4;78,16;68,93;64,12;63,16;64,81;54,91;76,86;70,12;68,55;61,19;57,55;56,89;55,4;45,39;67,64;61,83;59,41;51,78;48,46;47,73;11,7;0,0;16,2;10,3;7,13;5,9;5,56;1,65;0,0;2,88;2,14;2,0;1,59;1,35;1,29;0,0308;0,00941;0,278;0,0791;0,0502;0,0232;0,0163;0,0147;0,25;0,0;1,65;0,801;0,575;0,158;0,0422;0,0296;0,036;0,0119;0,109;0,0781;0,0613;0,0282;0,018;0,0158;0,432;0,0733;1,64;0,745;0,641;0,41;0,272;0,242;12,5;0,576;67,2;26,4;21,4;10,9;4,93;3,87;-1,39;-16,51;72,06;25,24;18,11;-1,32;-14,08;-14,76
CarloV;CarloV1;582;77,84;59,37;86,57;83,11;81,85;75,91;68,3;65,68;67,28;56,19;77,55;72,27;71,0;65,02;60,2;59,29;54,9;47,2;64,48;59,01;57,68;53,66;50,1;48,95;10,3;0,0;13,9;9,58;7,81;6,28;5,89;1,54;0,0;2,42;1,81;1,74;1,52;1,38;1,34;0,0246;0,0119;0,0657;0,0376;0,034;0,0233;0,017;0,0154;0,21;0,0;1,17;0,512;0,416;0,166;0,0528;0,0376;0,0239;0,00864;0,0659;0,0489;0,0407;0,0225;0,0129;0,0114;0,403;0,232;1,18;0,577;0,524;0,379;0,303;0,278;11,5;0,0;49,2;23,9;19,9;9,96;5,02;4,01;-2,97;-18,91;75,41;28,48;19,61;-4,58;-16,91;-17,6
CarloV;CarloV1;583;73,26;57,95;83,0;78,4;77,36;70,29;62,15;60,96;64,29;52,86;75,02;69,61;68,05;61,15;55,81;54,96;49,54;43,54;56,46;53,54;52,71;48,46;45,64;44,96;8,13;0,0;10,8;7,49;5,78;4,62;4,33;1,6;0,0;2,42;1,9;1,82;1,59;1,39;1,33;0,0229;0,0105;0,0736;0,037;0,032;0,0217;0,0155;0,014;0,135;0,0;0,886;0,36;0,282;0,0848;0,0188;0,0122;0,0224;0,0116;0,0424;0,0364;0,0337;0,0208;0,0149;0,0138;0,481;0,215;1,3;0,793;0,703;0,441;0,313;0,289;9,4;0,259;55,2;20,9;16,5;8,13;3,66;2,83;-3,18;-18,29;70,43;22,25;14,74;-3,55;-15,61;-16,55
CarloV;CarloV1;584;74,29;54,0;85,7;80,62;79,15;69,33;57,96;56,49;66,66;51,73;78,89;72,69;71,12;61,69;54,32;53,51;62,49;44,98;78,69;69,7;65,38;52,87;48,26;47,32;17,7;0,0;24,0;14,2;6,96;5,27;4,97;1,79;0,0;3,28;2,61;2,37;1,69;1,38;1,31;0,0217;0,00542;0,0779;0,0365;0,0311;0,0208;0,0134;0,0108;0,586;0,0;4,09;1,98;1,43;0,269;0,0443;0,0266;0,0286;0,00919;0,0821;0,0642;0,0581;0,0238;0,0138;0,012;0,453;0,0263;1,27;0,786;0,677;0,424;0,258;0,131;11,3;0,109;94,4;28,0;21,3;9,03;4,32;3,36;-2,02;-17,6;70,39;33,34;26,7;-0,06;-15,01;-16,01
CarloV;CarloV1;1399;61,43;54,76;72,97;64,64;63,69;60,12;56,91;56,24;59,07;50,6;70,33;63,2;61,78;57,28;53,53;52,91;54,88;44,25;63,38;59,6;58,4;53,24;48,29;46,95;10,4;0,0;14,5;9,67;7,34;5,22;4,85;1,74;0,0;2,76;2,21;2,08;1,71;1,44;1,36;0,0261;0,011;0,132;0,0484;0,0396;0,0237;0,016;0,0145;0,216;0,0;1,06;0,55;0,45;0,16;0,0315;0,0203;0,0374;0,0143;0,0852;0,0659;0,0618;0,0342;0,019;0,0174;0,439;0,145;1,33;0,703;0,598;0,417;0,31;0,284;13,4;0,458;59,3;27,1;22,7;12,0;5,66;4,45;-0,47;-14,45;54,56;26,61;20,26;-0,47;-12,07;-12,76
CarloV;CarloV1;1405;64,14;54,67;75,53;69,76;67,57;60,8;56,94;56,4;57,64;51,48;67,16;62,36;60,47;56,46;53,14;52,8;50,91;42,54;64,61;55,96;54,16;48,92;45,66;44,87;8,56;0,0;18,2;7,56;5,7;4,54;4,25;1,67;0,0;3,48;2,25;2,11;1,61;1,31;1,26;0,0247;0,00979;0,184;0,0439;0,0355;0,0219;0,0155;0,0143;0,153;0,0;0,991;0,436;0,337;0,101;0,0272;0,0178;0,0336;0,00808;0,104;0,0767;0,0471;0,0294;0,0177;0,013;0,443;0,228;1,45;0,703;0,622;0,412;0,3;0,271;11,2;0,598;68,6;24,0;20,0;9,59;4,65;3,62;-1,72;-17,55;59,96;23,48;18,3;0,12;-14,96;-15,53
CarloV;CarloV1;1406;64,14;54,67;75,53;69,76;67,57;60,8;56,94;56,4;57,64;51,48;67,16;62,36;60,47;56,46;53,14;52,8;50,91;42,54;64,61;55,96;54,16;48,92;45,66;44,87;8,56;0,0;18,2;7,56;5,7;4,54;4,25;1,67;0,0;3,48;2,25;2,11;1,61;1,31;1,26;0,0247;0,00979;0,184;0,0439;0,0355;0,0219;0,0155;0,0143;0,153;0,0;0,991;0,436;0,337;0,101;0,0272;0,0178;0,0336;0,00808;0,104;0,0767;0,0471;0,0294;0,0177;0,013;0,443;0,228;1,45;0,703;0,622;0,412;0,3;0,271;11,2;0,598;68,6;24,0;20,0;9,59;4,65;3,62;-1,72;-17,55;59,96;23,48;18,3;0,12;-14,96;-15,53
CampoPrincipe;CampoPrincipe1;10102;67,48;60,79;74,12;71,08;70,13;66,51;63,6;62,65;67,23;59,76;74,1;70,98;69,89;66,21;63,0;61,97;65,09;57,07;72,7;69,17;67,94;63,91;60,36;59,32;20,2;0,0;26,0;19,3;15,7;13,0;12,1;2,12;0,0;2,91;2,29;2,25;2,12;2,01;1,98;0,0347;0,0146;0,0868;0,0552;0,0492;0,0326;0,0236;0,0214;0,185;0,0;1,14;0,497;0,397;0,116;0,0287;0,0182;0,0176;0,00756;0,0349;0,0287;0,0242;0,0172;0,0107;0,00887;0,349;0,233;0,51;0,424;0,409;0,346;0,292;0,272;8,85;0,298;26,9;16,6;14,2;8,16;4,31;3,48;-0,05;-11,66;53,03;37,22;31,77;8,19;-8,41;-10,22
CampoPrincipe;CampoPrincipe1;10103;67,48;60,79;74,12;71,08;70,13;66,51;63,6;62,65;67,23;59,76;74,1;70,98;69,89;66,21;63,0;61,97;65,09;57,07;72,7;69,17;67,94;63,91;60,36;59,32;20,2;0,0;26,0;19,3;15,7;13,0;12,1;2,12;0,0;2,91;2,29;2,25;2,12;2,01;1,98;0,0347;0,0146;0,0868;0,0552;0,0492;0,0326;0,0236;0,0214;0,185;0,0;1,14;0,497;0,397;0,116;0,0287;0,0182;0,0176;0,00756;0,0349;0,0287;0,0242;0,0172;0,0107;0,00887;0,349;0,233;0,51;0,424;0,409;0,346;0,292;0,272;8,85;0,298;26,9;16,6;14,2;8,16;4,31;3,48;-0,05;-11,66;53,03;37,22;31,77;8,19;-8,41;-10,22
CampoPrincipe;CampoPrincipe1;10104;67,48;60,79;74,12;71,08;70,13;66,51;63,6;62,65;67,23;59,76;74,1;70,98;69,89;66,21;63,0;61,97;65,09;57,07;72,7;69,17;67,94;63,91;60,36;59,32;20,2;0,0;26,0;19,3;15,7;13,0;12,1;2,12;0,0;2,91;2,29;2,25;2,12;2,01;1,98;0,0347;0,0146;0,0868;0,0552;0,0492;0,0326;0,0236;0,0214;0,185;0,0;1,14;0,497;0,397;0,116;0,0287;0,0182;0,0176;0,00756;0,0349;0,0287;0,0242;0,0172;0,0107;0,00887;0,349;0,233;0,51;0,424;0,409;0,346;0,292;0,272;8,85;0,298;26,9;16,6;14,2;8,16;4,31;3,48;-0,05;-11,66;53,03;37,22;31,77;8,19;-8,41;-10,22
CampoPrincipe;CampoPrincipe1;10105;67,48;60,79;74,12;71,08;70,13;66,51;63,6;62,65;67,23;59,76;74,1;70,98;69,89;66,21;63,0;61,97;65,09;57,07;72,7;69,17;67,94;63,91;60,36;59,32;20,2;0,0;26,0;19,3;15,7;13,0;12,1;2,12;0,0;2,91;2,29;2,25;2,12;2,01;1,98;0,0347;0,0146;0,0868;0,0552;0,0492;0,0326;0,0236;0,0214;0,185;0,0;1,14;0,497;0,397;0,116;0,0287;0,0182;0,0176;0,00756;0,0349;0,0287;0,0242;0,0172;0,0107;0,00887;0,349;0,233;0,51;0,424;0,409;0,346;0,292;0,272;8,85;0,298;26,9;16,6;14,2;8,16;4,31;3,48;-0,05;-11,66;53,03;37,22;31,77;8,19;-8,41;-10,22
CampoPrincipe;CampoPrincipe1;10106;67,48;60,79;74,12;71,08;70,13;66,51;63,6;62,65;67,23;59,76;74,1;70,98;69,89;66,21;63,0;61,97;65,09;57,07;72,7;69,17;67,94;63,91;60,36;59,32;20,2;0,0;26,0;19,3;15,7;13,0;12,1;2,12;0,0;2,91;2,29;2,25;2,12;2,01;1,98;0,0347;0,0146;0,0868;0,0552;0,0492;0,0326;0,0236;0,0214;0,185;0,0;1,14;0,497;0,397;0,116;0,0287;0,0182;0,0176;0,00756;0,0349;0,0287;0,0242;0,0172;0,0107;0,00887;0,349;0,233;0,51;0,424;0,409;0,346;0,292;0,272;8,85;0,298;26,9;16,6;14,2;8,16;4,31;3,48;-0,05;-11,66;53,03;37,22;31,77;8,19;-8,41;-10,22
CampoPrincipe;CampoPrincipe1;10107;67,48;60,79;74,12;71,08;70,13;66,51;63,6;62,65;67,23;59,76;74,1;70,98;69,89;66,21;63,0;61,97;65,09;57,07;72,7;69,17;67,94;63,91;60,36;59,32;20,2;0,0;26,0;19,3;15,7;13,0;12,1;2,12;0,0;2,91;2,29;2,25;2,12;2,01;1,98;0,0347;0,0146;0,0868;0,0552;0,0492;0,0326;0,0236;0,0214;0,185;0,0;1,14;0,497;0,397;0,116;0,0287;0,0182;0,0176;0,00756;0,0349;0,0287;0,0242;0,0172;0,0107;0,00887;0,349;0,233;0,51;0,424;0,409;0,346;0,292;0,272;8,85;0,298;26,9;16,6;14,2;8,16;4,31;3,48;-0,05;-11,66;53,03;37,22;31,77;8,19;-8,41;-10,22
CampoPrincipe;CampoPrincipe1;10108;67,48;60,79;74,12;71,08;70,13;66,51;63,6;62,65;67,23;59,76;74,1;70,98;69,89;66,21;63,0;61,97;65,09;57,07;72,7;69,17;67,94;63,91;60,36;59,32;20,2;0,0;26,0;19,3;15,7;13,0;12,1;2,12;0,0;2,91;2,29;2,25;2,12;2,01;1,98;0,0347;0,0146;0,0868;0,0552;0,0492;0,0326;0,0236;0,0214;0,185;0,0;1,14;0,497;0,397;0,116;0,0287;0,0182;0,0176;0,00756;0,0349;0,0287;0,0242;0,0172;0,0107;0,00887;0,349;0,233;0,51;0,424;0,409;0,346;0,292;0,272;8,85;0,298;26,9;16,6;14,2;8,16;4,31;3,48;-0,05;-11,66;53,03;37,22;31,77;8,19;-8,41;-10,22
CampoPrincipe;CampoPrincipe1;10109;67,48;60,79;74,12;71,08;70,13;66,51;63,6;62,65;67,23;59,76;74,1;70,98;69,89;66,21;63,0;61,97;65,09;57,07;72,7;69,17;67,94;63,91;60,36;59,32;20,2;0,0;26,0;19,3;15,7;13,0;12,1;2,12;0,0;2,91;2,29;2,25;2,12;2,01;1,98;0,0347;0,0146;0,0868;0,0552;0,0492;0,0326;0,0236;0,0214;0,185;0,0;1,14;0,497;0,397;0,116;0,0287;0,0182;0,0176;0,00756;0,0349;0,0287;0,0242;0,0172;0,0107;0,00887;0,349;0,233;0,51;0,424;0,409;0,346;0,292;0,272;8,85;0,298;26,9;16,6;14,2;8,16;4,31;3,48;-0,05;-11,66;53,03;37,22;31,77;8,19;-8,41;-10,22
CampoPrincipe;CampoPrincipe1;10110;67,48;60,79;74,12;71,08;70,13;66,51;63,6;62,65;67,23;59,76;74,1;70,98;69,89;66,21;63,0;61,97;65,09;57,07;72,7;69,17;67,94;63,91;60,36;59,32;20,2;0,0;26,0;19,3;15,7;13,0;12,1;2,12;0,0;2,91;2,29;2,25;2,12;2,01;1,98;0,0347;0,0146;0,0868;0,0552;0,0492;0,0326;0,0236;0,0214;0,185;0,0;1,14;0,497;0,397;0,116;0,0287;0,0182;0,0176;0,00756;0,0349;0,0287;0,0242;0,0172;0,0107;0,00887;0,349;0,233;0,51;0,424;0,409;0,346;0,292;0,272;8,85;0,298;26,9;16,6;14,2;8,16;4,31;3,48;-0,05;-11,66;53,03;37,22;31,77;8,19;-8,41;-10,22
CampoPrincipe;CampoPrincipe1;10111;67,48;60,79;74,12;71,08;70,13;66,51;63,6;62,65;67,23;59,76;74,1;70,98;69,89;66,21;63,0;61,97;65,09;57,07;72,7;69,17;67,94;63,91;60,36;59,32;20,2;0,0;26,0;19,3;15,7;13,0;12,1;2,12;0,0;2,91;2,29;2,25;2,12;2,01;1,98;0,0347;0,0146;0,0868;0,0552;0,0492;0,0326;0,0236;0,0214;0,185;0,0;1,14;0,497;0,397;0,116;0,0287;0,0182;0,0176;0,00756;0,0349;0,0287;0,0242;0,0172;0,0107;0,00887;0,349;0,233;0,51;0,424;0,409;0,346;0,292;0,272;8,85;0,298;26,9;16,6;14,2;8,16;4,31;3,48;-0,05;-11,66;53,03;37,22;31,77;8,19;-8,41;-10,22
CampoPrincipe;CampoPrincipe1;10112;67,48;60,79;74,12;71,08;70,13;66,51;63,6;62,65;67,23;59,76;74,1;70,98;69,89;66,21;63,0;61,97;65,09;57,07;72,7;69,17;67,94;63,91;60,36;59,32;20,2;0,0;26,0;19,3;15,7;13,0;12,1;2,12;0,0;2,91;2,29;2,25;2,12;2,01;1,98;0,0347;0,0146;0,0868;0,0552;0,0492;0,0326;0,0236;0,0214;0,185;0,0;1,14;0,497;0,397;0,116;0,0287;0,0182;0,0176;0,00756;0,0349;0,0287;0,0242;0,0172;0,0107;0,00887;0,349;0,233;0,51;0,424;0,409;0,346;0,292;0,272;8,85;0,298;26,9;16,6;14,2;8,16;4,31;3,48;-0,05;-11,66;53,03;37,22;31,77;8,19;-8,41;-10,22
CampoPrincipe;CampoPrincipe1;10113;67,48;60,79;74,12;71,08;70,13;66,51;63,6;62,65;67,23;59,76;74,1;70,98;69,89;66,21;63,0;61,97;65,09;57,07;72,7;69,17;67,94;63,91;60,36;59,32;20,2;0,0;26,0;19,3;15,7;13,0;12,1;2,12;0,0;2,91;2,29;2,25;2,12;2,01;1,98;0,0347;0,0146;0,0868;0,0552;0,0492;0,0326;0,0236;0,0214;0,185;0,0;1,14;0,497;0,397;0,116;0,0287;0,0182;0,0176;0,00756;0,0349;0,0287;0,0242;0,0172;0,0107;0,00887;0,349;0,233;0,51;0,424;0,409;0,346;0,292;0,272;8,85;0,298;26,9;16,6;14,2;8,16;4,31;3,48;-0,05;-11,66;53,03;37,22;31,77;8,19;-8,41;-10,22
CampoPrincipe;CampoPrincipe1;10114;67,48;60,79;74,12;71,08;70,13;66,51;63,6;62,65;67,23;59,76;74,1;70,98;69,89;66,21;63,0;61,97;65,09;57,07;72,7;69,17;67,94;63,91;60,36;59,32;20,2;0,0;26,0;19,3;15,7;13,0;12,1;2,12;0,0;2,91;2,29;2,25;2,12;2,01;1,98;0,0347;0,0146;0,0868;0,0552;0,0492;0,0326;0,0236;0,0214;0,185;0,0;1,14;0,497;0,397;0,116;0,0287;0,0182;0,0176;0,00756;0,0349;0,0287;0,0242;0,0172;0,0107;0,00887;0,349;0,233;0,51;0,424;0,409;0,346;0,292;0,272;8,85;0,298;26,9;16,6;14,2;8,16;4,31;3,48;-0,05;-11,66;53,03;37,22;31,77;8,19;-8,41;-10,22
CampoPrincipe;CampoPrincipe1;10115;67,48;60,79;74,12;71,08;70,13;66,51;63,6;62,65;67,23;59,76;74,1;70,98;69,89;66,21;63,0;61,97;65,09;57,07;72,7;69,17;67,94;63,91;60,36;59,32;20,2;0,0;26,0;19,3;15,7;13,0;12,1;2,12;0,0;2,91;2,29;2,25;2,12;2,01;1,98;0,0347;0,0146;0,0868;0,0552;0,0492;0,0326;0,0236;0,0214;0,185;0,0;1,14;0,497;0,397;0,116;0,0287;0,0182;0,0176;0,00756;0,0349;0,0287;0,0242;0,0172;0,0107;0,00887;0,349;0,233;0,51;0,424;0,409;0,346;0,292;0,272;8,85;0,298;26,9;16,6;14,2;8,16;4,31;3,48;-0,05;-11,66;53,03;37,22;31,77;8,19;-8,41;-10,22
CampoPrincipe;CampoPrincipe1;10116;67,48;60,79;74,12;71,08;70,13;66,51;63,6;62,65;67,23;59,76;74,1;70,98;69,89;66,21;63,0;61,97;65,09;57,07;72,7;69,17;67,94;63,91;60,36;59,32;20,2;0,0;26,0;19,3;15,7;13,0;12,1;2,12;0,0;2,91;2,29;2,25;2,12;2,01;1,98;0,0347;0,0146;0,0868;0,0552;0,0492;0,0326;0,0236;0,0214;0,185;0,0;1,14;0,497;0,397;0,116;0,0287;0,0182;0,0176;0,00756;0,0349;0,0287;0,0242;0,0172;0,0107;0,00887;0,349;0,233;0,51;0,424;0,409;0,346;0,292;0,272;8,85;0,298;26,9;16,6;14,2;8,16;4,31;3,48;-0,05;-11,66;53,03;37,22;31,77;8,19;-8,41;-10,22
CampoPrincipe;CampoPrincipe1;10117;67,48;60,79;74,12;71,08;70,13;66,51;63,6;62,65;67,23;59,76;74,1;70,98;69,89;66,21;63,0;61,97;65,09;57,07;72,7;69,17;67,94;63,91;60,36;59,32;20,2;0,0;26,0;19,3;15,7;13,0;12,1;2,12;0,0;2,91;2,29;2,25;2,12;2,01;1,98;0,0347;0,0146;0,0868;0,0552;0,0492;0,0326;0,0236;0,0214;0,185;0,0;1,14;0,497;0,397;0,116;0,0287;0,0182;0,0176;0,00756;0,0349;0,0287;0,0242;0,0172;0,0107;0,00887;0,349;0,233;0,51;0,424;0,409;0,346;0,292;0,272;8,85;0,298;26,9;16,6;14,2;8,16;4,31;3,48;-0,05;-11,66;53,03;37,22;31,77;8,19;-8,41;-10,22
CampoPrincipe;CampoPrincipe1;10118;67,48;60,79;74,12;71,08;70,13;66,51;63,6;62,65;67,23;59,76;74,1;70,98;69,89;66,21;63,0;61,97;65,09;57,07;72,7;69,17;67,94;63,91;60,36;59,32;20,2;0,0;26,0;19,3;15,7;13,0;12,1;2,12;0,0;2,91;2,29;2,25;2,12;2,01;1,98;0,0347;0,0146;0,0868;0,0552;0,0492;0,0326;0,0236;0,0214;0,185;0,0;1,14;0,497;0,397;0,116;0,0287;0,0182;0,0176;0,00756;0,0349;0,0287;0,0242;0,0172;0,0107;0,00887;0,349;0,233;0,51;0,424;0,409;0,346;0,292;0,272;8,85;0,298;26,9;16,6;14,2;8,16;4,31;3,48;-0,05;-11,66;53,03;37,22;31,77;8,19;-8,41;-10,22
CampoPrincipe;CampoPrincipe1;10119;67,48;60,79;74,12;71,08;70,13;66,51;63,6;62,65;67,23;59,76;74,1;70,98;69,89;66,21;63,0;61,97;65,09;57,07;72,7;69,17;67,94;63,91;60,36;59,32;20,2;0,0;26,0;19,3;15,7;13,0;12,1;2,12;0,0;2,91;2,29;2,25;2,12;2,01;1,98;0,0347;0,0146;0,0868;0,0552;0,0492;0,0326;0,0236;0,0214;0,185;0,0;1,14;0,497;0,397;0,116;0,0287;0,0182;0,0176;0,00756;0,0349;0,0287;0,0242;0,0172;0,0107;0,00887;0,349;0,233;0,51;0,424;0,409;0,346;0,292;0,272;8,85;0,298;26,9;16,6;14,2;8,16;4,31;3,48;-0,05;-11,66;53,03;37,22;31,77;8,19;-8,41;-10,22
CampoPrincipe;CampoPrincipe1;10120;67,48;60,79;74,12;71,08;70,13;66,51;63,6;62,65;67,23;59,76;74,1;70,98;69,89;66,21;63,0;61,97;65,09;57,07;72,7;69,17;67,94;63,91;60,36;59,32;20,2;0,0;26,0;19,3;15,7;13,0;12,1;2,12;0,0;2,91;2,29;2,25;2,12;2,01;1,98;0,0347;0,0146;0,0868;0,0552;0,0492;0,0326;0,0236;0,0214;0,185;0,0;1,14;0,497;0,397;0,116;0,0287;0,0182;0,0176;0,00756;0,0349;0,0287;0,0242;0,0172;0,0107;0,00887;0,349;0,233;0,51;0,424;0,409;0,346;0,292;0,272;8,85;0,298;26,9;16,6;14,2;8,16;4,31;3,48;-0,05;-11,66;53,03;37,22;31,77;8,19;-8,41;-10,22
CampoPrincipe;CampoPrincipe1;10122;67,48;60,79;74,12;71,08;70,13;66,51;63,6;62,65;67,23;59,76;74,1;70,98;69,89;66,21;63,0;61,97;65,09;57,07;72,7;69,17;67,94;63,91;60,36;59,32;20,2;0,0;26,0;19,3;15,7;13,0;12,1;2,12;0,0;2,91;2,29;2,25;2,12;2,01;1,98;0,0347;0,0146;0,0868;0,0552;0,0492;0,0326;0,0236;0,0214;0,185;0,0;1,14;0,497;0,397;0,116;0,0287;0,0182;0,0176;0,00756;0,0349;0,0287;0,0242;0,0172;0,0107;0,00887;0,349;0,233;0,51;0,424;0,409;0,346;0,292;0,272;8,85;0,298;26,9;16,6;14,2;8,16;4,31;3,48;-0,05;-11,66;53,03;37,22;31,77;8,19;-8,41;-10,22
CampoPrincipe;CampoPrincipe1;10123;67,48;60,79;74,12;71,08;70,13;66,51;63,6;62,65;67,23;59,76;74,1;70,98;69,89;66,21;63,0;61,97;65,09;57,07;72,7;69,17;67,94;63,91;60,36;59,32;20,2;0,0;26,0;19,3;15,7;13,0;12,1;2,12;0,0;2,91;2,29;2,25;2,12;2,01;1,98;0,0347;0,0146;0,0868;0,0552;0,0492;0,0326;0,0236;0,0214;0,185;0,0;1,14;0,497;0,397;0,116;0,0287;0,0182;0,0176;0,00756;0,0349;0,0287;0,0242;0,0172;0,0107;0,00887;0,349;0,233;0,51;0,424;0,409;0,346;0,292;0,272;8,85;0,298;26,9;16,6;14,2;8,16;4,31;3,48;-0,05;-11,66;53,03;37,22;31,77;8,19;-8,41;-10,22
CampoPrincipe;CampoPrincipe1;10124;67,48;60,79;74,12;71,08;70,13;66,51;63,6;62,65;67,23;59,76;74,1;70,98;69,89;66,21;63,0;61,97;65,09;57,07;72,7;69,17;67,94;63,91;60,36;59,32;20,2;0,0;26,0;19,3;15,7;13,0;12,1;2,12;0,0;2,91;2,29;2,25;2,12;2,01;1,98;0,0347;0,0146;0,0868;0,0552;0,0492;0,0326;0,0236;0,0214;0,185;0,0;1,14;0,497;0,397;0,116;0,0287;0,0182;0,0176;0,00756;0,0349;0,0287;0,0242;0,0172;0,0107;0,00887;0,349;0,233;0,51;0,424;0,409;0,346;0,292;0,272;8,85;0,298;26,9;16,6;14,2;8,16;4,31;3,48;-0,05;-11,66;53,03;37,22;31,77;8,19;-8,41;-10,22
CampoPrincipe;CampoPrincipe1;10126;67,48;60,79;74,12;71,08;70,13;66,51;63,6;62,65;67,23;59,76;74,1;70,98;69,89;66,21;63,0;61,97;65,09;57,07;72,7;69,17;67,94;63,91;60,36;59,32;20,2;0,0;26,0;19,3;15,7;13,0;12,1;2,12;0,0;2,91;2,29;2,25;2,12;2,01;1,98;0,0347;0,0146;0,0868;0,0552;0,0492;0,0326;0,0236;0,0214;0,185;0,0;1,14;0,497;0,397;0,116;0,0287;0,0182;0,0176;0,00756;0,0349;0,0287;0,0242;0,0172;0,0107;0,00887;0,349;0,233;0,51;0,424;0,409;0,346;0,292;0,272;8,85;0,298;26,9;16,6;14,2;8,16;4,31;3,48;-0,05;-11,66;53,03;37,22;31,77;8,19;-8,41;-10,22
CampoPrincipe;CampoPrincipe1;10127;67,48;60,79;74,12;71,08;70,13;66,51;63,6;62,65;67,23;59,76;74,1;70,98;69,89;66,21;63,0;61,97;65,09;57,07;72,7;69,17;67,94;63,91;60,36;59,32;20,2;0,0;26,0;19,3;15,7;13,0;12,1;2,12;0,0;2,91;2,29;2,25;2,12;2,01;1,98;0,0347;0,0146;0,0868;0,0552;0,0492;0,0326;0,0236;0,0214;0,185;0,0;1,14;0,497;0,397;0,116;0,0287;0,0182;0,0176;0,00756;0,0349;0,0287;0,0242;0,0172;0,0107;0,00887;0,349;0,233;0,51;0,424;0,409;0,346;0,292;0,272;8,85;0,298;26,9;16,6;14,2;8,16;4,31;3,48;-0,05;-11,66;53,03;37,22;31,77;8,19;-8,41;-10,22
CampoPrincipe;CampoPrincipe1;10128;67,48;60,79;74,12;71,08;70,13;66,51;63,6;62,65;67,23;59,76;74,1;70,98;69,89;66,21;63,0;61,97;65,09;57,07;72,7;69,17;67,94;63,91;60,36;59,32;20,2;0,0;26,0;19,3;15,7;13,0;12,1;2,12;0,0;2,91;2,29;2,25;2,12;2,01;1,98;0,0347;0,0146;0,0868;0,0552;0,0492;0,0326;0,0236;0,0214;0,185;0,0;1,14;0,497;0,397;0,116;0,0287;0,0182;0,0176;0,00756;0,0349;0,0287;0,0242;0,0172;0,0107;0,00887;0,349;0,233;0,51;0,424;0,409;0,346;0,292;0,272;8,85;0,298;26,9;16,6;14,2;8,16;4,31;3,48;-0,05;-11,66;53,03;37,22;31,77;8,19;-8,41;-10,22
CampoPrincipe;CampoPrincipe1;10129;67,48;60,79;74,12;71,08;70,13;66,51;63,6;62,65;67,23;59,76;74,1;70,98;69,89;66,21;63,0;61,97;65,09;57,07;72,7;69,17;67,94;63,91;60,36;59,32;20,2;0,0;26,0;19,3;15,7;13,0;12,1;2,12;0,0;2,91;2,29;2,25;2,12;2,01;1,98;0,0347;0,0146;0,0868;0,0552;0,0492;0,0326;0,0236;0,0214;0,185;0,0;1,14;0,497;0,397;0,116;0,0287;0,0182;0,0176;0,00756;0,0349;0,0287;0,0242;0,0172;0,0107;0,00887;0,349;0,233;0,51;0,424;0,409;0,346;0,292;0,272;8,85;0,298;26,9;16,6;14,2;8,16;4,31;3,48;-0,05;-11,66;53,03;37,22;31,77;8,19;-8,41;-10,22
CampoPrincipe;CampoPrincipe1;10130;67,48;60,79;74,12;71,08;70,13;66,51;63,6;62,65;67,23;59,76;74,1;70,98;69,89;66,21;63,0;61,97;65,09;57,07;72,7;69,17;67,94;63,91;60,36;59,32;20,2;0,0;26,0;19,3;15,7;13,0;12,1;2,12;0,0;2,91;2,29;2,25;2,12;2,01;1,98;0,0347;0,0146;0,0868;0,0552;0,0492;0,0326;0,0236;0,0214;0,185;0,0;1,14;0,497;0,397;0,116;0,0287;0,0182;0,0176;0,00756;0,0349;0,0287;0,0242;0,0172;0,0107;0,00887;0,349;0,233;0,51;0,424;0,409;0,346;0,292;0,272;8,85;0,298;26,9;16,6;14,2;8,16;4,31;3,48;-0,05;-11,66;53,03;37,22;31,77;8,19;-8,41;-10,22
CampoPrincipe;CampoPrincipe1;10131;67,48;60,79;74,12;71,08;70,13;66,51;63,6;62,65;67,23;59,76;74,1;70,98;69,89;66,21;63,0;61,97;65,09;57,07;72,7;69,17;67,94;63,91;60,36;59,32;20,2;0,0;26,0;19,3;15,7;13,0;12,1;2,12;0,0;2,91;2,29;2,25;2,12;2,01;1,98;0,0347;0,0146;0,0868;0,0552;0,0492;0,0326;0,0236;0,0214;0,185;0,0;1,14;0,497;0,397;0,116;0,0287;0,0182;0,0176;0,00756;0,0349;0,0287;0,0242;0,0172;0,0107;0,00887;0,349;0,233;0,51;0,424;0,409;0,346;0,292;0,272;8,85;0,298;26,9;16,6;14,2;8,16;4,31;3,48;-0,05;-11,66;53,03;37,22;31,77;8,19;-8,41;-10,22
CampoPrincipe;CampoPrincipe1;10132;67,48;60,79;74,12;71,08;70,13;66,51;63,6;62,65;67,23;59,76;74,1;70,98;69,89;66,21;63,0;61,97;65,09;57,07;72,7;69,17;67,94;63,91;60,36;59,32;20,2;0,0;26,0;19,3;15,7;13,0;12,1;2,12;0,0;2,91;2,29;2,25;2,12;2,01;1,98;0,0347;0,0146;0,0868;0,0552;0,0492;0,0326;0,0236;0,0214;0,185;0,0;1,14;0,497;0,397;0,116;0,0287;0,0182;0,0176;0,00756;0,0349;0,0287;0,0242;0,0172;0,0107;0,00887;0,349;0,233;0,51;0,424;0,409;0,346;0,292;0,272;8,85;0,298;26,9;16,6;14,2;8,16;4,31;3,48;-0,05;-11,66;53,03;37,22;31,77;8,19;-8,41;-10,22
CampoPrincipe;CampoPrincipe1;10073;68,81;61,5;75,6;72,42;71,37;68,01;63,87;63,33;68,57;60,47;75,59;72,36;71,22;67,74;63,26;62,47;65,74;56,68;73,88;69,62;68,48;64,85;59,97;59,13;21,5;0,0;26,5;20,3;16,3;12,7;12,1;2,06;0,0;3,06;2,56;2,38;2,01;1,87;1,84;0,037;0,016;0,131;0,0599;0,0519;0,0349;0,0243;0,0224;0,208;0,0;1,49;0,551;0,42;0,152;0,0462;0,0333;0,0265;0,0117;0,0508;0,0464;0,0413;0,0242;0,0171;0,0145;0,333;0,208;0,771;0,44;0,404;0,326;0,264;0,249;12,6;0,732;44,1;24,3;21,0;11,4;5,81;4,64;-0,37;-9,15;52,54;38,56;31,5;10,59;-2,35;-5,65
CampoPrincipe;CampoPrincipe1;10074;68,81;61,5;75,6;72,42;71,37;68,01;63,87;63,33;68,57;60,47;75,59;72,36;71,22;67,74;63,26;62,47;65,74;56,68;73,88;69,62;68,48;64,85;59,97;59,13;21,5;0,0;26,5;20,3;16,3;12,7;12,1;2,06;0,0;3,06;2,56;2,38;2,01;1,87;1,84;0,037;0,016;0,131;0,0599;0,0519;0,0349;0,0243;0,0224;0,208;0,0;1,49;0,551;0,42;0,152;0,0462;0,0333;0,0265;0,0117;0,0508;0,0464;0,0413;0,0242;0,0171;0,0145;0,333;0,208;0,771;0,44;0,404;0,326;0,264;0,249;12,6;0,732;44,1;24,3;21,0;11,4;5,81;4,64;-0,37;-9,15;52,54;38,56;31,5;10,59;-2,35;-5,65
CampoPrincipe;CampoPrincipe1;10075;68,81;61,5;75,6;72,42;71,37;68,01;63,87;63,33;68,57;60,47;75,59;72,36;71,22;67,74;63,26;62,47;65,74;56,68;73,88;69,62;68,48;64,85;59,97;59,13;21,5;0,0;26,5;20,3;16,3;12,7;12,1;2,06;0,0;3,06;2,56;2,38;2,01;1,87;1,84;0,037;0,016;0,131;0,0599;0,0519;0,0349;0,0243;0,0224;0,208;0,0;1,49;0,551;0,42;0,152;0,0462;0,0333;0,0265;0,0117;0,0508;0,0464;0,0413;0,0242;0,0171;0,0145;0,333;0,208;0,771;0,44;0,404;0,326;0,264;0,249;12,6;0,732;44,1;24,3;21,0;11,4;5,81;4,64;-0,37;-9,15;52,54;38,56;31,5;10,59;-2,35;-5,65
CampoPrincipe;CampoPrincipe1;10076;68,81;61,5;75,6;72,42;71,37;68,01;63,87;63,33;68,57;60,47;75,59;72,36;71,22;67,74;63,26;62,47;65,74;56,68;73,88;69,62;68,48;64,85;59,97;59,13;21,5;0,0;26,5;20,3;16,3;12,7;12,1;2,06;0,0;3,06;2,56;2,38;2,01;1,87;1,84;0,037;0,016;0,131;0,0599;0,0519;0,0349;0,0243;0,0224;0,208;0,0;1,49;0,551;0,42;0,152;0,0462;0,0333;0,0265;0,0117;0,0508;0,0464;0,0413;0,0242;0,0171;0,0145;0,333;0,208;0,771;0,44;0,404;0,326;0,264;0,249;12,6;0,732;44,1;24,3;21,0;11,4;5,81;4,64;-0,37;-9,15;52,54;38,56;31,5;10,59;-2,35;-5,65
CampoPrincipe;CampoPrincipe1;10077;68,81;61,5;75,6;72,42;71,37;68,01;63,87;63,33;68,57;60,47;75,59;72,36;71,22;67,74;63,26;62,47;65,74;56,68;73,88;69,62;68,48;64,85;59,97;59,13;21,5;0,0;26,5;20,3;16,3;12,7;12,1;2,06;0,0;3,06;2,56;2,38;2,01;1,87;1,84;0,037;0,016;0,131;0,0599;0,0519;0,0349;0,0243;0,0224;0,208;0,0;1,49;0,551;0,42;0,152;0,0462;0,0333;0,0265;0,0117;0,0508;0,0464;0,0413;0,0242;0,0171;0,0145;0,333;0,208;0,771;0,44;0,404;0,326;0,264;0,249;12,6;0,732;44,1;24,3;21,0;11,4;5,81;4,64;-0,37;-9,15;52,54;38,56;31,5;10,59;-2,35;-5,65
CampoPrincipe;CampoPrincipe1;10078;68,81;61,5;75,6;72,42;71,37;68,01;63,87;63,33;68,57;60,47;75,59;72,36;71,22;67,74;63,26;62,47;65,74;56,68;73,88;69,62;68,48;64,85;59,97;59,13;21,5;0,0;26,5;20,3;16,3;12,7;12,1;2,06;0,0;3,06;2,56;2,38;2,01;1,87;1,84;0,037;0,016;0,131;0,0599;0,0519;0,0349;0,0243;0,0224;0,208;0,0;1,49;0,551;0,42;0,152;0,0462;0,0333;0,0265;0,0117;0,0508;0,0464;0,0413;0,0242;0,0171;0,0145;0,333;0,208;0,771;0,44;0,404;0,326;0,264;0,249;12,6;0,732;44,1;24,3;21,0;11,4;5,81;4,64;-0,37;-9,15;52,54;38,56;31,5;10,59;-2,35;-5,65
CampoPrincipe;CampoPrincipe1;10079;68,81;61,5;75,6;72,42;71,37;68,01;63,87;63,33;68,57;60,47;75,59;72,36;71,22;67,74;63,26;62,47;65,74;56,68;73,88;69,62;68,48;64,85;59,97;59,13;21,5;0,0;26,5;20,3;16,3;12,7;12,1;2,06;0,0;3,06;2,56;2,38;2,01;1,87;1,84;0,037;0,016;0,131;0,0599;0,0519;0,0349;0,0243;0,0224;0,208;0,0;1,49;0,551;0,42;0,152;0,0462;0,0333;0,0265;0,0117;0,0508;0,0464;0,0413;0,0242;0,0171;0,0145;0,333;0,208;0,771;0,44;0,404;0,326;0,264;0,249;12,6;0,732;44,1;24,3;21,0;11,4;5,81;4,64;-0,37;-9,15;52,54;38,56;31,5;10,59;-2,35;-5,65
CampoPrincipe;CampoPrincipe1;10080;68,81;61,5;75,6;72,42;71,37;68,01;63,87;63,33;68,57;60,47;75,59;72,36;71,22;67,74;63,26;62,47;65,74;56,68;73,88;69,62;68,48;64,85;59,97;59,13;21,5;0,0;26,5;20,3;16,3;12,7;12,1;2,06;0,0;3,06;2,56;2,38;2,01;1,87;1,84;0,037;0,016;0,131;0,0599;0,0519;0,0349;0,0243;0,0224;0,208;0,0;1,49;0,551;0,42;0,152;0,0462;0,0333;0,0265;0,0117;0,0508;0,0464;0,0413;0,0242;0,0171;0,0145;0,333;0,208;0,771;0,44;0,404;0,326;0,264;0,249;12,6;0,732;44,1;24,3;21,0;11,4;5,81;4,64;-0,37;-9,15;52,54;38,56;31,5;10,59;-2,35;-5,65
CampoPrincipe;CampoPrincipe1;10081;68,81;61,5;75,6;72,42;71,37;68,01;63,87;63,33;68,57;60,47;75,59;72,36;71,22;67,74;63,26;62,47;65,74;56,68;73,88;69,62;68,48;64,85;59,97;59,13;21,5;0,0;26,5;20,3;16,3;12,7;12,1;2,06;0,0;3,06;2,56;2,38;2,01;1,87;1,84;0,037;0,016;0,131;0,0599;0,0519;0,0349;0,0243;0,0224;0,208;0,0;1,49;0,551;0,42;0,152;0,0462;0,0333;0,0265;0,0117;0,0508;0,0464;0,0413;0,0242;0,0171;0,0145;0,333;0,208;0,771;0,44;0,404;0,326;0,264;0,249;12,6;0,732;44,1;24,3;21,0;11,4;5,81;4,64;-0,37;-9,15;52,54;38,56;31,5;10,59;-2,35;-5,65
CampoPrincipe;CampoPrincipe1;10082;68,81;61,5;75,6;72,42;71,37;68,01;63,87;63,33;68,57;60,47;75,59;72,36;71,22;67,74;63,26;62,47;65,74;56,68;73,88;69,62;68,48;64,85;59,97;59,13;21,5;0,0;26,5;20,3;16,3;12,7;12,1;2,06;0,0;3,06;2,56;2,38;2,01;1,87;1,84;0,037;0,016;0,131;0,0599;0,0519;0,0349;0,0243;0,0224;0,208;0,0;1,49;0,551;0,42;0,152;0,0462;0,0333;0,0265;0,0117;0,0508;0,0464;0,0413;0,0242;0,0171;0,0145;0,333;0,208;0,771;0,44;0,404;0,326;0,264;0,249;12,6;0,732;44,1;24,3;21,0;11,4;5,81;4,64;-0,37;-9,15;52,54;38,56;31,5;10,59;-2,35;-5,65
CampoPrincipe;CampoPrincipe1;10084;68,81;61,5;75,6;72,42;71,37;68,01;63,87;63,33;68,57;60,47;75,59;72,36;71,22;67,74;63,26;62,47;65,74;56,68;73,88;69,62;68,48;64,85;59,97;59,13;21,5;0,0;26,5;20,3;16,3;12,7;12,1;2,06;0,0;3,06;2,56;2,38;2,01;1,87;1,84;0,037;0,016;0,131;0,0599;0,0519;0,0349;0,0243;0,0224;0,208;0,0;1,49;0,551;0,42;0,152;0,0462;0,0333;0,0265;0,0117;0,0508;0,0464;0,0413;0,0242;0,0171;0,0145;0,333;0,208;0,771;0,44;0,404;0,326;0,264;0,249;12,6;0,732;44,1;24,3;21,0;11,4;5,81;4,64;-0,37;-9,15;52,54;38,56;31,5;10,59;-2,35;-5,65
CampoPrincipe;CampoPrincipe1;10085;68,81;61,5;75,6;72,42;71,37;68,01;63,87;63,33;68,57;60,47;75,59;72,36;71,22;67,74;63,26;62,47;65,74;56,68;73,88;69,62;68,48;64,85;59,97;59,13;21,5;0,0;26,5;20,3;16,3;12,7;12,1;2,06;0,0;3,06;2,56;2,38;2,01;1,87;1,84;0,037;0,016;0,131;0,0599;0,0519;0,0349;0,0243;0,0224;0,208;0,0;1,49;0,551;0,42;0,152;0,0462;0,0333;0,0265;0,0117;0,0508;0,0464;0,0413;0,0242;0,0171;0,0145;0,333;0,208;0,771;0,44;0,404;0,326;0,264;0,249;12,6;0,732;44,1;24,3;21,0;11,4;5,81;4,64;-0,37;-9,15;52,54;38,56;31,5;10,59;-2,35;-5,65
CampoPrincipe;CampoPrincipe1;10086;68,81;61,5;75,6;72,42;71,37;68,01;63,87;63,33;68,57;60,47;75,59;72,36;71,22;67,74;63,26;62,47;65,74;56,68;73,88;69,62;68,48;64,85;59,97;59,13;21,5;0,0;26,5;20,3;16,3;12,7;12,1;2,06;0,0;3,06;2,56;2,38;2,01;1,87;1,84;0,037;0,016;0,131;0,0599;0,0519;0,0349;0,0243;0,0224;0,208;0,0;1,49;0,551;0,42;0,152;0,0462;0,0333;0,0265;0,0117;0,0508;0,0464;0,0413;0,0242;0,0171;0,0145;0,333;0,208;0,771;0,44;0,404;0,326;0,264;0,249;12,6;0,732;44,1;24,3;21,0;11,4;5,81;4,64;-0,37;-9,15;52,54;38,56;31,5;10,59;-2,35;-5,65
CampoPrincipe;CampoPrincipe1;10087;68,81;61,5;75,6;72,42;71,37;68,01;63,87;63,33;68,57;60,47;75,59;72,36;71,22;67,74;63,26;62,47;65,74;56,68;73,88;69,62;68,48;64,85;59,97;59,13;21,5;0,0;26,5;20,3;16,3;12,7;12,1;2,06;0,0;3,06;2,56;2,38;2,01;1,87;1,84;0,037;0,016;0,131;0,0599;0,0519;0,0349;0,0243;0,0224;0,208;0,0;1,49;0,551;0,42;0,152;0,0462;0,0333;0,0265;0,0117;0,0508;0,0464;0,0413;0,0242;0,0171;0,0145;0,333;0,208;0,771;0,44;0,404;0,326;0,264;0,249;12,6;0,732;44,1;24,3;21,0;11,4;5,81;4,64;-0,37;-9,15;52,54;38,56;31,5;10,59;-2,35;-5,65
CampoPrincipe;CampoPrincipe1;10088;68,81;61,5;75,6;72,42;71,37;68,01;63,87;63,33;68,57;60,47;75,59;72,36;71,22;67,74;63,26;62,47;65,74;56,68;73,88;69,62;68,48;64,85;59,97;59,13;21,5;0,0;26,5;20,3;16,3;12,7;12,1;2,06;0,0;3,06;2,56;2,38;2,01;1,87;1,84;0,037;0,016;0,131;0,0599;0,0519;0,0349;0,0243;0,0224;0,208;0,0;1,49;0,551;0,42;0,152;0,0462;0,0333;0,0265;0,0117;0,0508;0,0464;0,0413;0,0242;0,0171;0,0145;0,333;0,208;0,771;0,44;0,404;0,326;0,264;0,249;12,6;0,732;44,1;24,3;21,0;11,4;5,81;4,64;-0,37;-9,15;52,54;38,56;31,5;10,59;-2,35;-5,65
CampoPrincipe;CampoPrincipe1;10089;68,81;61,5;75,6;72,42;71,37;68,01;63,87;63,33;68,57;60,47;75,59;72,36;71,22;67,74;63,26;62,47;65,74;56,68;73,88;69,62;68,48;64,85;59,97;59,13;21,5;0,0;26,5;20,3;16,3;12,7;12,1;2,06;0,0;3,06;2,56;2,38;2,01;1,87;1,84;0,037;0,016;0,131;0,0599;0,0519;0,0349;0,0243;0,0224;0,208;0,0;1,49;0,551;0,42;0,152;0,0462;0,0333;0,0265;0,0117;0,0508;0,0464;0,0413;0,0242;0,0171;0,0145;0,333;0,208;0,771;0,44;0,404;0,326;0,264;0,249;12,6;0,732;44,1;24,3;21,0;11,4;5,81;4,64;-0,37;-9,15;52,54;38,56;31,5;10,59;-2,35;-5,65
CampoPrincipe;CampoPrincipe1;10090;68,81;61,5;75,6;72,42;71,37;68,01;63,87;63,33;68,57;60,47;75,59;72,36;71,22;67,74;63,26;62,47;65,74;56,68;73,88;69,62;68,48;64,85;59,97;59,13;21,5;0,0;26,5;20,3;16,3;12,7;12,1;2,06;0,0;3,06;2,56;2,38;2,01;1,87;1,84;0,037;0,016;0,131;0,0599;0,0519;0,0349;0,0243;0,0224;0,208;0,0;1,49;0,551;0,42;0,152;0,0462;0,0333;0,0265;0,0117;0,0508;0,0464;0,0413;0,0242;0,0171;0,0145;0,333;0,208;0,771;0,44;0,404;0,326;0,264;0,249;12,6;0,732;44,1;24,3;21,0;11,4;5,81;4,64;-0,37;-9,15;52,54;38,56;31,5;10,59;-2,35;-5,65
CampoPrincipe;CampoPrincipe1;10093;68,81;61,5;75,6;72,42;71,37;68,01;63,87;63,33;68,57;60,47;75,59;72,36;71,22;67,74;63,26;62,47;65,74;56,68;73,88;69,62;68,48;64,85;59,97;59,13;21,5;0,0;26,5;20,3;16,3;12,7;12,1;2,06;0,0;3,06;2,56;2,38;2,01;1,87;1,84;0,037;0,016;0,131;0,0599;0,0519;0,0349;0,0243;0,0224;0,208;0,0;1,49;0,551;0,42;0,152;0,0462;0,0333;0,0265;0,0117;0,0508;0,0464;0,0413;0,0242;0,0171;0,0145;0,333;0,208;0,771;0,44;0,404;0,326;0,264;0,249;12,6;0,732;44,1;24,3;21,0;11,4;5,81;4,64;-0,37;-9,15;52,54;38,56;31,5;10,59;-2,35;-5,65
CampoPrincipe;CampoPrincipe1;10094;68,81;61,5;75,6;72,42;71,37;68,01;63,87;63,33;68,57;60,47;75,59;72,36;71,22;67,74;63,26;62,47;65,74;56,68;73,88;69,62;68,48;64,85;59,97;59,13;21,5;0,0;26,5;20,3;16,3;12,7;12,1;2,06;0,0;3,06;2,56;2,38;2,01;1,87;1,84;0,037;0,016;0,131;0,0599;0,0519;0,0349;0,0243;0,0224;0,208;0,0;1,49;0,551;0,42;0,152;0,0462;0,0333;0,0265;0,0117;0,0508;0,0464;0,0413;0,0242;0,0171;0,0145;0,333;0,208;0,771;0,44;0,404;0,326;0,264;0,249;12,6;0,732;44,1;24,3;21,0;11,4;5,81;4,64;-0,37;-9,15;52,54;38,56;31,5;10,59;-2,35;-5,65
CampoPrincipe;CampoPrincipe1;10095;68,81;61,5;75,6;72,42;71,37;68,01;63,87;63,33;68,57;60,47;75,59;72,36;71,22;67,74;63,26;62,47;65,74;56,68;73,88;69,62;68,48;64,85;59,97;59,13;21,5;0,0;26,5;20,3;16,3;12,7;12,1;2,06;0,0;3,06;2,56;2,38;2,01;1,87;1,84;0,037;0,016;0,131;0,0599;0,0519;0,0349;0,0243;0,0224;0,208;0,0;1,49;0,551;0,42;0,152;0,0462;0,0333;0,0265;0,0117;0,0508;0,0464;0,0413;0,0242;0,0171;0,0145;0,333;0,208;0,771;0,44;0,404;0,326;0,264;0,249;12,6;0,732;44,1;24,3;21,0;11,4;5,81;4,64;-0,37;-9,15;52,54;38,56;31,5;10,59;-2,35;-5,65
CampoPrincipe;CampoPrincipe1;10096;68,81;61,5;75,6;72,42;71,37;68,01;63,87;63,33;68,57;60,47;75,59;72,36;71,22;67,74;63,26;62,47;65,74;56,68;73,88;69,62;68,48;64,85;59,97;59,13;21,5;0,0;26,5;20,3;16,3;12,7;12,1;2,06;0,0;3,06;2,56;2,38;2,01;1,87;1,84;0,037;0,016;0,131;0,0599;0,0519;0,0349;0,0243;0,0224;0,208;0,0;1,49;0,551;0,42;0,152;0,0462;0,0333;0,0265;0,0117;0,0508;0,0464;0,0413;0,0242;0,0171;0,0145;0,333;0,208;0,771;0,44;0,404;0,326;0,264;0,249;12,6;0,732;44,1;24,3;21,0;11,4;5,81;4,64;-0,37;-9,15;52,54;38,56;31,5;10,59;-2,35;-5,65
CampoPrincipe;CampoPrincipe1;10133;68,81;61,5;75,6;72,42;71,37;68,01;63,87;63,33;68,57;60,47;75,59;72,36;71,22;67,74;63,26;62,47;65,74;56,68;73,88;69,62;68,48;64,85;59,97;59,13;21,5;0,0;26,5;20,3;16,3;12,7;12,1;2,06;0,0;3,06;2,56;2,38;2,01;1,87;1,84;0,037;0,016;0,131;0,0599;0,0519;0,0349;0,0243;0,0224;0,208;0,0;1,49;0,551;0,42;0,152;0,0462;0,0333;0,0265;0,0117;0,0508;0,0464;0,0413;0,0242;0,0171;0,0145;0,333;0,208;0,771;0,44;0,404;0,326;0,264;0,249;12,6;0,732;44,1;24,3;21,0;11,4;5,81;4,64;-0,37;-9,15;52,54;38,56;31,5;10,59;-2,35;-5,65
CampoPrincipe;CampoPrincipe1;10042;62,25;58,0;71,39;66,51;64,59;60,97;59,53;59,15;60,92;57,1;71,3;64,73;63,04;59,61;58,21;57,96;58,38;54,16;70,38;63,4;61,11;56,42;54,94;54,69;14,6;0,0;22,6;13,0;10,8;9,75;9,54;2,23;0,0;2,97;2,39;2,35;2,23;2,1;2,06;0,0249;0,0123;0,0673;0,0386;0,0337;0,0233;0,0178;0,0165;0,102;0,0;1,3;0,271;0,154;0,0342;0,00561;0,00303;0,012;0,00292;0,0303;0,029;0,0254;0,00818;0,00486;0,00349;0,344;0,223;1,05;0,448;0,406;0,333;0,276;0,263;7,12;0,393;60,3;17,4;12,4;5,74;2,89;2,3;-1,62;-12,66;52,56;32,78;27,59;5,85;-10,88;-11,67
CampoPrincipe;CampoPrincipe1;10098;62,25;58,0;71,39;66,51;64,59;60,97;59,53;59,15;60,92;57,1;71,3;64,73;63,04;59,61;58,21;57,96;58,38;54,16;70,38;63,4;61,11;56,42;54,94;54,69;14,6;0,0;22,6;13,0;10,8;9,75;9,54;2,23;0,0;2,97;2,39;2,35;2,23;2,1;2,06;0,0249;0,0123;0,0673;0,0386;0,0337;0,0233;0,0178;0,0165;0,102;0,0;1,3;0,271;0,154;0,0342;0,00561;0,00303;0,012;0,00292;0,0303;0,029;0,0254;0,00818;0,00486;0,00349;0,344;0,223;1,05;0,448;0,406;0,333;0,276;0,263;7,12;0,393;60,3;17,4;12,4;5,74;2,89;2,3;-1,62;-12,66;52,56;32,78;27,59;5,85;-10,88;-11,67
CampoPrincipe;CampoPrincipe1;10099;62,25;58,0;71,39;66,51;64,59;60,97;59,53;59,15;60,92;57,1;71,3;64,73;63,04;59,61;58,21;57,96;58,38;54,16;70,38;63,4;61,11;56,42;54,94;54,69;14,6;0,0;22,6;13,0;10,8;9,75;9,54;2,23;0,0;2,97;2,39;2,35;2,23;2,1;2,06;0,0249;0,0123;0,0673;0,0386;0,0337;0,0233;0,0178;0,0165;0,102;0,0;1,3;0,271;0,154;0,0342;0,00561;0,00303;0,012;0,00292;0,0303;0,029;0,0254;0,00818;0,00486;0,00349;0,344;0,223;1,05;0,448;0,406;0,333;0,276;0,263;7,12;0,393;60,3;17,4;12,4;5,74;2,89;2,3;-1,62;-12,66;52,56;32,78;27,59;5,85;-10,88;-11,67
CampoPrincipe;CampoPrincipe1;10100;62,25;58,0;71,39;66,51;64,59;60,97;59,53;59,15;60,92;57,1;71,3;64,73;63,04;59,61;58,21;57,96;58,38;54,16;70,38;63,4;61,11;56,42;54,94;54,69;14,6;0,0;22,6;13,0;10,8;9,75;9,54;2,23;0,0;2,97;2,39;2,35;2,23;2,1;2,06;0,0249;0,0123;0,0673;0,0386;0,0337;0,0233;0,0178;0,0165;0,102;0,0;1,3;0,271;0,154;0,0342;0,00561;0,00303;0,012;0,00292;0,0303;0,029;0,0254;0,00818;0,00486;0,00349;0,344;0,223;1,05;0,448;0,406;0,333;0,276;0,263;7,12;0,393;60,3;17,4;12,4;5,74;2,89;2,3;-1,62;-12,66;52,56;32,78;27,59;5,85;-10,88;-11,67
CampoPrincipe;CampoPrincipe1;10101;62,25;58,0;71,39;66,51;64,59;60,97;59,53;59,15;60,92;57,1;71,3;64,73;63,04;59,61;58,21;57,96;58,38;54,16;70,38;63,4;61,11;56,42;54,94;54,69;14,6;0,0;22,6;13,0;10,8;9,75;9,54;2,23;0,0;2,97;2,39;2,35;2,23;2,1;2,06;0,0249;0,0123;0,0673;0,0386;0,0337;0,0233;0,0178;0,0165;0,102;0,0;1,3;0,271;0,154;0,0342;0,00561;0,00303;0,012;0,00292;0,0303;0,029;0,0254;0,00818;0,00486;0,00349;0,344;0,223;1,05;0,448;0,406;0,333;0,276;0,263;7,12;0,393;60,3;17,4;12,4;5,74;2,89;2,3;-1,62;-12,66;52,56;32,78;27,59;5,85;-10,88;-11,67
CampoPrincipe;CampoPrincipe1;10134;62,25;58,0;71,39;66,51;64,59;60,97;59,53;59,15;60,92;57,1;71,3;64,73;63,04;59,61;58,21;57,96;58,38;54,16;70,38;63,4;61,11;56,42;54,94;54,69;14,6;0,0;22,6;13,0;10,8;9,75;9,54;2,23;0,0;2,97;2,39;2,35;2,23;2,1;2,06;0,0249;0,0123;0,0673;0,0386;0,0337;0,0233;0,0178;0,0165;0,102;0,0;1,3;0,271;0,154;0,0342;0,00561;0,00303;0,012;0,00292;0,0303;0,029;0,0254;0,00818;0,00486;0,00349;0,344;0,223;1,05;0,448;0,406;0,333;0,276;0,263;7,12;0,393;60,3;17,4;12,4;5,74;2,89;2,3;-1,62;-12,66;52,56;32,78;27,59;5,85;-10,88;-11,67
CampoPrincipe;CampoPrincipe1;10019;62,84;57,93;70,75;66,99;65,65;61,66;59,36;58,88;60,86;56,47;67,96;64,06;63,44;59,93;58,03;57,6;57,71;54,29;63,48;60,8;59,92;56,8;55,18;54,96;13,6;0,0;17,5;12,9;11,0;9,87;9,65;2,18;0,0;2,88;2,39;2,34;2,18;2,02;1,98;0,0261;0,0128;0,0807;0,04;0,0348;0,0247;0,0189;0,0173;0,0997;0,0;0,865;0,288;0,182;0,0371;0,00867;0,00505;0,0118;0,0042;0,0277;0,0258;0,0229;0,00947;0,00499;0,00452;0,352;0,233;0,599;0,437;0,418;0,351;0,284;0,271;6,82;0,199;32,8;14,2;11,7;5,91;3,02;2,42;-0,41;-13,1;55,32;31,36;27,25;6,74;-9,23;-11,19
CampoPrincipe;CampoPrincipe1;10043;62,84;57,93;70,75;66,99;65,65;61,66;59,36;58,88;60,86;56,47;67,96;64,06;63,44;59,93;58,03;57,6;57,71;54,29;63,48;60,8;59,92;56,8;55,18;54,96;13,6;0,0;17,5;12,9;11,0;9,87;9,65;2,18;0,0;2,88;2,39;2,34;2,18;2,02;1,98;0,0261;0,0128;0,0807;0,04;0,0348;0,0247;0,0189;0,0173;0,0997;0,0;0,865;0,288;0,182;0,0371;0,00867;0,00505;0,0118;0,0042;0,0277;0,0258;0,0229;0,00947;0,00499;0,00452;0,352;0,233;0,599;0,437;0,418;0,351;0,284;0,271;6,82;0,199;32,8;14,2;11,7;5,91;3,02;2,42;-0,41;-13,1;55,32;31,36;27,25;6,74;-9,23;-11,19
CampoPrincipe;CampoPrincipe1;10033;65,84;61,47;71,25;68,67;68,16;65,31;62,86;62,46;65,19;60,53;69,64;68,19;67,67;64,81;62,14;61,57;61,43;55,76;66,44;65,03;64,42;60,64;57,26;56,69;15,8;0,0;18,8;15,1;12,5;10,5;10,2;1,71;0,0;2,47;1,87;1,82;1,7;1,6;1,57;0,0337;0,016;0,125;0,0525;0,0461;0,0318;0,0233;0,0209;0,166;0,0;1,36;0,484;0,324;0,107;0,0253;0,0161;0,0176;0,0051;0,048;0,041;0,0303;0,0185;0,00594;0,00546;0,269;0,129;0,436;0,336;0,32;0,27;0,218;0,207;7,94;0,173;35,0;16,7;13,8;7,08;3,36;2,6;-1,26;-20,39;54,61;34,53;25,97;-2,99;-18,03;-18,83
CampoPrincipe;CampoPrincipe1;10032;69,6;59,23;87,54;69,58;67,74;64,18;61,08;60,61;65,15;58,35;77,93;68,5;67,11;63,62;59,98;59,53;60,69;54,29;68,49;64,47;63,36;59,68;55,72;55,34;16,0;0,0;19,8;15,2;12,4;10,3;10,0;1,98;0,0;2,47;2,19;2,12;1,97;1,83;1,8;0,032;0,0149;0,072;0,0507;0,0451;0,0303;0,0213;0,0191;0,175;0,0;1,36;0,541;0,387;0,107;0,0242;0,0148;0,0177;0,00726;0,0417;0,034;0,0287;0,0168;0,00892;0,00849;0,284;0,187;0,467;0,362;0,341;0,282;0,232;0,217;8,76;0,435;35,9;18,5;15,7;7,66;3,36;2,57;-4,65;-18,05;66,38;32,63;27,0;4,43;-15,04;-16,23
CampoPrincipe;CampoPrincipe1;10050;69,6;59,23;87,54;69,58;67,74;64,18;61,08;60,61;65,15;58,35;77,93;68,5;67,11;63,62;59,98;59,53;60,69;54,29;68,49;64,47;63,36;59,68;55,72;55,34;16,0;0,0;19,8;15,2;12,4;10,3;10,0;1,98;0,0;2,47;2,19;2,12;1,97;1,83;1,8;0,032;0,0149;0,072;0,0507;0,0451;0,0303;0,0213;0,0191;0,175;0,0;1,36;0,541;0,387;0,107;0,0242;0,0148;0,0177;0,00726;0,0417;0,034;0,0287;0,0168;0,00892;0,00849;0,284;0,187;0,467;0,362;0,341;0,282;0,232;0,217;8,76;0,435;35,9;18,5;15,7;7,66;3,36;2,57;-4,65;-18,05;66,38;32,63;27,0;4,43;-15,04;-16,23
CampoPrincipe;CampoPrincipe1;10051;69,6;59,23;87,54;69,58;67,74;64,18;61,08;60,61;65,15;58,35;77,93;68,5;67,11;63,62;59,98;59,53;60,69;54,29;68,49;64,47;63,36;59,68;55,72;55,34;16,0;0,0;19,8;15,2;12,4;10,3;10,0;1,98;0,0;2,47;2,19;2,12;1,97;1,83;1,8;0,032;0,0149;0,072;0,0507;0,0451;0,0303;0,0213;0,0191;0,175;0,0;1,36;0,541;0,387;0,107;0,0242;0,0148;0,0177;0,00726;0,0417;0,034;0,0287;0,0168;0,00892;0,00849;0,284;0,187;0,467;0,362;0,341;0,282;0,232;0,217;8,76;0,435;35,9;18,5;15,7;7,66;3,36;2,57;-4,65;-18,05;66,38;32,63;27,0;4,43;-15,04;-16,23
CampoPrincipe;CampoPrincipe1;10052;69,6;59,23;87,54;69,58;67,74;64,18;61,08;60,61;65,15;58,35;77,93;68,5;67,11;63,62;59,98;59,53;60,69;54,29;68,49;64,47;63,36;59,68;55,72;55,34;16,0;0,0;19,8;15,2;12,4;10,3;10,0;1,98;0,0;2,47;2,19;2,12;1,97;1,83;1,8;0,032;0,0149;0,072;0,0507;0,0451;0,0303;0,0213;0,0191;0,175;0,0;1,36;0,541;0,387;0,107;0,0242;0,0148;0,0177;0,00726;0,0417;0,034;0,0287;0,0168;0,00892;0,00849;0,284;0,187;0,467;0,362;0,341;0,282;0,232;0,217;8,76;0,435;35,9;18,5;15,7;7,66;3,36;2,57;-4,65;-18,05;66,38;32,63;27,0;4,43;-15,04;-16,23
CampoPrincipe;CampoPrincipe1;10068;64,43;59,73;72,15;67,52;66,92;63,55;61,6;61,09;63,87;58,83;70,48;67,02;66,55;62,96;60,76;60,19;60,98;55,33;68,18;64,3;63,69;60,01;57,36;56,79;16,3;0,0;24,9;15,5;12,9;11,1;10,9;2,09;0,0;3,03;2,29;2,23;2,07;1,95;1,93;0,0307;0,0134;0,0851;0,045;0,0411;0,0296;0,0213;0,0199;0,103;0,0;1,01;0,28;0,195;0,0588;0,0144;0,00871;0,012;0,00612;0,0421;0,0288;0,0173;0,0105;0,00792;0,00676;0,32;0,224;0,449;0,409;0,384;0,315;0,267;0,256;7,02;0,217;44,1;13,7;11,4;6,21;3,21;2,58;-0,78;-13,73;51,56;34,67;28,52;7,52;-11,11;-12,67
CampoPrincipe;CampoPrincipe1;10053;69,06;59,57;86,79;68,16;67,08;63,7;61,63;61,13;67,32;58,66;84,45;67,81;66,78;63,21;60,9;60,29;60,94;55,81;73,14;64,36;63,21;59,86;57,85;57,09;16,7;0,0;33,2;15,7;13,3;11,7;11,3;2,24;0,0;3,34;2,63;2,47;2,21;2,05;2,0;0,0287;0,0127;0,0751;0,043;0,0393;0,0275;0,0199;0,0181;0,1;0,0;0,904;0,268;0,206;0,0538;0,0137;0,00778;0,0154;0,00592;0,0764;0,0251;0,0234;0,0142;0,00804;0,0068;0,345;0,227;0,935;0,457;0,416;0,34;0,277;0,263;8,27;0,848;63,6;17,3;14,0;7,11;3,69;2,97;-2,44;-10,26;61,21;33,94;29,75;11,2;-7,57;-8,54
CampoPrincipe;CampoPrincipe1;10054;69,06;59,57;86,79;68,16;67,08;63,7;61,63;61,13;67,32;58,66;84,45;67,81;66,78;63,21;60,9;60,29;60,94;55,81;73,14;64,36;63,21;59,86;57,85;57,09;16,7;0,0;33,2;15,7;13,3;11,7;11,3;2,24;0,0;3,34;2,63;2,47;2,21;2,05;2,0;0,0287;0,0127;0,0751;0,043;0,0393;0,0275;0,0199;0,0181;0,1;0,0;0,904;0,268;0,206;0,0538;0,0137;0,00778;0,0154;0,00592;0,0764;0,0251;0,0234;0,0142;0,00804;0,0068;0,345;0,227;0,935;0,457;0,416;0,34;0,277;0,263;8,27;0,848;63,6;17,3;14,0;7,11;3,69;2,97;-2,44;-10,26;61,21;33,94;29,75;11,2;-7,57;-8,54
CampoPrincipe;CampoPrincipe1;10059;69,06;59,57;86,79;68,16;67,08;63,7;61,63;61,13;67,32;58,66;84,45;67,81;66,78;63,21;60,9;60,29;60,94;55,81;73,14;64,36;63,21;59,86;57,85;57,09;16,7;0,0;33,2;15,7;13,3;11,7;11,3;2,24;0,0;3,34;2,63;2,47;2,21;2,05;2,0;0,0287;0,0127;0,0751;0,043;0,0393;0,0275;0,0199;0,0181;0,1;0,0;0,904;0,268;0,206;0,0538;0,0137;0,00778;0,0154;0,00592;0,0764;0,0251;0,0234;0,0142;0,00804;0,0068;0,345;0,227;0,935;0,457;0,416;0,34;0,277;0,263;8,27;0,848;63,6;17,3;14,0;7,11;3,69;2,97;-2,44;-10,26;61,21;33,94;29,75;11,2;-7,57;-8,54
CampoPrincipe;CampoPrincipe1;10060;69,06;59,57;86,79;68,16;67,08;63,7;61,63;61,13;67,32;58,66;84,45;67,81;66,78;63,21;60,9;60,29;60,94;55,81;73,14;64,36;63,21;59,86;57,85;57,09;16,7;0,0;33,2;15,7;13,3;11,7;11,3;2,24;0,0;3,34;2,63;2,47;2,21;2,05;2,0;0,0287;0,0127;0,0751;0,043;0,0393;0,0275;0,0199;0,0181;0,1;0,0;0,904;0,268;0,206;0,0538;0,0137;0,00778;0,0154;0,00592;0,0764;0,0251;0,0234;0,0142;0,00804;0,0068;0,345;0,227;0,935;0,457;0,416;0,34;0,277;0,263;8,27;0,848;63,6;17,3;14,0;7,11;3,69;2,97;-2,44;-10,26;61,21;33,94;29,75;11,2;-7,57;-8,54
CampoPrincipe;CampoPrincipe1;10055;67,53;60,75;82,48;70,32;69,06;65,79;62,78;62,26;65,97;60,19;73,28;68,81;68,01;65,4;62,28;61,69;63,03;57,32;68,99;65,94;65,21;62,65;59,26;58,49;17,9;0,0;21,9;17,3;14,7;12,2;11,7;2,13;0,0;2,82;2,45;2,34;2,1;1,96;1,93;0,0324;0,0155;0,0665;0,049;0,0437;0,031;0,0226;0,0209;0,145;0,0;1,19;0,421;0,285;0,0898;0,0224;0,015;0,0134;0,00743;0,0313;0,0226;0,0189;0,0125;0,00895;0,008;0,332;0,225;0,437;0,398;0,383;0,331;0,284;0,268;8,24;0,399;37,6;16,3;13,7;7,38;3,82;3,06;-0,73;-12,77;61,83;35,67;29,23;6,6;-8,94;-11,05
CampoPrincipe;CampoPrincipe1;10056;67,53;60,75;82,48;70,32;69,06;65,79;62,78;62,26;65,97;60,19;73,28;68,81;68,01;65,4;62,28;61,69;63,03;57,32;68,99;65,94;65,21;62,65;59,26;58,49;17,9;0,0;21,9;17,3;14,7;12,2;11,7;2,13;0,0;2,82;2,45;2,34;2,1;1,96;1,93;0,0324;0,0155;0,0665;0,049;0,0437;0,031;0,0226;0,0209;0,145;0,0;1,19;0,421;0,285;0,0898;0,0224;0,015;0,0134;0,00743;0,0313;0,0226;0,0189;0,0125;0,00895;0,008;0,332;0,225;0,437;0,398;0,383;0,331;0,284;0,268;8,24;0,399;37,6;16,3;13,7;7,38;3,82;3,06;-0,73;-12,77;61,83;35,67;29,23;6,6;-8,94;-11,05
CampoPrincipe;CampoPrincipe1;10057;67,53;60,75;82,48;70,32;69,06;65,79;62,78;62,26;65,97;60,19;73,28;68,81;68,01;65,4;62,28;61,69;63,03;57,32;68,99;65,94;65,21;62,65;59,26;58,49;17,9;0,0;21,9;17,3;14,7;12,2;11,7;2,13;0,0;2,82;2,45;2,34;2,1;1,96;1,93;0,0324;0,0155;0,0665;0,049;0,0437;0,031;0,0226;0,0209;0,145;0,0;1,19;0,421;0,285;0,0898;0,0224;0,015;0,0134;0,00743;0,0313;0,0226;0,0189;0,0125;0,00895;0,008;0,332;0,225;0,437;0,398;0,383;0,331;0,284;0,268;8,24;0,399;37,6;16,3;13,7;7,38;3,82;3,06;-0,73;-12,77;61,83;35,67;29,23;6,6;-8,94;-11,05
CampoPrincipe;CampoPrincipe1;10058;67,53;60,75;82,48;70,32;69,06;65,79;62,78;62,26;65,97;60,19;73,28;68,81;68,01;65,4;62,28;61,69;63,03;57,32;68,99;65,94;65,21;62,65;59,26;58,49;17,9;0,0;21,9;17,3;14,7;12,2;11,7;2,13;0,0;2,82;2,45;2,34;2,1;1,96;1,93;0,0324;0,0155;0,0665;0,049;0,0437;0,031;0,0226;0,0209;0,145;0,0;1,19;0,421;0,285;0,0898;0,0224;0,015;0,0134;0,00743;0,0313;0,0226;0,0189;0,0125;0,00895;0,008;0,332;0,225;0,437;0,398;0,383;0,331;0,284;0,268;8,24;0,399;37,6;16,3;13,7;7,38;3,82;3,06;-0,73;-12,77;61,83;35,67;29,23;6,6;-8,94;-11,05
CampoPrincipe;CampoPrincipe1;10062;72,06;66,51;77,7;75,22;74,47;71,46;68,6;68,06;71,92;66,23;77,68;75,19;74,42;71,28;68,35;67,76;69,26;63,13;75,51;72,76;72,06;68,45;65,1;64,47;25,6;0,0;33,7;24,2;19,5;16,3;15,8;1,93;0,0;2,69;2,17;2,09;1,91;1,81;1,79;0,0441;0,0198;0,113;0,0651;0,0583;0,0424;0,0301;0,0279;0,19;0,0;1,9;0,466;0,369;0,142;0,0437;0,0294;0,0263;0,0102;0,055;0,0446;0,0366;0,0254;0,015;0,0122;0,322;0,185;0,505;0,406;0,372;0,322;0,271;0,26;12,1;1,69;48,7;23,0;19,4;11,1;5,81;4,82;-0,09;-13,06;55,87;41,79;33,83;6,78;-10,06;-11,2
CampoPrincipe;CampoPrincipe1;10063;72,06;66,51;77,7;75,22;74,47;71,46;68,6;68,06;71,92;66,23;77,68;75,19;74,42;71,28;68,35;67,76;69,26;63,13;75,51;72,76;72,06;68,45;65,1;64,47;25,6;0,0;33,7;24,2;19,5;16,3;15,8;1,93;0,0;2,69;2,17;2,09;1,91;1,81;1,79;0,0441;0,0198;0,113;0,0651;0,0583;0,0424;0,0301;0,0279;0,19;0,0;1,9;0,466;0,369;0,142;0,0437;0,0294;0,0263;0,0102;0,055;0,0446;0,0366;0,0254;0,015;0,0122;0,322;0,185;0,505;0,406;0,372;0,322;0,271;0,26;12,1;1,69;48,7;23,0;19,4;11,1;5,81;4,82;-0,09;-13,06;55,87;41,79;33,83;6,78;-10,06;-11,2
CampoPrincipe;CampoPrincipe1;10064;72,06;66,51;77,7;75,22;74,47;71,46;68,6;68,06;71,92;66,23;77,68;75,19;74,42;71,28;68,35;67,76;69,26;63,13;75,51;72,76;72,06;68,45;65,1;64,47;25,6;0,0;33,7;24,2;19,5;16,3;15,8;1,93;0,0;2,69;2,17;2,09;1,91;1,81;1,79;0,0441;0,0198;0,113;0,0651;0,0583;0,0424;0,0301;0,0279;0,19;0,0;1,9;0,466;0,369;0,142;0,0437;0,0294;0,0263;0,0102;0,055;0,0446;0,0366;0,0254;0,015;0,0122;0,322;0,185;0,505;0,406;0,372;0,322;0,271;0,26;12,1;1,69;48,7;23,0;19,4;11,1;5,81;4,82;-0,09;-13,06;55,87;41,79;33,83;6,78;-10,06;-11,2
CampoPrincipe;CampoPrincipe1;10069;72,06;66,51;77,7;75,22;74,47;71,46;68,6;68,06;71,92;66,23;77,68;75,19;74,42;71,28;68,35;67,76;69,26;63,13;75,51;72,76;72,06;68,45;65,1;64,47;25,6;0,0;33,7;24,2;19,5;16,3;15,8;1,93;0,0;2,69;2,17;2,09;1,91;1,81;1,79;0,0441;0,0198;0,113;0,0651;0,0583;0,0424;0,0301;0,0279;0,19;0,0;1,9;0,466;0,369;0,142;0,0437;0,0294;0,0263;0,0102;0,055;0,0446;0,0366;0,0254;0,015;0,0122;0,322;0,185;0,505;0,406;0,372;0,322;0,271;0,26;12,1;1,69;48,7;23,0;19,4;11,1;5,81;4,82;-0,09;-13,06;55,87;41,79;33,83;6,78;-10,06;-11,2
CampoPrincipe;CampoPrincipe1;10070;72,06;66,51;77,7;75,22;74,47;71,46;68,6;68,06;71,92;66,23;77,68;75,19;74,42;71,28;68,35;67,76;69,26;63,13;75,51;72,76;72,06;68,45;65,1;64,47;25,6;0,0;33,7;24,2;19,5;16,3;15,8;1,93;0,0;2,69;2,17;2,09;1,91;1,81;1,79;0,0441;0,0198;0,113;0,0651;0,0583;0,0424;0,0301;0,0279;0,19;0,0;1,9;0,466;0,369;0,142;0,0437;0,0294;0,0263;0,0102;0,055;0,0446;0,0366;0,0254;0,015;0,0122;0,322;0,185;0,505;0,406;0,372;0,322;0,271;0,26;12,1;1,69;48,7;23,0;19,4;11,1;5,81;4,82;-0,09;-13,06;55,87;41,79;33,83;6,78;-10,06;-11,2
CampoPrincipe;CampoPrincipe1;10061;68,03;60,35;80,6;71,79;70,82;65,94;62,37;61,73;67,04;59,38;73,13;70,79;69,95;65,55;61,9;61,3;64,16;56,61;70,72;68,48;67,31;62,5;58,76;58,15;20,1;0,0;24,1;19,2;14,7;11,8;11,3;2,04;0,0;2,63;2,27;2,21;2,03;1,9;1,87;0,0343;0,0156;0,0686;0,0517;0,047;0,0328;0,0232;0,0208;0,155;0,0;1,15;0,387;0,3;0,108;0,0263;0,0171;0,021;0,0102;0,0411;0,0323;0,0308;0,0199;0,0138;0,0121;0,344;0,212;1,1;0,421;0,403;0,339;0,274;0,259;10,3;0,749;37,8;19,1;16,7;9,66;4,51;3,55;-0,42;-11,25;60,38;37,32;30,81;6,8;-8,1;-9,5
CampoPrincipe;CampoPrincipe1;10065;74,23;62,25;83,31;79,89;78,24;71,81;65,42;64,76;68,05;61,44;74,42;72,34;70,89;66,78;64,03;63,47;65,03;56,25;72,04;69,32;68,22;63,78;59,52;58,92;20,9;0,0;26,0;19,4;15,3;12,1;11,7;1,95;0,0;3,31;2,26;2,14;1,93;1,78;1,75;0,0362;0,0161;0,108;0,0542;0,0488;0,0346;0,025;0,0222;0,231;0,0;1,45;0,555;0,458;0,183;0,059;0,0425;0,0237;0,00942;0,0523;0,0447;0,0405;0,0216;0,0114;0,0109;0,308;0,178;0,905;0,435;0,391;0,296;0,245;0,233;11,0;0,827;46,7;23,2;18,5;9,61;4,89;4,06;-0,51;-14,67;71,05;38,25;30,84;7,04;-11,58;-13,12
CampoPrincipe;CampoPrincipe1;10067;74,23;62,25;83,31;79,89;78,24;71,81;65,42;64,76;68,05;61,44;74,42;72,34;70,89;66,78;64,03;63,47;65,03;56,25;72,04;69,32;68,22;63,78;59,52;58,92;20,9;0,0;26,0;19,4;15,3;12,1;11,7;1,95;0,0;3,31;2,26;2,14;1,93;1,78;1,75;0,0362;0,0161;0,108;0,0542;0,0488;0,0346;0,025;0,0222;0,231;0,0;1,45;0,555;0,458;0,183;0,059;0,0425;0,0237;0,00942;0,0523;0,0447;0,0405;0,0216;0,0114;0,0109;0,308;0,178;0,905;0,435;0,391;0,296;0,245;0,233;11,0;0,827;46,7;23,2;18,5;9,61;4,89;4,06;-0,51;-14,67;71,05;38,25;30,84;7,04;-11,58;-13,12
CampoPrincipe;CampoPrincipe1;10071;71,54;66,06;79,84;74,16;73,5;70,83;68,63;68,21;71,06;65,17;77,61;74,01;73,31;70,36;67,8;67,23;69,07;63,85;74,31;71,9;71,18;68,41;66,21;65,64;27,2;0,0;33,2;26,0;22,5;19,5;18,8;2,78;0,0;3,72;3,03;2,97;2,78;2,6;2,55;0,0401;0,0197;0,0784;0,0582;0,053;0,0393;0,0294;0,0266;0,219;0,0;1,17;0,566;0,44;0,169;0,0403;0,0249;0,0166;0,0115;0,0372;0,025;0,0229;0,0163;0,0133;0,0124;0,691;0,402;1,11;0,909;0,843;0,679;0,559;0,54;12,0;0,973;47,7;20,8;17,7;11,3;6,85;5,78;-0,41;7,19;56,67;41,72;37,49;21,88;9,63;8,81
CampoPrincipe;CampoPrincipe1;10072;71,54;66,06;79,84;74,16;73,5;70,83;68,63;68,21;71,06;65,17;77,61;74,01;73,31;70,36;67,8;67,23;69,07;63,85;74,31;71,9;71,18;68,41;66,21;65,64;27,2;0,0;33,2;26,0;22,5;19,5;18,8;2,78;0,0;3,72;3,03;2,97;2,78;2,6;2,55;0,0401;0,0197;0,0784;0,0582;0,053;0,0393;0,0294;0,0266;0,219;0,0;1,17;0,566;0,44;0,169;0,0403;0,0249;0,0166;0,0115;0,0372;0,025;0,0229;0,0163;0,0133;0,0124;0,691;0,402;1,11;0,909;0,843;0,679;0,559;0,54;12,0;0,973;47,7;20,8;17,7;11,3;6,85;5,78;-0,41;7,19;56,67;41,72;37,49;21,88;9,63;8,81
CampoPrincipe;CampoPrincipe1;10036;61,89;58,62;68,22;64,53;63,58;61,32;60,14;59,85;60,51;56,45;63,63;62,14;61,83;60,37;58,99;58,53;55,88;50,86;59,18;57,96;57,3;55,88;53,34;52,8;12,0;0,0;13,5;11,7;10,5;8,72;8,41;1,95;0,0;2,49;2,34;2,25;1,99;1,74;1,71;0,026;0,0124;0,0538;0,0371;0,0338;0,0256;0,0187;0,0173;0,0916;0,0;0,522;0,213;0,178;0,063;0,0196;0,0129;0,00624;0,00341;0,0118;0,0102;0,00899;0,00597;0,00421;0,00383;0,275;0,157;0,463;0,342;0,323;0,273;0,228;0,214;5,14;0,124;18,0;9,9;8,46;4,77;2,33;1,78;-2,04;-19,96;52,98;30,04;23,98;-4,12;-17,58;-18,39
CampoPrincipe;CampoPrincipe1;10040;61,89;58,62;68,22;64,53;63,58;61,32;60,14;59,85;60,51;56,45;63,63;62,14;61,83;60,37;58,99;58,53;55,88;50,86;59,18;57,96;57,3;55,88;53,34;52,8;12,0;0,0;13,5;11,7;10,5;8,72;8,41;1,95;0,0;2,49;2,34;2,25;1,99;1,74;1,71;0,026;0,0124;0,0538;0,0371;0,0338;0,0256;0,0187;0,0173;0,0916;0,0;0,522;0,213;0,178;0,063;0,0196;0,0129;0,00624;0,00341;0,0118;0,0102;0,00899;0,00597;0,00421;0,00383;0,275;0,157;0,463;0,342;0,323;0,273;0,228;0,214;5,14;0,124;18,0;9,9;8,46;4,77;2,33;1,78;-2,04;-19,96;52,98;30,04;23,98;-4,12;-17,58;-18,39
CampoPrincipe;CampoPrincipe1;10041;61,89;58,62;68,22;64,53;63,58;61,32;60,14;59,85;60,51;56,45;63,63;62,14;61,83;60,37;58,99;58,53;55,88;50,86;59,18;57,96;57,3;55,88;53,34;52,8;12,0;0,0;13,5;11,7;10,5;8,72;8,41;1,95;0,0;2,49;2,34;2,25;1,99;1,74;1,71;0,026;0,0124;0,0538;0,0371;0,0338;0,0256;0,0187;0,0173;0,0916;0,0;0,522;0,213;0,178;0,063;0,0196;0,0129;0,00624;0,00341;0,0118;0,0102;0,00899;0,00597;0,00421;0,00383;0,275;0,157;0,463;0,342;0,323;0,273;0,228;0,214;5,14;0,124;18,0;9,9;8,46;4,77;2,33;1,78;-2,04;-19,96;52,98;30,04;23,98;-4,12;-17,58;-18,39
CampoPrincipe;CampoPrincipe1;10037;61,18;56,7;74,0;65,07;62,63;59,25;57,99;57,73;58,43;55,77;66,52;60,85;59,66;57,8;56,79;56,56;55,68;53,46;60,11;57,4;56,95;55,41;54,44;54,21;11,6;0,0;15,0;11,2;10,0;9,26;9,08;2,36;0,0;2,88;2,54;2,5;2,37;2,21;2,17;0,0225;0,0111;0,0428;0,0323;0,0295;0,0218;0,0166;0,0152;0,063;0,0;0,448;0,129;0,0901;0,0238;0,00574;0,00236;0,00691;0,00354;0,0194;0,0149;0,013;0,00571;0,00435;0,00391;0,398;0,24;0,645;0,483;0,464;0,397;0,33;0,306;5,82;0,137;26,3;10,9;9,27;5,34;2,88;2,31;-0,57;-11,57;54,41;29,57;27,37;7,87;-9,22;-9,93
CampoPrincipe;CampoPrincipe1;10038;61,18;56,7;74,0;65,07;62,63;59,25;57,99;57,73;58,43;55,77;66,52;60,85;59,66;57,8;56,79;56,56;55,68;53,46;60,11;57,4;56,95;55,41;54,44;54,21;11,6;0,0;15,0;11,2;10,0;9,26;9,08;2,36;0,0;2,88;2,54;2,5;2,37;2,21;2,17;0,0225;0,0111;0,0428;0,0323;0,0295;0,0218;0,0166;0,0152;0,063;0,0;0,448;0,129;0,0901;0,0238;0,00574;0,00236;0,00691;0,00354;0,0194;0,0149;0,013;0,00571;0,00435;0,00391;0,398;0,24;0,645;0,483;0,464;0,397;0,33;0,306;5,82;0,137;26,3;10,9;9,27;5,34;2,88;2,31;-0,57;-11,57;54,41;29,57;27,37;7,87;-9,22;-9,93
CampoPrincipe;CampoPrincipe1;10039;61,18;56,7;74,0;65,07;62,63;59,25;57,99;57,73;58,43;55,77;66,52;60,85;59,66;57,8;56,79;56,56;55,68;53,46;60,11;57,4;56,95;55,41;54,44;54,21;11,6;0,0;15,0;11,2;10,0;9,26;9,08;2,36;0,0;2,88;2,54;2,5;2,37;2,21;2,17;0,0225;0,0111;0,0428;0,0323;0,0295;0,0218;0,0166;0,0152;0,063;0,0;0,448;0,129;0,0901;0,0238;0,00574;0,00236;0,00691;0,00354;0,0194;0,0149;0,013;0,00571;0,00435;0,00391;0,398;0,24;0,645;0,483;0,464;0,397;0,33;0,306;5,82;0,137;26,3;10,9;9,27;5,34;2,88;2,31;-0,57;-11,57;54,41;29,57;27,37;7,87;-9,22;-9,93
CampoPrincipe;CampoPrincipe1;10026;64,74;56,4;80,54;68,23;65,01;61,16;58,13;57,46;59,97;54,67;70,82;63,99;62,42;58,18;56,18;55,77;51,58;48,52;57,62;55,05;54,04;50,53;49,17;48,98;10,1;0,0;11,5;9,53;7,36;6,67;6,53;1,84;0,0;2,55;2,31;2,19;1,78;1,66;1,62;0,0212;0,0102;0,0585;0,0308;0,0276;0,0204;0,0153;0,0142;0,0845;0,0;0,344;0,184;0,15;0,0559;0,0109;0,00634;0,00601;0,00209;0,031;0,0173;0,014;0,00393;0,00248;0,00235;0,269;0,174;0,651;0,346;0,327;0,263;0,217;0,205;4,61;0,0;30,0;10,2;7,91;3,95;1,81;1,39;-1,94;-20,18;60,99;25,32;21,41;-4,52;-18,72;-19,15
CampoPrincipe;CampoPrincipe1;10027;64,74;56,4;80,54;68,23;65,01;61,16;58,13;57,46;59,97;54,67;70,82;63,99;62,42;58,18;56,18;55,77;51,58;48,52;57,62;55,05;54,04;50,53;49,17;48,98;10,1;0,0;11,5;9,53;7,36;6,67;6,53;1,84;0,0;2,55;2,31;2,19;1,78;1,66;1,62;0,0212;0,0102;0,0585;0,0308;0,0276;0,0204;0,0153;0,0142;0,0845;0,0;0,344;0,184;0,15;0,0559;0,0109;0,00634;0,00601;0,00209;0,031;0,0173;0,014;0,00393;0,00248;0,00235;0,269;0,174;0,651;0,346;0,327;0,263;0,217;0,205;4,61;0,0;30,0;10,2;7,91;3,95;1,81;1,39;-1,94;-20,18;60,99;25,32;21,41;-4,52;-18,72;-19,15
CampoPrincipe;CampoPrincipe1;10030;62,0;57,47;71,49;66,7;64,94;60,2;58,71;58,34;60,45;56,06;67,58;64,27;63,37;59,2;57,55;57,17;57,26;52,84;65,39;61,15;60,3;55,79;53,92;53,6;14,0;0,0;19,6;13,1;10,4;9,19;8,96;2,12;0,0;3,11;2,31;2,26;2,12;1,99;1,95;0,0251;0,0119;0,0614;0,0379;0,0345;0,0241;0,0178;0,0164;0,103;0,0;0,525;0,275;0,211;0,0631;0,0158;0,0104;0,0121;0,00586;0,0283;0,0191;0,0183;0,0113;0,00739;0,00635;0,304;0,185;0,596;0,423;0,398;0,29;0,239;0,224;6,84;0,12;43,7;15,0;12,0;5,85;2,97;2,35;-0,35;-13,77;54,12;31,87;25,8;4,37;-9,35;-10,5
CampoPrincipe;CampoPrincipe1;10034;62,0;57,47;71,49;66,7;64,94;60,2;58,71;58,34;60,45;56,06;67,58;64,27;63,37;59,2;57,55;57,17;57,26;52,84;65,39;61,15;60,3;55,79;53,92;53,6;14,0;0,0;19,6;13,1;10,4;9,19;8,96;2,12;0,0;3,11;2,31;2,26;2,12;1,99;1,95;0,0251;0,0119;0,0614;0,0379;0,0345;0,0241;0,0178;0,0164;0,103;0,0;0,525;0,275;0,211;0,0631;0,0158;0,0104;0,0121;0,00586;0,0283;0,0191;0,0183;0,0113;0,00739;0,00635;0,304;0,185;0,596;0,423;0,398;0,29;0,239;0,224;6,84;0,12;43,7;15,0;12,0;5,85;2,97;2,35;-0,35;-13,77;54,12;31,87;25,8;4,37;-9,35;-10,5
CampoPrincipe;CampoPrincipe1;10020;65,5;60,89;73,22;70,3;68,07;64,28;62,19;61,8;63,68;60,17;69,65;66,43;65,48;63,13;61,31;60,99;61,44;58,29;67,24;64,21;63,3;60,9;59,65;59,26;16,5;0,0;20,8;16,0;14,2;12,9;12,6;2,42;0,0;2,94;2,65;2,61;2,43;2,2;2,15;0,0301;0,0144;0,0619;0,0428;0,039;0,0296;0,0219;0,0201;0,0935;0,0;0,995;0,228;0,166;0,0494;0,0111;0,00622;0,00949;0,00506;0,0269;0,0169;0,0127;0,00904;0,00627;0,0059;0,504;0,342;0,848;0,626;0,593;0,501;0,417;0,397;7,9;0,699;43,5;13,7;11,8;7,47;4,2;3,43;-0,37;-4,16;59,02;34,28;32,02;13,56;-0,86;-2,55
CampoPrincipe;CampoPrincipe1;10028;66,31;58,01;74,04;71,07;69,13;64,82;61,8;60,67;65,25;56,11;72,91;68,65;67,92;64,33;61,14;59,96;60,42;51,07;70,58;63,93;63,03;59,21;54,8;53,47;15,0;0,0;19,5;14,1;11,3;8,94;8,41;1,64;0,0;2,33;1,86;1,81;1,62;1,51;1,48;0,0421;0,0147;0,183;0,0978;0,0702;0,0341;0,0232;0,0212;0,205;0,0;1,15;0,567;0,422;0,144;0,0415;0,0243;0,0377;0,00965;0,0799;0,0629;0,0608;0,0365;0,0205;0,0176;0,278;0,138;0,697;0,394;0,358;0,269;0,207;0,193;11,4;0,438;55,1;25,6;21,8;9,73;3,97;2,99;-0,27;-19,87;56,01;29,97;24,51;-2,24;-17,57;-18,56
CampoPrincipe;CampoPrincipe1;10024;62,58;58,46;70,22;66,01;64,85;61,6;59,91;59,61;61,32;57,32;67,41;64,5;63,83;60,54;58,87;58,41;57,58;54,32;63,22;60,08;59,3;57,11;55,74;55,33;12,8;0,0;14,9;12,5;11,2;10,1;9,84;2,15;0,0;2,96;2,34;2,29;2,14;2,01;1,97;0,026;0,0127;0,0739;0,0371;0,0336;0,025;0,0191;0,0177;0,118;0,0;1,13;0,336;0,249;0,0508;0,0104;0,00628;0,011;0,00518;0,0336;0,0234;0,0176;0,00945;0,00586;0,00548;0,305;0,205;0,746;0,382;0,364;0,304;0,246;0,233;6,64;0,0825;36,6;14,2;11,4;5,76;2,82;2,28;-0,73;-14,8;52,57;31,15;26,66;5,97;-12,81;-13,57
CampoPrincipe;CampoPrincipe1;10025;62,58;58,46;70,22;66,01;64,85;61,6;59,91;59,61;61,32;57,32;67,41;64,5;63,83;60,54;58,87;58,41;57,58;54,32;63,22;60,08;59,3;57,11;55,74;55,33;12,8;0,0;14,9;12,5;11,2;10,1;9,84;2,15;0,0;2,96;2,34;2,29;2,14;2,01;1,97;0,026;0,0127;0,0739;0,0371;0,0336;0,025;0,0191;0,0177;0,118;0,0;1,13;0,336;0,249;0,0508;0,0104;0,00628;0,011;0,00518;0,0336;0,0234;0,0176;0,00945;0,00586;0,00548;0,305;0,205;0,746;0,382;0,364;0,304;0,246;0,233;6,64;0,0825;36,6;14,2;11,4;5,76;2,82;2,28;-0,73;-14,8;52,57;31,15;26,66;5,97;-12,81;-13,57
CampoPrincipe;CampoPrincipe1;10029;62,58;58,46;70,22;66,01;64,85;61,6;59,91;59,61;61,32;57,32;67,41;64,5;63,83;60,54;58,87;58,41;57,58;54,32;63,22;60,08;59,3;57,11;55,74;55,33;12,8;0,0;14,9;12,5;11,2;10,1;9,84;2,15;0,0;2,96;2,34;2,29;2,14;2,01;1,97;0,026;0,0127;0,0739;0,0371;0,0336;0,025;0,0191;0,0177;0,118;0,0;1,13;0,336;0,249;0,0508;0,0104;0,00628;0,011;0,00518;0,0336;0,0234;0,0176;0,00945;0,00586;0,00548;0,305;0,205;0,746;0,382;0,364;0,304;0,246;0,233;6,64;0,0825;36,6;14,2;11,4;5,76;2,82;2,28;-0,73;-14,8;52,57;31,15;26,66;5,97;-12,81;-13,57
CarloV;CarloV1;10160;70,91;60,78;81,08;75,93;74,32;68,6;64,17;63,45;68,44;58,45;80,61;72,69;71,57;67,01;61,94;61,11;65,83;54,44;79,67;70,46;69,38;63,75;58,08;57,24;19,2;0,0;29,1;17,9;13,6;10,2;9,45;1,83;0,0;2,77;2,2;2,11;1,81;1,56;1,52;0,0385;0,0152;0,278;0,0673;0,0548;0,0334;0,0237;0,0212;0,305;0,0;2,57;0,77;0,594;0,241;0,0784;0,0584;0,0567;0,0227;0,104;0,0907;0,0862;0,0505;0,0313;0,0288;0,44;0,204;1,0;0,681;0,587;0,424;0,315;0,278;19,8;2,78;84,2;37,4;32,1;17,9;9,91;8,22;-0,81;-13,0;65,05;38,23;26,34;5,12;-9,9;-10,85
CarloV;CarloV1;10156;58,36;49,08;75,27;63,13;60,84;53,55;50,92;50,51;52,43;46,74;67,47;55,91;54,37;50,04;48,07;47,79;47,63;38,82;58,36;54,1;50,91;44,27;40,72;40,23;6,76;0,0;8,81;6,04;3,93;3,04;2,88;1,99;0,0;4,6;3,8;3,31;1,65;1,23;1,17;0,0216;0,00793;0,122;0,0406;0,0311;0,0191;0,0131;0,0119;0,167;0,0;1,31;0,465;0,344;0,0819;0,0133;0,00775;0,0208;0,00945;0,0411;0,036;0,0321;0,0194;0,0124;0,011;0,626;0,333;1,94;1,04;0,88;0,565;0,436;0,413;9,09;0,066;56,3;20,6;16,9;7,66;2,96;2,3;-1,54;-21,13;53,61;22,4;18,99;-3,61;-19,26;-19,77
CarloV;CarloV1;10157;58,36;49,08;75,27;63,13;60,84;53,55;50,92;50,51;52,43;46,74;67,47;55,91;54,37;50,04;48,07;47,79;47,63;38,82;58,36;54,1;50,91;44,27;40,72;40,23;6,76;0,0;8,81;6,04;3,93;3,04;2,88;1,99;0,0;4,6;3,8;3,31;1,65;1,23;1,17;0,0216;0,00793;0,122;0,0406;0,0311;0,0191;0,0131;0,0119;0,167;0,0;1,31;0,465;0,344;0,0819;0,0133;0,00775;0,0208;0,00945;0,0411;0,036;0,0321;0,0194;0,0124;0,011;0,626;0,333;1,94;1,04;0,88;0,565;0,436;0,413;9,09;0,066;56,3;20,6;16,9;7,66;2,96;2,3;-1,54;-21,13;53,61;22,4;18,99;-3,61;-19,26;-19,77
CarloV;CarloV1;10158;58,36;49,08;75,27;63,13;60,84;53,55;50,92;50,51;52,43;46,74;67,47;55,91;54,37;50,04;48,07;47,79;47,63;38,82;58,36;54,1;50,91;44,27;40,72;40,23;6,76;0,0;8,81;6,04;3,93;3,04;2,88;1,99;0,0;4,6;3,8;3,31;1,65;1,23;1,17;0,0216;0,00793;0,122;0,0406;0,0311;0,0191;0,0131;0,0119;0,167;0,0;1,31;0,465;0,344;0,0819;0,0133;0,00775;0,0208;0,00945;0,0411;0,036;0,0321;0,0194;0,0124;0,011;0,626;0,333;1,94;1,04;0,88;0,565;0,436;0,413;9,09;0,066;56,3;20,6;16,9;7,66;2,96;2,3;-1,54;-21,13;53,61;22,4;18,99;-3,61;-19,26;-19,77
CarloV;CarloV1;10159;58,36;49,08;75,27;63,13;60,84;53,55;50,92;50,51;52,43;46,74;67,47;55,91;54,37;50,04;48,07;47,79;47,63;38,82;58,36;54,1;50,91;44,27;40,72;40,23;6,76;0,0;8,81;6,04;3,93;3,04;2,88;1,99;0,0;4,6;3,8;3,31;1,65;1,23;1,17;0,0216;0,00793;0,122;0,0406;0,0311;0,0191;0,0131;0,0119;0,167;0,0;1,31;0,465;0,344;0,0819;0,0133;0,00775;0,0208;0,00945;0,0411;0,036;0,0321;0,0194;0,0124;0,011;0,626;0,333;1,94;1,04;0,88;0,565;0,436;0,413;9,09;0,066;56,3;20,6;16,9;7,66;2,96;2,3;-1,54;-21,13;53,61;22,4;18,99;-3,61;-19,26;-19,77
CarloV;CarloV1;10135;53,0;48,86;61,87;55,68;54,5;52,42;51,04;50,75;50,43;46,14;58,32;53,75;52,1;49,87;48,6;48,26;46,19;38,58;55,77;50,28;48,92;44,95;42,42;41,93;6,12;0,0;8,31;5,6;4,26;3,5;3,24;1,66;0,0;3,8;2,57;2,16;1,6;1,32;1,27;0,0207;0,00942;0,111;0,0314;0,0278;0,0196;0,0141;0,0131;0,128;0,0;0,923;0,395;0,255;0,0611;0,0145;0,00892;0,0252;0,0101;0,0523;0,0486;0,0409;0,0226;0,0131;0,0119;0,614;0,313;1,26;0,985;0,876;0,573;0,419;0,388;9,23;0,0;43,6;20,6;16,7;7,82;3,47;2,59;-0,32;-20,98;45,8;19,62;15,77;-7,78;-19,45;-19,86
CarloV;CarloV1;10149;53,0;48,86;61,87;55,68;54,5;52,42;51,04;50,75;50,43;46,14;58,32;53,75;52,1;49,87;48,6;48,26;46,19;38,58;55,77;50,28;48,92;44,95;42,42;41,93;6,12;0,0;8,31;5,6;4,26;3,5;3,24;1,66;0,0;3,8;2,57;2,16;1,6;1,32;1,27;0,0207;0,00942;0,111;0,0314;0,0278;0,0196;0,0141;0,0131;0,128;0,0;0,923;0,395;0,255;0,0611;0,0145;0,00892;0,0252;0,0101;0,0523;0,0486;0,0409;0,0226;0,0131;0,0119;0,614;0,313;1,26;0,985;0,876;0,573;0,419;0,388;9,23;0,0;43,6;20,6;16,7;7,82;3,47;2,59;-0,32;-20,98;45,8;19,62;15,77;-7,78;-19,45;-19,86
CarloV;CarloV1;10162;72,05;56,28;85,49;78,98;76,52;66,41;58,83;57,7;65,18;54,03;80,51;71,32;69,13;61,19;56,69;56,07;53,73;45,91;64,94;58,38;56,94;51,67;48,42;47,46;9,46;0,0;13,4;8,85;7,09;5,7;5,41;1,59;0,0;2,57;1,99;1,87;1,55;1,37;1,34;0,0252;0,0114;0,0883;0,04;0,0346;0,0238;0,017;0,0152;0,186;0,0;1,86;0,568;0,389;0,112;0,025;0,0157;0,0249;0,011;0,0559;0,0488;0,0407;0,0213;0,0158;0,0143;0,38;0,175;1,09;0,545;0,494;0,367;0,274;0,25;10,2;0,61;48,0;21,3;17,9;9,06;4,34;3,44;-2,37;-16,83;68,01;26,72;17,34;-1,87;-13,67;-14,68
CarloV;CarloV1;10163;72,05;56,28;85,49;78,98;76,52;66,41;58,83;57,7;65,18;54,03;80,51;71,32;69,13;61,19;56,69;56,07;53,73;45,91;64,94;58,38;56,94;51,67;48,42;47,46;9,46;0,0;13,4;8,85;7,09;5,7;5,41;1,59;0,0;2,57;1,99;1,87;1,55;1,37;1,34;0,0252;0,0114;0,0883;0,04;0,0346;0,0238;0,017;0,0152;0,186;0,0;1,86;0,568;0,389;0,112;0,025;0,0157;0,0249;0,011;0,0559;0,0488;0,0407;0,0213;0,0158;0,0143;0,38;0,175;1,09;0,545;0,494;0,367;0,274;0,25;10,2;0,61;48,0;21,3;17,9;9,06;4,34;3,44;-2,37;-16,83;68,01;26,72;17,34;-1,87;-13,67;-14,68
CarloV;CarloV1;10143;62,43;55,34;76,46;66,58;65,25;60,01;57,16;56,7;56,62;52,15;65,4;59,71;58,82;55,62;54,04;53,62;49,73;45,64;58,22;53,53;52,15;48,42;46,76;46,34;7,99;0,0;14,0;7,33;5,96;5,14;4,96;1,73;0,0;2,63;2,12;1,99;1,71;1,49;1,43;0,0238;0,0108;0,0859;0,0408;0,0346;0,0214;0,0157;0,0146;0,121;0,0;0,73;0,342;0,26;0,0666;0,0167;0,0104;0,0234;0,00753;0,0883;0,0502;0,041;0,0184;0,0106;0,00952;0,483;0,237;1,8;0,792;0,664;0,452;0,34;0,311;8,87;0,271;60,5;19,3;15,5;7,45;3,63;2,89;-2,09;-15,52;59,23;22,45;15,19;1,67;-13,43;-14,49
CarloV;CarloV1;10144;62,43;55,34;76,46;66,58;65,25;60,01;57,16;56,7;56,62;52,15;65,4;59,71;58,82;55,62;54,04;53,62;49,73;45,64;58,22;53,53;52,15;48,42;46,76;46,34;7,99;0,0;14,0;7,33;5,96;5,14;4,96;1,73;0,0;2,63;2,12;1,99;1,71;1,49;1,43;0,0238;0,0108;0,0859;0,0408;0,0346;0,0214;0,0157;0,0146;0,121;0,0;0,73;0,342;0,26;0,0666;0,0167;0,0104;0,0234;0,00753;0,0883;0,0502;0,041;0,0184;0,0106;0,00952;0,483;0,237;1,8;0,792;0,664;0,452;0,34;0,311;8,87;0,271;60,5;19,3;15,5;7,45;3,63;2,89;-2,09;-15,52;59,23;22,45;15,19;1,67;-13,43;-14,49
CarloV;CarloV1;10004;74,18;64,19;84,75;78,24;76,81;72,89;67,59;66,39;67,37;60,08;77,2;70,77;69,66;66,63;62,69;62,07;59,83;53,56;69,96;63,9;62,32;59,03;56,37;55,71;14,4;0,0;20,2;13,4;11,3;9,22;8,78;1,8;0,0;2,75;2,26;2,15;1,76;1,54;1,49;0,0284;0,0133;0,0639;0,0424;0,0384;0,0273;0,0196;0,0181;0,192;0,0;1,09;0,495;0,376;0,149;0,0572;0,0424;0,0385;0,0194;0,0591;0,0537;0,0518;0,0379;0,0258;0,0248;0,502;0,272;1,22;0,741;0,645;0,473;0,371;0,347;16,5;2,04;66,8;30,8;26,8;15,3;7,93;6,56;-1,77;-11,81;70,47;32,97;23,51;4,01;-8,71;-9,49
CarloV;CarloV1;10005;74,18;64,19;84,75;78,24;76,81;72,89;67,59;66,39;67,37;60,08;77,2;70,77;69,66;66,63;62,69;62,07;59,83;53,56;69,96;63,9;62,32;59,03;56,37;55,71;14,4;0,0;20,2;13,4;11,3;9,22;8,78;1,8;0,0;2,75;2,26;2,15;1,76;1,54;1,49;0,0284;0,0133;0,0639;0,0424;0,0384;0,0273;0,0196;0,0181;0,192;0,0;1,09;0,495;0,376;0,149;0,0572;0,0424;0,0385;0,0194;0,0591;0,0537;0,0518;0,0379;0,0258;0,0248;0,502;0,272;1,22;0,741;0,645;0,473;0,371;0,347;16,5;2,04;66,8;30,8;26,8;15,3;7,93;6,56;-1,77;-11,81;70,47;32,97;23,51;4,01;-8,71;-9,49
CarloV;CarloV1;10152;74,18;64,19;84,75;78,24;76,81;72,89;67,59;66,39;67,37;60,08;77,2;70,77;69,66;66,63;62,69;62,07;59,83;53,56;69,96;63,9;62,32;59,03;56,37;55,71;14,4;0,0;20,2;13,4;11,3;9,22;8,78;1,8;0,0;2,75;2,26;2,15;1,76;1,54;1,49;0,0284;0,0133;0,0639;0,0424;0,0384;0,0273;0,0196;0,0181;0,192;0,0;1,09;0,495;0,376;0,149;0,0572;0,0424;0,0385;0,0194;0,0591;0,0537;0,0518;0,0379;0,0258;0,0248;0,502;0,272;1,22;0,741;0,645;0,473;0,371;0,347;16,5;2,04;66,8;30,8;26,8;15,3;7,93;6,56;-1,77;-11,81;70,47;32,97;23,51;4,01;-8,71;-9,49
CarloV;CarloV1;10006;62,4;52,6;76,04;67,93;65,02;57,92;55,05;54,23;55,88;50,34;66,39;60,03;57,3;54,25;51,99;51,54;50,09;43,84;55,88;53,54;52,83;49,58;46,01;45,42;7,81;0,0;11,7;7,32;5,79;4,59;4,35;1,49;0,0;2,44;1,85;1,73;1,46;1,27;1,24;0,0233;0,0105;0,0522;0,0354;0,0317;0,0225;0,0165;0,0151;0,156;0,0;0,963;0,456;0,338;0,0957;0,0273;0,0182;0,0195;0,00734;0,07;0,0467;0,0293;0,0166;0,0108;0,00949;0,415;0,239;1,19;0,631;0,533;0,389;0,305;0,285;8,59;0,132;41,4;18,6;15,1;7,54;3,46;2,75;-1,95;-18,79;59,03;23,17;16,31;-4,98;-17,06;-17,81
CarloV;CarloV1;10007;62,4;52,6;76,04;67,93;65,02;57,92;55,05;54,23;55,88;50,34;66,39;60,03;57,3;54,25;51,99;51,54;50,09;43,84;55,88;53,54;52,83;49,58;46,01;45,42;7,81;0,0;11,7;7,32;5,79;4,59;4,35;1,49;0,0;2,44;1,85;1,73;1,46;1,27;1,24;0,0233;0,0105;0,0522;0,0354;0,0317;0,0225;0,0165;0,0151;0,156;0,0;0,963;0,456;0,338;0,0957;0,0273;0,0182;0,0195;0,00734;0,07;0,0467;0,0293;0,0166;0,0108;0,00949;0,415;0,239;1,19;0,631;0,533;0,389;0,305;0,285;8,59;0,132;41,4;18,6;15,1;7,54;3,46;2,75;-1,95;-18,79;59,03;23,17;16,31;-4,98;-17,06;-17,81
CarloV;CarloV1;10161;68,26;52,75;81,7;74,7;72,28;62,85;55,74;54,54;61,01;50,09;74,38;67,31;65,4;56,05;52,6;51,87;50,42;43,99;63,96;53,4;51,55;48,31;45,65;45,26;7,41;0,0;12,0;6,71;5,51;4,62;4,44;1,57;0,0;2,54;1,97;1,86;1,56;1,27;1,21;0,022;0,00977;0,0555;0,034;0,0297;0,0213;0,0145;0,0133;0,148;0,0;1,31;0,43;0,296;0,0868;0,0269;0,0174;0,0202;0,00777;0,05;0,0351;0,0311;0,0187;0,0104;0,00939;0,405;0,224;1,17;0,646;0,536;0,38;0,287;0,268;8,47;0,343;39,0;17,0;14,0;7,65;3,55;2,89;-2,59;-18,84;64,13;25,1;15,0;-6,13;-15,6;-16,57
CarloV;CarloV1;10150;62,06;53,46;72,93;68,32;66,63;57,58;54,89;54,47;54,12;50,71;61,88;56,91;55,97;53,32;52,1;51,82;46,09;42,02;55,95;49,56;48,25;45,01;43,17;42,86;5,55;0,0;8,92;5,22;4,37;3,75;3,6;1,4;0,0;2,12;1,85;1,75;1,36;1,13;1,09;0,0213;0,0108;0,0453;0,0303;0,0277;0,0207;0,0152;0,014;0,157;0,0;1,12;0,529;0,36;0,0917;0,0274;0,0176;0,0142;0,00672;0,0368;0,0294;0,0219;0,0127;0,00806;0,00765;0,387;0,242;0,956;0,586;0,494;0,362;0,3;0,286;7,27;0,269;42,3;15,4;12,4;6,34;2,99;2,21;-0,81;-20,96;59,17;19,45;12,64;-14,6;-19,26;-19,65
CarloV;CarloV1;10138;80,8;56,93;96,67;86,13;83,27;76,32;68,46;65,57;70,19;53,39;89,19;73,51;70,9;64,98;59,2;57,81;54,14;42,83;64,83;59,48;57,57;51,39;44,9;44,09;12,0;0,0;19,5;10,5;7,04;4,99;4,73;1,88;0,0;3,03;2,53;2,32;1,83;1,53;1,48;0,0216;0,0079;0,0849;0,0367;0,0325;0,0201;0,013;0,0118;0,132;0,0;0,883;0,339;0,263;0,0729;0,0115;0,00598;0,0274;0,00568;0,111;0,0634;0,0486;0,0209;0,00852;0,00683;0,452;0,173;1,26;0,906;0,795;0,383;0,274;0,25;10,9;0,102;51,5;26,0;21,4;9,01;3,39;2,51;-2,46;-12,39;78,59;28,18;21,15;5,96;-8,62;-10,32
CarloV;CarloV1;10147;80,8;56,93;96,67;86,13;83,27;76,32;68,46;65,57;70,19;53,39;89,19;73,51;70,9;64,98;59,2;57,81;54,14;42,83;64,83;59,48;57,57;51,39;44,9;44,09;12,0;0,0;19,5;10,5;7,04;4,99;4,73;1,88;0,0;3,03;2,53;2,32;1,83;1,53;1,48;0,0216;0,0079;0,0849;0,0367;0,0325;0,0201;0,013;0,0118;0,132;0,0;0,883;0,339;0,263;0,0729;0,0115;0,00598;0,0274;0,00568;0,111;0,0634;0,0486;0,0209;0,00852;0,00683;0,452;0,173;1,26;0,906;0,795;0,383;0,274;0,25;10,9;0,102;51,5;26,0;21,4;9,01;3,39;2,51;-2,46;-12,39;78,59;28,18;21,15;5,96;-8,62;-10,32
CarloV;CarloV1;10148;80,8;56,93;96,67;86,13;83,27;76,32;68,46;65,57;70,19;53,39;89,19;73,51;70,9;64,98;59,2;57,81;54,14;42,83;64,83;59,48;57,57;51,39;44,9;44,09;12,0;0,0;19,5;10,5;7,04;4,99;4,73;1,88;0,0;3,03;2,53;2,32;1,83;1,53;1,48;0,0216;0,0079;0,0849;0,0367;0,0325;0,0201;0,013;0,0118;0,132;0,0;0,883;0,339;0,263;0,0729;0,0115;0,00598;0,0274;0,00568;0,111;0,0634;0,0486;0,0209;0,00852;0,00683;0,452;0,173;1,26;0,906;0,795;0,383;0,274;0,25;10,9;0,102;51,5;26,0;21,4;9,01;3,39;2,51;-2,46;-12,39;78,59;28,18;21,15;5,96;-8,62;-10,32
CarloV;CarloV2;10178;66,77;59,39;75,15;72,01;70,27;64,48;61,46;61,0;62,26;56,42;71,87;66,56;64,77;60,67;58,38;57,99;57,87;50,79;68,28;62,0;60,36;55,93;53,13;52,56;12,7;0,0;18,7;11,7;9,23;7,69;7,35;1,68;0,0;2,61;2,04;1,93;1,66;1,47;1,42;0,0287;0,0125;0,0834;0,047;0,0394;0,0265;0,0191;0,0176;0,209;0,0;1,6;0,663;0,418;0,132;0,0383;0,0258;0,0275;0,00815;0,14;0,0954;0,061;0,0167;0,0108;0,01;0,412;0,235;1,58;0,634;0,548;0,381;0,296;0,275;11,2;1,05;63,9;24,3;18,8;9,47;4,85;3,95;-0,92;-16,16;61,79;29,35;23,91;0,48;-13,69;-14,38
CarloV;CarloV2;10179;66,77;59,39;75,15;72,01;70,27;64,48;61,46;61,0;62,26;56,42;71,87;66,56;64,77;60,67;58,38;57,99;57,87;50,79;68,28;62,0;60,36;55,93;53,13;52,56;12,7;0,0;18,7;11,7;9,23;7,69;7,35;1,68;0,0;2,61;2,04;1,93;1,66;1,47;1,42;0,0287;0,0125;0,0834;0,047;0,0394;0,0265;0,0191;0,0176;0,209;0,0;1,6;0,663;0,418;0,132;0,0383;0,0258;0,0275;0,00815;0,14;0,0954;0,061;0,0167;0,0108;0,01;0,412;0,235;1,58;0,634;0,548;0,381;0,296;0,275;11,2;1,05;63,9;24,3;18,8;9,47;4,85;3,95;-0,92;-16,16;61,79;29,35;23,91;0,48;-13,69;-14,38
CarloV;CarloV2;10185;66,93;57,18;77,38;72,99;71,12;62,9;59,87;59,45;65,2;56,07;77,27;70,1;69,18;62,15;58,63;58,23;62,1;50,63;73,81;67,2;66,08;59,2;54,63;53,92;17,1;0,0;24,7;15,9;10,8;8,22;7,84;1,87;0,0;2,98;2,36;2,21;1,83;1,61;1,57;0,03;0,0136;0,0809;0,0476;0,0422;0,0281;0,0203;0,0183;0,259;0,0;2,06;0,746;0,505;0,182;0,0557;0,0426;0,0441;0,0111;0,0869;0,075;0,0724;0,0422;0,0213;0,0201;0,422;0,195;1,25;0,651;0,576;0,391;0,307;0,288;17,1;1,32;69,3;37,0;29,9;14,9;7,23;5,78;-0,48;-13,68;58,08;33,22;26,86;5,59;-9,88;-11,04
CarloV;CarloV2;10186;66,93;57,18;77,38;72,99;71,12;62,9;59,87;59,45;65,2;56,07;77,27;70,1;69,18;62,15;58,63;58,23;62,1;50,63;73,81;67,2;66,08;59,2;54,63;53,92;17,1;0,0;24,7;15,9;10,8;8,22;7,84;1,87;0,0;2,98;2,36;2,21;1,83;1,61;1,57;0,03;0,0136;0,0809;0,0476;0,0422;0,0281;0,0203;0,0183;0,259;0,0;2,06;0,746;0,505;0,182;0,0557;0,0426;0,0441;0,0111;0,0869;0,075;0,0724;0,0422;0,0213;0,0201;0,422;0,195;1,25;0,651;0,576;0,391;0,307;0,288;17,1;1,32;69,3;37,0;29,9;14,9;7,23;5,78;-0,48;-13,68;58,08;33,22;26,86;5,59;-9,88;-11,04
CarloV;CarloV2;10175;68,88;59,9;80,66;73,94;71,3;66,25;62,7;61,85;65,1;58,44;75,59;68,53;67,31;63,62;60,99;60,15;61,55;53,49;74,46;65,42;64,14;59,5;56,09;55,18;15,0;0,0;22,8;14,0;11,1;9,18;8,68;1,75;0,0;2,94;2,22;2,06;1,69;1,51;1,46;0,0367;0,015;0,21;0,0857;0,0561;0,0307;0,0222;0,0206;0,242;0,0;1,74;0,697;0,517;0,159;0,0462;0,029;0,0409;0,0221;0,0759;0,0652;0,0601;0,0409;0,0249;0,0238;0,483;0,267;1,47;0,767;0,657;0,46;0,321;0,303;14,4;1,25;86,0;28,8;23,9;12,8;6,51;5,52;-0,87;-12,14;64,31;34,79;24,82;4,47;-8,18;-9,79
CarloV;CarloV2;10184;68,72;56,78;79,37;75,19;73,09;64,59;59,64;59,06;62,25;54,99;71,45;66,75;65,71;60,05;57,65;57,31;58,39;49,75;67,68;63,51;61,8;56,25;52,5;51,87;13,3;0,0;17,3;12,4;9,2;7,41;7,03;1,62;0,0;2,42;1,9;1,81;1,59;1,45;1,42;0,0277;0,0124;0,0996;0,0422;0,0384;0,0265;0,0188;0,0175;0,233;0,0;1,49;0,684;0,496;0,164;0,0619;0,0439;0,0318;0,01;0,0806;0,0723;0,0614;0,0248;0,014;0,0122;0,395;0,201;1,0;0,605;0,559;0,367;0,279;0,262;12,3;0,636;61,9;26,2;21,8;10,6;5,02;4,02;-0,49;-17,56;65,25;31,99;21,53;0,19;-15,4;-16,23
CarloV;CarloV2;10182;64,92;56,02;76,78;70,2;68,23;62,82;59,26;58,12;60,59;54,55;65,95;63,26;62,68;60,36;57,29;56,59;57,44;50,42;64,31;60,83;59,92;57,06;53,4;52,36;12,5;0,0;18,9;11,6;9,58;7,76;7,22;1,72;0,0;3,02;2,1;1,96;1,68;1,53;1,5;0,0286;0,0137;0,0596;0,0433;0,0385;0,0277;0,0202;0,0184;0,186;0,0;1,77;0,571;0,385;0,121;0,0367;0,0268;0,0171;0,00816;0,0479;0,0304;0,0261;0,016;0,0113;0,00919;0,389;0,19;0,979;0,667;0,546;0,353;0,267;0,253;10,2;0,804;56,8;20,3;16,9;9,06;4,88;3,97;-0,91;-15,9;60,93;33,05;23,28;1,44;-12,32;-13,7
CarloV;CarloV2;10183;64,92;56,02;76,78;70,2;68,23;62,82;59,26;58,12;60,59;54,55;65,95;63,26;62,68;60,36;57,29;56,59;57,44;50,42;64,31;60,83;59,92;57,06;53,4;52,36;12,5;0,0;18,9;11,6;9,58;7,76;7,22;1,72;0,0;3,02;2,1;1,96;1,68;1,53;1,5;0,0286;0,0137;0,0596;0,0433;0,0385;0,0277;0,0202;0,0184;0,186;0,0;1,77;0,571;0,385;0,121;0,0367;0,0268;0,0171;0,00816;0,0479;0,0304;0,0261;0,016;0,0113;0,00919;0,389;0,19;0,979;0,667;0,546;0,353;0,267;0,253;10,2;0,804;56,8;20,3;16,9;9,06;4,88;3,97;-0,91;-15,9;60,93;33,05;23,28;1,44;-12,32;-13,7
CarloV;CarloV2;10198;69,48;54,62;82,98;75,14;74,12;65,01;58,35;57,44;64,76;53,12;71,98;70,37;69,09;62,31;57,03;56,03;57,87;47,94;68,66;62,37;60,97;56,44;51,78;50,91;13,1;0,0;18,1;12,1;9,4;7,0;6,48;1,82;0,0;2,96;2,29;2,18;1,8;1,56;1,49;0,0303;0,0113;0,126;0,0588;0,0454;0,0265;0,0179;0,016;0,202;0,0;1,6;0,518;0,408;0,141;0,034;0,0229;0,0364;0,0145;0,0943;0,061;0,0525;0,0339;0,0187;0,0173;0,409;0,201;1,43;0,616;0,531;0,399;0,291;0,27;14,7;0,925;53,5;29,6;25,5;13,1;6,1;4,72;-2,57;-14,48;66,2;30,84;23,28;2,2;-10,93;-11,92
CarloV;CarloV2;10187;70,0;60,87;82,53;73,58;71,68;68,27;65,24;64,5;68,2;59,37;74,69;71,51;70,79;67,55;64,25;63,58;65,6;55,73;72,69;69,39;68,6;64,63;60,98;60,31;20,9;0,0;28,0;19,6;15,4;12,4;11,7;2,0;0,0;3,13;2,38;2,25;1,98;1,77;1,7;0,0359;0,0155;0,089;0,0567;0,0502;0,0342;0,0246;0,0222;0,289;0,0;1,69;0,74;0,539;0,231;0,0925;0,0674;0,0475;0,0208;0,0978;0,0741;0,0641;0,0475;0,0289;0,0255;0,427;0,149;1,12;0,701;0,615;0,408;0,296;0,274;18,4;2,03;68,3;34,9;29,9;16,9;9,18;7,55;-0,14;-1,48;62,04;38,51;31,02;12,82;4,68;3,03
CarloV;CarloV2;10188;70,0;60,87;82,53;73,58;71,68;68,27;65,24;64,5;68,2;59,37;74,69;71,51;70,79;67,55;64,25;63,58;65,6;55,73;72,69;69,39;68,6;64,63;60,98;60,31;20,9;0,0;28,0;19,6;15,4;12,4;11,7;2,0;0,0;3,13;2,38;2,25;1,98;1,77;1,7;0,0359;0,0155;0,089;0,0567;0,0502;0,0342;0,0246;0,0222;0,289;0,0;1,69;0,74;0,539;0,231;0,0925;0,0674;0,0475;0,0208;0,0978;0,0741;0,0641;0,0475;0,0289;0,0255;0,427;0,149;1,12;0,701;0,615;0,408;0,296;0,274;18,4;2,03;68,3;34,9;29,9;16,9;9,18;7,55;-0,14;-1,48;62,04;38,51;31,02;12,82;4,68;3,03
CarloV;CarloV2;10189;70,0;60,87;82,53;73,58;71,68;68,27;65,24;64,5;68,2;59,37;74,69;71,51;70,79;67,55;64,25;63,58;65,6;55,73;72,69;69,39;68,6;64,63;60,98;60,31;20,9;0,0;28,0;19,6;15,4;12,4;11,7;2,0;0,0;3,13;2,38;2,25;1,98;1,77;1,7;0,0359;0,0155;0,089;0,0567;0,0502;0,0342;0,0246;0,0222;0,289;0,0;1,69;0,74;0,539;0,231;0,0925;0,0674;0,0475;0,0208;0,0978;0,0741;0,0641;0,0475;0,0289;0,0255;0,427;0,149;1,12;0,701;0,615;0,408;0,296;0,274;18,4;2,03;68,3;34,9;29,9;16,9;9,18;7,55;-0,14;-1,48;62,04;38,51;31,02;12,82;4,68;3,03
CarloV;CarloV2;10190;70,0;60,87;82,53;73,58;71,68;68,27;65,24;64,5;68,2;59,37;74,69;71,51;70,79;67,55;64,25;63,58;65,6;55,73;72,69;69,39;68,6;64,63;60,98;60,31;20,9;0,0;28,0;19,6;15,4;12,4;11,7;2,0;0,0;3,13;2,38;2,25;1,98;1,77;1,7;0,0359;0,0155;0,089;0,0567;0,0502;0,0342;0,0246;0,0222;0,289;0,0;1,69;0,74;0,539;0,231;0,0925;0,0674;0,0475;0,0208;0,0978;0,0741;0,0641;0,0475;0,0289;0,0255;0,427;0,149;1,12;0,701;0,615;0,408;0,296;0,274;18,4;2,03;68,3;34,9;29,9;16,9;9,18;7,55;-0,14;-1,48;62,04;38,51;31,02;12,82;4,68;3,03
CarloV;CarloV2;10191;70,0;60,87;82,53;73,58;71,68;68,27;65,24;64,5;68,2;59,37;74,69;71,51;70,79;67,55;64,25;63,58;65,6;55,73;72,69;69,39;68,6;64,63;60,98;60,31;20,9;0,0;28,0;19,6;15,4;12,4;11,7;2,0;0,0;3,13;2,38;2,25;1,98;1,77;1,7;0,0359;0,0155;0,089;0,0567;0,0502;0,0342;0,0246;0,0222;0,289;0,0;1,69;0,74;0,539;0,231;0,0925;0,0674;0,0475;0,0208;0,0978;0,0741;0,0641;0,0475;0,0289;0,0255;0,427;0,149;1,12;0,701;0,615;0,408;0,296;0,274;18,4;2,03;68,3;34,9;29,9;16,9;9,18;7,55;-0,14;-1,48;62,04;38,51;31,02;12,82;4,68;3,03
CarloV;CarloV2;10177;65,82;55,56;79,55;73,22;68,42;60,17;57,13;56,71;60,0;53,5;72,82;66,36;62,35;56,32;54,74;54,4;52,68;47,39;59,97;56,87;54,79;51,78;49,35;48,93;8,39;0,0;12,2;7,91;6,69;5,72;5,53;1,42;0,0;2,2;1,75;1,65;1,38;1,24;1,22;0,0249;0,0114;0,0551;0,0365;0,0327;0,0242;0,0176;0,0161;0,227;0,0;1,55;0,805;0,516;0,115;0,0342;0,0241;0,0137;0,00774;0,0411;0,0239;0,0208;0,0119;0,00881;0,00849;0,372;0,209;1,11;0,524;0,479;0,357;0,282;0,263;7,92;0,0643;36,9;15,2;13,2;7,27;3,49;2,82;-1,78;-20,98;60,42;26,3;17,12;-10,15;-19,03;-19,51
CarloV;CarloV2;10174;71,86;58,82;82,56;77,69;75,4;69,11;62,19;61,19;63,88;55,05;74,9;68,65;66,7;61,69;57,67;57,05;54,27;47,2;64,98;58,88;57,62;52,29;49,37;49,0;10,3;0,0;19,2;9,52;7,18;5,95;5,7;1,51;0,0;2,53;1,94;1,81;1,47;1,26;1,23;0,0261;0,0124;0,116;0,0387;0,0345;0,0248;0,0184;0,0164;0,145;0,0;1,01;0,424;0,281;0,0957;0,023;0,0137;0,0345;0,00963;0,104;0,0818;0,0752;0,0219;0,014;0,0123;0,419;0,23;1,95;0,698;0,595;0,38;0,294;0,278;11,3;0,598;82,4;28,0;21,9;9,01;4,1;3,22;-2,86;-16,27;68,15;28,74;19,7;0,32;-14,28;-14,9
CarloV;CarloV2;10180;71,26;58,36;81,69;77,46;74,53;67,96;63,58;62,66;69,84;57,15;81,68;76,12;72,22;65,58;62,15;61,64;67,77;52,93;80,38;73,85;69,97;61,99;58,26;57,72;25,5;0,0;40,4;21,2;12,8;9,99;9,44;1,89;0,0;2,98;2,36;2,26;1,86;1,59;1,54;0,0349;0,0132;0,14;0,0612;0,0489;0,0313;0,0214;0,0197;0,336;0,0;1,77;0,834;0,652;0,267;0,0878;0,0574;0,0547;0,0201;0,131;0,0973;0,0865;0,0518;0,0262;0,0224;0,422;0,131;1,05;0,632;0,564;0,405;0,297;0,272;18,1;2,03;83,2;37,4;30,8;15,9;8,04;6,41;-0,33;-12,46;63,07;40,3;36,48;6,17;-8,62;-9,86
CarloV;CarloV2;10181;71,26;58,36;81,69;77,46;74,53;67,96;63,58;62,66;69,84;57,15;81,68;76,12;72,22;65,58;62,15;61,64;67,77;52,93;80,38;73,85;69,97;61,99;58,26;57,72;25,5;0,0;40,4;21,2;12,8;9,99;9,44;1,89;0,0;2,98;2,36;2,26;1,86;1,59;1,54;0,0349;0,0132;0,14;0,0612;0,0489;0,0313;0,0214;0,0197;0,336;0,0;1,77;0,834;0,652;0,267;0,0878;0,0574;0,0547;0,0201;0,131;0,0973;0,0865;0,0518;0,0262;0,0224;0,422;0,131;1,05;0,632;0,564;0,405;0,297;0,272;18,1;2,03;83,2;37,4;30,8;15,9;8,04;6,41;-0,33;-12,46;63,07;40,3;36,48;6,17;-8,62;-9,86
CarloV;CarloV2;10168;76,46;61,27;89,8;83,03;81,31;68,85;64,31;63,31;69,71;59,28;81,8;75,48;73,23;66,54;62,81;62,08;65,35;54,24;73,93;70,73;69,2;62,95;58,94;57,78;21,3;0,0;29,3;19,4;13,6;10,3;9,66;1,89;0,0;2,94;2,35;2,24;1,85;1,62;1,56;0,032;0,0146;0,0874;0,0487;0,0447;0,0308;0,0218;0,0199;0,347;0,0;2,42;0,959;0,704;0,256;0,0913;0,0607;0,0459;0,0175;0,0899;0,0816;0,07;0,0457;0,0249;0,022;0,473;0,122;1,17;0,801;0,71;0,446;0,306;0,274;18,8;1,9;59,6;35,3;30,6;17,4;8,88;7,33;-1,22;-9,39;72,49;38,63;30,3;10,19;-5,72;-6,94
CarloV;CarloV2;10169;76,46;61,27;89,8;83,03;81,31;68,85;64,31;63,31;69,71;59,28;81,8;75,48;73,23;66,54;62,81;62,08;65,35;54,24;73,93;70,73;69,2;62,95;58,94;57,78;21,3;0,0;29,3;19,4;13,6;10,3;9,66;1,89;0,0;2,94;2,35;2,24;1,85;1,62;1,56;0,032;0,0146;0,0874;0,0487;0,0447;0,0308;0,0218;0,0199;0,347;0,0;2,42;0,959;0,704;0,256;0,0913;0,0607;0,0459;0,0175;0,0899;0,0816;0,07;0,0457;0,0249;0,022;0,473;0,122;1,17;0,801;0,71;0,446;0,306;0,274;18,8;1,9;59,6;35,3;30,6;17,4;8,88;7,33;-1,22;-9,39;72,49;38,63;30,3;10,19;-5,72;-6,94
CarloV;CarloV2;10171;76,46;61,27;89,8;83,03;81,31;68,85;64,31;63,31;69,71;59,28;81,8;75,48;73,23;66,54;62,81;62,08;65,35;54,24;73,93;70,73;69,2;62,95;58,94;57,78;21,3;0,0;29,3;19,4;13,6;10,3;9,66;1,89;0,0;2,94;2,35;2,24;1,85;1,62;1,56;0,032;0,0146;0,0874;0,0487;0,0447;0,0308;0,0218;0,0199;0,347;0,0;2,42;0,959;0,704;0,256;0,0913;0,0607;0,0459;0,0175;0,0899;0,0816;0,07;0,0457;0,0249;0,022;0,473;0,122;1,17;0,801;0,71;0,446;0,306;0,274;18,8;1,9;59,6;35,3;30,6;17,4;8,88;7,33;-1,22;-9,39;72,49;38,63;30,3;10,19;-5,72;-6,94
CarloV;CarloV2;10172;76,46;61,27;89,8;83,03;81,31;68,85;64,31;63,31;69,71;59,28;81,8;75,48;73,23;66,54;62,81;62,08;65,35;54,24;73,93;70,73;69,2;62,95;58,94;57,78;21,3;0,0;29,3;19,4;13,6;10,3;9,66;1,89;0,0;2,94;2,35;2,24;1,85;1,62;1,56;0,032;0,0146;0,0874;0,0487;0,0447;0,0308;0,0218;0,0199;0,347;0,0;2,42;0,959;0,704;0,256;0,0913;0,0607;0,0459;0,0175;0,0899;0,0816;0,07;0,0457;0,0249;0,022;0,473;0,122;1,17;0,801;0,71;0,446;0,306;0,274;18,8;1,9;59,6;35,3;30,6;17,4;8,88;7,33;-1,22;-9,39;72,49;38,63;30,3;10,19;-5,72;-6,94
CarloV;CarloV2;10173;76,46;61,27;89,8;83,03;81,31;68,85;64,31;63,31;69,71;59,28;81,8;75,48;73,23;66,54;62,81;62,08;65,35;54,24;73,93;70,73;69,2;62,95;58,94;57,78;21,3;0,0;29,3;19,4;13,6;10,3;9,66;1,89;0,0;2,94;2,35;2,24;1,85;1,62;1,56;0,032;0,0146;0,0874;0,0487;0,0447;0,0308;0,0218;0,0199;0,347;0,0;2,42;0,959;0,704;0,256;0,0913;0,0607;0,0459;0,0175;0,0899;0,0816;0,07;0,0457;0,0249;0,022;0,473;0,122;1,17;0,801;0,71;0,446;0,306;0,274;18,8;1,9;59,6;35,3;30,6;17,4;8,88;7,33;-1,22;-9,39;72,49;38,63;30,3;10,19;-5,72;-6,94
MiradorSanNicolas;MiradorSanNicolas1;10201;72,06;65,56;79,48;75,73;74,91;71,02;68,5;67,37;71,38;64,63;79,37;75,5;74,65;69,93;67,19;66,56;68,25;58,71;76,7;73,41;72,32;65,58;61,74;61,02;26,5;0,0;35,8;24,2;16,5;13,0;12,4;1,93;0,0;3,22;2,54;2,32;1,88;1,67;1,63;0,0369;0,0141;0,103;0,059;0,0521;0,0342;0,0249;0,0222;0,416;0,0;2,53;1,32;0,9;0,27;0,0878;0,0602;0,0749;0,0212;0,257;0,176;0,147;0,0508;0,0284;0,0266;0,455;0,213;1,39;0,797;0,675;0,414;0,288;0,266;21,7;1,69;89,6;47,0;37,5;18,6;9,72;7,68;-0,91;-3,82;60,52;42,54;34,04;13,13;0,26;-0,55
MiradorSanNicolas;MiradorSanNicolas1;10208;78,57;67,44;89,52;84,16;82,33;75,62;71,01;70,05;77,2;64,49;89,52;84,03;81,88;71,0;67,38;66,53;70,99;55,9;83,64;77,98;75,7;64,36;58,94;58,18;23,8;0,0;40,3;21,3;15,1;11,1;10,4;1,62;0,0;2,53;1,96;1,87;1,61;1,41;1,37;0,0733;0,0192;0,606;0,263;0,172;0,043;0,0275;0,0245;0,319;0,0;2,05;0,93;0,677;0,23;0,0763;0,0554;0,0819;0,0196;0,329;0,265;0,227;0,0427;0,0226;0,021;0,613;0,243;2,15;1,31;1,13;0,478;0,341;0,32;19,7;2,18;152,0;46,0;34,8;15,8;8,2;6,82;-0,34;-14,85;69,15;38,81;29,27;5,12;-12,37;-13,55
MiradorSanNicolas;MiradorSanNicolas1;10209;78,57;67,44;89,52;84,16;82,33;75,62;71,01;70,05;77,2;64,49;89,52;84,03;81,88;71,0;67,38;66,53;70,99;55,9;83,64;77,98;75,7;64,36;58,94;58,18;23,8;0,0;40,3;21,3;15,1;11,1;10,4;1,62;0,0;2,53;1,96;1,87;1,61;1,41;1,37;0,0733;0,0192;0,606;0,263;0,172;0,043;0,0275;0,0245;0,319;0,0;2,05;0,93;0,677;0,23;0,0763;0,0554;0,0819;0,0196;0,329;0,265;0,227;0,0427;0,0226;0,021;0,613;0,243;2,15;1,31;1,13;0,478;0,341;0,32;19,7;2,18;152,0;46,0;34,8;15,8;8,2;6,82;-0,34;-14,85;69,15;38,81;29,27;5,12;-12,37;-13,55
MiradorSanNicolas;MiradorSanNicolas1;10210;70,04;61,43;80,4;75,04;73,45;67,88;64,02;63,35;69,25;60,65;80,31;74,34;72,57;66,94;62,9;62,45;66,45;57,34;77,6;71,43;69,81;64,13;59,9;59,19;21,1;0,0;31,8;19,2;14,8;11,4;10,8;1,87;0,0;3,14;2,21;2,13;1,85;1,63;1,56;0,0393;0,0148;0,257;0,0709;0,0566;0,0345;0,0243;0,0221;0,409;0,0;1,7;1,08;0,844;0,332;0,126;0,0874;0,0551;0,0222;0,129;0,112;0,1;0,0487;0,0276;0,0249;0,482;0,217;1,91;0,847;0,719;0,437;0,296;0,28;18,3;1,73;107,0;38,1;31,5;16,1;8,31;6,67;-0,52;-10,12;57,63;39,63;33,33;7,69;-7,79;-8,5
MiradorSanNicolas;MiradorSanNicolas1;10211;70,04;61,43;80,4;75,04;73,45;67,88;64,02;63,35;69,25;60,65;80,31;74,34;72,57;66,94;62,9;62,45;66,45;57,34;77,6;71,43;69,81;64,13;59,9;59,19;21,1;0,0;31,8;19,2;14,8;11,4;10,8;1,87;0,0;3,14;2,21;2,13;1,85;1,63;1,56;0,0393;0,0148;0,257;0,0709;0,0566;0,0345;0,0243;0,0221;0,409;0,0;1,7;1,08;0,844;0,332;0,126;0,0874;0,0551;0,0222;0,129;0,112;0,1;0,0487;0,0276;0,0249;0,482;0,217;1,91;0,847;0,719;0,437;0,296;0,28;18,3;1,73;107,0;38,1;31,5;16,1;8,31;6,67;-0,52;-10,12;57,63;39,63;33,33;7,69;-7,79;-8,5
MiradorSanNicolas;MiradorSanNicolas1;10212;70,4;60,24;82,05;76,17;74,44;66,58;63,18;62,57;67,68;59,71;81,22;72,43;71,23;65,8;62,72;62,12;64,6;55,74;78,62;70,36;68,62;61,96;58,57;57,84;19,7;0,0;35,1;18,6;13,0;10,7;10,3;1,77;0,0;2,75;2,12;2,02;1,75;1,55;1,5;0,034;0,0137;0,158;0,0544;0,0469;0,0318;0,0223;0,0203;0,464;0,0;3,02;2,38;1,21;0,258;0,0962;0,0744;0,0435;0,011;0,192;0,13;0,0688;0,0335;0,018;0,0142;0,39;0,0333;1,47;0,81;0,626;0,358;0,241;0,194;15,7;2,17;114,0;31,3;25,9;14,0;7,7;6,33;-0,43;-12,75;63,11;37,92;29,41;6,41;-9,01;-10,25
MiradorSanNicolas;MiradorSanNicolas1;10214;70,4;60,24;82,05;76,17;74,44;66,58;63,18;62,57;67,68;59,71;81,22;72,43;71,23;65,8;62,72;62,12;64,6;55,74;78,62;70,36;68,62;61,96;58,57;57,84;19,7;0,0;35,1;18,6;13,0;10,7;10,3;1,77;0,0;2,75;2,12;2,02;1,75;1,55;1,5;0,034;0,0137;0,158;0,0544;0,0469;0,0318;0,0223;0,0203;0,464;0,0;3,02;2,38;1,21;0,258;0,0962;0,0744;0,0435;0,011;0,192;0,13;0,0688;0,0335;0,018;0,0142;0,39;0,0333;1,47;0,81;0,626;0,358;0,241;0,194;15,7;2,17;114,0;31,3;25,9;14,0;7,7;6,33;-0,43;-12,75;63,11;37,92;29,41;6,41;-9,01;-10,25
MiradorSanNicolas;MiradorSanNicolas1;10215;70,4;60,24;82,05;76,17;74,44;66,58;63,18;62,57;67,68;59,71;81,22;72,43;71,23;65,8;62,72;62,12;64,6;55,74;78,62;70,36;68,62;61,96;58,57;57,84;19,7;0,0;35,1;18,6;13,0;10,7;10,3;1,77;0,0;2,75;2,12;2,02;1,75;1,55;1,5;0,034;0,0137;0,158;0,0544;0,0469;0,0318;0,0223;0,0203;0,464;0,0;3,02;2,38;1,21;0,258;0,0962;0,0744;0,0435;0,011;0,192;0,13;0,0688;0,0335;0,018;0,0142;0,39;0,0333;1,47;0,81;0,626;0,358;0,241;0,194;15,7;2,17;114,0;31,3;25,9;14,0;7,7;6,33;-0,43;-12,75;63,11;37,92;29,41;6,41;-9,01;-10,25
MiradorSanNicolas;MiradorSanNicolas1;10202;74,89;69,13;83,85;79,07;77,78;73,42;71,04;70,57;74,2;68,36;83,77;78,81;77,27;72,39;70,13;69,7;71,95;59,98;83,5;78,12;76,27;67,71;63,7;62,58;31,1;0,0;41,5;28,7;19,4;15,5;14,9;1,96;0,0;2,9;2,41;2,32;1,94;1,66;1,6;0,0409;0,0176;0,15;0,0705;0,0607;0,037;0,0267;0,0242;0,623;0,0;5,1;1,9;1,5;0,4;0,136;0,11;0,0601;0,0146;0,134;0,105;0,0973;0,057;0,031;0,0223;0,458;0,161;1,34;0,871;0,759;0,408;0,259;0,239;18,8;1,33;82,5;42,2;35,1;15,8;7,02;5,71;-1,81;-13,68;65,78;45,73;39,11;7,01;-10,6;-11,63
MiradorSanNicolas;MiradorSanNicolas1;10203;78,11;69,4;85,73;81,47;80,55;77,67;73,33;72,55;77,99;69,25;85,7;81,42;80,48;77,52;73,23;72,42;76,42;65,44;85,01;80,32;79,37;75,44;70,87;69,59;39,3;0,0;56,6;36,8;28,8;20,4;18,7;2,36;0,0;3,55;2,95;2,83;2,36;1,88;1,77;0,0618;0,0185;0,294;0,131;0,0986;0,0518;0,0323;0,0289;0,682;0,0;3,74;1,74;1,34;0,549;0,142;0,0835;0,242;0,0443;0,741;0,573;0,557;0,158;0,0697;0,056;0,874;0,191;2,52;1,76;1,56;0,757;0,306;0,236;30,2;3,55;128,0;68,6;55,2;25,1;12,9;10,5;-0,77;0,87;61,69;51,32;44,42;18,74;3,6;2,75
MiradorSanNicolas;MiradorSanNicolas1;10204;73,08;63,48;81,98;78,13;76,98;70,55;67,29;66,44;68,84;61,25;76,53;72,69;71,57;68,6;65,41;64,53;65,55;54,88;74,38;69,23;68,22;64,66;59,15;57,91;20,3;0,0;28,8;19,2;15,2;11,7;11,0;1,98;0,0;2,9;2,47;2,36;1,96;1,65;1,59;0,0351;0,0147;0,0935;0,0588;0,0522;0,0324;0,0224;0,0207;0,35;0,0;2,15;0,952;0,731;0,271;0,0769;0,0537;0,0398;0,0219;0,0882;0,0712;0,0607;0,0362;0,0244;0,0227;0,476;0,231;1,29;0,787;0,687;0,453;0,324;0,308;16,9;2,06;65,7;32,9;27,6;15,3;8,31;6,9;-0,58;-7,78;67,13;39,54;30,08;10,44;-3,74;-5,0
MiradorSanNicolas;MiradorSanNicolas1;10200;64,38;57,71;74,12;67,83;66,54;63,45;60,37;59,74;62,03;56,72;67,86;64,43;63,82;61,57;59,05;58,41;55,99;49,68;63,43;59,68;58,54;55,06;51,78;50,99;11,5;0,0;14,8;10,7;8,67;7,07;6,74;1,55;0,0;2,83;1,92;1,83;1,52;1,31;1,25;0,0297;0,0142;0,0761;0,0448;0,0405;0,0286;0,0205;0,0188;0,179;0,0;1,12;0,503;0,393;0,123;0,0388;0,029;0,0255;0,0113;0,0659;0,0509;0,0435;0,0214;0,015;0,0137;0,375;0,198;1,56;0,537;0,472;0,368;0,283;0,267;11,2;1,36;45,7;22,5;18,7;10,1;4,93;3,9;-2,71;-18,06;58,52;29,6;20,64;-0,84;-14,78;-15,97
MiradorSanNicolas;MiradorSanNicolas1;10206;64,38;57,71;74,12;67,83;66,54;63,45;60,37;59,74;62,03;56,72;67,86;64,43;63,82;61,57;59,05;58,41;55,99;49,68;63,43;59,68;58,54;55,06;51,78;50,99;11,5;0,0;14,8;10,7;8,67;7,07;6,74;1,55;0,0;2,83;1,92;1,83;1,52;1,31;1,25;0,0297;0,0142;0,0761;0,0448;0,0405;0,0286;0,0205;0,0188;0,179;0,0;1,12;0,503;0,393;0,123;0,0388;0,029;0,0255;0,0113;0,0659;0,0509;0,0435;0,0214;0,015;0,0137;0,375;0,198;1,56;0,537;0,472;0,368;0,283;0,267;11,2;1,36;45,7;22,5;18,7;10,1;4,93;3,9;-2,71;-18,06;58,52;29,6;20,64;-0,84;-14,78;-15,97
MiradorSanNicolas;MiradorSanNicolas1;10233;68,44;61,81;81,0;71,56;70,13;67,29;64,86;64,27;67,57;61,07;80,99;70,66;69,28;66,24;63,92;63,24;64,73;54,39;79,78;68,72;66,64;62,56;58,65;57,74;18,3;0,0;34,4;16,9;13,6;11,1;10,4;1,82;0,0;3,11;2,31;2,12;1,76;1,57;1,53;0,0311;0,0143;0,0777;0,0468;0,0419;0,0297;0,0219;0,0201;0,363;0,0;2,06;1,06;0,784;0,273;0,0884;0,063;0,0508;0,024;0,155;0,115;0,0699;0,0414;0,0275;0,0257;0,418;0,183;1,34;0,676;0,6;0,387;0,292;0,272;17,8;1,85;84,0;37,3;30,1;15,8;8,15;6,75;-1,1;-11,77;57,49;38,08;28,34;10,27;-9,02;-9,96
MiradorSanNicolas;MiradorSanNicolas1;10234;68,44;61,81;81,0;71,56;70,13;67,29;64,86;64,27;67,57;61,07;80,99;70,66;69,28;66,24;63,92;63,24;64,73;54,39;79,78;68,72;66,64;62,56;58,65;57,74;18,3;0,0;34,4;16,9;13,6;11,1;10,4;1,82;0,0;3,11;2,31;2,12;1,76;1,57;1,53;0,0311;0,0143;0,0777;0,0468;0,0419;0,0297;0,0219;0,0201;0,363;0,0;2,06;1,06;0,784;0,273;0,0884;0,063;0,0508;0,024;0,155;0,115;0,0699;0,0414;0,0275;0,0257;0,418;0,183;1,34;0,676;0,6;0,387;0,292;0,272;17,8;1,85;84,0;37,3;30,1;15,8;8,15;6,75;-1,1;-11,77;57,49;38,08;28,34;10,27;-9,02;-9,96
MiradorSanNicolas;MiradorSanNicolas1;10232;78,16;70,12;86,32;82,43;81,31;77,41;73,57;72,59;77,08;69,79;84,01;80,53;79,51;76,39;73,15;72,22;70,86;63,86;77,98;74,32;73,36;70,08;67,1;66,39;26,3;0,0;34,8;24,7;20,1;16,9;16,2;1,76;0,0;2,45;2,04;1,97;1,75;1,56;1,51;0,0753;0,0231;0,269;0,146;0,124;0,0651;0,0411;0,0367;0,26;0,0;1,83;0,632;0,473;0,206;0,0855;0,0664;0,144;0,0537;0,257;0,242;0,214;0,138;0,085;0,0786;0,681;0,352;1,34;0,948;0,854;0,662;0,521;0,484;21,4;1,87;98,5;47,5;37,2;18,1;9,25;7,74;-0,26;-13,68;71,61;40,77;31,64;7,45;-11,25;-12,47
MiradorSanNicolas;MiradorSanNicolas1;10217;73,48;68,77;81,08;76,17;75,54;72,94;70,68;70,19;72,91;67,41;81,07;75,72;75,11;72,29;69,78;69,29;69,04;61,44;79,71;72,38;71,17;67,95;64,98;64,48;24,8;0,0;32,0;23,6;19,0;15,7;15,0;1,78;0,0;2,71;2,13;2,05;1,76;1,54;1,5;0,0474;0,0218;0,15;0,0754;0,067;0,0446;0,0302;0,0277;0,435;0,0;1,97;1,03;0,803;0,376;0,158;0,119;0,0567;0,0276;0,154;0,111;0,0806;0,0516;0,0356;0,0302;0,458;0,24;0,985;0,672;0,627;0,436;0,315;0,292;18,7;2,17;76,2;37,2;31,4;16,6;8,99;7,38;-0,91;-13,7;63,5;43,16;33,41;7,51;-10,65;-11,9
MiradorSanNicolas;MiradorSanNicolas1;10218;73,48;68,77;81,08;76,17;75,54;72,94;70,68;70,19;72,91;67,41;81,07;75,72;75,11;72,29;69,78;69,29;69,04;61,44;79,71;72,38;71,17;67,95;64,98;64,48;24,8;0,0;32,0;23,6;19,0;15,7;15,0;1,78;0,0;2,71;2,13;2,05;1,76;1,54;1,5;0,0474;0,0218;0,15;0,0754;0,067;0,0446;0,0302;0,0277;0,435;0,0;1,97;1,03;0,803;0,376;0,158;0,119;0,0567;0,0276;0,154;0,111;0,0806;0,0516;0,0356;0,0302;0,458;0,24;0,985;0,672;0,627;0,436;0,315;0,292;18,7;2,17;76,2;37,2;31,4;16,6;8,99;7,38;-0,91;-13,7;63,5;43,16;33,41;7,51;-10,65;-11,9
MiradorSanNicolas;MiradorSanNicolas1;10219;71,75;63,1;81,83;76,99;76,05;68,92;65,72;65,07;70,72;61,64;81,31;76,53;75,52;67,35;64,45;63,9;67,56;56,99;79,36;73,77;72,75;63,5;59,71;59,25;30,3;0,0;36,2;26,1;15,2;12,1;11,6;1,9;0,0;3,16;2,56;2,38;1,83;1,59;1,54;0,0373;0,0162;0,114;0,067;0,0557;0,0336;0,0239;0,0217;0,339;0,0;2,17;0,83;0,63;0,27;0,106;0,079;0,0454;0,00877;0,202;0,15;0,119;0,0335;0,0123;0,00987;0,409;0,197;0,748;0,605;0,55;0,393;0,282;0,266;17,2;1,38;68,6;33,5;28,2;15,3;7,96;6,59;-0,24;-15,41;62,43;41,51;32,98;5,93;-11,34;-13,28
MiradorSanNicolas;MiradorSanNicolas1;10220;71,75;63,1;81,83;76,99;76,05;68,92;65,72;65,07;70,72;61,64;81,31;76,53;75,52;67,35;64,45;63,9;67,56;56,99;79,36;73,77;72,75;63,5;59,71;59,25;30,3;0,0;36,2;26,1;15,2;12,1;11,6;1,9;0,0;3,16;2,56;2,38;1,83;1,59;1,54;0,0373;0,0162;0,114;0,067;0,0557;0,0336;0,0239;0,0217;0,339;0,0;2,17;0,83;0,63;0,27;0,106;0,079;0,0454;0,00877;0,202;0,15;0,119;0,0335;0,0123;0,00987;0,409;0,197;0,748;0,605;0,55;0,393;0,282;0,266;17,2;1,38;68,6;33,5;28,2;15,3;7,96;6,59;-0,24;-15,41;62,43;41,51;32,98;5,93;-11,34;-13,28
MiradorSanNicolas;MiradorSanNicolas1;10227;76,24;70,42;82,12;79,83;79,12;75,35;72,69;72,12;76,07;70,37;82,1;79,6;78,83;75,25;72,58;71,99;68,76;63,88;76,1;72,32;71,17;67,97;65,61;65,08;26,1;0,0;33,8;24,2;19,6;16,5;15,8;1,69;0,0;2,59;2,01;1,92;1,67;1,49;1,44;0,0563;0,0183;0,197;0,095;0,084;0,0518;0,035;0,0318;0,469;0,0;1,55;1,14;1,01;0,372;0,165;0,135;0,0629;0,0332;0,137;0,103;0,095;0,0575;0,0394;0,0364;0,464;0,211;1,02;0,697;0,627;0,446;0,334;0,3;21,3;1,37;84,4;39,8;34,5;19,4;10,3;8,52;-6,21;-14,08;66,87;39,55;31,95;8,81;-9,83;-12,06
MiradorSanNicolas;MiradorSanNicolas1;10222;67,02;60,21;80,44;70,62;68,67;64,85;62,6;61,88;65,87;58,95;80,42;69,04;66,54;63,33;60,94;60,27;63,65;52,65;79,29;67,33;64,13;59,55;56,01;55,24;15,7;0,0;30,1;14,0;10,9;8,8;8,26;1,71;0,0;2,89;2,08;1,96;1,67;1,49;1,45;0,0345;0,0139;0,404;0,0544;0,0452;0,0294;0,0206;0,0185;0,301;0,0;1,93;0,804;0,615;0,223;0,0842;0,0605;0,0452;0,0171;0,134;0,105;0,0827;0,0383;0,0249;0,0216;0,407;0,156;1,2;0,661;0,556;0,377;0,3;0,268;16,2;1,6;81,6;32,4;27,4;14,3;7,53;6,23;-0,35;-15,35;58,06;38,25;28,06;3,12;-12,3;-13,37
MiradorSanNicolas;MiradorSanNicolas1;10224;81,02;67,57;91,31;87,34;85,36;77,97;71,71;70,87;74,77;65,82;83,83;80,12;78,15;73,1;69,7;68,83;69,49;58,01;80,25;74,68;72,27;67,37;62,78;61,71;28,9;0,0;42,3;25,4;18,0;14,0;13,1;1,82;0,0;3,18;2,43;2,2;1,76;1,55;1,52;0,0367;0,0144;0,0839;0,0564;0,0493;0,0351;0,0249;0,0229;0,462;0,0;4,11;1,19;0,881;0,339;0,124;0,0933;0,0603;0,0184;0,13;0,107;0,0917;0,06;0,0292;0,0231;0,433;0,2;1,17;0,667;0,588;0,415;0,303;0,269;21,3;2,16;79,6;41,7;35,9;19,3;10,1;8,14;-0,78;-11,54;77,15;43,16;34,1;7,84;-9,15;-10,18
MiradorSanNicolas;MiradorSanNicolas1;10225;81,02;67,57;91,31;87,34;85,36;77,97;71,71;70,87;74,77;65,82;83,83;80,12;78,15;73,1;69,7;68,83;69,49;58,01;80,25;74,68;72,27;67,37;62,78;61,71;28,9;0,0;42,3;25,4;18,0;14,0;13,1;1,82;0,0;3,18;2,43;2,2;1,76;1,55;1,52;0,0367;0,0144;0,0839;0,0564;0,0493;0,0351;0,0249;0,0229;0,462;0,0;4,11;1,19;0,881;0,339;0,124;0,0933;0,0603;0,0184;0,13;0,107;0,0917;0,06;0,0292;0,0231;0,433;0,2;1,17;0,667;0,588;0,415;0,303;0,269;21,3;2,16;79,6;41,7;35,9;19,3;10,1;8,14;-0,78;-11,54;77,15;43,16;34,1;7,84;-9,15;-10,18
MiradorSanNicolas;MiradorSanNicolas1;10228;81,2;66,61;92,15;86,98;85,1;78,57;70,77;68,92;71,49;64,44;79,74;76,17;74,69;69,98;67,1;66,24;64,3;58,74;71,41;67,39;66,56;63,68;61,07;60,68;20,1;0,0;25,7;19,0;15,7;12,9;12,3;1,78;0,0;2,61;2,16;2,04;1,75;1,55;1,5;0,0399;0,0179;0,171;0,0635;0,0531;0,0367;0,027;0,0241;0,296;0,0;1,16;0,6;0,516;0,273;0,114;0,0893;0,039;0,0144;0,11;0,0715;0,0553;0,0354;0,0225;0,0198;0,417;0,221;0,839;0,579;0,537;0,409;0,31;0,285;15,3;1,77;69,0;31,7;26,5;13,5;6,7;5,46;-1,69;-12,3;78,88;36,68;28,36;6,75;-9,02;-10,25
MiradorSanNicolas;MiradorSanNicolas1;10229;81,2;66,61;92,15;86,98;85,1;78,57;70,77;68,92;71,49;64,44;79,74;76,17;74,69;69,98;67,1;66,24;64,3;58,74;71,41;67,39;66,56;63,68;61,07;60,68;20,1;0,0;25,7;19,0;15,7;12,9;12,3;1,78;0,0;2,61;2,16;2,04;1,75;1,55;1,5;0,0399;0,0179;0,171;0,0635;0,0531;0,0367;0,027;0,0241;0,296;0,0;1,16;0,6;0,516;0,273;0,114;0,0893;0,039;0,0144;0,11;0,0715;0,0553;0,0354;0,0225;0,0198;0,417;0,221;0,839;0,579;0,537;0,409;0,31;0,285;15,3;1,77;69,0;31,7;26,5;13,5;6,7;5,46;-1,69;-12,3;78,88;36,68;28,36;6,75;-9,02;-10,25
MiradorSanNicolas;MiradorSanNicolas1;10231;81,2;66,61;92,15;86,98;85,1;78,57;70,77;68,92;71,49;64,44;79,74;76,17;74,69;69,98;67,1;66,24;64,3;58,74;71,41;67,39;66,56;63,68;61,07;60,68;20,1;0,0;25,7;19,0;15,7;12,9;12,3;1,78;0,0;2,61;2,16;2,04;1,75;1,55;1,5;0,0399;0,0179;0,171;0,0635;0,0531;0,0367;0,027;0,0241;0,296;0,0;1,16;0,6;0,516;0,273;0,114;0,0893;0,039;0,0144;0,11;0,0715;0,0553;0,0354;0,0225;0,0198;0,417;0,221;0,839;0,579;0,537;0,409;0,31;0,285;15,3;1,77;69,0;31,7;26,5;13,5;6,7;5,46;-1,69;-12,3;78,88;36,68;28,36;6,75;-9,02;-10,25
PlazaBibRambla;PlazaBibRambla1;10239;70,57;66,09;80,75;74,8;73,3;69,02;67,14;66,88;69,77;65,11;80,66;74,17;72,69;68,25;66,54;66,3;66,54;61,34;76,32;71,3;69,65;65,33;63,12;62,76;22,9;0,0;39,4;21,1;16,8;14,8;14,4;1,92;0,0;2,82;2,2;2,11;1,9;1,75;1,71;0,037;0,0155;0,113;0,0576;0,0501;0,0352;0,0256;0,0233;0,505;0,0;2,98;1,31;1,04;0,39;0,152;0,116;0,0294;0,0101;0,118;0,0979;0,056;0,0224;0,014;0,0115;0,331;0,0645;1,45;0,498;0,418;0,307;0,241;0,218;13,7;1,14;84,0;28,9;23,2;12,0;6,35;5,24;-0,09;-10,98;59,51;39,22;31,35;7,72;-7,49;-8,45
PlazaBibRambla;PlazaBibRambla1;10252;68,96;63,38;84,4;71,46;69,83;66,65;65,11;64,64;68,53;62,75;84,13;71,24;69,48;65,88;64,15;63,79;66,44;58,04;82,77;69,81;67,12;62,56;60,22;59,74;19,3;0,0;55,0;17,6;14,5;12,6;12,2;1,95;0,0;4,1;2,28;2,16;1,91;1,77;1,75;0,0327;0,0139;0,154;0,0516;0,0448;0,0306;0,0226;0,0209;0,27;0,0;3,77;0,695;0,522;0,171;0,0468;0,031;0,0267;0,0106;0,0741;0,0597;0,0558;0,0209;0,0134;0,0125;0,376;0,194;3,57;0,596;0,44;0,323;0,26;0,242;13,2;1,07;199,0;28,3;21,6;10,6;5,39;4,46;-0,42;-9,69;55,42;39,41;30,53;15,19;-2,19;-3,86
PlazaBibRambla;PlazaBibRambla1;10255;68,96;63,38;84,4;71,46;69,83;66,65;65,11;64,64;68,53;62,75;84,13;71,24;69,48;65,88;64,15;63,79;66,44;58,04;82,77;69,81;67,12;62,56;60,22;59,74;19,3;0,0;55,0;17,6;14,5;12,6;12,2;1,95;0,0;4,1;2,28;2,16;1,91;1,77;1,75;0,0327;0,0139;0,154;0,0516;0,0448;0,0306;0,0226;0,0209;0,27;0,0;3,77;0,695;0,522;0,171;0,0468;0,031;0,0267;0,0106;0,0741;0,0597;0,0558;0,0209;0,0134;0,0125;0,376;0,194;3,57;0,596;0,44;0,323;0,26;0,242;13,2;1,07;199,0;28,3;21,6;10,6;5,39;4,46;-0,42;-9,69;55,42;39,41;30,53;15,19;-2,19;-3,86
PlazaBibRambla;PlazaBibRambla1;10237;68,07;64,04;75,56;70,9;70,09;67,35;65,7;65,34;67,1;62,95;75,48;69,95;69,19;66,38;64,65;64,28;64,37;59,2;73,97;68,15;66,64;63,25;61,2;60,74;18,9;0,0;25,6;17,9;15,3;13,4;12,9;1,98;0,0;2,49;2,24;2,18;1,98;1,8;1,75;0,0345;0,0167;0,0882;0,0535;0,0464;0,0327;0,0239;0,0218;0,257;0,0;1,54;0,708;0,509;0,188;0,0495;0,0289;0,0223;0,00688;0,048;0,0412;0,0368;0,0203;0,0113;0,00936;0,346;0,2;1,09;0,486;0,429;0,334;0,264;0,245;11,0;1,08;58,9;23,2;19,5;9,59;4,91;4,07;-0,16;-13,61;57,97;38,74;29,5;5,81;-11,4;-12,0
PlazaBibRambla;PlazaBibRambla1;10253;66,41;63,45;73,37;68,84;68,0;65,96;64,61;64,32;65,68;62,7;73,27;67,79;67,08;65,34;63,95;63,64;62,82;58,89;72,99;65,63;64,47;62,25;60,51;60,05;16,8;0,0;26,9;16,2;14,5;13,3;13,0;1,97;0,0;2,59;2,14;2,09;1,96;1,89;1,87;0,0332;0,0147;0,0805;0,0485;0,0435;0,0322;0,024;0,0222;0,134;0,0;1,3;0,383;0,272;0,0834;0,0218;0,014;0,0118;0,00516;0,0357;0,0297;0,0198;0,00956;0,00594;0,00563;0,302;0,209;0,934;0,378;0,353;0,294;0,246;0,233;8,32;0,477;68,8;16,7;13,7;7,37;3,87;3,14;-0,12;-15,34;53,53;36,38;28,64;4,74;-12,76;-13,56
PlazaBibRambla;PlazaBibRambla1;10254;66,41;63,45;73,37;68,84;68,0;65,96;64,61;64,32;65,68;62,7;73,27;67,79;67,08;65,34;63,95;63,64;62,82;58,89;72,99;65,63;64,47;62,25;60,51;60,05;16,8;0,0;26,9;16,2;14,5;13,3;13,0;1,97;0,0;2,59;2,14;2,09;1,96;1,89;1,87;0,0332;0,0147;0,0805;0,0485;0,0435;0,0322;0,024;0,0222;0,134;0,0;1,3;0,383;0,272;0,0834;0,0218;0,014;0,0118;0,00516;0,0357;0,0297;0,0198;0,00956;0,00594;0,00563;0,302;0,209;0,934;0,378;0,353;0,294;0,246;0,233;8,32;0,477;68,8;16,7;13,7;7,37;3,87;3,14;-0,12;-15,34;53,53;36,38;28,64;4,74;-12,76;-13,56
PlazaBibRambla;PlazaBibRambla1;10236;67,35;62,7;73,57;70,4;69,63;67,13;64,15;63,67;66,46;61,26;73,21;69,89;68,92;65,73;63,29;62,79;63,03;56,9;71,41;67,23;65,74;61,63;58,9;58,55;18,0;0,0;23,4;16,8;14,0;12,3;12,0;2,04;0,0;2,98;2,5;2,32;2,0;1,87;1,85;0,031;0,0148;0,0795;0,0447;0,0412;0,0301;0,0219;0,0199;0,197;0,0;1,34;0,529;0,392;0,13;0,0295;0,018;0,0237;0,00939;0,0859;0,0601;0,0426;0,0205;0,0114;0,0105;0,324;0,209;0,703;0,471;0,426;0,311;0,252;0,241;12,7;0,759;65,2;29,2;22,1;10,6;5,52;4,6;-1,82;-10,66;61,12;34,97;28,98;6,67;-7,91;-8,7
PlazaBibRambla;PlazaBibRambla1;10235;69,57;62,6;81,2;74,09;72,64;67,74;64,42;63,96;65,67;61,39;76,89;68,81;67,98;64,69;62,63;62,22;61,38;55,93;68,79;65,18;63,89;60,44;57,92;57,35;16,4;0,0;21,5;15,3;12,5;11,0;10,6;1,82;0,0;2,52;2,09;2,01;1,81;1,64;1,62;0,0311;0,0145;0,0822;0,0453;0,0408;0,0299;0,0225;0,0209;0,19;0,0;0,979;0,525;0,366;0,145;0,0447;0,0318;0,0196;0,00747;0,0603;0,0441;0,0334;0,0172;0,0109;0,00985;0,319;0,216;0,545;0,414;0,392;0,318;0,259;0,243;10,1;0,468;41,7;20,6;16,8;9,01;4,73;3,9;-0,93;-18,37;64,79;36,1;26,93;0,22;-15,63;-16,74
PlazaBibRambla;PlazaBibRambla1;10251;69,87;63,46;76,98;73,54;72,86;68,64;65,6;64,89;68,62;62,45;76,57;72,53;71,79;67,25;64,54;64,01;66,52;59,35;76,66;71,05;69,94;64,62;61,46;60,72;22,1;0,0;32,6;20,6;16,0;13,1;12,7;2,13;0,0;3,08;2,74;2,57;2,05;1,87;1,84;0,0315;0,0148;0,0834;0,0463;0,0421;0,0304;0,0226;0,0206;0,317;0,0;2,27;0,927;0,673;0,209;0,0591;0,037;0,048;0,0257;0,0802;0,0735;0,0667;0,0452;0,0347;0,0319;0,396;0,208;0,769;0,553;0,515;0,386;0,29;0,272;18,8;1,58;65,0;38,5;33,8;16,5;7,55;5,82;-0,09;-13,48;60,05;41,64;32,85;7,98;-10,58;-11,38
PlazaBibRambla;PlazaBibRambla1;10243;68,71;64,09;76,67;71,5;70,65;68,05;65,56;65,21;68,49;63,64;76,62;71,41;70,52;67,78;65,19;64,78;65,73;60,24;75,73;68,87;67,81;65,01;61,9;61,36;20,9;0,0;30,2;19,7;16,6;14,3;13,8;2,14;0,0;2,99;2,3;2,25;2,12;2,03;2,0;0,0351;0,0174;0,105;0,054;0,0465;0,0334;0,0251;0,0236;0,206;0,0;1,3;0,548;0,432;0,149;0,0398;0,0264;0,0236;0,00985;0,0509;0,0405;0,0376;0,0221;0,0118;0,0109;0,327;0,226;0,793;0,427;0,392;0,317;0,267;0,256;12,3;0,804;58,5;24,4;20,5;11,1;5,64;4,51;-0,49;-9,68;50,96;38,34;30,48;9,7;-6,79;-7,77
PlazaBibRambla;PlazaBibRambla1;10244;68,71;64,09;76,67;71,5;70,65;68,05;65,56;65,21;68,49;63,64;76,62;71,41;70,52;67,78;65,19;64,78;65,73;60,24;75,73;68,87;67,81;65,01;61,9;61,36;20,9;0,0;30,2;19,7;16,6;14,3;13,8;2,14;0,0;2,99;2,3;2,25;2,12;2,03;2,0;0,0351;0,0174;0,105;0,054;0,0465;0,0334;0,0251;0,0236;0,206;0,0;1,3;0,548;0,432;0,149;0,0398;0,0264;0,0236;0,00985;0,0509;0,0405;0,0376;0,0221;0,0118;0,0109;0,327;0,226;0,793;0,427;0,392;0,317;0,267;0,256;12,3;0,804;58,5;24,4;20,5;11,1;5,64;4,51;-0,49;-9,68;50,96;38,34;30,48;9,7;-6,79;-7,77
PlazaBibRambla;PlazaBibRambla1;10246;68,67;64,44;74,2;71,22;70,53;68,31;66,26;65,77;67,12;62,79;71,65;69,77;69,04;66,64;64,78;64,14;62,07;57,77;67,52;65,09;64,35;61,55;59,2;58,71;16,8;0,0;19,8;16,0;13,9;12,4;12,0;1,85;0,0;2,67;2,15;2,05;1,83;1,68;1,65;0,0305;0,0155;0,0663;0,0431;0,0405;0,0296;0,0222;0,0203;0,266;0,0;1,73;0,62;0,509;0,217;0,0542;0,0365;0,0226;0,00949;0,0685;0,0509;0,0402;0,0212;0,0128;0,0113;0,313;0,189;0,859;0,436;0,383;0,306;0,254;0,237;11,0;1,0;54,4;21,9;17,6;10,2;5,52;4,59;-3,78;-12,97;62,05;36,42;27,2;4,96;-9,13;-10,28
PlazaBibRambla;PlazaBibRambla1;10247;68,67;64,44;74,2;71,22;70,53;68,31;66,26;65,77;67,12;62,79;71,65;69,77;69,04;66,64;64,78;64,14;62,07;57,77;67,52;65,09;64,35;61,55;59,2;58,71;16,8;0,0;19,8;16,0;13,9;12,4;12,0;1,85;0,0;2,67;2,15;2,05;1,83;1,68;1,65;0,0305;0,0155;0,0663;0,0431;0,0405;0,0296;0,0222;0,0203;0,266;0,0;1,73;0,62;0,509;0,217;0,0542;0,0365;0,0226;0,00949;0,0685;0,0509;0,0402;0,0212;0,0128;0,0113;0,313;0,189;0,859;0,436;0,383;0,306;0,254;0,237;11,0;1,0;54,4;21,9;17,6;10,2;5,52;4,59;-3,78;-12,97;62,05;36,42;27,2;4,96;-9,13;-10,28
PlazaBibRambla;PlazaBibRambla1;10258;70,86;63,09;82,51;75,52;73,12;68,72;64,5;63,99;70,55;62,25;82,53;75,45;72,93;68,05;63,74;63,28;68,7;58,18;81,51;73,56;71,11;65,48;60,17;59,23;23,4;0,0;36,5;21,1;16,3;13,4;12,9;2,17;0,0;3,38;2,45;2,34;2,16;2,04;2,01;0,0369;0,0147;0,179;0,0614;0,0514;0,0337;0,024;0,0223;0,332;0,0;2,11;0,969;0,697;0,222;0,0608;0,0362;0,0529;0,0112;0,15;0,109;0,093;0,0468;0,0281;0,0182;0,511;0,183;2,54;0,938;0,794;0,427;0,311;0,287;18,0;1,25;144,0;40,5;32,4;15,3;6,33;4,93;-7,61;-9,63;56,98;41,31;33,27;11,14;-5,48;-6,63
