locationid;sessionid;groupid;recordid;start_time;end_time;latitude;longitude;language;survey_version;ssi01;ssi02;ssi03;ssi04;pleasant;chaotic;vibrant;uneventful;calm;annoying;eventful;monotonous;sss01;sss02;sss03;sss04;sss05;who01;who02;who03;who04;who05;who_sum;age00;gen00;edu00;eth00;occ00;eth00_other;occ00_other;misc03;misc03_other;misc01;use00;uni00;recordinglength;lzeq_l;lzeq_min;lzeq_max;lzeq_l5;lzeq_l10;lzeq_l50;lzeq_l90;lzeq_l95;lceq_l(c);lceq_min(c);lceq_max(c);lceq_l5(c);lceq_l10(c);lceq_l50(c);lceq_l90(c);lceq_l95(c);laeq_l(a);laeq_min(a);laeq_max(a);laeq_l5(a);laeq_l10(a);laeq_l50(a);laeq_l90(a);laeq_l95(a);n_n5;n_min;n_max;n_n10;n_n50;n_n90;n_n95;s_s;s_min;s_max;s_s5;s_s10;s_s50;s_s90;s_s95;r_r;r_min;r_max;r_r5;r_r10;r_r50;r_r90;r_r95;t_tonalityhms;t_min;t_max;t_t5;t_t10;t_t50;t_t90;t_t95;fs_f;fs_min;fs_max;fs_f5;fs_f10;fs_f50;fs_f90;fs_f95;i_i;i_min;i_max;i_i5;i_i10;i_i50;i_i90;i_i95;sil4_sil(rms);sil4_sil(av);sil4_min;sil4_max;sil4_sil5;sil4_sil10;sil4_sil50;sil4_sil90;sil4_sil95;ra_cp;ra_min;ra_max;ra_cp5;ra_cp10;ra_cp50;ra_cp90;ra_cp95;thd_thd;thd_min;thd_max;thd_l5;thd_l10;thd_l50;thd_l90;thd_l95
LianhuashanParkEntrance;LianhuashanParkEntrance1;LPE1097;11;2019-03-31 10:31:00;;;;cmn;cmnSSIDv3;3,0;4,0;3,0;2,0;5,0;2,0;4,0;4,0;4,0;2,0;3,0;3,0;3,0;3,0;2,0;2,0;3,0;3,0;2,0;3,0;2,0;2,0;48,0;32,0;Male;UniversityGraduate;;Employed;;;;;;Staying;Alone;35,92;82,54;75,67;91,4;85,91;85,04;81,75;78,95;78,28;80,67;74,81;85,87;84,06;83,11;79,86;77,61;77,06;73,27;67,47;83,76;76,0;75,09;72,49;70,46;69,97;33,4;0,0;45,9;32,3;28,2;24,9;23,9;2,11;0,0;2,86;2,37;2,29;2,1;1,94;1,89;0,0499;0,0212;0,177;0,0865;0,0736;0,046;0,0314;0,0287;0,714;0,0;3,7;1,42;1,18;0,645;0,253;0,19;0,0745;0,0353;0,122;0,114;0,11;0,0739;0,0517;0,0415;0,35;0,015;0,769;0,494;0,459;0,342;0,255;0,236;64,22;63,43;59,85;71,75;66,4;65,45;63,26;61,58;61,17;20,4;2,68;77,1;38,1;32,4;18,6;10,3;8,66;-5,69;-5,27;76,91;45,63;37,53;14,1;-1,95;-2,72
LianhuashanParkEntrance;LianhuashanParkEntrance2;LPE2129;11;2019-04-02 10:22:00;;;;cmn;cmnSSIDv3;2,0;2,0;3,0;3,0;4,0;2,0;4,0;4,0;4,0;2,0;2,0;2,0;3,0;3,0;1,0;3,0;4,0;3,0;3,0;3,0;3,0;3,0;60,0;40,0;Female;SomeCollege;;Unemployed;;;;;;Arriving;Group;96,71;71,19;67,27;79,97;73,11;72,56;70,91;69,45;69,04;69,09;65,5;76,14;71,1;70,45;68,89;67,48;67,07;65,38;59,48;77,14;67,99;67,39;65,11;62,27;61,64;20,3;0,0;35,2;19,4;16,7;14,6;14,2;2,17;0,0;4,48;2,48;2,43;2,17;1,88;1,81;0,032;0,0134;0,103;0,0485;0,0434;0,0306;0,0225;0,0208;0,492;0,0;2,19;1,32;0,984;0,399;0,117;0,0815;0,0178;0,00619;0,0841;0,0334;0,0278;0,0157;0,01;0,00932;0,322;0,123;1,99;0,465;0,411;0,307;0,242;0,22;57,49;56,78;51,7;63,86;59,93;59,35;56,68;54,52;53,96;11,5;0,726;122,0;21,3;18,2;10,7;5,78;4,73;-2,11;-1,65;62,44;40,72;29,84;15,66;6,36;4,04
LianhuashanParkEntrance;LianhuashanParkEntrance1;LPE1097;12;2019-03-31 10:31:00;;;;cmn;cmnSSIDv3;2,0;1,0;3,0;2,0;5,0;1,0;5,0;4,0;4,0;2,0;2,0;4,0;5,0;4,0;1,0;4,0;4,0;5,0;4,0;5,0;4,0;5,0;92,0;38,0;Male;SomeHighSchool;;Employed;;;;;;Staying;Alone;35,92;82,54;75,67;91,4;85,91;85,04;81,75;78,95;78,28;80,67;74,81;85,87;84,06;83,11;79,86;77,61;77,06;73,27;67,47;83,76;76,0;75,09;72,49;70,46;69,97;33,4;0,0;45,9;32,3;28,2;24,9;23,9;2,11;0,0;2,86;2,37;2,29;2,1;1,94;1,89;0,0499;0,0212;0,177;0,0865;0,0736;0,046;0,0314;0,0287;0,714;0,0;3,7;1,42;1,18;0,645;0,253;0,19;0,0745;0,0353;0,122;0,114;0,11;0,0739;0,0517;0,0415;0,35;0,015;0,769;0,494;0,459;0,342;0,255;0,236;64,22;63,43;59,85;71,75;66,4;65,45;63,26;61,58;61,17;20,4;2,68;77,1;38,1;32,4;18,6;10,3;8,66;-5,69;-5,27;76,91;45,63;37,53;14,1;-1,95;-2,72
LianhuashanParkEntrance;LianhuashanParkEntrance2;LPE2130;12;2019-04-02 10:24:00;;;;cmn;cmnSSIDv3;4,0;4,0;4,0;2,0;3,0;4,0;3,0;4,0;2,0;4,0;3,0;4,0;3,0;3,0;3,0;2,0;3,0;2,0;2,0;3,0;3,0;4,0;56,0;23,0;Male;SomePostgraduate;;Other;;;;;;Leaving;Group;60,53;71,45;67,09;76,59;74,02;73,26;71,14;69,28;68,75;69,29;64,78;74,91;72,07;71,44;68,72;66,9;66,57;63,22;56,09;74,43;66,75;65,61;61,89;59,13;58,2;19,5;0,0;30,2;18,5;14,5;12,1;11,4;1,9;0,0;3,45;2,35;2,19;1,87;1,66;1,61;0,0303;0,0139;0,0788;0,0457;0,0405;0,029;0,0217;0,0195;0,347;0,0;2,96;1,07;0,767;0,218;0,0557;0,034;0,0298;0,00552;0,136;0,101;0,0495;0,0245;0,0105;0,00839;0,347;0,159;1,15;0,521;0,456;0,328;0,26;0,239;55,82;54,06;47,58;65,36;58,4;57,11;54,03;50,88;50,1;12,4;0,327;76,9;26,1;21,8;10,7;5,17;4,06;-3,07;-12,87;62,73;39,7;29,41;5,46;-10,34;-10,99
LianhuashanParkEntrance;LianhuashanParkEntrance1;LPE1097;13;2019-03-31 10:32:00;;;;cmn;cmnSSIDv3;4,0;2,0;3,0;2,0;3,0;3,0;3,0;4,0;3,0;2,0;3,0;3,0;3,0;3,0;2,0;3,0;3,0;3,0;3,0;2,0;3,0;3,0;56,0;32,0;Male;UniversityGraduate;;Employed;;;;;;Staying;Group;35,92;82,54;75,67;91,4;85,91;85,04;81,75;78,95;78,28;80,67;74,81;85,87;84,06;83,11;79,86;77,61;77,06;73,27;67,47;83,76;76,0;75,09;72,49;70,46;69,97;33,4;0,0;45,9;32,3;28,2;24,9;23,9;2,11;0,0;2,86;2,37;2,29;2,1;1,94;1,89;0,0499;0,0212;0,177;0,0865;0,0736;0,046;0,0314;0,0287;0,714;0,0;3,7;1,42;1,18;0,645;0,253;0,19;0,0745;0,0353;0,122;0,114;0,11;0,0739;0,0517;0,0415;0,35;0,015;0,769;0,494;0,459;0,342;0,255;0,236;64,22;63,43;59,85;71,75;66,4;65,45;63,26;61,58;61,17;20,4;2,68;77,1;38,1;32,4;18,6;10,3;8,66;-5,69;-5,27;76,91;45,63;37,53;14,1;-1,95;-2,72
LianhuashanParkEntrance;LianhuashanParkEntrance2;LPE2130;13;2019-04-02 10:24:00;;;;cmn;cmnSSIDv3;3,0;4,0;4,0;2,0;3,0;3,0;3,0;4,0;2,0;3,0;3,0;3,0;3,0;3,0;3,0;2,0;3,0;2,0;3,0;3,0;2,0;2,0;48,0;23,0;Female;UniversityGraduate;;Employed;;;;;;Leaving;Group;60,53;71,45;67,09;76,59;74,02;73,26;71,14;69,28;68,75;69,29;64,78;74,91;72,07;71,44;68,72;66,9;66,57;63,22;56,09;74,43;66,75;65,61;61,89;59,13;58,2;19,5;0,0;30,2;18,5;14,5;12,1;11,4;1,9;0,0;3,45;2,35;2,19;1,87;1,66;1,61;0,0303;0,0139;0,0788;0,0457;0,0405;0,029;0,0217;0,0195;0,347;0,0;2,96;1,07;0,767;0,218;0,0557;0,034;0,0298;0,00552;0,136;0,101;0,0495;0,0245;0,0105;0,00839;0,347;0,159;1,15;0,521;0,456;0,328;0,26;0,239;55,82;54,06;47,58;65,36;58,4;57,11;54,03;50,88;50,1;12,4;0,327;76,9;26,1;21,8;10,7;5,17;4,06;-3,07;-12,87;62,73;39,7;29,41;5,46;-10,34;-10,99
LianhuashanParkEntrance;LianhuashanParkEntrance1;LPE1098;14;2019-03-31 10:39:00;;;;cmn;cmnSSIDv3;3,0;2,0;2,0;2,0;4,0;3,0;4,0;3,0;4,0;3,0;3,0;3,0;3,0;3,0;2,0;2,0;3,0;2,0;3,0;3,0;2,0;2,0;48,0;31,0;Male;UniversityGraduate;;Employed;;;;;;Staying;Alone;148,69;84,54;76,22;98,18;88,34;86,72;82,79;79,98;79,32;82,98;75,24;91,7;86,33;85,38;82,18;79,49;78,81;77,53;70,42;90,63;80,82;79,35;76,32;74,11;73,46;45,0;0,0;84,1;41,7;36,1;31,8;30,6;2,52;0,0;5,38;3,0;2,84;2,5;2,18;2,1;0,0488;0,0167;0,176;0,0774;0,0684;0,0464;0,032;0,0292;0,915;0,0;5,81;2,11;1,68;0,804;0,328;0,254;0,0631;0,0217;0,253;0,121;0,103;0,0575;0,0355;0,0308;0,325;0,0973;1,21;0,463;0,415;0,315;0,234;0,211;69,56;67,73;61,16;82,97;72,65;70,45;67,42;65,08;64,47;23,0;3,1;99,8;41,6;35,6;21,3;12,4;10,4;-3,64;-1,4;77,05;52,32;42,41;19,6;4,58;2,69
LianhuashanParkEntrance;LianhuashanParkEntrance2;LPE2130;14;2019-04-02 10:24:00;;;;cmn;cmnSSIDv3;2,0;3,0;3,0;2,0;5,0;2,0;5,0;3,0;4,0;1,0;2,0;1,0;3,0;3,0;3,0;4,0;5,0;3,0;1,0;1,0;1,0;3,0;36,0;24,0;Female;UniversityGraduate;;Employed;;;;;;Leaving;Group;60,53;71,45;67,09;76,59;74,02;73,26;71,14;69,28;68,75;69,29;64,78;74,91;72,07;71,44;68,72;66,9;66,57;63,22;56,09;74,43;66,75;65,61;61,89;59,13;58,2;19,5;0,0;30,2;18,5;14,5;12,1;11,4;1,9;0,0;3,45;2,35;2,19;1,87;1,66;1,61;0,0303;0,0139;0,0788;0,0457;0,0405;0,029;0,0217;0,0195;0,347;0,0;2,96;1,07;0,767;0,218;0,0557;0,034;0,0298;0,00552;0,136;0,101;0,0495;0,0245;0,0105;0,00839;0,347;0,159;1,15;0,521;0,456;0,328;0,26;0,239;55,82;54,06;47,58;65,36;58,4;57,11;54,03;50,88;50,1;12,4;0,327;76,9;26,1;21,8;10,7;5,17;4,06;-3,07;-12,87;62,73;39,7;29,41;5,46;-10,34;-10,99
LianhuashanParkEntrance;LianhuashanParkEntrance1;LPE1098;15;2019-03-31 10:39:00;;;;cmn;cmnSSIDv3;1,0;2,0;4,0;1,0;4,0;3,0;4,0;3,0;2,0;2,0;4,0;1,0;3,0;3,0;2,0;1,0;2,0;3,0;2,0;3,0;2,0;3,0;52,0;22,0;Male;UniversityGraduate;;Student;;;;;;Arriving;Couple;148,69;84,54;76,22;98,18;88,34;86,72;82,79;79,98;79,32;82,98;75,24;91,7;86,33;85,38;82,18;79,49;78,81;77,53;70,42;90,63;80,82;79,35;76,32;74,11;73,46;45,0;0,0;84,1;41,7;36,1;31,8;30,6;2,52;0,0;5,38;3,0;2,84;2,5;2,18;2,1;0,0488;0,0167;0,176;0,0774;0,0684;0,0464;0,032;0,0292;0,915;0,0;5,81;2,11;1,68;0,804;0,328;0,254;0,0631;0,0217;0,253;0,121;0,103;0,0575;0,0355;0,0308;0,325;0,0973;1,21;0,463;0,415;0,315;0,234;0,211;69,56;67,73;61,16;82,97;72,65;70,45;67,42;65,08;64,47;23,0;3,1;99,8;41,6;35,6;21,3;12,4;10,4;-3,64;-1,4;77,05;52,32;42,41;19,6;4,58;2,69
LianhuashanParkEntrance;LianhuashanParkEntrance2;LPE2131;15;2019-04-02 10:28:00;;;;cmn;cmnSSIDv3;4,0;3,0;4,0;3,0;4,0;2,0;4,0;3,0;4,0;2,0;4,0;3,0;4,0;3,0;4,0;4,0;4,0;1,0;4,0;3,0;3,0;3,0;56,0;27,0;Female;UniversityGraduate;;Employed;;;;;;Staying;Group;225,24;72,88;66,4;83,77;75,9;74,9;72,12;70,14;69,49;71,09;64,57;79,63;74,04;73,07;70,52;68,55;67,65;66,12;57,62;78,37;68,7;67,86;65,61;63,34;62,31;21,5;0,0;38,4;20,7;18,2;15,4;14,2;1,98;0,0;3,09;2,35;2,25;1,97;1,73;1,66;0,0347;0,0141;0,152;0,052;0,0469;0,0333;0,024;0,0219;0,462;0,0;2,44;1,15;0,902;0,374;0,13;0,0888;0,036;0,00838;0,135;0,0647;0,0562;0,0334;0,0197;0,0167;0,325;0,101;1,08;0,479;0,422;0,314;0,237;0,213;57,9;56,94;49,05;70,26;60,19;59,28;57,01;54,44;53,37;14,3;1,02;87,3;27,2;23,2;13,0;7,06;5,77;-0,43;-9,98;63,45;41,6;32,67;6,0;-6,55;-7,89
LianhuashanParkEntrance;LianhuashanParkEntrance1;LPE1099;16;2019-03-31 10:42:00;;;;cmn;cmnSSIDv3;2,0;3,0;4,0;3,0;4,0;3,0;4,0;3,0;3,0;3,0;4,0;3,0;3,0;3,0;3,0;3,0;3,0;4,0;3,0;4,0;3,0;4,0;72,0;20,0;Female;SomeCollege;;Employed;;;;;;Staying;Couple;149,13;85,0;75,55;97,0;88,53;87,39;84,04;80,9;80,17;83,85;72,02;93,27;87,26;86,31;83,3;79,39;77,5;77,87;66,7;91,85;81,49;80,26;76,82;73,14;70,99;49,0;0,0;77,3;46,5;38,2;30,5;25,4;2,52;0,0;4,08;2,98;2,86;2,49;2,21;2,15;0,0476;0,0182;0,598;0,0764;0,066;0,0444;0,0316;0,0288;0,844;0,0;5,36;1,84;1,5;0,722;0,315;0,234;0,0659;0,0159;0,133;0,108;0,0979;0,0684;0,0299;0,0258;0,369;0,0857;4,0;0,549;0,49;0,351;0,253;0,224;70,25;68,49;58,89;79,87;73,56;72,28;68,49;65,0;63,11;23,9;2,1;98,4;43,4;37,8;22,0;12,6;10,6;-4,41;9,13;78,51;53,14;45,01;19,85;12,59;11,72
LianhuashanParkEntrance;LianhuashanParkEntrance2;LPE2131;16;2019-04-02 10:28:00;;;;cmn;cmnSSIDv3;3,0;1,0;3,0;1,0;5,0;1,0;5,0;4,0;4,0;1,0;3,0;3,0;4,0;4,0;2,0;3,0;4,0;3,0;3,0;3,0;3,0;3,0;60,0;44,0;Female;SomeCollege;;Unemployed;;;;;;Staying;Couple;225,24;72,88;66,4;83,77;75,9;74,9;72,12;70,14;69,49;71,09;64,57;79,63;74,04;73,07;70,52;68,55;67,65;66,12;57,62;78,37;68,7;67,86;65,61;63,34;62,31;21,5;0,0;38,4;20,7;18,2;15,4;14,2;1,98;0,0;3,09;2,35;2,25;1,97;1,73;1,66;0,0347;0,0141;0,152;0,052;0,0469;0,0333;0,024;0,0219;0,462;0,0;2,44;1,15;0,902;0,374;0,13;0,0888;0,036;0,00838;0,135;0,0647;0,0562;0,0334;0,0197;0,0167;0,325;0,101;1,08;0,479;0,422;0,314;0,237;0,213;57,9;56,94;49,05;70,26;60,19;59,28;57,01;54,44;53,37;14,3;1,02;87,3;27,2;23,2;13,0;7,06;5,77;-0,43;-9,98;63,45;41,6;32,67;6,0;-6,55;-7,89
LianhuashanParkEntrance;LianhuashanParkEntrance1;LPE1099;17;2019-03-31 10:42:00;;;;cmn;cmnSSIDv3;2,0;3,0;4,0;3,0;4,0;3,0;3,0;3,0;3,0;3,0;4,0;3,0;3,0;3,0;3,0;3,0;3,0;4,0;3,0;4,0;3,0;4,0;72,0;20,0;Female;SomeHighSchool;;Employed;;;;;;Staying;Couple;149,13;85,0;75,55;97,0;88,53;87,39;84,04;80,9;80,17;83,85;72,02;93,27;87,26;86,31;83,3;79,39;77,5;77,87;66,7;91,85;81,49;80,26;76,82;73,14;70,99;49,0;0,0;77,3;46,5;38,2;30,5;25,4;2,52;0,0;4,08;2,98;2,86;2,49;2,21;2,15;0,0476;0,0182;0,598;0,0764;0,066;0,0444;0,0316;0,0288;0,844;0,0;5,36;1,84;1,5;0,722;0,315;0,234;0,0659;0,0159;0,133;0,108;0,0979;0,0684;0,0299;0,0258;0,369;0,0857;4,0;0,549;0,49;0,351;0,253;0,224;70,25;68,49;58,89;79,87;73,56;72,28;68,49;65,0;63,11;23,9;2,1;98,4;43,4;37,8;22,0;12,6;10,6;-4,41;9,13;78,51;53,14;45,01;19,85;12,59;11,72
LianhuashanParkEntrance;LianhuashanParkEntrance2;LPE2132;17;2019-04-02 10:35:00;;;;cmn;cmnSSIDv3;2,0;1,0;4,0;4,0;5,0;1,0;5,0;2,0;4,0;1,0;2,0;2,0;5,0;4,0;3,0;4,0;4,0;5,0;4,0;3,0;3,0;3,0;72,0;35,0;Female;SomeCollege;;Unemployed;;;;;;Staying;Couple;108,25;73,0;68,51;82,26;75,43;74,73;72,58;70,61;70,19;71,74;66,96;77,99;74,46;73,8;71,19;69,01;68,64;66,16;59,37;74,83;68,78;68,18;65,81;62,66;61,88;21,9;0,0;34,0;21,1;18,3;15,0;14,1;1,98;0,0;3,2;2,32;2,22;1,96;1,75;1,69;0,0341;0,0123;0,103;0,0506;0,0462;0,0327;0,0235;0,0214;0,455;0,0;2,0;1,12;0,891;0,369;0,135;0,0944;0,0355;0,0124;0,0915;0,062;0,0552;0,0333;0,0185;0,0156;0,321;0,126;0,867;0,466;0,421;0,312;0,224;0,206;57,65;56,71;50,16;67,74;59,86;58,99;56,87;53,97;53,13;14,8;1,8;64,0;27,9;23,9;13,5;7,32;6,15;-2,23;-11,09;63,08;40,18;32,45;6,78;-8,61;-9,25
LianhuashanParkEntrance;LianhuashanParkEntrance1;LPE1099;18;2019-03-31 10:42:00;;;;cmn;cmnSSIDv3;1,0;3,0;4,0;3,0;4,0;3,0;4,0;3,0;2,0;2,0;4,0;2,0;4,0;4,0;2,0;2,0;4,0;4,0;3,0;4,0;4,0;4,0;76,0;21,0;Female;UniversityGraduate;;Student;;;;;;Leaving;Couple;149,13;85,0;75,55;97,0;88,53;87,39;84,04;80,9;80,17;83,85;72,02;93,27;87,26;86,31;83,3;79,39;77,5;77,87;66,7;91,85;81,49;80,26;76,82;73,14;70,99;49,0;0,0;77,3;46,5;38,2;30,5;25,4;2,52;0,0;4,08;2,98;2,86;2,49;2,21;2,15;0,0476;0,0182;0,598;0,0764;0,066;0,0444;0,0316;0,0288;0,844;0,0;5,36;1,84;1,5;0,722;0,315;0,234;0,0659;0,0159;0,133;0,108;0,0979;0,0684;0,0299;0,0258;0,369;0,0857;4,0;0,549;0,49;0,351;0,253;0,224;70,25;68,49;58,89;79,87;73,56;72,28;68,49;65,0;63,11;23,9;2,1;98,4;43,4;37,8;22,0;12,6;10,6;-4,41;9,13;78,51;53,14;45,01;19,85;12,59;11,72
LianhuashanParkEntrance;LianhuashanParkEntrance2;LPE2132;18;2019-04-02 10:35:00;;;;cmn;cmnSSIDv3;4,0;4,0;4,0;2,0;4,0;3,0;3,0;4,0;3,0;2,0;4,0;2,0;3,0;2,0;4,0;4,0;3,0;2,0;2,0;2,0;4,0;4,0;56,0;30,0;Female;UniversityGraduate;;Employed;;;;;;Leaving;Couple;108,25;73,0;68,51;82,26;75,43;74,73;72,58;70,61;70,19;71,74;66,96;77,99;74,46;73,8;71,19;69,01;68,64;66,16;59,37;74,83;68,78;68,18;65,81;62,66;61,88;21,9;0,0;34,0;21,1;18,3;15,0;14,1;1,98;0,0;3,2;2,32;2,22;1,96;1,75;1,69;0,0341;0,0123;0,103;0,0506;0,0462;0,0327;0,0235;0,0214;0,455;0,0;2,0;1,12;0,891;0,369;0,135;0,0944;0,0355;0,0124;0,0915;0,062;0,0552;0,0333;0,0185;0,0156;0,321;0,126;0,867;0,466;0,421;0,312;0,224;0,206;57,65;56,71;50,16;67,74;59,86;58,99;56,87;53,97;53,13;14,8;1,8;64,0;27,9;23,9;13,5;7,32;6,15;-2,23;-11,09;63,08;40,18;32,45;6,78;-8,61;-9,25
LianhuashanParkEntrance;LianhuashanParkEntrance1;LPE1100;19;2019-03-31 10:44:00;;;;cmn;cmnSSIDv3;2,0;2,0;3,0;2,0;4,0;2,0;4,0;3,0;4,0;2,0;2,0;3,0;4,0;4,0;2,0;2,0;4,0;4,0;3,0;4,0;4,0;3,0;72,0;39,0;Male;SomeCollege;;Employed;;;;;;Staying;Couple;156,6;85,08;75,61;94,86;88,54;87,61;84,22;81,06;80,19;84,29;73,69;92,38;87,62;86,71;83,72;80,47;79,38;76,32;68,97;85,83;79,15;78,28;75,9;73,13;72,29;44,8;0,0;63,6;42,8;37,1;30,8;28,6;2,33;0,0;3,75;2,76;2,67;2,32;2,02;1,95;0,0479;0,0191;0,157;0,075;0,0661;0,0454;0,0324;0,0295;0,778;0,0;3,7;1,59;1,37;0,683;0,296;0,226;0,0631;0,0208;0,135;0,0986;0,0914;0,0601;0,0386;0,0334;0,34;0,104;0,851;0,463;0,427;0,332;0,259;0,242;68,09;67,03;60,14;75,9;70,76;69,86;67,19;63,89;62,78;21,9;2,79;109,0;38,7;33,8;20,5;11,7;9,91;-5,59;-3,44;79,93;49,96;41,32;16,77;-0,23;-1,27
LianhuashanParkEntrance;LianhuashanParkEntrance2;LPE2132;19;2019-04-02 10:36:00;;;;cmn;cmnSSIDv3;4,0;2,0;3,0;3,0;4,0;3,0;4,0;5,0;4,0;3,0;3,0;2,0;4,0;3,0;3,0;3,0;3,0;3,0;2,0;3,0;2,0;3,0;52,0;35,0;Male;UniversityGraduate;;Employed;;;;;;Staying;Group;108,25;73,0;68,51;82,26;75,43;74,73;72,58;70,61;70,19;71,74;66,96;77,99;74,46;73,8;71,19;69,01;68,64;66,16;59,37;74,83;68,78;68,18;65,81;62,66;61,88;21,9;0,0;34,0;21,1;18,3;15,0;14,1;1,98;0,0;3,2;2,32;2,22;1,96;1,75;1,69;0,0341;0,0123;0,103;0,0506;0,0462;0,0327;0,0235;0,0214;0,455;0,0;2,0;1,12;0,891;0,369;0,135;0,0944;0,0355;0,0124;0,0915;0,062;0,0552;0,0333;0,0185;0,0156;0,321;0,126;0,867;0,466;0,421;0,312;0,224;0,206;57,65;56,71;50,16;67,74;59,86;58,99;56,87;53,97;53,13;14,8;1,8;64,0;27,9;23,9;13,5;7,32;6,15;-2,23;-11,09;63,08;40,18;32,45;6,78;-8,61;-9,25
LianhuashanParkEntrance;LianhuashanParkEntrance1;LPE1101;20;2019-03-31 10:46:00;;;;cmn;cmnSSIDv3;2,0;2,0;2,0;2,0;4,0;2,0;4,0;4,0;4,0;2,0;4,0;2,0;3,0;3,0;4,0;3,0;4,0;1,0;1,0;1,0;4,0;1,0;32,0;38,0;Male;TradeTechVocation;;Employed;;;;;;Leaving;Couple;127,55;83,66;76,64;92,34;86,65;85,74;83,06;80,85;80,25;83,29;75,87;91,74;86,24;85,33;82,75;80,41;79,8;76,72;70,18;88,63;79,78;78,79;76,03;73,57;72,93;43,5;0,0;68,1;41,5;36,1;31,8;30,5;2,3;0,0;3,68;2,72;2,6;2,27;2,03;1,97;0,0491;0,0184;0,197;0,077;0,0684;0,0463;0,0329;0,0301;0,811;0,0;3,39;1,82;1,5;0,684;0,297;0,234;0,0539;0,019;0,202;0,0938;0,0792;0,0486;0,031;0,0276;0,312;0,103;0,76;0,432;0,398;0,308;0,23;0,204;67,83;66,74;60,98;77,88;70,8;69,56;66,59;64,05;63,37;21,1;2,3;109,0;36,9;32,2;19,8;11,4;9,68;-3,84;-3,96;77,16;51,29;40,64;17,41;-1,36;-2,1
LianhuashanParkEntrance;LianhuashanParkEntrance2;LPE2132;20;2019-04-02 10:36:00;;;;cmn;cmnSSIDv3;4,0;2,0;4,0;3,0;4,0;3,0;4,0;3,0;4,0;2,0;3,0;4,0;4,0;3,0;3,0;3,0;3,0;4,0;2,0;4,0;4,0;4,0;72,0;29,0;Female;SomeCollege;;Employed;;;;;;Staying;Group;108,25;73,0;68,51;82,26;75,43;74,73;72,58;70,61;70,19;71,74;66,96;77,99;74,46;73,8;71,19;69,01;68,64;66,16;59,37;74,83;68,78;68,18;65,81;62,66;61,88;21,9;0,0;34,0;21,1;18,3;15,0;14,1;1,98;0,0;3,2;2,32;2,22;1,96;1,75;1,69;0,0341;0,0123;0,103;0,0506;0,0462;0,0327;0,0235;0,0214;0,455;0,0;2,0;1,12;0,891;0,369;0,135;0,0944;0,0355;0,0124;0,0915;0,062;0,0552;0,0333;0,0185;0,0156;0,321;0,126;0,867;0,466;0,421;0,312;0,224;0,206;57,65;56,71;50,16;67,74;59,86;58,99;56,87;53,97;53,13;14,8;1,8;64,0;27,9;23,9;13,5;7,32;6,15;-2,23;-11,09;63,08;40,18;32,45;6,78;-8,61;-9,25
LianhuashanParkEntrance;LianhuashanParkEntrance1;LPE1101;21;2019-03-31 10:47:00;;;;cmn;cmnSSIDv3;3,0;2,0;3,0;2,0;4,0;3,0;5,0;4,0;4,0;3,0;4,0;3,0;4,0;2,0;3,0;3,0;3,0;3,0;3,0;3,0;4,0;4,0;68,0;37,0;Male;SomeCollege;;Employed;;;;;;Leaving;Couple;127,55;83,66;76,64;92,34;86,65;85,74;83,06;80,85;80,25;83,29;75,87;91,74;86,24;85,33;82,75;80,41;79,8;76,72;70,18;88,63;79,78;78,79;76,03;73,57;72,93;43,5;0,0;68,1;41,5;36,1;31,8;30,5;2,3;0,0;3,68;2,72;2,6;2,27;2,03;1,97;0,0491;0,0184;0,197;0,077;0,0684;0,0463;0,0329;0,0301;0,811;0,0;3,39;1,82;1,5;0,684;0,297;0,234;0,0539;0,019;0,202;0,0938;0,0792;0,0486;0,031;0,0276;0,312;0,103;0,76;0,432;0,398;0,308;0,23;0,204;67,83;66,74;60,98;77,88;70,8;69,56;66,59;64,05;63,37;21,1;2,3;109,0;36,9;32,2;19,8;11,4;9,68;-3,84;-3,96;77,16;51,29;40,64;17,41;-1,36;-2,1
LianhuashanParkEntrance;LianhuashanParkEntrance2;LPE2133;21;2019-04-02 10:41:00;;;;cmn;cmnSSIDv3;3,0;2,0;3,0;2,0;2,0;3,0;4,0;3,0;1,0;3,0;4,0;3,0;3,0;2,0;3,0;4,0;4,0;3,0;2,0;3,0;3,0;2,0;52,0;40,0;Male;SomeCollege;;Employed;;;;;;Leaving;Alone;60,53;78,03;73,65;88,41;79,75;79,15;77,68;76,18;75,75;77,05;72,88;80,27;78,73;78,45;76,87;75,41;74,98;72,64;67,47;76,74;74,63;74,22;72,36;70,95;70,49;32,5;0,0;42,7;31,7;29,0;26,2;25,3;2,32;0,0;3,14;2,71;2,6;2,31;2,07;2,0;0,0406;0,0185;0,103;0,0621;0,0553;0,0391;0,0285;0,0261;0,527;0,0;2,09;1,24;0,984;0,453;0,189;0,144;0,0301;0,0139;0,0634;0,0482;0,0449;0,0288;0,0189;0,0173;0,317;0,173;1,21;0,432;0,402;0,31;0,235;0,22;64,94;64,43;58,71;68,89;66,68;66,12;64,44;62,74;62,28;17,4;1,96;78,3;30,5;26,4;16,5;9,71;8,19;-0,2;-12,03;67,29;46,79;39,24;10,26;-9,49;-10,23
LianhuashanParkEntrance;LianhuashanParkEntrance1;LPE1102;22;2019-03-31 10:54:00;;;;cmn;cmnSSIDv3;4,0;4,0;4,0;2,0;3,0;1,0;3,0;3,0;4,0;2,0;3,0;3,0;1,0;2,0;3,0;3,0;3,0;1,0;1,0;4,0;2,0;3,0;44,0;27,0;Female;SomeCollege;;Employed;;;;;;Leaving;Group;88,96;83,76;73,1;89,68;86,59;85,81;83,28;81,09;80,24;83,22;71,9;89,08;86,0;85,29;82,75;80,55;79,58;76,3;65,11;81,94;79,3;78,5;75,86;73,24;72,59;42,9;0,0;54,1;41,0;35,6;31,1;29,2;2,24;0,0;3,37;2,63;2,51;2,23;1,98;1,92;0,0497;0,0165;0,157;0,0753;0,0679;0,0478;0,0333;0,0304;0,811;0,0;3,75;1,86;1,48;0,684;0,309;0,246;0,0601;0,0268;0,134;0,111;0,0934;0,0557;0,0341;0,0321;0,304;0,129;0,84;0,431;0,391;0,3;0,223;0,208;67,3;66,31;57,01;73,5;69,96;69,12;66,2;63,76;62,97;20,5;2,37;65,4;37,0;31,8;19,1;11,0;9,23;-4,07;-5,12;76,74;48,24;41,29;17,5;-2,54;-3,48
LianhuashanParkEntrance;LianhuashanParkEntrance2;LPE2133;22;2019-04-02 10:41:00;;;;cmn;cmnSSIDv3;2,0;2,0;4,0;3,0;2,0;4,0;4,0;2,0;2,0;3,0;4,0;3,0;3,0;1,0;4,0;4,0;4,0;1,0;2,0;3,0;3,0;3,0;48,0;46,0;Female;UniversityGraduate;;Unemployed;;;;;;Staying;Group;60,53;78,03;73,65;88,41;79,75;79,15;77,68;76,18;75,75;77,05;72,88;80,27;78,73;78,45;76,87;75,41;74,98;72,64;67,47;76,74;74,63;74,22;72,36;70,95;70,49;32,5;0,0;42,7;31,7;29,0;26,2;25,3;2,32;0,0;3,14;2,71;2,6;2,31;2,07;2,0;0,0406;0,0185;0,103;0,0621;0,0553;0,0391;0,0285;0,0261;0,527;0,0;2,09;1,24;0,984;0,453;0,189;0,144;0,0301;0,0139;0,0634;0,0482;0,0449;0,0288;0,0189;0,0173;0,317;0,173;1,21;0,432;0,402;0,31;0,235;0,22;64,94;64,43;58,71;68,89;66,68;66,12;64,44;62,74;62,28;17,4;1,96;78,3;30,5;26,4;16,5;9,71;8,19;-0,2;-12,03;67,29;46,79;39,24;10,26;-9,49;-10,23
LianhuashanParkEntrance;LianhuashanParkEntrance1;LPE1102;23;2019-03-31 10:54:00;;;;cmn;cmnSSIDv3;3,0;3,0;3,0;2,0;4,0;4,0;3,0;4,0;3,0;3,0;3,0;3,0;3,0;3,0;2,0;2,0;3,0;2,0;2,0;3,0;2,0;1,0;40,0;28,0;Male;SomeCollege;;Employed;;;;;;Leaving;Group;88,96;83,76;73,1;89,68;86,59;85,81;83,28;81,09;80,24;83,22;71,9;89,08;86,0;85,29;82,75;80,55;79,58;76,3;65,11;81,94;79,3;78,5;75,86;73,24;72,59;42,9;0,0;54,1;41,0;35,6;31,1;29,2;2,24;0,0;3,37;2,63;2,51;2,23;1,98;1,92;0,0497;0,0165;0,157;0,0753;0,0679;0,0478;0,0333;0,0304;0,811;0,0;3,75;1,86;1,48;0,684;0,309;0,246;0,0601;0,0268;0,134;0,111;0,0934;0,0557;0,0341;0,0321;0,304;0,129;0,84;0,431;0,391;0,3;0,223;0,208;67,3;66,31;57,01;73,5;69,96;69,12;66,2;63,76;62,97;20,5;2,37;65,4;37,0;31,8;19,1;11,0;9,23;-4,07;-5,12;76,74;48,24;41,29;17,5;-2,54;-3,48
LianhuashanParkEntrance;LianhuashanParkEntrance2;LPE2134;23;2019-04-02 10:46:00;;;;cmn;cmnSSIDv3;3,0;2,0;3,0;3,0;4,0;3,0;4,0;4,0;3,0;3,0;4,0;3,0;4,0;3,0;3,0;2,0;2,0;4,0;4,0;4,0;4,0;4,0;80,0;47,0;Male;UniversityGraduate;;Employed;;;;;;Staying;Group;92,93;75,95;72,76;79,57;77,22;76,92;75,87;74,75;74,4;75,29;71,88;79,34;76,68;76,33;75,18;74,01;73,61;71,61;66,61;77,64;73,69;72,92;71,4;69,67;68,98;30,8;0,0;39,6;29,9;27,1;23,7;22,7;2,41;0,0;3,23;2,78;2,68;2,42;2,14;2,06;0,0411;0,0179;0,111;0,0617;0,0556;0,0396;0,0287;0,0265;0,494;0,0;2,56;1,25;0,945;0,391;0,177;0,142;0,0326;0,0177;0,0632;0,0505;0,0465;0,0307;0,0231;0,0208;0,318;0,193;0,701;0,409;0,385;0,315;0,256;0,235;64,39;63,74;58,49;69,64;66,3;65,58;63,78;61,73;61,13;16,3;1,77;52,8;28,3;24,8;15,4;8,98;7,55;-2,48;-11,62;64,21;45,97;37,57;13,15;-8,91;-9,75
LianhuashanParkEntrance;LianhuashanParkEntrance1;LPE1102;24;2019-03-31 10:54:00;;;;cmn;cmnSSIDv3;3,0;4,0;3,0;2,0;4,0;2,0;3,0;4,0;4,0;1,0;2,0;2,0;3,0;3,0;2,0;3,0;4,0;2,0;2,0;3,0;1,0;2,0;40,0;26,0;Male;SomeCollege;;Employed;;;;;;Leaving;Group;88,96;83,76;73,1;89,68;86,59;85,81;83,28;81,09;80,24;83,22;71,9;89,08;86,0;85,29;82,75;80,55;79,58;76,3;65,11;81,94;79,3;78,5;75,86;73,24;72,59;42,9;0,0;54,1;41,0;35,6;31,1;29,2;2,24;0,0;3,37;2,63;2,51;2,23;1,98;1,92;0,0497;0,0165;0,157;0,0753;0,0679;0,0478;0,0333;0,0304;0,811;0,0;3,75;1,86;1,48;0,684;0,309;0,246;0,0601;0,0268;0,134;0,111;0,0934;0,0557;0,0341;0,0321;0,304;0,129;0,84;0,431;0,391;0,3;0,223;0,208;67,3;66,31;57,01;73,5;69,96;69,12;66,2;63,76;62,97;20,5;2,37;65,4;37,0;31,8;19,1;11,0;9,23;-4,07;-5,12;76,74;48,24;41,29;17,5;-2,54;-3,48
LianhuashanParkEntrance;LianhuashanParkEntrance2;LPE2134;24;2019-04-02 10:47:00;;;;cmn;cmnSSIDv3;2,0;2,0;3,0;2,0;3,0;4,0;3,0;3,0;3,0;4,0;3,0;3,0;3,0;2,0;2,0;2,0;3,0;4,0;4,0;4,0;3,0;4,0;76,0;25,0;Male;SomePostgraduate;;Student;;;;;;Staying;Couple;92,93;75,95;72,76;79,57;77,22;76,92;75,87;74,75;74,4;75,29;71,88;79,34;76,68;76,33;75,18;74,01;73,61;71,61;66,61;77,64;73,69;72,92;71,4;69,67;68,98;30,8;0,0;39,6;29,9;27,1;23,7;22,7;2,41;0,0;3,23;2,78;2,68;2,42;2,14;2,06;0,0411;0,0179;0,111;0,0617;0,0556;0,0396;0,0287;0,0265;0,494;0,0;2,56;1,25;0,945;0,391;0,177;0,142;0,0326;0,0177;0,0632;0,0505;0,0465;0,0307;0,0231;0,0208;0,318;0,193;0,701;0,409;0,385;0,315;0,256;0,235;64,39;63,74;58,49;69,64;66,3;65,58;63,78;61,73;61,13;16,3;1,77;52,8;28,3;24,8;15,4;8,98;7,55;-2,48;-11,62;64,21;45,97;37,57;13,15;-8,91;-9,75
LianhuashanParkEntrance;LianhuashanParkEntrance1;LPE1102;25;2019-03-31 10:54:00;;;;cmn;cmnSSIDv3;4,0;4,0;3,0;2,0;3,0;2,0;4,0;3,0;3,0;2,0;4,0;2,0;3,0;3,0;4,0;3,0;3,0;2,0;2,0;3,0;2,0;2,0;44,0;18,0;Male;SomeCollege;;Employed;;;;;;Arriving;Group;88,96;83,76;73,1;89,68;86,59;85,81;83,28;81,09;80,24;83,22;71,9;89,08;86,0;85,29;82,75;80,55;79,58;76,3;65,11;81,94;79,3;78,5;75,86;73,24;72,59;42,9;0,0;54,1;41,0;35,6;31,1;29,2;2,24;0,0;3,37;2,63;2,51;2,23;1,98;1,92;0,0497;0,0165;0,157;0,0753;0,0679;0,0478;0,0333;0,0304;0,811;0,0;3,75;1,86;1,48;0,684;0,309;0,246;0,0601;0,0268;0,134;0,111;0,0934;0,0557;0,0341;0,0321;0,304;0,129;0,84;0,431;0,391;0,3;0,223;0,208;67,3;66,31;57,01;73,5;69,96;69,12;66,2;63,76;62,97;20,5;2,37;65,4;37,0;31,8;19,1;11,0;9,23;-4,07;-5,12;76,74;48,24;41,29;17,5;-2,54;-3,48
LianhuashanParkEntrance;LianhuashanParkEntrance2;LPE2135;25;2019-04-02 10:52:00;;;;cmn;cmnSSIDv3;3,0;2,0;3,0;3,0;4,0;3,0;4,0;3,0;3,0;3,0;4,0;2,0;3,0;2,0;3,0;4,0;4,0;4,0;3,0;4,0;4,0;4,0;76,0;38,0;Female;UniversityGraduate;;Employed;;;;;;Staying;Couple;89,22;75,95;71,34;80,61;77,4;77,01;75,86;74,67;74,17;75,1;69,17;80,35;76,4;76,05;75,03;73,82;73,26;71,05;63,63;80,06;72,85;72,36;70,82;68,83;68,11;29,9;0,0;40,7;29,1;26,3;22,6;21,5;2,4;0,0;3,28;2,77;2,69;2,41;2,1;2,02;0,0406;0,0162;0,121;0,0617;0,0552;0,0387;0,0281;0,0258;0,543;0,0;2,72;1,42;1,12;0,411;0,169;0,127;0,0366;0,0175;0,102;0,062;0,0563;0,0332;0,0227;0,0208;0,318;0,136;0,748;0,42;0,389;0,313;0,249;0,233;63,84;63,05;56,11;70,47;65,47;64,9;63,15;60,95;60,23;16,7;1,78;57,4;29,8;26,0;15,5;8,77;7,32;-1,67;-10,12;65,47;45,67;37,19;12,54;-7,79;-8,35
LianhuashanParkEntrance;LianhuashanParkEntrance1;LPE1103;26;2019-03-31 10:57:00;;;;cmn;cmnSSIDv3;1,0;1,0;5,0;3,0;5,0;4,0;5,0;2,0;1,0;1,0;5,0;1,0;4,0;4,0;2,0;3,0;4,0;4,0;3,0;3,0;2,0;3,0;60,0;25,0;Male;SomePostgraduate;;Student;;;;;;Staying;Group;90,33;82,0;76,88;90,46;85,22;84,07;81,15;79,27;78,72;81,32;75,95;90,39;84,57;83,43;80,43;78,53;78,0;76,77;68,63;90,32;81,73;78,89;74,52;72,15;71,66;44,3;0,0;68,6;39,7;33,3;29,3;28,2;2,42;0,0;4,05;2,83;2,69;2,39;2,16;2,09;0,0421;0,0177;0,146;0,0622;0,0566;0,0402;0,0295;0,027;0,644;0,0;6,21;1,45;1,15;0,535;0,246;0,199;0,051;0,023;0,17;0,0953;0,0751;0,0478;0,0311;0,0289;0,354;0,165;0,938;0,492;0,44;0,344;0,273;0,255;68,57;66,69;59,99;79,73;72,98;70,19;66,34;63,63;62,83;22,5;2,96;115,0;42,2;35,4;20,3;11,7;9,9;-2,88;-4,17;73,64;53,21;43,59;15,84;-2,24;-2,96
LianhuashanParkEntrance;LianhuashanParkEntrance2;LPE2135;26;2019-04-02 10:52:00;;;;cmn;cmnSSIDv3;2,0;2,0;4,0;2,0;4,0;2,0;4,0;3,0;2,0;2,0;3,0;2,0;3,0;2,0;4,0;3,0;3,0;4,0;3,0;4,0;4,0;3,0;72,0;25,0;Female;SomePostgraduate;;Student;;;;;;Staying;Group;89,22;75,95;71,34;80,61;77,4;77,01;75,86;74,67;74,17;75,1;69,17;80,35;76,4;76,05;75,03;73,82;73,26;71,05;63,63;80,06;72,85;72,36;70,82;68,83;68,11;29,9;0,0;40,7;29,1;26,3;22,6;21,5;2,4;0,0;3,28;2,77;2,69;2,41;2,1;2,02;0,0406;0,0162;0,121;0,0617;0,0552;0,0387;0,0281;0,0258;0,543;0,0;2,72;1,42;1,12;0,411;0,169;0,127;0,0366;0,0175;0,102;0,062;0,0563;0,0332;0,0227;0,0208;0,318;0,136;0,748;0,42;0,389;0,313;0,249;0,233;63,84;63,05;56,11;70,47;65,47;64,9;63,15;60,95;60,23;16,7;1,78;57,4;29,8;26,0;15,5;8,77;7,32;-1,67;-10,12;65,47;45,67;37,19;12,54;-7,79;-8,35
LianhuashanParkEntrance;LianhuashanParkEntrance1;LPE1103;27;2019-03-31 10:57:00;;;;cmn;cmnSSIDv3;2,0;2,0;4,0;3,0;5,0;3,0;5,0;4,0;2,0;2,0;4,0;2,0;3,0;3,0;2,0;1,0;3,0;4,0;3,0;4,0;0,0;3,0;56,0;23,0;Male;SomePostgraduate;;Student;;;;;;Staying;Group;90,33;82,0;76,88;90,46;85,22;84,07;81,15;79,27;78,72;81,32;75,95;90,39;84,57;83,43;80,43;78,53;78,0;76,77;68,63;90,32;81,73;78,89;74,52;72,15;71,66;44,3;0,0;68,6;39,7;33,3;29,3;28,2;2,42;0,0;4,05;2,83;2,69;2,39;2,16;2,09;0,0421;0,0177;0,146;0,0622;0,0566;0,0402;0,0295;0,027;0,644;0,0;6,21;1,45;1,15;0,535;0,246;0,199;0,051;0,023;0,17;0,0953;0,0751;0,0478;0,0311;0,0289;0,354;0,165;0,938;0,492;0,44;0,344;0,273;0,255;68,57;66,69;59,99;79,73;72,98;70,19;66,34;63,63;62,83;22,5;2,96;115,0;42,2;35,4;20,3;11,7;9,9;-2,88;-4,17;73,64;53,21;43,59;15,84;-2,24;-2,96
LianhuashanParkEntrance;LianhuashanParkEntrance2;LPE2136;27;2019-04-02 10:54:00;;;;cmn;cmnSSIDv3;3,0;1,0;4,0;4,0;5,0;3,0;4,0;5,0;5,0;4,0;4,0;4,0;3,0;3,0;2,0;3,0;3,0;2,0;3,0;3,0;4,0;4,0;64,0;23,0;Female;UniversityGraduate;;Student;;;;;;Leaving;Group;107,03;74,43;68,17;82,1;77,18;76,13;74,05;72,19;71,28;73,18;65,28;79,61;75,85;74,78;72,99;70,81;69,45;68,78;56,92;77,25;71,8;71,2;68,2;64,69;62,82;27,5;0,0;34,7;26,6;22,9;17,4;15,0;2,35;0,0;3,57;2,81;2,68;2,37;1,98;1,81;0,0346;0,0135;0,0917;0,0526;0,0475;0,0331;0,0236;0,0215;0,549;0,0;2,83;1,31;1,05;0,457;0,166;0,119;0,0552;0,0196;0,125;0,0923;0,0845;0,0528;0,0335;0,0301;0,339;0,109;0,772;0,464;0,428;0,333;0,255;0,235;61,75;60,35;49,24;67,94;64,12;63,6;60,68;57,14;54,91;17,5;1,89;66,4;31,9;27,4;16,2;9,01;7,49;-2,23;-8,79;65,47;44,66;36,4;10,77;-6,69;-7,26
LianhuashanParkEntrance;LianhuashanParkEntrance1;LPE1104;28;2019-03-31 11:03:00;;;;cmn;cmnSSIDv3;2,0;2,0;3,0;2,0;4,0;3,0;4,0;4,0;2,0;2,0;3,0;2,0;4,0;4,0;2,0;3,0;4,0;4,0;2,0;4,0;3,0;3,0;64,0;38,0;Male;SomePostgraduate;;Employed;;;;;;Staying;Group;121,05;82,45;72,3;87,93;84,92;84,34;82,34;78,95;76,7;81,86;70,53;87,45;84,44;83,83;81,78;77,15;74,2;76,74;64,83;87,05;80,32;78,81;76,02;72,89;70,05;44,1;0,0;62,0;42,0;37,0;27,9;23,1;2,52;0,0;3,83;2,9;2,81;2,53;2,22;2,14;0,0447;0,0188;0,152;0,0693;0,0612;0,043;0,0306;0,0282;0,608;0,0;3,99;1,51;1,17;0,499;0,181;0,134;0,0517;0,0192;0,228;0,106;0,0863;0,0467;0,0295;0,0263;0,355;0,145;1,09;0,527;0,455;0,338;0,266;0,247;68,75;67,47;57,15;78,17;71,85;70,47;67,6;64,74;62,06;21,1;1,79;100,0;39,3;33,3;19,3;11,3;9,55;-2,59;-2,77;71,67;51,13;42,63;17,59;-1,11;-1,69
LianhuashanParkEntrance;LianhuashanParkEntrance2;LPE2137;28;2019-04-02 11:05:00;;;;cmn;cmnSSIDv3;4,0;4,0;2,0;1,0;2,0;2,0;4,0;2,0;2,0;3,0;3,0;2,0;2,0;2,0;4,0;5,0;5,0;4,0;4,0;4,0;4,0;2,0;72,0;73,0;Male;SomeHighSchool;;Retired;;;;;;Leaving;Alone;232,11;74,64;68,78;81,63;77,06;76,45;74,13;72,44;72,0;73,89;67,01;81,09;76,52;75,88;73,29;71,49;71,01;70,51;62,68;80,36;73,25;72,47;70,09;67,3;66,75;28,9;0,0;37,6;27,9;24,5;21,1;20,2;2,49;0,0;3,71;2,86;2,78;2,51;2,19;2,09;0,0348;0,0126;0,139;0,0528;0,0471;0,0334;0,0242;0,0221;0,6;0,0;3,92;1,55;1,19;0,481;0,17;0,124;0,0433;0,0131;0,125;0,0672;0,0604;0,0413;0,027;0,0217;0,334;0,12;0,822;0,441;0,415;0,337;0,247;0,218;63,06;62,22;54,84;67,98;64,89;64,27;62,27;60,06;59,6;18,4;1,42;63,9;31,6;27,9;17,4;10,1;8,47;-1,19;-12,11;62,28;45,89;36,86;15,43;-9,9;-10,69
LianhuashanParkEntrance;LianhuashanParkEntrance1;LPE1104;29;2019-03-31 11:03:00;;;;cmn;cmnSSIDv3;1,0;1,0;3,0;2,0;4,0;3,0;5,0;4,0;3,0;2,0;3,0;3,0;4,0;3,0;2,0;3,0;3,0;2,0;3,0;2,0;2,0;3,0;48,0;29,0;Female;UniversityGraduate;;Employed;;;;;;Arriving;Alone;121,05;82,45;72,3;87,93;84,92;84,34;82,34;78,95;76,7;81,86;70,53;87,45;84,44;83,83;81,78;77,15;74,2;76,74;64,83;87,05;80,32;78,81;76,02;72,89;70,05;44,1;0,0;62,0;42,0;37,0;27,9;23,1;2,52;0,0;3,83;2,9;2,81;2,53;2,22;2,14;0,0447;0,0188;0,152;0,0693;0,0612;0,043;0,0306;0,0282;0,608;0,0;3,99;1,51;1,17;0,499;0,181;0,134;0,0517;0,0192;0,228;0,106;0,0863;0,0467;0,0295;0,0263;0,355;0,145;1,09;0,527;0,455;0,338;0,266;0,247;68,75;67,47;57,15;78,17;71,85;70,47;67,6;64,74;62,06;21,1;1,79;100,0;39,3;33,3;19,3;11,3;9,55;-2,59;-2,77;71,67;51,13;42,63;17,59;-1,11;-1,69
LianhuashanParkEntrance;LianhuashanParkEntrance2;LPE2137;29;2019-04-02 11:05:00;;;;cmn;cmnSSIDv3;1,0;1,0;5,0;1,0;4,0;2,0;5,0;2,0;1,0;3,0;4,0;2,0;4,0;1,0;5,0;1,0;3,0;1,0;1,0;1,0;1,0;3,0;28,0;36,0;Male;SomePostgraduate;;Student;;;;;;Staying;Group;232,11;74,64;68,78;81,63;77,06;76,45;74,13;72,44;72,0;73,89;67,01;81,09;76,52;75,88;73,29;71,49;71,01;70,51;62,68;80,36;73,25;72,47;70,09;67,3;66,75;28,9;0,0;37,6;27,9;24,5;21,1;20,2;2,49;0,0;3,71;2,86;2,78;2,51;2,19;2,09;0,0348;0,0126;0,139;0,0528;0,0471;0,0334;0,0242;0,0221;0,6;0,0;3,92;1,55;1,19;0,481;0,17;0,124;0,0433;0,0131;0,125;0,0672;0,0604;0,0413;0,027;0,0217;0,334;0,12;0,822;0,441;0,415;0,337;0,247;0,218;63,06;62,22;54,84;67,98;64,89;64,27;62,27;60,06;59,6;18,4;1,42;63,9;31,6;27,9;17,4;10,1;8,47;-1,19;-12,11;62,28;45,89;36,86;15,43;-9,9;-10,69
LianhuashanParkEntrance;LianhuashanParkEntrance1;LPE1094;3;2019-03-31 10:22:00;;;;cmn;cmnSSIDv3;2,0;2,0;4,0;2,0;4,0;3,0;4,0;4,0;4,0;2,0;2,0;2,0;3,0;3,0;3,0;3,0;3,0;4,0;4,0;4,0;4,0;4,0;80,0;27,0;Female;UniversityGraduate;;Employed;;;;;;Arriving;Group;25,75;82,33;76,26;87,17;85,65;84,84;81,57;79,16;78,62;81,86;75,72;86,6;85,09;84,3;81,18;78,66;78,1;74,19;68,89;78,94;76,89;76,32;73,81;71,53;70,82;36,9;0,0;44,3;35,8;31,0;26,4;25,2;2,17;0,0;2,82;2,5;2,41;2,15;1,96;1,89;0,0493;0,0242;0,115;0,0796;0,0695;0,047;0,0336;0,0312;0,659;0,0;2,22;1,31;1,16;0,588;0,241;0,185;0,0659;0,0394;0,0996;0,0929;0,0839;0,0639;0,0502;0,0442;0,353;0,176;0,641;0,493;0,439;0,346;0,273;0,251;64,9;64,25;59,88;69,44;67,24;66,63;64,22;61,92;61,34;22,1;3,37;63,5;39,1;34,3;20,9;12,3;10,3;-5,36;-1,26;78,29;47,13;36,61;16,24;0,7;0,14
LianhuashanParkEntrance;LianhuashanParkEntrance2;LPE2125;3;2019-04-02 10:05:00;;;;cmn;cmnSSIDv3;3,0;2,0;3,0;3,0;4,0;2,0;4,0;3,0;3,0;2,0;2,0;2,0;4,0;3,0;3,0;4,0;4,0;3,0;3,0;3,0;3,0;3,0;60,0;40,0;Female;SomePostgraduate;;Other;;;;;;Staying;Couple;148,99;71,8;67,92;81,33;74,37;73,39;71,16;69,69;69,32;68,82;63,64;77,94;70,78;70,11;68,47;67,37;67,07;63,62;56,38;76,54;66,75;65,7;62,89;60,11;59,15;19,0;0,0;33,3;18,2;15,6;13,1;12,4;2,14;0,0;3,12;2,54;2,48;2,14;1,77;1,7;0,0294;0,0123;0,184;0,0422;0,0383;0,0283;0,0214;0,02;0,37;0,0;2,03;0,918;0,755;0,295;0,0838;0,0475;0,016;0,00479;0,0706;0,0382;0,0284;0,0127;0,00739;0,00642;0,353;0,189;1,8;0,514;0,44;0,332;0,276;0,261;56,63;55,38;48,42;67,49;59,19;58,32;55,51;52,17;51,21;10,5;0,336;83,4;22,0;17,7;9,0;4,72;3,84;-0,57;-12,1;63,96;39,71;30,85;5,81;-10,21;-10,68
LianhuashanParkEntrance;LianhuashanParkEntrance1;LPE1105;30;2019-03-31 11:06:00;;;;cmn;cmnSSIDv3;3,0;4,0;4,0;2,0;4,0;2,0;4,0;3,0;3,0;2,0;3,0;3,0;3,0;3,0;2,0;3,0;3,0;3,0;2,0;3,0;2,0;3,0;52,0;22,0;Female;SomeCollege;;Employed;;;;;;Staying;Couple;79,69;81,25;71,83;89,62;83,5;82,88;81,05;78,75;76,06;80,67;69,2;88,09;83,09;82,45;80,47;78,19;75,04;75,63;64,73;87,41;78,42;77,39;74,75;72,16;71,01;40,7;0,0;60,0;38,9;34,0;28,1;24,2;2,39;0,0;3,61;2,77;2,67;2,39;2,12;2,05;0,0453;0,0186;0,274;0,0671;0,0614;0,0434;0,0311;0,0285;0,486;0,0;5,43;1,11;0,869;0,397;0,16;0,119;0,0449;0,0184;0,117;0,0789;0,0664;0,0429;0,027;0,0238;0,347;0,158;1,14;0,463;0,426;0,337;0,275;0,255;67,62;66,28;57,2;75,14;70,11;69,21;66,42;63,32;62,06;19,6;2,7;88,2;34,8;30,2;18,3;10,7;8,94;-1,88;-3,74;69,94;49,56;41,02;15,71;-1,93;-2,75
LianhuashanParkEntrance;LianhuashanParkEntrance2;LPE2138;30;2019-04-02 11:10:00;;;;cmn;cmnSSIDv3;2,0;2,0;2,0;4,0;5,0;2,0;4,0;4,0;3,0;4,0;4,0;4,0;5,0;5,0;1,0;3,0;4,0;4,0;4,0;4,0;4,0;4,0;80,0;38,0;Female;SomeCollege;;Other;;;;;;Staying;Couple;24,03;72,62;69,05;76,51;74,77;74,01;72,47;71,12;70,66;71,38;67,54;75,9;73,92;72,92;71,22;69,99;69,45;69,96;63,1;76,31;73,56;72,41;69,61;67,67;66,67;26,2;0,0;29,8;25,6;22,6;19,5;18,0;2,59;0,0;3,56;3,07;2,98;2,62;2,22;2,06;0,028;0,0142;0,0582;0,0418;0,0379;0,0272;0,0191;0,0173;1,62;0,0;3,91;3,08;2,9;1,66;0,539;0,352;0,0232;0,0112;0,0513;0,0488;0,0361;0,0208;0,0147;0,0133;0,291;0,135;0,495;0,414;0,384;0,287;0,203;0,183;62,66;61,71;55,66;65,29;64,18;63,63;61,74;59,88;58,66;14,1;1,63;46,6;26,0;21,9;13,1;7,35;6,13;-1,48;-13,57;62,29;43,19;38,01;7,71;-10,77;-11,77
LianhuashanParkEntrance;LianhuashanParkEntrance1;LPE1105;31;2019-03-31 11:07:00;;;;cmn;cmnSSIDv3;2,0;1,0;4,0;2,0;3,0;3,0;4,0;3,0;2,0;2,0;4,0;2,0;3,0;3,0;3,0;3,0;3,0;3,0;1,0;3,0;2,0;2,0;44,0;32,0;Female;SomePostgraduate;;Employed;;;;;;Leaving;Couple;79,69;81,25;71,83;89,62;83,5;82,88;81,05;78,75;76,06;80,67;69,2;88,09;83,09;82,45;80,47;78,19;75,04;75,63;64,73;87,41;78,42;77,39;74,75;72,16;71,01;40,7;0,0;60,0;38,9;34,0;28,1;24,2;2,39;0,0;3,61;2,77;2,67;2,39;2,12;2,05;0,0453;0,0186;0,274;0,0671;0,0614;0,0434;0,0311;0,0285;0,486;0,0;5,43;1,11;0,869;0,397;0,16;0,119;0,0449;0,0184;0,117;0,0789;0,0664;0,0429;0,027;0,0238;0,347;0,158;1,14;0,463;0,426;0,337;0,275;0,255;67,62;66,28;57,2;75,14;70,11;69,21;66,42;63,32;62,06;19,6;2,7;88,2;34,8;30,2;18,3;10,7;8,94;-1,88;-3,74;69,94;49,56;41,02;15,71;-1,93;-2,75
LianhuashanParkEntrance;LianhuashanParkEntrance2;LPE2138;31;2019-04-02 11:10:00;;;;cmn;cmnSSIDv3;1,0;1,0;3,0;3,0;5,0;4,0;5,0;4,0;4,0;4,0;5,0;4,0;4,0;3,0;2,0;3,0;4,0;4,0;4,0;4,0;4,0;4,0;80,0;40,0;Male;SomeCollege;;Other;;;;;;Arriving;Couple;24,03;72,62;69,05;76,51;74,77;74,01;72,47;71,12;70,66;71,38;67,54;75,9;73,92;72,92;71,22;69,99;69,45;69,96;63,1;76,31;73,56;72,41;69,61;67,67;66,67;26,2;0,0;29,8;25,6;22,6;19,5;18,0;2,59;0,0;3,56;3,07;2,98;2,62;2,22;2,06;0,028;0,0142;0,0582;0,0418;0,0379;0,0272;0,0191;0,0173;1,62;0,0;3,91;3,08;2,9;1,66;0,539;0,352;0,0232;0,0112;0,0513;0,0488;0,0361;0,0208;0,0147;0,0133;0,291;0,135;0,495;0,414;0,384;0,287;0,203;0,183;62,66;61,71;55,66;65,29;64,18;63,63;61,74;59,88;58,66;14,1;1,63;46,6;26,0;21,9;13,1;7,35;6,13;-1,48;-13,57;62,29;43,19;38,01;7,71;-10,77;-11,77
LianhuashanParkEntrance;LianhuashanParkEntrance1;LPE1094;4;2019-03-31 10:22:00;;;;cmn;cmnSSIDv3;2,0;2,0;4,0;2,0;2,0;4,0;3,0;3,0;2,0;3,0;3,0;3,0;3,0;1,0;4,0;3,0;4,0;2,0;2,0;2,0;2,0;2,0;40,0;28,0;Male;UniversityGraduate;;Employed;;;;;;Staying;Couple;25,75;82,33;76,26;87,17;85,65;84,84;81,57;79,16;78,62;81,86;75,72;86,6;85,09;84,3;81,18;78,66;78,1;74,19;68,89;78,94;76,89;76,32;73,81;71,53;70,82;36,9;0,0;44,3;35,8;31,0;26,4;25,2;2,17;0,0;2,82;2,5;2,41;2,15;1,96;1,89;0,0493;0,0242;0,115;0,0796;0,0695;0,047;0,0336;0,0312;0,659;0,0;2,22;1,31;1,16;0,588;0,241;0,185;0,0659;0,0394;0,0996;0,0929;0,0839;0,0639;0,0502;0,0442;0,353;0,176;0,641;0,493;0,439;0,346;0,273;0,251;64,9;64,25;59,88;69,44;67,24;66,63;64,22;61,92;61,34;22,1;3,37;63,5;39,1;34,3;20,9;12,3;10,3;-5,36;-1,26;78,29;47,13;36,61;16,24;0,7;0,14
LianhuashanParkEntrance;LianhuashanParkEntrance2;LPE2125;4;2019-04-02 10:05:00;;;;cmn;cmnSSIDv3;3,0;2,0;3,0;3,0;3,0;2,0;4,0;3,0;4,0;2,0;3,0;3,0;4,0;3,0;2,0;4,0;4,0;3,0;2,0;3,0;4,0;3,0;60,0;45,0;Male;HighSchoolGraduate;;RatherNotSay;;;;;;Leaving;Alone;148,99;71,8;67,92;81,33;74,37;73,39;71,16;69,69;69,32;68,82;63,64;77,94;70,78;70,11;68,47;67,37;67,07;63,62;56,38;76,54;66,75;65,7;62,89;60,11;59,15;19,0;0,0;33,3;18,2;15,6;13,1;12,4;2,14;0,0;3,12;2,54;2,48;2,14;1,77;1,7;0,0294;0,0123;0,184;0,0422;0,0383;0,0283;0,0214;0,02;0,37;0,0;2,03;0,918;0,755;0,295;0,0838;0,0475;0,016;0,00479;0,0706;0,0382;0,0284;0,0127;0,00739;0,00642;0,353;0,189;1,8;0,514;0,44;0,332;0,276;0,261;56,63;55,38;48,42;67,49;59,19;58,32;55,51;52,17;51,21;10,5;0,336;83,4;22,0;17,7;9,0;4,72;3,84;-0,57;-12,1;63,96;39,71;30,85;5,81;-10,21;-10,68
LianhuashanParkEntrance;LianhuashanParkEntrance1;LPE1094;5;2019-03-31 10:23:00;;;;cmn;cmnSSIDv3;4,0;2,0;4,0;2,0;5,0;2,0;5,0;2,0;2,0;2,0;4,0;2,0;4,0;4,0;2,0;2,0;3,0;4,0;1,0;4,0;4,0;4,0;68,0;26,0;Female;UniversityGraduate;;Employed;;;;;;Staying;Group;25,75;82,33;76,26;87,17;85,65;84,84;81,57;79,16;78,62;81,86;75,72;86,6;85,09;84,3;81,18;78,66;78,1;74,19;68,89;78,94;76,89;76,32;73,81;71,53;70,82;36,9;0,0;44,3;35,8;31,0;26,4;25,2;2,17;0,0;2,82;2,5;2,41;2,15;1,96;1,89;0,0493;0,0242;0,115;0,0796;0,0695;0,047;0,0336;0,0312;0,659;0,0;2,22;1,31;1,16;0,588;0,241;0,185;0,0659;0,0394;0,0996;0,0929;0,0839;0,0639;0,0502;0,0442;0,353;0,176;0,641;0,493;0,439;0,346;0,273;0,251;64,9;64,25;59,88;69,44;67,24;66,63;64,22;61,92;61,34;22,1;3,37;63,5;39,1;34,3;20,9;12,3;10,3;-5,36;-1,26;78,29;47,13;36,61;16,24;0,7;0,14
LianhuashanParkEntrance;LianhuashanParkEntrance2;LPE2126;5;2019-04-02 10:08:00;;;;cmn;cmnSSIDv3;3,0;1,0;1,0;3,0;5,0;4,0;5,0;5,0;5,0;4,0;5,0;5,0;4,0;2,0;1,0;3,0;3,0;2,0;3,0;4,0;3,0;4,0;64,0;23,0;Male;UniversityGraduate;;Employed;;;;;;Staying;Group;156,97;71,83;66,98;86,14;75,75;73,56;70,8;69,13;68,79;68,64;64,7;75,05;70,8;70,15;68,31;66,93;66,6;63,09;57,4;70,78;66,54;65,72;62,08;59,73;59,08;17,5;0,0;26,1;16,8;14,8;12,8;12,4;2,06;0,0;3,37;2,43;2,35;2,05;1,78;1,7;0,0289;0,0124;0,136;0,0421;0,0379;0,0278;0,0207;0,0191;0,46;0,0;2,13;1,32;1,04;0,331;0,0812;0,0512;0,0188;0,00606;0,0758;0,0379;0,0284;0,0173;0,0108;0,00919;0,327;0,158;1,44;0,462;0,419;0,315;0,241;0,224;55,43;54,52;49,0;64,24;57,66;56,73;54,55;52,1;51,35;11,2;0,392;84,1;22,6;18,7;9,93;5,18;4,27;-0,7;-12,68;64,38;38,39;29,39;3,58;-10,38;-11,19
LianhuashanParkEntrance;LianhuashanParkEntrance1;LPE1094;6;2019-03-31 10:23:00;;;;cmn;cmnSSIDv3;1,0;1,0;4,0;2,0;5,0;1,0;5,0;3,0;4,0;1,0;5,0;1,0;5,0;5,0;1,0;5,0;5,0;5,0;3,0;5,0;5,0;3,0;84,0;56,0;Female;SomeHighSchool;;Employed;;;;;;Leaving;Alone;25,75;82,33;76,26;87,17;85,65;84,84;81,57;79,16;78,62;81,86;75,72;86,6;85,09;84,3;81,18;78,66;78,1;74,19;68,89;78,94;76,89;76,32;73,81;71,53;70,82;36,9;0,0;44,3;35,8;31,0;26,4;25,2;2,17;0,0;2,82;2,5;2,41;2,15;1,96;1,89;0,0493;0,0242;0,115;0,0796;0,0695;0,047;0,0336;0,0312;0,659;0,0;2,22;1,31;1,16;0,588;0,241;0,185;0,0659;0,0394;0,0996;0,0929;0,0839;0,0639;0,0502;0,0442;0,353;0,176;0,641;0,493;0,439;0,346;0,273;0,251;64,9;64,25;59,88;69,44;67,24;66,63;64,22;61,92;61,34;22,1;3,37;63,5;39,1;34,3;20,9;12,3;10,3;-5,36;-1,26;78,29;47,13;36,61;16,24;0,7;0,14
LianhuashanParkEntrance;LianhuashanParkEntrance2;LPE2127;6;2019-04-02 10:10:00;;;;cmn;cmnSSIDv3;3,0;3,0;3,0;4,0;4,0;4,0;4,0;4,0;4,0;4,0;4,0;4,0;4,0;3,0;2,0;3,0;4,0;4,0;3,0;4,0;4,0;3,0;72,0;28,0;Female;SomeCollege;;Retired;;;;;;Leaving;Group;125,09;71,62;67,52;78,69;74,19;73,31;71,27;69,59;69,13;68,87;63,75;74,13;70,63;70,16;68,71;67,22;66,86;62,86;57,85;69,39;65,45;64,78;62,43;60,42;59,95;17,8;0,0;25,0;17,3;15,5;13,6;13,0;2,07;0,0;3,13;2,45;2,36;2,09;1,73;1,65;0,0296;0,013;0,106;0,0428;0,0388;0,0286;0,0214;0,0198;0,376;0,0;2,08;1,0;0,771;0,285;0,0671;0,0377;0,0153;0,00512;0,048;0,0291;0,0253;0,0136;0,00796;0,00708;0,305;0,15;0,805;0,398;0,368;0,3;0,244;0,228;55,47;54,81;50,01;61,33;57,13;56,63;54,93;52,7;52,11;9,9;0,544;60,2;19,4;16,2;9,01;4,79;3,9;-0,56;-13,04;63,4;38,71;29,48;3,48;-10,8;-11,5
MonumentoGaribaldi;MonumentoGaribaldi1;MG103;3;2019-03-03 11:23:00;2019-03-03 11:29:00;45,431837;12,354908;eng;engISO2018;2,0;1,0;3,0;2,0;5,0;1,0;1,0;3,0;3,0;1,0;1,0;1,0;4,0;4,0;2,0;1,0;2,0;4,0;4,0;2,0;3,0;3,0;64,0;;Male;SomeCollege;White;Employed;;;Tourist;;;Staying;Alone;30,51;59,55;56,07;64,06;61,77;61,14;59,21;57,48;57,13;58,96;55,42;63,25;61,26;60,61;58,66;56,75;56,43;49,8;45,3;61,18;53,27;50,96;48,43;46,46;46,13;9,09;0,0;17,4;8,14;6,68;5,64;5,45;1,93;0,0;3,01;2,47;2,37;1,92;1,53;1,46;0,0219;0,0106;0,111;0,0369;0,0294;0,0202;0,0151;0,0141;0,109;0,0;0,43;0,222;0,194;0,0885;0,0181;0,0103;0,0107;0,00448;0,0215;0,0191;0,0168;0,00993;0,00651;0,00533;0,461;0,272;1,5;0,763;0,585;0,424;0,343;0,322;42,76;41,09;36,68;53,93;46,34;43,69;40,65;38,54;37,98;6,66;0,112;46,5;14,1;11,4;5,74;2,81;2,18;-9,08;-7,97;53,15;22,75;19,07;8,73;-5,73;-6,39
MonumentoGaribaldi;MonumentoGaribaldi1;MG106;3;2019-03-03 11:33:00;2019-03-03 11:47:00;45,431837;12,354908;ita;itaSSIDv1;2,0;3,0;3,0;4,0;3,0;2,0;4,0;3,0;5,0;2,0;3,0;2,0;5,0;4,0;2,0;3,0;5,0;3,0;3,0;3,0;3,0;4,0;64,0;;Female;SomeHighSchool;White;Student;;;Tourist;;;Staying;Group;32,46;63,31;59,89;68,44;65,04;64,5;63,15;61,72;61,4;62,3;58,43;65,75;63,71;63,41;62,26;60,66;60,18;50,6;46,91;62,28;53,51;52,33;49,56;48,11;47,87;8,49;0,0;15,8;7,93;6,61;5,93;5,79;1,31;0,0;2,45;1,72;1,57;1,26;1,12;1,09;0,0289;0,0135;0,119;0,0495;0,0398;0,0264;0,0191;0,0176;0,161;0,0;0,904;0,34;0,289;0,136;0,0245;0,014;0,0128;0,00458;0,0346;0,0286;0,0219;0,0115;0,00617;0,00576;0,595;0,252;1,67;1,14;0,982;0,533;0,344;0,315;41,9;40,85;37,24;54,56;44,98;44,0;40,39;38,39;38,07;7,28;0,373;48,9;18,0;13,7;5,76;2,7;2,08;-8,91;-13,23;56,9;24,42;15,66;1,55;-9,56;-10,97
MonumentoGaribaldi;MonumentoGaribaldi1;MG104;4;2019-03-03 11:22:00;2019-03-03 11:33:00;45,431837;12,354908;eng;engISO2018;1,0;1,0;3,0;5,0;4,0;2,0;3,0;2,0;5,0;1,0;2,0;2,0;5,0;4,0;2,0;1,0;3,0;4,0;5,0;3,0;4,0;2,0;72,0;;Male;UniversityGraduate;White;Student;;;Tourist;;;Arriving;Alone;34,65;56,24;53,33;63,43;58,61;57,78;55,8;54,67;54,36;55,54;52,63;61,76;58,08;57,19;54,97;53,82;53,53;50,35;45,05;61,17;53,52;52,12;48,96;47,1;46,63;7,82;0,0;15,9;7,32;6,06;5,25;5,04;1,72;0,0;2,95;2,17;2,02;1,68;1,46;1,41;0,026;0,0104;0,109;0,044;0,036;0,0237;0,0176;0,0161;0,104;0,0;0,691;0,26;0,181;0,0343;0,00592;0,00301;0,0163;0,00833;0,0736;0,0288;0,0249;0,0141;0,00966;0,00878;0,7;0,333;1,53;1,19;1,08;0,631;0,446;0,406;43,29;42,06;37,54;53,77;46,16;44,49;41,73;39,66;39,13;8,56;0,187;52,7;19,0;14,9;7,36;3,42;2,61;-3,62;-14,51;49,38;23,34;18,61;4,1;-8,99;-10,65
MonumentoGaribaldi;MonumentoGaribaldi1;MG106;4;2019-03-03 11:35:55;2019-03-03 11:45:21;45,431837;12,354908;ita;itaSSIDv1;1,0;2,0;3,0;3,0;5,0;1,0;4,0;3,0;5,0;1,0;3,0;2,0;4,0;4,0;3,0;1,0;4,0;4,0;2,0;2,0;1,0;3,0;48,0;;Female;SomeCollege;White;Student;;;;;;;;32,46;63,31;59,89;68,44;65,04;64,5;63,15;61,72;61,4;62,3;58,43;65,75;63,71;63,41;62,26;60,66;60,18;50,6;46,91;62,28;53,51;52,33;49,56;48,11;47,87;8,49;0,0;15,8;7,93;6,61;5,93;5,79;1,31;0,0;2,45;1,72;1,57;1,26;1,12;1,09;0,0289;0,0135;0,119;0,0495;0,0398;0,0264;0,0191;0,0176;0,161;0,0;0,904;0,34;0,289;0,136;0,0245;0,014;0,0128;0,00458;0,0346;0,0286;0,0219;0,0115;0,00617;0,00576;0,595;0,252;1,67;1,14;0,982;0,533;0,344;0,315;41,9;40,85;37,24;54,56;44,98;44,0;40,39;38,39;38,07;7,28;0,373;48,9;18,0;13,7;5,76;2,7;2,08;-8,91;-13,23;56,9;24,42;15,66;1,55;-9,56;-10,97
MonumentoGaribaldi;MonumentoGaribaldi1;MG104;5;2019-03-03 11:29:00;2019-03-03 11:35:00;45,431837;12,354908;eng;engISO2018;2,0;2,0;4,0;3,0;3,0;3,0;4,0;3,0;3,0;2,0;4,0;2,0;4,0;5,0;3,0;1,0;4,0;4,0;3,0;3,0;4,0;4,0;72,0;;Male;SomeCollege;Other;Student;;;Tourist;;;PassingThrough;Couple;34,65;56,24;53,33;63,43;58,61;57,78;55,8;54,67;54,36;55,54;52,63;61,76;58,08;57,19;54,97;53,82;53,53;50,35;45,05;61,17;53,52;52,12;48,96;47,1;46,63;7,82;0,0;15,9;7,32;6,06;5,25;5,04;1,72;0,0;2,95;2,17;2,02;1,68;1,46;1,41;0,026;0,0104;0,109;0,044;0,036;0,0237;0,0176;0,0161;0,104;0,0;0,691;0,26;0,181;0,0343;0,00592;0,00301;0,0163;0,00833;0,0736;0,0288;0,0249;0,0141;0,00966;0,00878;0,7;0,333;1,53;1,19;1,08;0,631;0,446;0,406;43,29;42,06;37,54;53,77;46,16;44,49;41,73;39,66;39,13;8,56;0,187;52,7;19,0;14,9;7,36;3,42;2,61;-3,62;-14,51;49,38;23,34;18,61;4,1;-8,99;-10,65
MonumentoGaribaldi;MonumentoGaribaldi1;MG108;5;2019-03-03 11:48:00;2019-03-03 11:58:00;45,431837;12,354908;ita;itaSSIDv1;1,0;3,0;3,0;2,0;4,0;2,0;4,0;3,0;4,0;1,0;4,0;1,0;4,0;5,0;1,0;1,0;3,0;4,0;3,0;3,0;1,0;3,0;56,0;;Female;SomeHighSchool;White;Retired;;;;;;Leaving;Couple;31,69;61,29;56,67;65,69;64,09;63,24;60,94;58,71;58,2;60,36;55,82;65,27;63,11;62,26;59,99;57,87;57,36;52,39;45,58;63,83;57,56;54,71;49,96;47,48;46,86;9,3;0,0;13,9;8,5;6,51;5,65;5,47;1,5;0,0;2,43;1,84;1,75;1,47;1,32;1,28;0,0243;0,0108;0,0944;0,0378;0,0332;0,0227;0,0168;0,0154;0,134;0,0;1,17;0,414;0,269;0,0669;0,014;0,0081;0,0183;0,00558;0,0455;0,0402;0,0324;0,0165;0,00797;0,00671;0,459;0,236;1,22;0,731;0,661;0,436;0,307;0,281;44,39;42,46;37,9;53,5;47,85;46,27;41,93;39,45;39,02;8,42;0,0999;55,5;19,0;16,1;6,98;3,02;2,33;-7,2;-18,75;55,05;24,99;16,64;-2,11;-16,75;-17,55
MonumentoGaribaldi;MonumentoGaribaldi1;MG106;6;2019-03-03 11:35:00;2019-03-03 11:45:00;45,431837;12,354908;eng;engISO2018;2,0;2,0;4,0;4,0;5,0;4,0;5,0;3,0;5,0;2,0;3,0;2,0;5,0;5,0;1,0;1,0;3,0;3,0;1,0;2,0;2,0;1,0;36,0;;Female;SomeCollege;White;Student;;;Local;;;Staying;Group;32,46;63,31;59,89;68,44;65,04;64,5;63,15;61,72;61,4;62,3;58,43;65,75;63,71;63,41;62,26;60,66;60,18;50,6;46,91;62,28;53,51;52,33;49,56;48,11;47,87;8,49;0,0;15,8;7,93;6,61;5,93;5,79;1,31;0,0;2,45;1,72;1,57;1,26;1,12;1,09;0,0289;0,0135;0,119;0,0495;0,0398;0,0264;0,0191;0,0176;0,161;0,0;0,904;0,34;0,289;0,136;0,0245;0,014;0,0128;0,00458;0,0346;0,0286;0,0219;0,0115;0,00617;0,00576;0,595;0,252;1,67;1,14;0,982;0,533;0,344;0,315;41,9;40,85;37,24;54,56;44,98;44,0;40,39;38,39;38,07;7,28;0,373;48,9;18,0;13,7;5,76;2,7;2,08;-8,91;-13,23;56,9;24,42;15,66;1,55;-9,56;-10,97
MonumentoGaribaldi;MonumentoGaribaldi1;MG111;6;2019-03-03 12:06:00;2019-03-03 12:16:00;45,431837;12,354908;ita;itaSSIDv1;2,0;2,0;3,0;2,0;1,0;3,0;3,0;3,0;2,0;1,0;4,0;1,0;4,0;4,0;2,0;1,0;2,0;3,0;3,0;4,0;4,0;4,0;72,0;;Female;TradeTechVocation;White;Employed;;;;;;Leaving;Couple;39,64;66,96;59,74;71,7;69,52;69,18;66,99;61,77;61,15;65,85;58,77;70,36;68,59;68,24;65,66;60,89;60,23;59,79;49,92;67,1;63,47;62,9;58,49;53,67;52,52;14,5;0,0;17,9;13,9;10,8;7,77;7,17;1,42;0,0;2,39;1,8;1,71;1,38;1,19;1,16;0,0588;0,0143;0,243;0,13;0,109;0,0477;0,0264;0,0227;0,222;0,0;1,81;0,488;0,401;0,193;0,0469;0,0258;0,0133;0,00344;0,0747;0,0414;0,0271;0,00847;0,00502;0,0044;0,447;0,194;1,27;0,697;0,607;0,428;0,309;0,278;50,02;48,23;39,45;57,22;53,76;52,69;48,26;43,37;42,17;8,97;0,238;59,3;20,7;16,7;7,32;3,27;2,51;-1,38;-12,69;58,65;33,19;20,96;4,23;-9,5;-10,52
PingshanPark;PingshanPark1;PP1045;1;2019-03-26 12:33:00;;;;cmn;cmnSSIDv3;2,0;3,0;3,0;2,0;4,0;4,0;5,0;3,0;3,0;4,0;5,0;4,0;3,0;3,0;4,0;4,0;4,0;4,0;4,0;4,0;4,0;4,0;80,0;40,0;Female;HighSchoolGraduate;;Employed;;;;;;;Alone;253,03;73,51;69,08;80,52;75,38;74,84;73,2;71,82;71,46;70,9;66,59;78,86;73,05;72,23;70,46;69,15;68,75;63,15;55,11;76,24;67,29;66,16;61,62;59,17;58,52;20,8;0,0;32,1;19,3;15,3;13,3;12,8;2,06;0,0;3,89;2,51;2,38;1,99;1,83;1,8;0,0286;0,0124;0,111;0,0408;0,0375;0,0278;0,0206;0,019;0,225;0,0;2,07;0,632;0,475;0,144;0,0305;0,0188;0,0276;0,00524;0,0854;0,0565;0,0494;0,0251;0,0105;0,00827;0,358;0,102;1,19;0,542;0,483;0,338;0,263;0,243;56,04;54,4;47,14;65,76;59,55;58,34;53,92;51,47;50,76;13,3;0,483;84,2;31,6;25,5;10,7;4,66;3,68;-2,85;-2,51;66,02;37,88;32,83;10,39;-1,06;-1,81
PingshanPark;PingshanPark2;PP2062;1;2019-03-30 09:39:00;;;;cmn;cmnSSIDv3;3,0;3,0;3,0;2,0;4,0;2,0;3,0;3,0;3,0;2,0;3,0;1,0;3,0;3,0;3,0;4,0;4,0;2,0;1,0;2,0;3,0;3,0;44,0;42,0;Female;HighSchoolGraduate;;Retired;;;;;;Staying;Alone;42,87;77,07;69,29;85,68;82,07;80,39;75,28;71,62;71,08;76,61;67,56;85,65;81,58;80,07;74,69;70,81;70,14;75,23;63,86;85,53;80,64;78,99;72,5;66,94;66,23;39,3;0,0;56,9;36,0;25,6;20,1;19,1;2,49;0,0;3,65;3,04;2,9;2,43;2,18;2,11;0,0373;0,015;0,178;0,0565;0,0504;0,0356;0,0253;0,0229;0,783;0,0;3,38;1,91;1,48;0,676;0,214;0,161;0,0573;0,011;0,153;0,12;0,099;0,053;0,0207;0,0159;0,378;0,127;0,865;0,601;0,53;0,361;0,26;0,225;67,34;64,73;56,01;76,99;71,84;70,42;64,51;59,46;58,82;22,1;1,41;92,6;46,3;38,7;19,1;8,73;7,0;-0,11;-5,31;62,69;50,08;41,06;15,89;-2,17;-3,21
PingshanPark;PingshanPark1;PP1050;10;2019-03-26 13:01:00;;;;cmn;cmnSSIDv3;2,0;2,0;4,0;4,0;3,0;3,0;4,0;3,0;3,0;4,0;2,0;2,0;3,0;2,0;2,0;4,0;4,0;4,0;4,0;5,0;5,0;4,0;88,0;44,0;Female;SomeCollege;;Unemployed;;;;;;;Couple;127,89;72,53;68,82;80,18;74,39;73,88;72,31;70,9;70,55;69,34;66,32;79,49;70,86;70,37;69,02;67,94;67,68;63,02;54,53;80,75;65,91;64,45;61,04;58,0;57,33;18,7;0,0;37,4;17,3;14,3;12,3;11,8;2,22;0,0;4,59;2,72;2,53;2,15;1,98;1,94;0,0272;0,0126;0,118;0,0387;0,0352;0,0261;0,0192;0,0177;0,252;0,0;4,56;0,66;0,487;0,179;0,0617;0,0455;0,0222;0,00727;0,078;0,0426;0,0346;0,0199;0,012;0,0101;0,349;0,162;1,61;0,497;0,439;0,327;0,268;0,252;56,45;53,93;47,73;68,12;58,46;57,09;53,73;50,91;50,28;11,8;0,678;109,0;24,6;20,3;10,3;5,25;4,26;-5,75;-2,26;65,85;38,35;32,54;9,04;-1,05;-1,59
PingshanPark;PingshanPark2;PP2067;10;2019-03-30 10:03:00;;;;cmn;cmnSSIDv3;4,0;4,0;4,0;2,0;5,0;2,0;5,0;4,0;4,0;2,0;4,0;3,0;3,0;2,0;4,0;4,0;4,0;2,0;2,0;1,0;1,0;2,0;32,0;30,0;Female;SomeCollege;;Employed;;;;;;Staying;Couple;118,64;72,53;68,47;82,92;75,52;74,29;71,7;70,23;69,88;71,87;67,2;82,84;75,2;73,85;70,82;69,21;68,83;69,45;60,07;82,64;74,0;72,21;67,37;64,37;63,75;26,9;0,0;42,2;25,0;20,3;17,7;17,1;2,28;0,0;3,5;2,69;2,56;2,24;2,06;2,02;0,0341;0,0138;0,127;0,0514;0,045;0,0328;0,0239;0,0219;0,344;0,0;4,19;1,15;0,817;0,206;0,0504;0,0338;0,0311;0,00819;0,131;0,0706;0,056;0,0253;0,0134;0,0119;0,338;0,145;0,989;0,514;0,451;0,319;0,255;0,234;61,82;60,15;53,72;71,32;65,14;63,64;59,76;57,17;56,52;14,9;1,01;104,0;32,5;26,4;12,4;6,38;5,22;-0,77;-6,97;60,65;46,35;36,51;12,16;-4,53;-5,2
PingshanPark;PingshanPark1;PP1051;11;2019-03-26 13:16:00;;;;cmn;cmnSSIDv3;3,0;3,0;3,0;4,0;4,0;4,0;4,0;3,0;3,0;2,0;2,0;3,0;3,0;2,0;2,0;4,0;4,0;4,0;4,0;4,0;4,0;4,0;80,0;27,0;Male;SomeCollege;;Employed;;;;;;;Alone;84,16;73,99;68,79;85,49;77,51;76,6;73,02;70,82;70,45;69,81;65,35;79,0;73,02;71,76;68,89;67,11;66,74;64,64;54,24;79,9;70,43;67,22;60,59;56,27;55,66;21,0;0,0;33,2;18,0;13,6;11,3;10,9;2,17;0,0;4,45;2,7;2,43;2,1;1,95;1,92;0,0262;0,0114;0,117;0,0384;0,0343;0,0251;0,0189;0,0175;0,291;0,0;3,18;0,914;0,611;0,156;0,0338;0,0204;0,0249;0,00659;0,108;0,0537;0,0416;0,0222;0,00941;0,00829;0,347;0,174;1,18;0,555;0,458;0,328;0,261;0,243;57,46;53,54;47,03;67,83;60,18;58,34;53,08;49,22;48,55;12,7;0,553;76,7;30,7;24,4;9,96;4,51;3,54;-1,26;-2,69;68,35;39,77;34,31;9,29;-1,0;-1,76
PingshanPark;PingshanPark2;PP2067;11;2019-03-30 10:03:00;;;;cmn;cmnSSIDv3;3,0;4,0;2,0;1,0;4,0;3,0;4,0;4,0;3,0;2,0;2,0;2,0;4,0;3,0;3,0;4,0;4,0;3,0;3,0;3,0;3,0;3,0;60,0;8,0;Female;SomeHighSchool;;Student;;;;;;Staying;Group;118,64;72,53;68,47;82,92;75,52;74,29;71,7;70,23;69,88;71,87;67,2;82,84;75,2;73,85;70,82;69,21;68,83;69,45;60,07;82,64;74,0;72,21;67,37;64,37;63,75;26,9;0,0;42,2;25,0;20,3;17,7;17,1;2,28;0,0;3,5;2,69;2,56;2,24;2,06;2,02;0,0341;0,0138;0,127;0,0514;0,045;0,0328;0,0239;0,0219;0,344;0,0;4,19;1,15;0,817;0,206;0,0504;0,0338;0,0311;0,00819;0,131;0,0706;0,056;0,0253;0,0134;0,0119;0,338;0,145;0,989;0,514;0,451;0,319;0,255;0,234;61,82;60,15;53,72;71,32;65,14;63,64;59,76;57,17;56,52;14,9;1,01;104,0;32,5;26,4;12,4;6,38;5,22;-0,77;-6,97;60,65;46,35;36,51;12,16;-4,53;-5,2
PingshanPark;PingshanPark1;PP1052;12;2019-03-26 13:22:00;;;;cmn;cmnSSIDv3;2,0;2,0;3,0;3,0;5,0;2,0;4,0;4,0;4,0;2,0;4,0;2,0;4,0;3,0;3,0;4,0;4,0;4,0;3,0;3,0;4,0;3,0;68,0;43,0;Female;SomeCollege;;Employed;;;;;;;Alone;213,18;73,46;68,24;86,59;75,92;74,89;72,69;70,9;70,41;69,65;65,16;77,71;72,03;71,25;69,22;67,57;67,15;60,5;53,62;73,62;64,63;62,74;58,54;55,96;55,48;16,6;0,0;30,1;15,5;12,8;11,1;10,8;2,0;0,0;3,15;2,27;2,18;1,98;1,83;1,79;0,0265;0,0112;0,0718;0,0384;0,0351;0,0255;0,0191;0,0176;0,195;0,0;2,46;0,604;0,422;0,102;0,0207;0,0121;0,0175;0,00393;0,182;0,037;0,0297;0,0143;0,00673;0,00575;0,328;0,104;1,06;0,478;0,414;0,312;0,253;0,236;53,01;51,3;46,12;65,09;56,07;54,45;50,9;48,6;48,1;9,53;0,0411;91,5;22,0;17,2;7,81;3,76;3,0;-0,91;-2,63;67,33;36,1;27,14;7,13;-0,76;-1,99
PingshanPark;PingshanPark2;PP2068;12;2019-03-30 10:09:00;;;;cmn;cmnSSIDv3;2,0;4,0;4,0;3,0;4,0;4,0;4,0;3,0;2,0;3,0;4,0;2,0;2,0;2,0;3,0;3,0;3,0;4,0;3,0;4,0;3,0;3,0;68,0;25,0;Female;SomePostgraduate;;Student;;;;;;Staying;Group;211,34;74,11;68,92;84,04;77,58;76,42;73,15;71,22;70,81;73,25;67,97;84,01;76,94;75,71;72,11;69,97;69,6;71,05;61,56;82,84;75,64;74,13;69,14;65,66;64,99;30,0;0,0;49,9;27,9;22,0;18,7;18,1;2,37;0,0;4,16;2,83;2,65;2,33;2,13;2,08;0,0339;0,0149;0,0888;0,0485;0,0445;0,0329;0,0247;0,0228;0,391;0,0;4,13;1,13;0,826;0,274;0,0721;0,047;0,043;0,00833;0,178;0,0955;0,0779;0,0366;0,0165;0,0128;0,352;0,0956;1,13;0,507;0,451;0,337;0,269;0,251;63,44;61,75;54,45;73,79;67,0;65,68;61,43;58,23;57,59;17,2;0,831;114,0;39,1;31,2;14,3;7,12;5,85;-1,01;-6,85;63,75;46,97;38,62;13,26;-3,5;-4,58
PingshanPark;PingshanPark1;PP1052;13;2019-03-26 13:22:00;;;;cmn;cmnSSIDv3;1,0;1,0;2,0;4,0;3,0;2,0;3,0;5,0;5,0;1,0;1,0;3,0;4,0;5,0;1,0;5,0;5,0;3,0;3,0;4,0;4,0;3,0;68,0;24,0;Male;SomePostgraduate;;Student;;;;;;;Alone;213,18;73,46;68,24;86,59;75,92;74,89;72,69;70,9;70,41;69,65;65,16;77,71;72,03;71,25;69,22;67,57;67,15;60,5;53,62;73,62;64,63;62,74;58,54;55,96;55,48;16,6;0,0;30,1;15,5;12,8;11,1;10,8;2,0;0,0;3,15;2,27;2,18;1,98;1,83;1,79;0,0265;0,0112;0,0718;0,0384;0,0351;0,0255;0,0191;0,0176;0,195;0,0;2,46;0,604;0,422;0,102;0,0207;0,0121;0,0175;0,00393;0,182;0,037;0,0297;0,0143;0,00673;0,00575;0,328;0,104;1,06;0,478;0,414;0,312;0,253;0,236;53,01;51,3;46,12;65,09;56,07;54,45;50,9;48,6;48,1;9,53;0,0411;91,5;22,0;17,2;7,81;3,76;3,0;-0,91;-2,63;67,33;36,1;27,14;7,13;-0,76;-1,99
PingshanPark;PingshanPark2;PP2068;13;2019-03-30 10:10:00;;;;cmn;cmnSSIDv3;3,0;3,0;3,0;2,0;4,0;2,0;4,0;4,0;4,0;2,0;3,0;3,0;3,0;2,0;2,0;2,0;4,0;4,0;5,0;4,0;3,0;4,0;80,0;25,0;Female;SomeHighSchool;;Other;;;;;;Arriving;Group;211,34;74,11;68,92;84,04;77,58;76,42;73,15;71,22;70,81;73,25;67,97;84,01;76,94;75,71;72,11;69,97;69,6;71,05;61,56;82,84;75,64;74,13;69,14;65,66;64,99;30,0;0,0;49,9;27,9;22,0;18,7;18,1;2,37;0,0;4,16;2,83;2,65;2,33;2,13;2,08;0,0339;0,0149;0,0888;0,0485;0,0445;0,0329;0,0247;0,0228;0,391;0,0;4,13;1,13;0,826;0,274;0,0721;0,047;0,043;0,00833;0,178;0,0955;0,0779;0,0366;0,0165;0,0128;0,352;0,0956;1,13;0,507;0,451;0,337;0,269;0,251;63,44;61,75;54,45;73,79;67,0;65,68;61,43;58,23;57,59;17,2;0,831;114,0;39,1;31,2;14,3;7,12;5,85;-1,01;-6,85;63,75;46,97;38,62;13,26;-3,5;-4,58
PingshanPark;PingshanPark1;PP1053;14;2019-03-26 13:27:00;;;;cmn;cmnSSIDv3;4,0;2,0;5,0;3,0;3,0;4,0;4,0;3,0;2,0;4,0;3,0;2,0;3,0;3,0;2,0;4,0;4,0;4,0;4,0;4,0;4,0;4,0;80,0;24,0;Male;SomePostgraduate;;Student;;;;;;;Alone;284,01;72,96;68,15;84,94;74,97;74,43;72,51;70,87;70,42;70,02;65,0;84,79;72,11;71,37;69,28;67,56;67,18;63,47;52,96;81,89;67,57;65,55;60,5;56,33;55,36;20,0;0,0;54,2;18,2;13,9;11,2;10,7;2,12;0,0;4,67;2,62;2,44;2,06;1,88;1,83;0,0268;0,0103;0,183;0,0397;0,0355;0,0255;0,0187;0,0172;0,267;0,0;3,63;0,807;0,583;0,168;0,0383;0,0241;0,0393;0,00365;0,236;0,151;0,1;0,0261;0,0107;0,00855;0,347;0,125;1,25;0,53;0,464;0,326;0,253;0,233;56,49;53,27;45,65;73,8;59,3;57,67;52,96;49,1;48,12;13,2;0,0645;107,0;31,3;25,3;10,5;4,69;3,68;-3,24;-1,41;65,91;38,64;31,01;10,49;0,2;-0,51
PingshanPark;PingshanPark2;PP2068;14;2019-03-30 10:10:00;;;;cmn;cmnSSIDv3;2,0;2,0;4,0;3,0;4,0;4,0;4,0;3,0;3,0;2,0;2,0;2,0;2,0;3,0;3,0;4,0;4,0;3,0;3,0;3,0;4,0;2,0;60,0;28,0;Female;TradeTechVocation;;Employed;;;;;;Staying;Group;211,34;74,11;68,92;84,04;77,58;76,42;73,15;71,22;70,81;73,25;67,97;84,01;76,94;75,71;72,11;69,97;69,6;71,05;61,56;82,84;75,64;74,13;69,14;65,66;64,99;30,0;0,0;49,9;27,9;22,0;18,7;18,1;2,37;0,0;4,16;2,83;2,65;2,33;2,13;2,08;0,0339;0,0149;0,0888;0,0485;0,0445;0,0329;0,0247;0,0228;0,391;0,0;4,13;1,13;0,826;0,274;0,0721;0,047;0,043;0,00833;0,178;0,0955;0,0779;0,0366;0,0165;0,0128;0,352;0,0956;1,13;0,507;0,451;0,337;0,269;0,251;63,44;61,75;54,45;73,79;67,0;65,68;61,43;58,23;57,59;17,2;0,831;114,0;39,1;31,2;14,3;7,12;5,85;-1,01;-6,85;63,75;46,97;38,62;13,26;-3,5;-4,58
PingshanPark;PingshanPark1;PP1053;15;2019-03-26 13:27:00;;;;cmn;cmnSSIDv3;3,0;2,0;3,0;2,0;4,0;3,0;4,0;3,0;3,0;2,0;4,0;3,0;3,0;2,0;2,0;4,0;3,0;2,0;1,0;4,0;2,0;1,0;40,0;30,0;Male;SomeHighSchool;;Employed;;;;;;;Alone;284,01;72,96;68,15;84,94;74,97;74,43;72,51;70,87;70,42;70,02;65,0;84,79;72,11;71,37;69,28;67,56;67,18;63,47;52,96;81,89;67,57;65,55;60,5;56,33;55,36;20,0;0,0;54,2;18,2;13,9;11,2;10,7;2,12;0,0;4,67;2,62;2,44;2,06;1,88;1,83;0,0268;0,0103;0,183;0,0397;0,0355;0,0255;0,0187;0,0172;0,267;0,0;3,63;0,807;0,583;0,168;0,0383;0,0241;0,0393;0,00365;0,236;0,151;0,1;0,0261;0,0107;0,00855;0,347;0,125;1,25;0,53;0,464;0,326;0,253;0,233;56,49;53,27;45,65;73,8;59,3;57,67;52,96;49,1;48,12;13,2;0,0645;107,0;31,3;25,3;10,5;4,69;3,68;-3,24;-1,41;65,91;38,64;31,01;10,49;0,2;-0,51
PingshanPark;PingshanPark2;PP2069;15;2019-03-30 10:14:00;;;;cmn;cmnSSIDv3;3,0;3,0;4,0;4,0;4,0;2,0;4,0;4,0;4,0;3,0;4,0;4,0;3,0;4,0;2,0;4,0;4,0;3,0;2,0;4,0;4,0;4,0;68,0;27,0;Male;SomeCollege;;Employed;;;;;;Staying;Group;138,94;72,95;68,43;81,54;76,19;74,98;72,06;70,36;69,98;72,26;67,2;81,38;75,83;74,52;71,18;69,28;68,87;70,09;61,8;82,33;74,44;72,88;68,31;65,03;64,29;28,0;0,0;43,2;25,9;21,0;18,0;17,4;2,32;0,0;4,08;2,73;2,59;2,28;2,09;2,04;0,0338;0,0121;0,124;0,0477;0,0443;0,0328;0,0246;0,0227;0,38;0,0;3,36;1,19;0,837;0,25;0,0661;0,0442;0,0356;0,00981;0,176;0,0815;0,0575;0,0292;0,0177;0,0157;0,354;0,151;1,67;0,522;0,46;0,335;0,266;0,249;62,62;60,89;54,47;72,33;65,88;64,42;60,62;57,57;56,91;16,3;1,1;101,0;35,9;29,2;13,7;6,88;5,61;-0,88;-5,58;62,04;45,93;36,65;13,31;-2,35;-3,31
PingshanPark;PingshanPark1;PP1053;16;2019-03-26 13:27:00;;;;cmn;cmnSSIDv3;2,0;1,0;4,0;3,0;4,0;3,0;4,0;4,0;2,0;1,0;3,0;2,0;4,0;4,0;1,0;2,0;3,0;3,0;3,0;3,0;3,0;2,0;56,0;25,0;Female;SomeCollege;;Student;;;;;;;Alone;284,01;72,96;68,15;84,94;74,97;74,43;72,51;70,87;70,42;70,02;65,0;84,79;72,11;71,37;69,28;67,56;67,18;63,47;52,96;81,89;67,57;65,55;60,5;56,33;55,36;20,0;0,0;54,2;18,2;13,9;11,2;10,7;2,12;0,0;4,67;2,62;2,44;2,06;1,88;1,83;0,0268;0,0103;0,183;0,0397;0,0355;0,0255;0,0187;0,0172;0,267;0,0;3,63;0,807;0,583;0,168;0,0383;0,0241;0,0393;0,00365;0,236;0,151;0,1;0,0261;0,0107;0,00855;0,347;0,125;1,25;0,53;0,464;0,326;0,253;0,233;56,49;53,27;45,65;73,8;59,3;57,67;52,96;49,1;48,12;13,2;0,0645;107,0;31,3;25,3;10,5;4,69;3,68;-3,24;-1,41;65,91;38,64;31,01;10,49;0,2;-0,51
PingshanPark;PingshanPark2;PP2069;16;2019-03-30 10:15:00;;;;cmn;cmnSSIDv3;3,0;3,0;3,0;2,0;4,0;3,0;4,0;4,0;3,0;3,0;3,0;2,0;3,0;2,0;3,0;4,0;4,0;3,0;2,0;3,0;2,0;4,0;56,0;28,0;Female;HighSchoolGraduate;;Employed;;;;;;Staying;Alone;138,94;72,95;68,43;81,54;76,19;74,98;72,06;70,36;69,98;72,26;67,2;81,38;75,83;74,52;71,18;69,28;68,87;70,09;61,8;82,33;74,44;72,88;68,31;65,03;64,29;28,0;0,0;43,2;25,9;21,0;18,0;17,4;2,32;0,0;4,08;2,73;2,59;2,28;2,09;2,04;0,0338;0,0121;0,124;0,0477;0,0443;0,0328;0,0246;0,0227;0,38;0,0;3,36;1,19;0,837;0,25;0,0661;0,0442;0,0356;0,00981;0,176;0,0815;0,0575;0,0292;0,0177;0,0157;0,354;0,151;1,67;0,522;0,46;0,335;0,266;0,249;62,62;60,89;54,47;72,33;65,88;64,42;60,62;57,57;56,91;16,3;1,1;101,0;35,9;29,2;13,7;6,88;5,61;-0,88;-5,58;62,04;45,93;36,65;13,31;-2,35;-3,31
PingshanPark;PingshanPark1;PP1045;2;2019-03-26 12:33:00;;;;cmn;cmnSSIDv3;2,0;5,0;2,0;3,0;2,0;3,0;3,0;4,0;2,0;2,0;4,0;4,0;2,0;1,0;4,0;3,0;3,0;2,0;2,0;2,0;2,0;1,0;36,0;27,0;Female;SomePostgraduate;;Student;;;;;;;Alone;253,03;73,51;69,08;80,52;75,38;74,84;73,2;71,82;71,46;70,9;66,59;78,86;73,05;72,23;70,46;69,15;68,75;63,15;55,11;76,24;67,29;66,16;61,62;59,17;58,52;20,8;0,0;32,1;19,3;15,3;13,3;12,8;2,06;0,0;3,89;2,51;2,38;1,99;1,83;1,8;0,0286;0,0124;0,111;0,0408;0,0375;0,0278;0,0206;0,019;0,225;0,0;2,07;0,632;0,475;0,144;0,0305;0,0188;0,0276;0,00524;0,0854;0,0565;0,0494;0,0251;0,0105;0,00827;0,358;0,102;1,19;0,542;0,483;0,338;0,263;0,243;56,04;54,4;47,14;65,76;59,55;58,34;53,92;51,47;50,76;13,3;0,483;84,2;31,6;25,5;10,7;4,66;3,68;-2,85;-2,51;66,02;37,88;32,83;10,39;-1,06;-1,81
PingshanPark;PingshanPark2;PP2062;2;2019-03-30 09:40:00;;;;cmn;cmnSSIDv3;2,0;2,0;5,0;3,0;5,0;4,0;5,0;2,0;1,0;3,0;4,0;2,0;3,0;3,0;2,0;3,0;3,0;4,0;3,0;3,0;3,0;4,0;68,0;25,0;Female;SomePostgraduate;;Student;;;;;;Arriving;Group;42,87;77,07;69,29;85,68;82,07;80,39;75,28;71,62;71,08;76,61;67,56;85,65;81,58;80,07;74,69;70,81;70,14;75,23;63,86;85,53;80,64;78,99;72,5;66,94;66,23;39,3;0,0;56,9;36,0;25,6;20,1;19,1;2,49;0,0;3,65;3,04;2,9;2,43;2,18;2,11;0,0373;0,015;0,178;0,0565;0,0504;0,0356;0,0253;0,0229;0,783;0,0;3,38;1,91;1,48;0,676;0,214;0,161;0,0573;0,011;0,153;0,12;0,099;0,053;0,0207;0,0159;0,378;0,127;0,865;0,601;0,53;0,361;0,26;0,225;67,34;64,73;56,01;76,99;71,84;70,42;64,51;59,46;58,82;22,1;1,41;92,6;46,3;38,7;19,1;8,73;7,0;-0,11;-5,31;62,69;50,08;41,06;15,89;-2,17;-3,21
PingshanPark;PingshanPark1;PP1045;3;2019-03-26 12:33:00;;;;cmn;cmnSSIDv3;2,0;1,0;2,0;4,0;4,0;2,0;4,0;5,0;4,0;1,0;2,0;3,0;3,0;4,0;1,0;3,0;3,0;3,0;4,0;4,0;4,0;3,0;72,0;38,0;Male;HighSchoolGraduate;;Employed;;;;;;;Alone;253,03;73,51;69,08;80,52;75,38;74,84;73,2;71,82;71,46;70,9;66,59;78,86;73,05;72,23;70,46;69,15;68,75;63,15;55,11;76,24;67,29;66,16;61,62;59,17;58,52;20,8;0,0;32,1;19,3;15,3;13,3;12,8;2,06;0,0;3,89;2,51;2,38;1,99;1,83;1,8;0,0286;0,0124;0,111;0,0408;0,0375;0,0278;0,0206;0,019;0,225;0,0;2,07;0,632;0,475;0,144;0,0305;0,0188;0,0276;0,00524;0,0854;0,0565;0,0494;0,0251;0,0105;0,00827;0,358;0,102;1,19;0,542;0,483;0,338;0,263;0,243;56,04;54,4;47,14;65,76;59,55;58,34;53,92;51,47;50,76;13,3;0,483;84,2;31,6;25,5;10,7;4,66;3,68;-2,85;-2,51;66,02;37,88;32,83;10,39;-1,06;-1,81
PingshanPark;PingshanPark2;PP2063;3;2019-03-30 09:43:00;;;;cmn;cmnSSIDv3;2,0;3,0;3,0;2,0;4,0;2,0;4,0;4,0;4,0;2,0;3,0;3,0;3,0;3,0;3,0;5,0;4,0;3,0;4,0;3,0;4,0;3,0;68,0;27,0;Female;SomeCollege;;Other;;;;;;Staying;Group;159,16;75,7;66,38;87,14;79,73;78,53;74,36;71,02;69,93;74,89;64,93;87,13;78,88;77,41;73,63;70,28;69,12;72,6;61,37;86,18;77,31;75,5;70,49;66,87;65,79;33,2;0,0;57,6;30,3;24,1;19,8;18,6;2,4;0,0;4,12;2,82;2,68;2,36;2,15;2,09;0,0367;0,0151;0,189;0,057;0,0497;0,0347;0,0251;0,023;0,693;0,0;3,34;1,71;1,41;0,554;0,177;0,118;0,0428;0,0078;0,264;0,11;0,0778;0,0321;0,017;0,0151;0,327;0,0629;1,11;0,535;0,452;0,307;0,225;0,204;65,39;63,25;54,38;77,57;69,15;67,36;62,95;59,59;58,49;17,4;1,02;108,0;40,0;30,6;14,3;7,54;6,21;-0,18;-6,0;63,28;47,69;39,54;13,73;-3,75;-4,48
PingshanPark;PingshanPark1;PP1047;6;2019-03-26 12:43:00;;;;cmn;cmnSSIDv3;3,0;3,0;3,0;5,0;3,0;3,0;4,0;4,0;4,0;3,0;3,0;3,0;2,0;3,0;2,0;4,0;4,0;2,0;3,0;2,0;2,0;2,0;44,0;49,0;Male;HighSchoolGraduate;;Employed;;;;;;;Alone;101,95;72,46;68,19;83,43;74,53;73,85;72,07;70,51;70,12;69,44;65,4;83,28;72,13;70,85;68,63;67,23;66,89;63,16;54,14;81,7;67,43;65,5;59,16;56,01;55,4;19,3;0,0;37,0;17,5;13,2;11,4;11,0;2,24;0,0;4,34;2,7;2,54;2,17;2,0;1,95;0,0251;0,0107;0,179;0,0375;0,0331;0,0237;0,0175;0,0162;0,225;0,0;3,46;0,607;0,445;0,14;0,0433;0,0304;0,038;0,00404;0,168;0,12;0,0866;0,0287;0,00796;0,00675;0,358;0,178;0,843;0,557;0,482;0,336;0,261;0,246;56,5;52,66;46,99;69,87;58,96;57,25;51,87;48,91;48,39;13,4;0,235;124,0;33,8;26,4;10,3;4,63;3,72;-3,52;-2,21;65,83;36,11;30,35;9,0;-0,37;-0,85
PingshanPark;PingshanPark2;PP2065;6;2019-03-30 09:52:00;;;;cmn;cmnSSIDv3;2,0;3,0;2,0;3,0;4,0;3,0;3,0;3,0;3,0;3,0;3,0;3,0;3,0;2,0;3,0;4,0;3,0;1,0;3,0;3,0;1,0;1,0;36,0;8,0;Male;SomeHighSchool;;Student;;;;;;Staying;Alone;215,3;74,05;66,63;88,74;78,24;76,95;72,15;68,96;68,23;72,89;65,02;88,75;77,23;75,98;70,95;67,83;67,06;69,99;60,81;86,94;74,3;72,77;67,73;64,25;63,61;29,1;0,0;49,7;27,2;20,3;17,1;16,4;2,39;0,0;3,88;2,78;2,68;2,36;2,14;2,08;0,0322;0,0107;0,0998;0,0468;0,0425;0,031;0,0231;0,0212;0,468;0,0;3,92;1,53;1,02;0,308;0,0804;0,0539;0,0376;0,00714;0,144;0,0799;0,065;0,0333;0,0148;0,0123;0,34;0,0221;1,5;0,492;0,437;0,324;0,252;0,236;62,71;60,65;53,72;74,76;65,94;64,67;60,22;57,12;56,53;15,9;0,654;93,8;33,5;27,5;13,7;6,86;5,65;-1,51;-7,36;62,89;45,5;38,12;12,28;-3,42;-5,07
PingshanPark;PingshanPark1;PP1047;7;2019-03-26 12:44:00;;;;cmn;cmnSSIDv3;3,0;2,0;3,0;3,0;3,0;4,0;4,0;4,0;2,0;3,0;3,0;3,0;3,0;2,0;3,0;2,0;3,0;3,0;2,0;2,0;2,0;2,0;44,0;48,0;Male;SomeCollege;;Employed;;;;;;;Alone;101,95;72,46;68,19;83,43;74,53;73,85;72,07;70,51;70,12;69,44;65,4;83,28;72,13;70,85;68,63;67,23;66,89;63,16;54,14;81,7;67,43;65,5;59,16;56,01;55,4;19,3;0,0;37,0;17,5;13,2;11,4;11,0;2,24;0,0;4,34;2,7;2,54;2,17;2,0;1,95;0,0251;0,0107;0,179;0,0375;0,0331;0,0237;0,0175;0,0162;0,225;0,0;3,46;0,607;0,445;0,14;0,0433;0,0304;0,038;0,00404;0,168;0,12;0,0866;0,0287;0,00796;0,00675;0,358;0,178;0,843;0,557;0,482;0,336;0,261;0,246;56,5;52,66;46,99;69,87;58,96;57,25;51,87;48,91;48,39;13,4;0,235;124,0;33,8;26,4;10,3;4,63;3,72;-3,52;-2,21;65,83;36,11;30,35;9,0;-0,37;-0,85
PingshanPark;PingshanPark2;PP2065;7;2019-03-30 09:52:00;;;;cmn;cmnSSIDv3;4,0;3,0;3,0;3,0;2,0;4,0;2,0;4,0;2,0;3,0;3,0;4,0;2,0;1,0;4,0;3,0;4,0;2,0;2,0;1,0;0,0;3,0;32,0;28,0;Female;SomeCollege;;Employed;;;;;;Staying;Group;215,3;74,05;66,63;88,74;78,24;76,95;72,15;68,96;68,23;72,89;65,02;88,75;77,23;75,98;70,95;67,83;67,06;69,99;60,81;86,94;74,3;72,77;67,73;64,25;63,61;29,1;0,0;49,7;27,2;20,3;17,1;16,4;2,39;0,0;3,88;2,78;2,68;2,36;2,14;2,08;0,0322;0,0107;0,0998;0,0468;0,0425;0,031;0,0231;0,0212;0,468;0,0;3,92;1,53;1,02;0,308;0,0804;0,0539;0,0376;0,00714;0,144;0,0799;0,065;0,0333;0,0148;0,0123;0,34;0,0221;1,5;0,492;0,437;0,324;0,252;0,236;62,71;60,65;53,72;74,76;65,94;64,67;60,22;57,12;56,53;15,9;0,654;93,8;33,5;27,5;13,7;6,86;5,65;-1,51;-7,36;62,89;45,5;38,12;12,28;-3,42;-5,07
PingshanPark;PingshanPark1;PP1048;8;2019-03-26 12:49:00;;;;cmn;cmnSSIDv3;3,0;2,0;3,0;4,0;2,0;4,0;4,0;2,0;2,0;3,0;3,0;2,0;3,0;2,0;3,0;3,0;3,0;4,0;4,0;4,0;4,0;4,0;80,0;29,0;Male;SomePostgraduate;;Student;;;;;;;Alone;87,53;72,27;67,06;77,7;74,19;73,7;72,06;70,41;69,99;68,79;65,27;77,04;70,47;69,96;68,51;67,22;66,87;61,28;54,42;76,77;65,95;64,04;58,55;56,17;55,69;16,9;0,0;30,9;15,9;12,8;11,3;11,0;2,16;0,0;4,45;2,62;2,45;2,11;1,95;1,92;0,0254;0,0118;0,0964;0,0361;0,0329;0,0248;0,0186;0,0173;0,236;0,0;2,71;0,705;0,533;0,152;0,0447;0,0322;0,0204;0,00466;0,102;0,0558;0,0406;0,0149;0,00804;0,00644;0,334;0,194;0,902;0,473;0,43;0,32;0,26;0,248;54,55;52,04;46,92;66,41;57,27;55,97;51,4;49,01;48,53;10,4;0,317;85,3;26,1;19,9;7,97;3,76;3,0;-4,32;-2,38;66,01;35,76;32,36;8,45;-1,19;-1,72
PingshanPark;PingshanPark2;PP2066;8;2019-03-30 09:57:00;;;;cmn;cmnSSIDv3;3,0;4,0;4,0;3,0;2,0;4,0;4,0;4,0;2,0;4,0;4,0;4,0;1,0;1,0;4,0;5,0;5,0;4,0;4,0;4,0;3,0;4,0;76,0;35,0;Female;HighSchoolGraduate;;Employed;;;;;;Leaving;Group;329,95;74,77;68,41;88,1;78,86;77,33;73,12;70,68;70,22;73,96;67,33;88,09;78,36;76,75;72,21;69,62;69,1;70,97;61,3;87,46;75,7;74,17;68,89;65,0;64,21;31,0;0,0;54,5;28,6;21,7;18,0;17,2;2,33;0,0;4,63;2,87;2,67;2,27;2,05;2,0;0,0352;0,0133;0,19;0,0527;0,0469;0,0336;0,0246;0,0226;0,385;0,0;4,07;1,19;0,838;0,236;0,0565;0,0358;0,0409;0,00519;0,239;0,093;0,0753;0,035;0,0156;0,0119;0,368;0,0436;1,88;0,615;0,492;0,334;0,258;0,24;63,45;61,42;53,82;75,38;67,08;65,81;61,11;57,55;56,74;17,1;0,523;117,0;39,2;31,4;14,0;6,88;5,6;-2,44;-0,54;64,12;46,32;38,06;16,76;0,57;0,28
PingshanPark;PingshanPark1;PP1049;9;2019-03-26 12:58:00;;;;cmn;cmnSSIDv3;2,0;2,0;5,0;2,0;3,0;4,0;4,0;3,0;2,0;2,0;3,0;3,0;2,0;3,0;2,0;4,0;4,0;3,0;3,0;3,0;4,0;4,0;68,0;49,0;Male;HighSchoolGraduate;;Employed;;;;;;;Couple;116,76;72,12;67,83;76,13;73,86;73,38;71,96;70,59;70,23;68,86;64,63;73,17;70,44;70,02;68,66;67,52;67,21;60,88;54,9;69,64;64,65;63,48;59,85;57,13;56,72;17,4;0,0;22,2;16,3;13,5;11,8;11,4;2,16;0,0;3,25;2,56;2,45;2,12;1,93;1,89;0,026;0,0105;0,0744;0,0375;0,0342;0,0251;0,0188;0,0174;0,239;0,0;2,45;0,664;0,506;0,169;0,0541;0,0376;0,0194;0,0066;0,0475;0,0336;0,0294;0,0179;0,0114;0,0104;0,337;0,192;0,805;0,455;0,421;0,33;0,261;0,248;54,08;52,76;47,73;60,68;56,85;55,86;52,55;50,03;49,6;11,0;0,36;50,0;22,6;18,9;9,67;4,73;3,83;-6,2;-2,81;65,66;36,4;31,81;7,0;-1,53;-2,19
PingshanPark;PingshanPark2;PP2066;9;2019-03-30 09:58:00;;;;cmn;cmnSSIDv3;4,0;4,0;3,0;3,0;3,0;3,0;3,0;3,0;2,0;2,0;2,0;2,0;3,0;3,0;3,0;4,0;4,0;2,0;3,0;2,0;3,0;2,0;48,0;32,0;Female;SomeCollege;;Unemployed;;;;;;Staying;Couple;329,95;74,77;68,41;88,1;78,86;77,33;73,12;70,68;70,22;73,96;67,33;88,09;78,36;76,75;72,21;69,62;69,1;70,97;61,3;87,46;75,7;74,17;68,89;65,0;64,21;31,0;0,0;54,5;28,6;21,7;18,0;17,2;2,33;0,0;4,63;2,87;2,67;2,27;2,05;2,0;0,0352;0,0133;0,19;0,0527;0,0469;0,0336;0,0246;0,0226;0,385;0,0;4,07;1,19;0,838;0,236;0,0565;0,0358;0,0409;0,00519;0,239;0,093;0,0753;0,035;0,0156;0,0119;0,368;0,0436;1,88;0,615;0,492;0,334;0,258;0,24;63,45;61,42;53,82;75,38;67,08;65,81;61,11;57,55;56,74;17,1;0,523;117,0;39,2;31,4;14,0;6,88;5,6;-2,44;-0,54;64,12;46,32;38,06;16,76;0,57;0,28
PingshanStreet;PingshanStreet1;PS1180;1;2019-04-21 09:55:00;;;;cmn;cmnSSIDv3;2,0;5,0;2,0;3,0;2,0;5,0;3,0;2,0;2,0;5,0;5,0;2,0;1,0;1,0;5,0;5,0;1,0;1,0;1,0;1,0;1,0;1,0;20,0;35,0;Male;UniversityGraduate;;Employed;;;;;;Arriving;Alone;113,24;67,9;60,96;82,0;74,21;69,57;63,82;62,25;61,94;63,62;59,26;73,55;67,68;65,52;62,28;60,89;60,62;57,82;53,01;70,98;61,12;59,8;56,45;54,62;54,31;13,6;0,0;21,9;12,8;10,5;9,22;8,97;1,95;0,0;2,99;2,44;2,29;1,91;1,67;1,62;0,0273;0,0119;0,0751;0,0394;0,0361;0,0262;0,0197;0,0182;0,163;0,0;2,24;0,549;0,37;0,0665;0,0157;0,00964;0,0177;0,00323;0,134;0,0458;0,0291;0,0123;0,00568;0,00458;0,389;0,184;1,23;0,626;0,548;0,357;0,27;0,251;50,56;49,35;45,33;59,49;53,41;52,37;48,96;46,95;46,5;8,7;0,102;57,4;20,3;15,8;7,14;3,36;2,66;-0,94;-8,93;62,38;32,8;24,39;9,37;-5,09;-6,59
PingshanStreet;PingshanStreet2;PS2206;1;2019-04-22 09:47:00;;;;cmn;cmnSSIDv3;2,0;4,0;2,0;2,0;3,0;3,0;3,0;3,0;3,0;4,0;3,0;3,0;2,0;2,0;4,0;3,0;2,0;2,0;2,0;2,0;2,0;3,0;44,0;27,0;Female;SomeHighSchool;;Employed;;;;;;Arriving;Alone;128,1;71,52;59,15;83,67;76,75;74,92;69,13;62,67;61,54;66,5;57,38;76,06;71,37;69,97;64,58;59,87;59,09;57,17;48,5;69,76;61,36;59,93;55,45;52,2;51,58;13,6;0,0;25,8;12,7;10,0;8,12;7,78;1,85;0,0;3,19;2,39;2,26;1,85;1,43;1,37;0,0282;0,0108;0,124;0,0462;0,0401;0,026;0,0185;0,0168;0,154;0,0;1,34;0,433;0,324;0,0778;0,0133;0,00729;0,0205;0,00284;0,121;0,0477;0,0389;0,0161;0,00744;0,00592;0,439;0,189;1,53;0,713;0,61;0,411;0,296;0,276;49,06;47,38;40,96;61,39;52,0;50,56;47,09;44,66;44,01;9,9;0,035;84,5;23,6;18,5;7,92;3,61;2,81;-1,29;3,6;67,01;30,26;22,76;9,1;4,21;4,03
PingshanStreet;PingshanStreet1;PS1186;10;2019-04-21 10:28:00;;;;cmn;cmnSSIDv3;3,0;3,0;3,0;3,0;3,0;3,0;3,0;4,0;4,0;3,0;3,0;4,0;3,0;2,0;2,0;4,0;4,0;3,0;3,0;3,0;4,0;4,0;68,0;25,0;Male;SomePostgraduate;;Student;;;;;;Leaving;Alone;81,84;70,69;58,82;85,65;76,96;74,93;64,47;61,29;60,84;69,04;56,74;82,53;75,37;73,66;62,93;59,5;59,03;66,38;49,6;81,92;73,37;71,25;57,78;52,48;51,5;24,8;0,0;40,8;21,6;11,1;8,28;7,8;2,08;0,0;5,4;2,59;2,43;2,03;1,76;1,7;0,0273;0,0118;0,149;0,0497;0,0413;0,0244;0,0172;0,0159;0,326;0,0;2,67;1,03;0,708;0,188;0,0284;0,0151;0,0586;0,00783;0,22;0,165;0,136;0,0366;0,0142;0,0113;0,425;0,0552;2,1;0,848;0,65;0,36;0,261;0,24;58,85;52,33;42,4;71,08;64,76;62,78;50,19;45,4;44,58;16,0;0,211;127,0;42,6;33,0;11,9;4,63;3,55;-0,44;-2,66;62,18;40,91;34,29;19,84;12,15;8,88
PingshanStreet;PingshanStreet2;PS2211;10;2019-04-22 10:25:00;;;;cmn;cmnSSIDv3;2,0;4,0;3,0;2,0;4,0;1,0;4,0;3,0;3,0;2,0;3,0;3,0;2,0;2,0;2,0;5,0;3,0;2,0;2,0;1,0;1,0;3,0;36,0;24,0;Female;HighSchoolGraduate;;Other;;;;;;Staying;Alone;76,76;77,12;60,29;92,97;82,67;80,98;72,29;65,34;64,13;70,89;58,24;88,72;76,71;74,47;66,81;60,76;59,88;61,06;49,86;75,86;67,05;64,45;57,08;52,17;51,29;17,8;0,0;33,0;15,8;10,8;8,34;7,99;2,08;0,0;3,96;2,57;2,45;2,04;1,76;1,7;0,0271;0,0103;0,142;0,0448;0,0381;0,025;0,0176;0,0161;0,181;0,0;2,03;0,534;0,374;0,0898;0,0137;0,0078;0,0416;0,00445;0,187;0,0956;0,0734;0,0368;0,0115;0,00853;0,473;0,18;1,78;0,842;0,677;0,425;0,31;0,288;53,61;50,13;42,92;65,12;58,41;55,89;49,48;45,19;44,3;13,9;0,215;126,0;34,2;26,9;10,9;4,18;3,14;-1,81;3,24;72,73;35,79;26,87;14,59;8,04;6,26
PingshanStreet;PingshanStreet1;PS1186;11;2019-04-21 10:28:00;;;;cmn;cmnSSIDv3;1,0;2,0;2,0;2,0;3,0;2,0;3,0;4,0;4,0;2,0;5,0;2,0;4,0;3,0;1,0;4,0;3,0;3,0;4,0;4,0;2,0;2,0;60,0;26,0;Female;SomePostgraduate;;Student;;;;;;Leaving;Alone;81,84;70,69;58,82;85,65;76,96;74,93;64,47;61,29;60,84;69,04;56,74;82,53;75,37;73,66;62,93;59,5;59,03;66,38;49,6;81,92;73,37;71,25;57,78;52,48;51,5;24,8;0,0;40,8;21,6;11,1;8,28;7,8;2,08;0,0;5,4;2,59;2,43;2,03;1,76;1,7;0,0273;0,0118;0,149;0,0497;0,0413;0,0244;0,0172;0,0159;0,326;0,0;2,67;1,03;0,708;0,188;0,0284;0,0151;0,0586;0,00783;0,22;0,165;0,136;0,0366;0,0142;0,0113;0,425;0,0552;2,1;0,848;0,65;0,36;0,261;0,24;58,85;52,33;42,4;71,08;64,76;62,78;50,19;45,4;44,58;16,0;0,211;127,0;42,6;33,0;11,9;4,63;3,55;-0,44;-2,66;62,18;40,91;34,29;19,84;12,15;8,88
PingshanStreet;PingshanStreet2;PS2212;11;2019-04-22 10:30:00;;;;cmn;cmnSSIDv3;3,0;4,0;2,0;1,0;2,0;4,0;2,0;2,0;2,0;4,0;3,0;3,0;2,0;3,0;4,0;4,0;3,0;2,0;2,0;2,0;2,0;2,0;40,0;23,0;Female;SomePostgraduate;;Student;;;;;;Staying;Couple;109,52;73,16;59,14;87,58;79,27;76,28;69,12;63,92;62,8;68,15;56,94;80,18;73,17;71,44;66,05;61,59;60,56;61,57;49,06;75,05;66,76;65,1;58,97;54,12;52,93;18,7;0,0;35,6;17,0;12,2;8,95;8,32;1,92;0,0;3,42;2,46;2,3;1,89;1,57;1,49;0,0308;0,0117;0,21;0,0511;0,0438;0,028;0,0192;0,0173;0,193;0,0;1,66;0,559;0,422;0,0991;0,0164;0,00826;0,0505;0,0053;0,361;0,15;0,0972;0,0364;0,0121;0,00891;0,399;0,0561;1,75;0,637;0,554;0,371;0,283;0,26;54,0;51,36;42,14;68,15;58,3;56,68;50,9;46,44;45,51;12,9;0,134;145,0;30,8;24,7;10,3;4,53;3,51;-1,2;-8,32;68,5;35,22;28,55;9,01;-5,6;-6,37
PingshanStreet;PingshanStreet1;PS1187;12;2019-04-21 10:34:00;;;;cmn;cmnSSIDv3;1,0;3,0;3,0;2,0;2,0;4,0;1,0;2,0;1,0;3,0;2,0;2,0;2,0;3,0;3,0;4,0;2,0;1,0;0,0;2,0;1,0;1,0;20,0;23,0;Male;SomeCollege;;Employed;;;;;;Leaving;Alone;165,18;66,25;59,86;78,67;69,22;68,45;65,34;62,81;62,11;65,01;57,74;77,37;68,02;67,17;64,27;61,31;60,58;60,66;50,24;77,81;63,97;62,58;58,99;54,96;53,69;16,3;0,0;38,0;15,3;12,4;9,74;9,08;2,02;0,0;5,72;2,47;2,35;1,97;1,75;1,69;0,0291;0,0113;0,151;0,0443;0,0399;0,0277;0,0195;0,0177;0,185;0,0;2,84;0,557;0,386;0,0831;0,0164;0,00912;0,0224;0,00431;0,21;0,051;0,0397;0,0182;0,00722;0,00606;0,409;0,196;2,22;0,646;0,553;0,373;0,29;0,271;53,18;51,3;43,08;69,11;55,91;54,95;51,23;47,64;46,53;10,7;0,267;140,0;25,2;19,5;8,61;4,01;3,16;-1,77;-3,92;54,42;36,63;28,89;11,79;3,83;1,93
PingshanStreet;PingshanStreet2;PS2212;12;2019-04-22 10:30:00;;;;cmn;cmnSSIDv3;3,0;4,0;3,0;2,0;4,0;2,0;3,0;3,0;4,0;2,0;3,0;3,0;2,0;2,0;2,0;4,0;3,0;2,0;4,0;1,0;1,0;1,0;36,0;23,0;Male;SomePostgraduate;;Student;;;;;;Staying;Couple;109,52;73,16;59,14;87,58;79,27;76,28;69,12;63,92;62,8;68,15;56,94;80,18;73,17;71,44;66,05;61,59;60,56;61,57;49,06;75,05;66,76;65,1;58,97;54,12;52,93;18,7;0,0;35,6;17,0;12,2;8,95;8,32;1,92;0,0;3,42;2,46;2,3;1,89;1,57;1,49;0,0308;0,0117;0,21;0,0511;0,0438;0,028;0,0192;0,0173;0,193;0,0;1,66;0,559;0,422;0,0991;0,0164;0,00826;0,0505;0,0053;0,361;0,15;0,0972;0,0364;0,0121;0,00891;0,399;0,0561;1,75;0,637;0,554;0,371;0,283;0,26;54,0;51,36;42,14;68,15;58,3;56,68;50,9;46,44;45,51;12,9;0,134;145,0;30,8;24,7;10,3;4,53;3,51;-1,2;-8,32;68,5;35,22;28,55;9,01;-5,6;-6,37
PingshanStreet;PingshanStreet1;PS1187;13;2019-04-21 10:35:00;;;;cmn;cmnSSIDv3;4,0;4,0;4,0;2,0;2,0;4,0;3,0;2,0;2,0;4,0;3,0;3,0;2,0;1,0;4,0;3,0;3,0;4,0;3,0;4,0;5,0;4,0;80,0;28,0;Female;UniversityGraduate;;Employed;;;;;;Leaving;Couple;165,18;66,25;59,86;78,67;69,22;68,45;65,34;62,81;62,11;65,01;57,74;77,37;68,02;67,17;64,27;61,31;60,58;60,66;50,24;77,81;63,97;62,58;58,99;54,96;53,69;16,3;0,0;38,0;15,3;12,4;9,74;9,08;2,02;0,0;5,72;2,47;2,35;1,97;1,75;1,69;0,0291;0,0113;0,151;0,0443;0,0399;0,0277;0,0195;0,0177;0,185;0,0;2,84;0,557;0,386;0,0831;0,0164;0,00912;0,0224;0,00431;0,21;0,051;0,0397;0,0182;0,00722;0,00606;0,409;0,196;2,22;0,646;0,553;0,373;0,29;0,271;53,18;51,3;43,08;69,11;55,91;54,95;51,23;47,64;46,53;10,7;0,267;140,0;25,2;19,5;8,61;4,01;3,16;-1,77;-3,92;54,42;36,63;28,89;11,79;3,83;1,93
PingshanStreet;PingshanStreet2;PS2212;13;2019-04-22 10:31:00;;;;cmn;cmnSSIDv3;4,0;4,0;4,0;3,0;1,0;5,0;3,0;2,0;2,0;5,0;3,0;3,0;3,0;2,0;4,0;4,0;3,0;2,0;3,0;3,0;3,0;1,0;48,0;24,0;Male;UniversityGraduate;;Employed;;;;;;Staying;Alone;109,52;73,16;59,14;87,58;79,27;76,28;69,12;63,92;62,8;68,15;56,94;80,18;73,17;71,44;66,05;61,59;60,56;61,57;49,06;75,05;66,76;65,1;58,97;54,12;52,93;18,7;0,0;35,6;17,0;12,2;8,95;8,32;1,92;0,0;3,42;2,46;2,3;1,89;1,57;1,49;0,0308;0,0117;0,21;0,0511;0,0438;0,028;0,0192;0,0173;0,193;0,0;1,66;0,559;0,422;0,0991;0,0164;0,00826;0,0505;0,0053;0,361;0,15;0,0972;0,0364;0,0121;0,00891;0,399;0,0561;1,75;0,637;0,554;0,371;0,283;0,26;54,0;51,36;42,14;68,15;58,3;56,68;50,9;46,44;45,51;12,9;0,134;145,0;30,8;24,7;10,3;4,53;3,51;-1,2;-8,32;68,5;35,22;28,55;9,01;-5,6;-6,37
PingshanStreet;PingshanStreet1;PS1187;14;2019-04-21 10:35:00;;;;cmn;cmnSSIDv3;4,0;4,0;3,0;1,0;3,0;4,0;4,0;3,0;3,0;3,0;4,0;3,0;3,0;3,0;4,0;3,0;2,0;2,0;2,0;2,0;2,0;2,0;40,0;27,0;Female;UniversityGraduate;;Employed;;;;;;Leaving;Couple;165,18;66,25;59,86;78,67;69,22;68,45;65,34;62,81;62,11;65,01;57,74;77,37;68,02;67,17;64,27;61,31;60,58;60,66;50,24;77,81;63,97;62,58;58,99;54,96;53,69;16,3;0,0;38,0;15,3;12,4;9,74;9,08;2,02;0,0;5,72;2,47;2,35;1,97;1,75;1,69;0,0291;0,0113;0,151;0,0443;0,0399;0,0277;0,0195;0,0177;0,185;0,0;2,84;0,557;0,386;0,0831;0,0164;0,00912;0,0224;0,00431;0,21;0,051;0,0397;0,0182;0,00722;0,00606;0,409;0,196;2,22;0,646;0,553;0,373;0,29;0,271;53,18;51,3;43,08;69,11;55,91;54,95;51,23;47,64;46,53;10,7;0,267;140,0;25,2;19,5;8,61;4,01;3,16;-1,77;-3,92;54,42;36,63;28,89;11,79;3,83;1,93
PingshanStreet;PingshanStreet2;PS2213;14;2019-04-22 10:34:00;;;;cmn;cmnSSIDv3;4,0;3,0;2,0;4,0;3,0;4,0;4,0;5,0;5,0;2,0;1,0;3,0;3,0;4,0;3,0;3,0;3,0;4,0;4,0;2,0;2,0;4,0;64,0;23,0;Male;SomePostgraduate;;Student;;;;;;Leaving;Alone;110,29;77,18;58,5;93,49;84,23;81,91;66,84;62,51;61,76;70,24;56,22;88,38;77,12;74,59;64,16;59,72;58,81;60,28;49,11;76,92;65,32;63,22;57,06;52,35;51,31;17,2;0,0;29,8;15,3;10,9;8,12;7,62;2,21;0,0;4,85;2,91;2,7;2,16;1,77;1,69;0,0281;0,0111;0,171;0,0529;0,0425;0,0247;0,0174;0,0161;0,213;0,0;4,21;0,63;0,396;0,0794;0,0105;0,00509;0,0456;0,00716;0,226;0,112;0,076;0,0359;0,0183;0,0161;0,562;0,2;1,98;1,14;0,938;0,485;0,313;0,29;53,67;50,29;42,04;63,03;57,39;55,64;49,93;45,12;44,31;14,2;0,0898;108,0;34,1;26,9;11,4;4,76;3,69;-1,88;-4,37;73,14;34,52;30,77;14,29;-1,37;-2,26
PingshanStreet;PingshanStreet1;PS1187;15;2019-04-21 10:35:00;;;;cmn;cmnSSIDv3;3,0;4,0;4,0;2,0;1,0;4,0;4,0;4,0;2,0;4,0;4,0;1,0;3,0;2,0;3,0;4,0;3,0;3,0;2,0;3,0;4,0;3,0;60,0;29,0;Male;SomePostgraduate;;Employed;;;;;;Leaving;Alone;165,18;66,25;59,86;78,67;69,22;68,45;65,34;62,81;62,11;65,01;57,74;77,37;68,02;67,17;64,27;61,31;60,58;60,66;50,24;77,81;63,97;62,58;58,99;54,96;53,69;16,3;0,0;38,0;15,3;12,4;9,74;9,08;2,02;0,0;5,72;2,47;2,35;1,97;1,75;1,69;0,0291;0,0113;0,151;0,0443;0,0399;0,0277;0,0195;0,0177;0,185;0,0;2,84;0,557;0,386;0,0831;0,0164;0,00912;0,0224;0,00431;0,21;0,051;0,0397;0,0182;0,00722;0,00606;0,409;0,196;2,22;0,646;0,553;0,373;0,29;0,271;53,18;51,3;43,08;69,11;55,91;54,95;51,23;47,64;46,53;10,7;0,267;140,0;25,2;19,5;8,61;4,01;3,16;-1,77;-3,92;54,42;36,63;28,89;11,79;3,83;1,93
PingshanStreet;PingshanStreet2;PS2214;15;2019-04-22 10:39:00;;;;cmn;cmnSSIDv3;3,0;2,0;3,0;3,0;3,0;4,0;3,0;4,0;4,0;3,0;3,0;3,0;3,0;3,0;3,0;3,0;3,0;4,0;4,0;4,0;3,0;4,0;76,0;22,0;Female;SomePostgraduate;;Student;;;;;;Leaving;Alone;65,81;78,32;60,37;92,32;84,07;82,16;72,12;64,4;62,94;72,79;57,75;92,19;77,94;75,85;66,93;61,3;60,47;68,36;51,09;90,68;71,66;67,53;59,27;54,91;54,1;21,5;0,0;72,1;17,8;12,0;9,36;8,61;2,16;0,0;4,22;2,65;2,49;2,1;1,89;1,82;0,0271;0,00971;0,206;0,0449;0,0381;0,025;0,0174;0,0157;0,284;0,0;2,4;0,885;0,643;0,154;0,0212;0,0109;0,0658;0,00699;0,354;0,257;0,136;0,0414;0,0172;0,0119;0,419;0,174;1,25;0,69;0,59;0,387;0,285;0,262;60,6;53,0;43,8;81,98;63,52;59,55;52,0;47,94;46,95;15,9;0,341;113,0;40,4;31,9;12,1;4,86;3,72;-1,54;-5,77;74,05;39,67;34,57;13,21;-2,08;-3,28
PingshanStreet;PingshanStreet1;PS1188;16;2019-04-21 10:38:00;;;;cmn;cmnSSIDv3;1,0;4,0;4,0;1,0;1,0;4,0;2,0;4,0;3,0;5,0;3,0;5,0;1,0;2,0;5,0;5,0;5,0;1,0;1,0;2,0;2,0;3,0;36,0;28,0;Male;UniversityGraduate;;Employed;;;;;;Staying;Group;211,43;69,13;59,94;82,92;74,63;72,52;66,0;63,01;62,45;66,22;57,81;82,4;71,06;69,05;64,12;61,23;60,57;63,44;50,51;83,27;68,79;66,41;59,31;54,96;54,13;19,6;0,0;60,6;17,0;12,4;9,65;9,08;2,21;0,0;5,59;3,01;2,67;2,14;1,84;1,78;0,0291;0,0107;0,298;0,0467;0,0394;0,0262;0,0186;0,0169;0,245;0,0;3,38;0,815;0,532;0,107;0,0162;0,00852;0,0422;0,00538;0,367;0,13;0,0918;0,0281;0,0126;0,0101;0,453;0,0502;2,01;0,916;0,708;0,396;0,298;0,274;56,85;52,57;43,44;75,09;60,35;58,19;52,06;48,02;47,12;13,1;0,137;141,0;32,9;24,4;9,97;4,55;3,63;-0,79;1,19;62,37;39,54;33,71;16,89;6,82;5,44
PingshanStreet;PingshanStreet2;PS2215;16;2019-04-22 10:41:00;;;;cmn;cmnSSIDv3;4,0;4,0;4,0;2,0;4,0;2,0;2,0;2,0;2,0;2,0;2,0;2,0;1,0;1,0;4,0;4,0;3,0;1,0;1,0;1,0;1,0;1,0;20,0;22,0;Female;SomePostgraduate;;Student;;;;;;Leaving;Couple;92,07;77,35;60,43;90,86;83,46;80,76;73,06;67,19;66,16;70,95;57,82;84,91;76,27;74,6;67,29;62,31;61,24;61,91;50,89;80,34;66,31;64,47;58,62;54,57;53,48;17,0;0,0;39,2;15,7;11,9;9,12;8,58;1,95;0,0;3,69;2,34;2,23;1,93;1,68;1,61;0,0297;0,0106;0,29;0,0474;0,0418;0,0276;0,019;0,0174;0,205;0,0;2,18;0,653;0,443;0,102;0,0169;0,00937;0,0415;0,00882;0,142;0,0952;0,0763;0,036;0,017;0,0144;0,442;0,184;2,34;0,739;0,625;0,403;0,289;0,27;54,24;51,38;44,13;68,52;57,69;56,23;50,78;47,35;46,36;13,3;0,521;170,0;30,7;24,4;10,9;4,79;3,75;-1,85;-7,71;73,48;36,74;27,72;8,96;-5,71;-6,4
PingshanStreet;PingshanStreet1;PS1189;17;2019-04-21 10:41:00;;;;cmn;cmnSSIDv3;4,0;5,0;4,0;1,0;1,0;2,0;3,0;2,0;2,0;3,0;3,0;3,0;2,0;1,0;4,0;5,0;5,0;2,0;2,0;2,0;2,0;2,0;40,0;32,0;Male;UniversityGraduate;;Employed;;;;;;Staying;Group;206,26;67,64;59,7;88,07;71,37;69,31;64,87;62,61;62,12;66,8;58,34;87,0;70,7;68,58;63,64;61,0;60,47;64,82;50,56;87,23;68,43;65,8;58,97;54,88;53,94;18,9;0,0;70,1;16,8;12,2;9,64;9,12;2,15;0,0;5,51;2,68;2,47;2,09;1,85;1,79;0,0267;0,00958;0,186;0,0426;0,0369;0,0249;0,0178;0,0164;0,283;0,0;4,13;0,948;0,63;0,134;0,0237;0,0136;0,042;0,00551;0,223;0,116;0,0814;0,0335;0,0131;0,0107;0,418;0,098;3,64;0,744;0,613;0,369;0,264;0,24;57,77;52,35;43,61;78,66;60,2;57,56;51,55;47,88;47,01;14,0;0,171;179,0;34,7;26,8;10,9;4,57;3,53;-1,39;-0,81;54,31;40,06;34,78;19,12;12,46;10,01
PingshanStreet;PingshanStreet2;PS2215;17;2019-04-22 10:41:00;;;;cmn;cmnSSIDv3;4,0;5,0;3,0;3,0;1,0;4,0;1,0;2,0;1,0;4,0;3,0;3,0;1,0;2,0;4,0;3,0;3,0;2,0;2,0;2,0;2,0;2,0;40,0;23,0;Female;SomePostgraduate;;Student;;;;;;Leaving;Couple;92,07;77,35;60,43;90,86;83,46;80,76;73,06;67,19;66,16;70,95;57,82;84,91;76,27;74,6;67,29;62,31;61,24;61,91;50,89;80,34;66,31;64,47;58,62;54,57;53,48;17,0;0,0;39,2;15,7;11,9;9,12;8,58;1,95;0,0;3,69;2,34;2,23;1,93;1,68;1,61;0,0297;0,0106;0,29;0,0474;0,0418;0,0276;0,019;0,0174;0,205;0,0;2,18;0,653;0,443;0,102;0,0169;0,00937;0,0415;0,00882;0,142;0,0952;0,0763;0,036;0,017;0,0144;0,442;0,184;2,34;0,739;0,625;0,403;0,289;0,27;54,24;51,38;44,13;68,52;57,69;56,23;50,78;47,35;46,36;13,3;0,521;170,0;30,7;24,4;10,9;4,79;3,75;-1,85;-7,71;73,48;36,74;27,72;8,96;-5,71;-6,4
PingshanStreet;PingshanStreet1;PS1189;18;2019-04-21 10:41:00;;;;cmn;cmnSSIDv3;2,0;1,0;5,0;2,0;2,0;5,0;2,0;4,0;2,0;3,0;3,0;4,0;1,0;1,0;5,0;5,0;4,0;4,0;1,0;2,0;2,0;2,0;44,0;36,0;Male;SomeCollege;;Employed;;;;;;Leaving;Alone;206,26;67,64;59,7;88,07;71,37;69,31;64,87;62,61;62,12;66,8;58,34;87,0;70,7;68,58;63,64;61,0;60,47;64,82;50,56;87,23;68,43;65,8;58,97;54,88;53,94;18,9;0,0;70,1;16,8;12,2;9,64;9,12;2,15;0,0;5,51;2,68;2,47;2,09;1,85;1,79;0,0267;0,00958;0,186;0,0426;0,0369;0,0249;0,0178;0,0164;0,283;0,0;4,13;0,948;0,63;0,134;0,0237;0,0136;0,042;0,00551;0,223;0,116;0,0814;0,0335;0,0131;0,0107;0,418;0,098;3,64;0,744;0,613;0,369;0,264;0,24;57,77;52,35;43,61;78,66;60,2;57,56;51,55;47,88;47,01;14,0;0,171;179,0;34,7;26,8;10,9;4,57;3,53;-1,39;-0,81;54,31;40,06;34,78;19,12;12,46;10,01
PingshanStreet;PingshanStreet2;PS2217;18;2019-04-22 10:46:00;;;;cmn;cmnSSIDv3;3,0;4,0;3,0;2,0;3,0;3,0;3,0;4,0;2,0;3,0;4,0;3,0;3,0;3,0;4,0;4,0;4,0;2,0;2,0;2,0;2,0;1,0;36,0;23,0;Male;SomePostgraduate;;Student;;;;;;Leaving;Alone;150,14;79,2;61,86;94,81;86,42;83,87;72,21;66,35;65,1;71,96;59,25;88,48;78,41;75,99;66,9;62,88;62,11;60,43;51,74;74,7;64,46;63,26;58,85;55,13;54,27;17,3;0,0;27,3;16,2;12,4;9,87;9,29;2,0;0,0;5,28;2,44;2,31;1,97;1,7;1,64;0,0274;0,0117;0,23;0,0434;0,0377;0,0258;0,0186;0,0166;0,231;0,0;2,41;0,646;0,501;0,144;0,0273;0,0156;0,0214;0,00449;0,0616;0,0453;0,0361;0,0195;0,0102;0,00844;0,374;0,145;1,47;0,584;0,502;0,348;0,271;0,252;53,25;51,56;44,61;63,04;56,84;55,7;51,37;47,79;46,9;10,6;0,115;96,9;22,8;18,6;8,96;4,27;3,35;-2,2;-8,67;75,06;35,17;29,57;10,67;-5,33;-6,78
PingshanStreet;PingshanStreet1;PS1190;19;2019-04-21 10:46:00;;;;cmn;cmnSSIDv3;2,0;4,0;2,0;2,0;2,0;4,0;2,0;4,0;2,0;4,0;3,0;4,0;2,0;4,0;4,0;4,0;3,0;4,0;3,0;3,0;3,0;4,0;68,0;25,0;Female;SomePostgraduate;;Student;;;;;;Staying;Group;119,04;67,89;59,74;85,16;72,3;70,34;65,4;63,0;62,43;66,96;58,61;85,16;71,47;68,92;64,17;61,74;61,17;65,31;52,75;84,06;71,08;67,5;60,47;55,74;55,0;21,6;0,0;41,4;18,4;12,9;10,3;9,75;2,18;0,0;4,01;2,85;2,63;2,1;1,84;1,77;0,0282;0,0102;0,148;0,045;0,0392;0,0265;0,019;0,0176;0,29;0,0;4,1;0,935;0,6;0,136;0,0221;0,0112;0,0438;0,00535;0,214;0,0973;0,0803;0,0371;0,0143;0,0104;0,415;0,108;1,94;0,679;0,581;0,374;0,289;0,271;58,54;53,83;45,19;72,84;62,26;60,03;53,25;48,59;47,81;14,2;0,506;118,0;35,2;26,8;11,2;4,97;3,9;-0,19;-6,94;56,21;39,95;34,75;12,66;-2,82;-4,09
PingshanStreet;PingshanStreet2;PS2218;19;2019-04-22 11:01:00;;;;cmn;cmnSSIDv3;3,0;3,0;3,0;2,0;3,0;3,0;2,0;4,0;2,0;2,0;2,0;3,0;2,0;3,0;3,0;3,0;3,0;1,0;3,0;3,0;3,0;3,0;52,0;22,0;Male;UniversityGraduate;;Employed;;;;;;Leaving;Alone;51,65;68,69;61,55;75,98;72,42;71,22;67,8;65,21;64,64;67,25;60,03;74,91;71,05;69,83;66,45;63,25;62,63;62,5;51,58;74,3;67,11;65,84;60,7;55,33;54,21;19,2;0,0;24,6;17,6;13,1;9,56;8,96;1,8;0,0;3,04;2,21;2,1;1,78;1,52;1,46;0,0305;0,0127;0,11;0,0458;0,0418;0,029;0,0211;0,0192;0,227;0,0;2,08;0,69;0,497;0,151;0,0405;0,0267;0,0419;0,0134;0,082;0,0695;0,0644;0,0381;0,0247;0,0219;0,424;0,224;1,58;0,67;0,567;0,388;0,297;0,274;54,67;52,49;43,6;63,35;58,66;57,46;52,55;47,49;46,41;14,5;0,511;65,0;30,7;25,5;12,7;5,97;4,7;-0,31;-10,57;59,23;37,7;29,18;6,49;-8,36;-8,9
PingshanStreet;PingshanStreet1;PS1180;2;2019-04-21 09:56:00;;;;cmn;cmnSSIDv3;4,0;5,0;4,0;4,0;3,0;4,0;3,0;4,0;3,0;3,0;2,0;3,0;2,0;2,0;2,0;4,0;4,0;3,0;3,0;3,0;2,0;3,0;56,0;23,0;Male;UniversityGraduate;;Student;;;;;;Leaving;Couple;113,24;67,9;60,96;82,0;74,21;69,57;63,82;62,25;61,94;63,62;59,26;73,55;67,68;65,52;62,28;60,89;60,62;57,82;53,01;70,98;61,12;59,8;56,45;54,62;54,31;13,6;0,0;21,9;12,8;10,5;9,22;8,97;1,95;0,0;2,99;2,44;2,29;1,91;1,67;1,62;0,0273;0,0119;0,0751;0,0394;0,0361;0,0262;0,0197;0,0182;0,163;0,0;2,24;0,549;0,37;0,0665;0,0157;0,00964;0,0177;0,00323;0,134;0,0458;0,0291;0,0123;0,00568;0,00458;0,389;0,184;1,23;0,626;0,548;0,357;0,27;0,251;50,56;49,35;45,33;59,49;53,41;52,37;48,96;46,95;46,5;8,7;0,102;57,4;20,3;15,8;7,14;3,36;2,66;-0,94;-8,93;62,38;32,8;24,39;9,37;-5,09;-6,59
PingshanStreet;PingshanStreet2;PS2207;2;2019-04-22 09:51:00;;;;cmn;cmnSSIDv3;3,0;4,0;4,0;2,0;1,0;1,0;4,0;4,0;1,0;4,0;4,0;4,0;3,0;3,0;4,0;4,0;3,0;2,0;2,0;3,0;2,0;2,0;44,0;42,0;Male;HighSchoolGraduate;;Other;;;;;;Arriving;Couple;110,56;70,78;60,17;84,43;76,22;74,31;68,21;64,05;63,18;66,22;58,51;76,5;70,82;69,25;64,8;61,39;60,67;57,19;49,17;73,89;61,75;59,94;54,69;50,93;50,34;14,3;0,0;26,9;12,7;9,51;7,74;7,45;1,71;0,0;3,1;2,24;2,04;1,66;1,42;1,37;0,0258;0,00975;0,169;0,0405;0,0358;0,0243;0,0174;0,0158;0,157;0,0;2,24;0,495;0,34;0,0764;0,0165;0,00983;0,0193;0,00325;0,0915;0,0467;0,0401;0,0146;0,00635;0,00499;0,399;0,101;2,3;0,704;0,556;0,348;0,261;0,245;49,73;46,7;41,29;65,04;52,54;50,76;46,11;43,34;42,93;9,09;0,0821;124,0;23,2;17,6;6,84;3,1;2,43;-1,4;-12,48;65,97;30,9;24,39;4,68;-9,96;-10,83
PingshanStreet;PingshanStreet1;PS1191;20;2019-04-21 10:51:00;;;;cmn;cmnSSIDv3;3,0;4,0;4,0;3,0;2,0;3,0;3,0;5,0;2,0;2,0;4,0;3,0;2,0;4,0;3,0;4,0;3,0;4,0;4,0;4,0;3,0;4,0;76,0;25,0;Male;UniversityGraduate;;RatherNotSay;;;;;;Arriving;Alone;130,2;72,68;60,35;92,31;78,61;75,63;68,12;63,16;62,5;70,72;58,66;92,13;73,91;70,88;65,59;61,39;60,83;70,35;51,7;93,35;73,16;67,77;59,91;55,08;54,39;21,9;0,0;74,3;18,6;13,0;9,77;9,29;2,05;0,0;5,86;2,68;2,43;1,99;1,73;1,68;0,0298;0,0126;0,116;0,0475;0,0414;0,0279;0,0197;0,018;0,271;0,0;7,15;0,891;0,552;0,102;0,0179;0,00978;0,0444;0,00429;0,359;0,133;0,102;0,0277;0,00995;0,00734;0,39;0,163;1,41;0,678;0,543;0,359;0,277;0,26;62,23;53,27;44,7;79,18;64,95;59,39;52,39;48,02;47,26;13,6;0,218;143,0;35,1;26,4;10,1;4,25;3,32;-0,58;3,08;66,99;44,4;40,66;14,02;6,8;5,86
PingshanStreet;PingshanStreet2;PS2218;20;2019-04-22 11:01:00;;;;cmn;cmnSSIDv3;4,0;4,0;3,0;3,0;5,0;2,0;4,0;3,0;3,0;2,0;2,0;3,0;2,0;1,0;4,0;3,0;3,0;2,0;2,0;2,0;1,0;1,0;32,0;31,0;Female;SomeCollege;;Employed;;;;;;Leaving;Alone;51,65;68,69;61,55;75,98;72,42;71,22;67,8;65,21;64,64;67,25;60,03;74,91;71,05;69,83;66,45;63,25;62,63;62,5;51,58;74,3;67,11;65,84;60,7;55,33;54,21;19,2;0,0;24,6;17,6;13,1;9,56;8,96;1,8;0,0;3,04;2,21;2,1;1,78;1,52;1,46;0,0305;0,0127;0,11;0,0458;0,0418;0,029;0,0211;0,0192;0,227;0,0;2,08;0,69;0,497;0,151;0,0405;0,0267;0,0419;0,0134;0,082;0,0695;0,0644;0,0381;0,0247;0,0219;0,424;0,224;1,58;0,67;0,567;0,388;0,297;0,274;54,67;52,49;43,6;63,35;58,66;57,46;52,55;47,49;46,41;14,5;0,511;65,0;30,7;25,5;12,7;5,97;4,7;-0,31;-10,57;59,23;37,7;29,18;6,49;-8,36;-8,9
PingshanStreet;PingshanStreet1;PS1193;23;2019-04-21 11:04:00;;;;cmn;cmnSSIDv3;3,0;4,0;3,0;2,0;3,0;3,0;3,0;3,0;3,0;3,0;3,0;3,0;3,0;3,0;3,0;3,0;4,0;3,0;1,0;1,0;4,0;4,0;52,0;29,0;Female;SomeHighSchool;;Employed;;;;;;Staying;Couple;203,62;71,35;59,87;88,15;76,87;75,13;68,4;64,56;63,62;70,17;58,62;87,8;74,87;73,37;67,51;63,67;62,66;66,65;52,22;86,5;71,78;69,33;62,96;58,97;57,64;25,6;0,0;51,7;22,6;16,4;12,4;11,3;2,37;0,0;5,7;2,9;2,82;2,46;1,75;1,6;0,0286;0,00971;0,205;0,0446;0,0397;0,0272;0,0189;0,0171;0,28;0,0;6,27;0,862;0,624;0,154;0,0305;0,0179;0,0375;0,00379;0,202;0,0962;0,0717;0,0299;0,0131;0,0104;0,329;0,0342;2,31;0,484;0,43;0,31;0,237;0,215;60,27;56,16;45,02;71,58;64,06;61,69;55,83;51,09;49,44;13,3;0,0432;163,0;32,6;25,3;10,5;4,5;3,56;-1,5;-6,03;63,74;41,81;34,42;12,95;-2,68;-3,55
PingshanStreet;PingshanStreet2;PS2220;23;2019-04-22 11:28:00;;;;cmn;cmnSSIDv3;2,0;4,0;2,0;4,0;2,0;4,0;3,0;5,0;4,0;3,0;2,0;2,0;3,0;2,0;3,0;4,0;4,0;4,0;4,0;4,0;4,0;3,0;76,0;26,0;Male;SomePostgraduate;;Student;;;;;;Leaving;Alone;231,86;76,15;60,05;92,88;82,42;79,71;69,64;64,96;63,56;70,04;58,02;84,44;75,87;73,68;66,29;62,42;61,25;63,04;50,39;78,52;68,69;65,89;59,59;54,34;53,13;20,8;0,0;36,7;18,6;12,9;9,43;8,78;2,11;0,0;4,69;2,75;2,57;2,05;1,71;1,63;0,0281;0,0114;0,111;0,0441;0,0391;0,0265;0,019;0,0174;0,209;0,0;2,81;0,674;0,466;0,0879;0,0123;0,0064;0,05;0,00672;0,295;0,148;0,111;0,0348;0,013;0,0098;0,41;0,16;1,88;0,653;0,552;0,379;0,293;0,274;56,13;52,37;42,81;69,12;60,42;58,14;52,05;46,82;45,69;12,7;0,236;136,0;29,5;23,7;10,4;4,49;3,51;-1,41;-4,73;71,59;38,42;31,06;12,17;-2,66;-3,15
PingshanStreet;PingshanStreet1;PS1194;24;2019-04-21 11:06:00;;;;cmn;cmnSSIDv3;3,0;3,0;3,0;2,0;2,0;4,0;3,0;5,0;4,0;2,0;3,0;2,0;3,0;4,0;1,0;5,0;3,0;4,0;1,0;3,0;3,0;4,0;60,0;22,0;Male;SomePostgraduate;;Student;;;;;;Leaving;Couple;235,37;69,23;59,71;84,75;74,13;72,36;66,77;63,43;62,63;66,84;57,95;84,74;71,45;69,45;64,19;60,82;60,15;61,83;49,96;83,61;66,61;64,36;58,36;54,34;53,35;17,5;0,0;53,5;15,9;11,8;9,26;8,8;2,11;0,0;3,98;2,57;2,45;2,09;1,78;1,71;0,0264;0,00939;0,133;0,042;0,0366;0,0248;0,018;0,0166;0,259;0,0;3,03;0,779;0,584;0,15;0,0249;0,0145;0,0311;0,00501;0,156;0,0732;0,0575;0,0269;0,0113;0,00863;0,404;0,0822;1,3;0,672;0,569;0,37;0,272;0,251;54,28;51,46;42,76;74,89;57,8;56,16;51,01;47,32;46,47;12,3;0,0608;112,0;28,9;23,3;9,94;4,24;3,27;-0,59;-7,77;61,37;37,54;28,08;10,33;-5,9;-6,42
PingshanStreet;PingshanStreet2;PS2220;24;2019-04-22 11:28:00;;;;cmn;cmnSSIDv3;3,0;3,0;3,0;3,0;3,0;3,0;3,0;3,0;3,0;3,0;5,0;3,0;3,0;2,0;3,0;4,0;4,0;2,0;2,0;2,0;2,0;3,0;44,0;35,0;Female;UniversityGraduate;;Other;;;;;;Staying;Alone;231,86;76,15;60,05;92,88;82,42;79,71;69,64;64,96;63,56;70,04;58,02;84,44;75,87;73,68;66,29;62,42;61,25;63,04;50,39;78,52;68,69;65,89;59,59;54,34;53,13;20,8;0,0;36,7;18,6;12,9;9,43;8,78;2,11;0,0;4,69;2,75;2,57;2,05;1,71;1,63;0,0281;0,0114;0,111;0,0441;0,0391;0,0265;0,019;0,0174;0,209;0,0;2,81;0,674;0,466;0,0879;0,0123;0,0064;0,05;0,00672;0,295;0,148;0,111;0,0348;0,013;0,0098;0,41;0,16;1,88;0,653;0,552;0,379;0,293;0,274;56,13;52,37;42,81;69,12;60,42;58,14;52,05;46,82;45,69;12,7;0,236;136,0;29,5;23,7;10,4;4,49;3,51;-1,41;-4,73;71,59;38,42;31,06;12,17;-2,66;-3,15
PingshanStreet;PingshanStreet1;PS1194;25;2019-04-21 11:06:00;;;;cmn;cmnSSIDv3;2,0;4,0;3,0;3,0;3,0;3,0;3,0;4,0;3,0;3,0;3,0;3,0;3,0;2,0;3,0;5,0;4,0;2,0;2,0;3,0;2,0;3,0;48,0;26,0;Male;UniversityGraduate;;Employed;;;;;;Staying;Alone;235,37;69,23;59,71;84,75;74,13;72,36;66,77;63,43;62,63;66,84;57,95;84,74;71,45;69,45;64,19;60,82;60,15;61,83;49,96;83,61;66,61;64,36;58,36;54,34;53,35;17,5;0,0;53,5;15,9;11,8;9,26;8,8;2,11;0,0;3,98;2,57;2,45;2,09;1,78;1,71;0,0264;0,00939;0,133;0,042;0,0366;0,0248;0,018;0,0166;0,259;0,0;3,03;0,779;0,584;0,15;0,0249;0,0145;0,0311;0,00501;0,156;0,0732;0,0575;0,0269;0,0113;0,00863;0,404;0,0822;1,3;0,672;0,569;0,37;0,272;0,251;54,28;51,46;42,76;74,89;57,8;56,16;51,01;47,32;46,47;12,3;0,0608;112,0;28,9;23,3;9,94;4,24;3,27;-0,59;-7,77;61,37;37,54;28,08;10,33;-5,9;-6,42
PingshanStreet;PingshanStreet2;PS2221;25;2019-04-22 11:31:00;;;;cmn;cmnSSIDv3;3,0;2,0;2,0;4,0;4,0;2,0;4,0;3,0;4,0;2,0;3,0;3,0;4,0;4,0;4,0;4,0;4,0;4,0;3,0;4,0;4,0;4,0;76,0;29,0;Male;SomePostgraduate;;Employed;;;;;;Leaving;Alone;73,83;69,04;60,45;86,54;72,82;71,7;66,54;63,46;62,84;66,58;58,64;80,29;71,0;69,63;64,64;61,48;60,91;62,26;52,73;74,22;67,39;65,61;59,83;56,13;55,26;19,5;0,0;28,5;17,8;12,9;10,2;9,66;2,15;0,0;4,83;2,7;2,52;2,1;1,83;1,74;0,0288;0,00829;0,106;0,0449;0,0397;0,0274;0,0192;0,0174;0,218;0,0;2,11;0,658;0,455;0,0931;0,0122;0,00628;0,0456;0,011;0,213;0,125;0,0867;0,0363;0,0169;0,0143;0,441;0,15;1,39;0,722;0,613;0,413;0,301;0,27;54,87;52,92;45,83;65,41;58,85;57,31;52,48;49,09;48,22;13,7;0,586;72,1;29,5;24,7;11,9;5,2;4,06;-0,32;-5,57;61,98;37,19;29,09;12,76;-2,5;-3,69
PingshanStreet;PingshanStreet1;PS1194;26;2019-04-21 11:06:00;;;;cmn;cmnSSIDv3;3,0;2,0;4,0;3,0;2,0;3,0;3,0;4,0;1,0;4,0;4,0;3,0;3,0;2,0;4,0;5,0;3,0;3,0;3,0;2,0;2,0;3,0;52,0;22,0;Male;SomePostgraduate;;Student;;;;;;Staying;Couple;235,37;69,23;59,71;84,75;74,13;72,36;66,77;63,43;62,63;66,84;57,95;84,74;71,45;69,45;64,19;60,82;60,15;61,83;49,96;83,61;66,61;64,36;58,36;54,34;53,35;17,5;0,0;53,5;15,9;11,8;9,26;8,8;2,11;0,0;3,98;2,57;2,45;2,09;1,78;1,71;0,0264;0,00939;0,133;0,042;0,0366;0,0248;0,018;0,0166;0,259;0,0;3,03;0,779;0,584;0,15;0,0249;0,0145;0,0311;0,00501;0,156;0,0732;0,0575;0,0269;0,0113;0,00863;0,404;0,0822;1,3;0,672;0,569;0,37;0,272;0,251;54,28;51,46;42,76;74,89;57,8;56,16;51,01;47,32;46,47;12,3;0,0608;112,0;28,9;23,3;9,94;4,24;3,27;-0,59;-7,77;61,37;37,54;28,08;10,33;-5,9;-6,42
PingshanStreet;PingshanStreet2;PS2222;26;2019-04-22 11:35:00;;;;cmn;cmnSSIDv3;3,0;3,0;3,0;4,0;3,0;2,0;4,0;4,0;4,0;2,0;3,0;3,0;2,0;1,0;2,0;4,0;4,0;3,0;4,0;4,0;3,0;3,0;68,0;19,0;Female;UniversityGraduate;;Student;;;;;;Leaving;Alone;179,64;69,27;58,19;87,3;75,25;71,11;64,36;60,93;60,37;65,68;56,23;86,83;69,66;65,85;61,47;58,73;58,23;61,15;49,16;85,5;62,72;61,03;55,69;51,89;51,29;15,3;0,0;65,4;13,9;10,0;7,98;7,64;2,1;0,0;5,16;2,6;2,47;2,06;1,77;1,71;0,0247;0,0101;0,0928;0,0369;0,0329;0,0235;0,0175;0,0162;0,208;0,0;1,63;0,759;0,48;0,071;0,0102;0,00539;0,0345;0,00471;0,369;0,0892;0,0656;0,0245;0,0109;0,00862;0,418;0,195;1,42;0,717;0,597;0,377;0,286;0,266;54,89;49,1;41,82;79,22;55,42;53,73;48,54;44,94;44,2;10,8;0,0;166,0;26,2;20,9;8,4;3,5;2,7;-0,86;-5,31;63,73;35,03;31,13;10,62;-2,68;-3,43
PingshanStreet;PingshanStreet1;PS1195;27;2019-04-21 11:10:00;;;;cmn;cmnSSIDv3;4,0;2,0;4,0;2,0;2,0;4,0;2,0;5,0;2,0;4,0;4,0;2,0;1,0;1,0;4,0;5,0;3,0;3,0;2,0;2,0;3,0;4,0;56,0;30,0;Female;SomeCollege;;Employed;;;;;;Leaving;Alone;75,25;69,61;62,13;83,81;74,75;71,98;66,96;64,41;64,0;65,91;59,93;80,95;68,93;67,66;64,84;62,43;61,89;60,77;52,93;74,65;64,53;63,01;59,23;56,16;55,53;16,6;0,0;29,5;15,4;12,7;10,4;9,91;1,98;0,0;3,48;2,42;2,27;1,93;1,73;1,69;0,0277;0,0116;0,0688;0,042;0,0379;0,0265;0,0192;0,0177;0,211;0,0;1,83;0,64;0,456;0,115;0,0174;0,00946;0,0263;0,00344;0,11;0,0653;0,0514;0,0237;0,00814;0,00552;0,398;0,19;1,12;0,641;0,571;0,37;0,27;0,251;53,41;51,92;45,32;65,23;56,52;55,0;51,67;48,89;48,1;11,7;0,109;72,2;27,1;21,9;9,5;4,33;3,46;-0,78;-7,9;64,51;36,23;28,04;9,0;-5,75;-6,48
PingshanStreet;PingshanStreet2;PS2222;27;2019-04-22 11:35:00;;;;cmn;cmnSSIDv3;2,0;4,0;3,0;3,0;3,0;4,0;3,0;3,0;2,0;4,0;4,0;2,0;3,0;2,0;3,0;3,0;3,0;3,0;3,0;4,0;2,0;3,0;60,0;21,0;Female;UniversityGraduate;;Student;;;;;;Leaving;Couple;179,64;69,27;58,19;87,3;75,25;71,11;64,36;60,93;60,37;65,68;56,23;86,83;69,66;65,85;61,47;58,73;58,23;61,15;49,16;85,5;62,72;61,03;55,69;51,89;51,29;15,3;0,0;65,4;13,9;10,0;7,98;7,64;2,1;0,0;5,16;2,6;2,47;2,06;1,77;1,71;0,0247;0,0101;0,0928;0,0369;0,0329;0,0235;0,0175;0,0162;0,208;0,0;1,63;0,759;0,48;0,071;0,0102;0,00539;0,0345;0,00471;0,369;0,0892;0,0656;0,0245;0,0109;0,00862;0,418;0,195;1,42;0,717;0,597;0,377;0,286;0,266;54,89;49,1;41,82;79,22;55,42;53,73;48,54;44,94;44,2;10,8;0,0;166,0;26,2;20,9;8,4;3,5;2,7;-0,86;-5,31;63,73;35,03;31,13;10,62;-2,68;-3,43
PingshanStreet;PingshanStreet1;PS1196;28;2019-04-21 11:19:00;;;;cmn;cmnSSIDv3;3,0;4,0;3,0;2,0;3,0;4,0;4,0;3,0;3,0;4,0;4,0;4,0;2,0;2,0;4,0;5,0;5,0;3,0;2,0;3,0;2,0;3,0;52,0;31,0;Male;HighSchoolGraduate;;Employed;;;;;;Staying;Alone;206,83;64,75;58,76;77,98;68,03;66,82;63,5;61,28;60,82;63,58;57,27;77,94;66,82;65,76;62,37;59,91;59,42;59,99;50,5;75,58;64,71;62,01;57,33;53,68;52,96;15,7;0,0;36,2;14,2;11,1;8,92;8,5;1,99;0,0;3,89;2,5;2,3;1,93;1,73;1,69;0,0256;0,0105;0,0901;0,0379;0,0343;0,0245;0,0181;0,0166;0,198;0,0;2,87;0,601;0,425;0,103;0,0177;0,0108;0,0247;0,00359;0,122;0,06;0,0437;0,0206;0,00902;0,0077;0,363;0,166;1,13;0,567;0,489;0,335;0,265;0,248;53,22;50,2;43,36;66,97;56,32;54,08;49,84;46,52;45,82;10,3;0,0542;85,7;24,2;18,8;8,37;3,76;2,95;-0,24;-9,74;53,57;35,76;29,32;7,72;-7,08;-7,96
PingshanStreet;PingshanStreet2;PS2223;28;2019-04-22 11:38:00;;;;cmn;cmnSSIDv3;2,0;2,0;3,0;3,0;3,0;3,0;4,0;4,0;3,0;3,0;4,0;2,0;3,0;4,0;2,0;4,0;4,0;3,0;3,0;3,0;3,0;3,0;60,0;22,0;Female;SomePostgraduate;;Student;;;;;;Leaving;Group;69,92;67,59;59,33;76,99;72,18;70,89;65,9;62,24;61,67;66,11;57,37;75,97;71,12;69,6;63,85;60,35;59,76;63,29;50,98;74,76;69,05;67,3;59,85;54,91;53,68;20,4;0,0;32,4;18,4;12,0;9,15;8,66;2,1;0,0;3,42;2,65;2,5;2,06;1,74;1,67;0,0283;0,0111;0,157;0,0453;0,0396;0,0265;0,0187;0,0173;0,311;0,0;2,8;0,995;0,708;0,157;0,024;0,0131;0,0498;0,0118;0,123;0,0943;0,0848;0,046;0,026;0,0203;0,507;0,168;1,93;0,931;0,764;0,455;0,317;0,288;56,19;52,82;43,91;66,57;60,95;59,31;52,31;47,79;46,75;16,0;0,655;137,0;35,4;28,7;13,6;6,28;4,85;-0,43;-5,58;59,27;38,75;30,27;12,83;-1,8;-3,12
PingshanStreet;PingshanStreet1;PS1180;3;2019-04-21 09:56:00;;;;cmn;cmnSSIDv3;3,0;4,0;4,0;3,0;3,0;4,0;3,0;3,0;2,0;3,0;3,0;4,0;3,0;3,0;2,0;4,0;2,0;2,0;2,0;2,0;2,0;2,0;40,0;22,0;Male;UniversityGraduate;;Student;;;;;;Leaving;Couple;113,24;67,9;60,96;82,0;74,21;69,57;63,82;62,25;61,94;63,62;59,26;73,55;67,68;65,52;62,28;60,89;60,62;57,82;53,01;70,98;61,12;59,8;56,45;54,62;54,31;13,6;0,0;21,9;12,8;10,5;9,22;8,97;1,95;0,0;2,99;2,44;2,29;1,91;1,67;1,62;0,0273;0,0119;0,0751;0,0394;0,0361;0,0262;0,0197;0,0182;0,163;0,0;2,24;0,549;0,37;0,0665;0,0157;0,00964;0,0177;0,00323;0,134;0,0458;0,0291;0,0123;0,00568;0,00458;0,389;0,184;1,23;0,626;0,548;0,357;0,27;0,251;50,56;49,35;45,33;59,49;53,41;52,37;48,96;46,95;46,5;8,7;0,102;57,4;20,3;15,8;7,14;3,36;2,66;-0,94;-8,93;62,38;32,8;24,39;9,37;-5,09;-6,59
PingshanStreet;PingshanStreet2;PS2208;3;2019-04-22 10:11:00;;;;cmn;cmnSSIDv3;2,0;2,0;2,0;2,0;3,0;2,0;4,0;3,0;4,0;2,0;2,0;3,0;3,0;2,0;2,0;4,0;5,0;2,0;1,0;1,0;2,0;3,0;36,0;41,0;Male;SomeHighSchool;;RatherNotSay;;;;;;Staying;Couple;148,64;68,64;57,44;87,3;72,67;70,61;64,81;60,47;59,88;65,9;55,65;84,31;70,78;68,53;61,99;58,18;57,63;60,5;48,61;83,27;64,74;62,53;56,2;52,52;51,62;16,8;0,0;53,7;14,9;10,3;8,1;7,73;2,02;0,0;6,24;2,55;2,41;2,0;1,66;1,58;0,0263;0,0104;0,183;0,044;0,0379;0,0244;0,0173;0,0158;0,19;0,0;2,13;0,559;0,416;0,113;0,0269;0,0164;0,0409;0,00519;0,253;0,11;0,0847;0,0293;0,0139;0,0118;0,458;0,143;2,2;0,857;0,688;0,399;0,299;0,278;53,51;49,4;41,9;72,11;56,34;54,24;48,6;45,35;44,55;12,3;0,269;176,0;29,1;22,4;9,67;4,41;3,48;-0,24;2,66;62,12;34,61;30,39;20,2;14,52;12,72
PingshanStreet;PingshanStreet1;PS1197;30;2019-04-21 11:23:00;;;;cmn;cmnSSIDv3;3,0;4,0;3,0;2,0;2,0;2,0;3,0;2,0;1,0;3,0;4,0;4,0;2,0;2,0;3,0;4,0;4,0;4,0;3,0;4,0;4,0;3,0;72,0;26,0;Male;SomePostgraduate;;Student;;;;;;Leaving;Alone;145,6;69,38;58,92;90,98;72,95;69,59;63,85;61,31;60,83;69,09;57,56;90,96;72,56;69,11;62,91;60,01;59,44;67,29;51,83;89,9;70,52;66,76;58,99;54,83;54,01;20,5;0,0;81,1;17,2;11,9;9,35;8,89;2,21;0,0;5,39;2,85;2,62;2,14;1,86;1,79;0,0281;0,00968;0,198;0,0483;0,0395;0,0253;0,0182;0,0166;0,227;0,0;2,37;0,675;0,496;0,118;0,0165;0,00872;0,0594;0,0108;0,494;0,193;0,122;0,0383;0,019;0,0159;0,47;0,162;2,36;0,953;0,718;0,398;0,293;0,271;60,44;52,62;44,27;83,02;62,44;58,28;51,62;47,77;47,01;15,7;0,427;215,0;37,9;28,9;11,8;5,18;4,1;-8,29;2,31;56,56;40,77;35,3;18,54;9,64;7,54
PingshanStreet;PingshanStreet2;PS2223;30;2019-04-22 11:38:00;;;;cmn;cmnSSIDv3;3,0;3,0;4,0;2,0;4,0;4,0;3,0;4,0;3,0;2,0;2,0;2,0;3,0;2,0;2,0;3,0;3,0;4,0;2,0;3,0;0,0;3,0;48,0;23,0;Female;SomePostgraduate;;Student;;;;;;Leaving;Group;69,92;67,59;59,33;76,99;72,18;70,89;65,9;62,24;61,67;66,11;57,37;75,97;71,12;69,6;63,85;60,35;59,76;63,29;50,98;74,76;69,05;67,3;59,85;54,91;53,68;20,4;0,0;32,4;18,4;12,0;9,15;8,66;2,1;0,0;3,42;2,65;2,5;2,06;1,74;1,67;0,0283;0,0111;0,157;0,0453;0,0396;0,0265;0,0187;0,0173;0,311;0,0;2,8;0,995;0,708;0,157;0,024;0,0131;0,0498;0,0118;0,123;0,0943;0,0848;0,046;0,026;0,0203;0,507;0,168;1,93;0,931;0,764;0,455;0,317;0,288;56,19;52,82;43,91;66,57;60,95;59,31;52,31;47,79;46,75;16,0;0,655;137,0;35,4;28,7;13,6;6,28;4,85;-0,43;-5,58;59,27;38,75;30,27;12,83;-1,8;-3,12
PingshanStreet;PingshanStreet1;PS1197;31;2019-04-21 11:24:00;;;;cmn;cmnSSIDv3;4,0;4,0;3,0;2,0;2,0;5,0;1,0;1,0;2,0;5,0;1,0;4,0;1,0;1,0;4,0;4,0;2,0;0,0;1,0;1,0;0,0;1,0;12,0;32,0;Male;UniversityGraduate;;Employed;;;;;;Staying;Alone;145,6;69,38;58,92;90,98;72,95;69,59;63,85;61,31;60,83;69,09;57,56;90,96;72,56;69,11;62,91;60,01;59,44;67,29;51,83;89,9;70,52;66,76;58,99;54,83;54,01;20,5;0,0;81,1;17,2;11,9;9,35;8,89;2,21;0,0;5,39;2,85;2,62;2,14;1,86;1,79;0,0281;0,00968;0,198;0,0483;0,0395;0,0253;0,0182;0,0166;0,227;0,0;2,37;0,675;0,496;0,118;0,0165;0,00872;0,0594;0,0108;0,494;0,193;0,122;0,0383;0,019;0,0159;0,47;0,162;2,36;0,953;0,718;0,398;0,293;0,271;60,44;52,62;44,27;83,02;62,44;58,28;51,62;47,77;47,01;15,7;0,427;215,0;37,9;28,9;11,8;5,18;4,1;-8,29;2,31;56,56;40,77;35,3;18,54;9,64;7,54
PingshanStreet;PingshanStreet2;PS2223;31;2019-04-22 11:38:00;;;;cmn;cmnSSIDv3;2,0;3,0;4,0;2,0;3,0;4,0;3,0;3,0;2,0;4,0;3,0;4,0;3,0;3,0;3,0;2,0;3,0;3,0;3,0;2,0;2,0;3,0;52,0;26,0;Female;SomePostgraduate;;Student;;;;;;Leaving;Group;69,92;67,59;59,33;76,99;72,18;70,89;65,9;62,24;61,67;66,11;57,37;75,97;71,12;69,6;63,85;60,35;59,76;63,29;50,98;74,76;69,05;67,3;59,85;54,91;53,68;20,4;0,0;32,4;18,4;12,0;9,15;8,66;2,1;0,0;3,42;2,65;2,5;2,06;1,74;1,67;0,0283;0,0111;0,157;0,0453;0,0396;0,0265;0,0187;0,0173;0,311;0,0;2,8;0,995;0,708;0,157;0,024;0,0131;0,0498;0,0118;0,123;0,0943;0,0848;0,046;0,026;0,0203;0,507;0,168;1,93;0,931;0,764;0,455;0,317;0,288;56,19;52,82;43,91;66,57;60,95;59,31;52,31;47,79;46,75;16,0;0,655;137,0;35,4;28,7;13,6;6,28;4,85;-0,43;-5,58;59,27;38,75;30,27;12,83;-1,8;-3,12
PingshanStreet;PingshanStreet1;PS1197;32;2019-04-21 11:24:00;;;;cmn;cmnSSIDv3;4,0;4,0;4,0;3,0;2,0;4,0;3,0;2,0;2,0;4,0;3,0;3,0;2,0;1,0;4,0;4,0;3,0;2,0;2,0;2,0;2,0;2,0;40,0;36,0;Male;SomeCollege;;Employed;;;;;;Leaving;Couple;145,6;69,38;58,92;90,98;72,95;69,59;63,85;61,31;60,83;69,09;57,56;90,96;72,56;69,11;62,91;60,01;59,44;67,29;51,83;89,9;70,52;66,76;58,99;54,83;54,01;20,5;0,0;81,1;17,2;11,9;9,35;8,89;2,21;0,0;5,39;2,85;2,62;2,14;1,86;1,79;0,0281;0,00968;0,198;0,0483;0,0395;0,0253;0,0182;0,0166;0,227;0,0;2,37;0,675;0,496;0,118;0,0165;0,00872;0,0594;0,0108;0,494;0,193;0,122;0,0383;0,019;0,0159;0,47;0,162;2,36;0,953;0,718;0,398;0,293;0,271;60,44;52,62;44,27;83,02;62,44;58,28;51,62;47,77;47,01;15,7;0,427;215,0;37,9;28,9;11,8;5,18;4,1;-8,29;2,31;56,56;40,77;35,3;18,54;9,64;7,54
PingshanStreet;PingshanStreet2;PS2224;32;2019-04-22 11:40:00;;;;cmn;cmnSSIDv3;3,0;2,0;3,0;2,0;4,0;4,0;4,0;4,0;3,0;3,0;2,0;2,0;3,0;4,0;2,0;4,0;4,0;4,0;4,0;3,0;2,0;3,0;64,0;24,0;Male;SomePostgraduate;;Student;;;;;;Leaving;Couple;39,9;65,98;60,03;74,68;69,57;68,43;64,88;62,49;61,74;64,2;58,17;73,05;67,84;66,75;62,97;60,75;60,1;58,97;49,48;69,64;63,48;62,04;57,44;54,05;52,95;15,1;0,0;28,3;14,1;11,3;9,09;8,49;2,0;0,0;2,91;2,43;2,36;1,99;1,68;1,59;0,027;0,0126;0,0701;0,0402;0,0363;0,0257;0,0191;0,0176;0,172;0,0;1,35;0,575;0,36;0,0803;0,0134;0,00721;0,0286;0,0048;0,0746;0,0621;0,0523;0,0258;0,0105;0,00736;0,387;0,199;1,03;0,697;0,554;0,349;0,276;0,258;51,59;49,9;42,18;62,64;54,56;53,34;49,77;46,5;45,4;10,8;0,0396;83,2;26,4;20,5;8,69;4,09;3,14;-0,41;-5,94;57,28;34,02;25,92;10,24;-3,44;-3,93
PingshanStreet;PingshanStreet1;PS1198;33;2019-04-21 11:27:00;;;;cmn;cmnSSIDv3;3,0;4,0;4,0;3,0;2,0;2,0;3,0;3,0;4,0;1,0;3,0;3,0;2,0;3,0;4,0;4,0;4,0;3,0;2,0;2,0;3,0;2,0;48,0;39,0;Male;HighSchoolGraduate;;Other;;;;;;Arriving;Alone;192,57;70,16;60,98;88,38;74,16;72,54;67,63;64,46;63,65;69,01;59,91;84,71;73,54;71,71;66,55;63,18;62,29;66,94;53,75;81,44;72,72;70,47;62,78;57,91;56,81;23,5;0,0;43,0;20,8;14,5;11,4;10,8;2,11;0,0;4,28;2,64;2,48;2,06;1,78;1,72;0,0297;0,012;0,123;0,045;0,0402;0,0284;0,0205;0,0187;0,396;0,0;4,27;1,2;0,887;0,242;0,0381;0,0198;0,0455;0,0087;0,169;0,0953;0,0794;0,0428;0,0173;0,0138;0,408;0,129;1,58;0,642;0,55;0,376;0,291;0,269;59,33;55,63;46,81;73,53;63,78;61,77;54,83;50,41;49,42;16,8;0,525;97,8;37,3;30,5;14,4;6,29;4,96;-1,02;2,29;60,84;43,6;34,03;12,11;4,42;3,4
PingshanStreet;PingshanStreet2;PS2224;33;2019-04-22 11:40:00;;;;cmn;cmnSSIDv3;4,0;3,0;4,0;2,0;3,0;2,0;4,0;4,0;4,0;1,0;3,0;3,0;3,0;2,0;4,0;4,0;4,0;2,0;2,0;2,0;2,0;2,0;40,0;23,0;Female;SomePostgraduate;;Student;;;;;;Leaving;Couple;39,9;65,98;60,03;74,68;69,57;68,43;64,88;62,49;61,74;64,2;58,17;73,05;67,84;66,75;62,97;60,75;60,1;58,97;49,48;69,64;63,48;62,04;57,44;54,05;52,95;15,1;0,0;28,3;14,1;11,3;9,09;8,49;2,0;0,0;2,91;2,43;2,36;1,99;1,68;1,59;0,027;0,0126;0,0701;0,0402;0,0363;0,0257;0,0191;0,0176;0,172;0,0;1,35;0,575;0,36;0,0803;0,0134;0,00721;0,0286;0,0048;0,0746;0,0621;0,0523;0,0258;0,0105;0,00736;0,387;0,199;1,03;0,697;0,554;0,349;0,276;0,258;51,59;49,9;42,18;62,64;54,56;53,34;49,77;46,5;45,4;10,8;0,0396;83,2;26,4;20,5;8,69;4,09;3,14;-0,41;-5,94;57,28;34,02;25,92;10,24;-3,44;-3,93
PingshanStreet;PingshanStreet1;PS1198;34;2019-04-21 11:28:00;;;;cmn;cmnSSIDv3;2,0;3,0;3,0;4,0;5,0;2,0;4,0;5,0;5,0;1,0;1,0;1,0;5,0;4,0;2,0;5,0;5,0;4,0;4,0;4,0;4,0;3,0;76,0;25,0;Male;SomePostgraduate;;Student;;;;;;Leaving;Alone;192,57;70,16;60,98;88,38;74,16;72,54;67,63;64,46;63,65;69,01;59,91;84,71;73,54;71,71;66,55;63,18;62,29;66,94;53,75;81,44;72,72;70,47;62,78;57,91;56,81;23,5;0,0;43,0;20,8;14,5;11,4;10,8;2,11;0,0;4,28;2,64;2,48;2,06;1,78;1,72;0,0297;0,012;0,123;0,045;0,0402;0,0284;0,0205;0,0187;0,396;0,0;4,27;1,2;0,887;0,242;0,0381;0,0198;0,0455;0,0087;0,169;0,0953;0,0794;0,0428;0,0173;0,0138;0,408;0,129;1,58;0,642;0,55;0,376;0,291;0,269;59,33;55,63;46,81;73,53;63,78;61,77;54,83;50,41;49,42;16,8;0,525;97,8;37,3;30,5;14,4;6,29;4,96;-1,02;2,29;60,84;43,6;34,03;12,11;4,42;3,4
PingshanStreet;PingshanStreet2;PS2225;34;2019-04-22 11:44:00;;;;cmn;cmnSSIDv3;3,0;4,0;4,0;3,0;3,0;3,0;2,0;5,0;2,0;3,0;4,0;4,0;3,0;3,0;2,0;4,0;3,0;3,0;4,0;2,0;1,0;1,0;44,0;23,0;Male;SomePostgraduate;;Student;;;;;;Leaving;Couple;175,44;74,14;59,91;92,59;79,45;77,43;69,0;63,91;63,02;68,69;57,69;89,62;73,47;71,31;64,96;60,85;60,11;60,57;49,69;78,89;65,13;61,89;55,98;52,63;51,93;15,9;0,0;41,4;14,0;10,2;8,38;8,03;2,06;0,0;3,98;2,57;2,4;2,02;1,77;1,7;0,0262;0,0111;0,169;0,0424;0,0355;0,0239;0,0177;0,0162;0,167;0,0;2,61;0,499;0,346;0,0636;0,0101;0,00443;0,0392;0,00615;0,228;0,102;0,0797;0,0295;0,0148;0,013;0,448;0,196;3,01;0,819;0,648;0,39;0,289;0,269;53,42;49,44;42,06;70,94;56,51;54,12;48,78;45,54;44,87;11,9;0,104;183,0;30,2;22,2;8,85;3,86;3,01;-1,36;-4,81;70,18;36,25;28,04;13,14;1,89;0,66
PingshanStreet;PingshanStreet1;PS1199;35;2019-04-21 11:41:00;;;;cmn;cmnSSIDv3;3,0;4,0;4,0;2,0;3,0;4,0;4,0;3,0;2,0;3,0;2,0;2,0;3,0;2,0;3,0;4,0;3,0;2,0;3,0;2,0;2,0;2,0;44,0;28,0;Male;UniversityGraduate;;Employed;;;;;;Leaving;Couple;235,41;68,92;60,79;85,48;72,96;71,08;66,65;63,83;63,13;68,09;59,99;85,09;72,42;70,55;65,67;62,7;61,93;65,83;53,41;85,34;71,1;68,23;61,3;57,54;56,51;21,4;0,0;51,9;19,2;13,9;11,2;10,6;2,14;0,0;5,72;2,67;2,5;2,09;1,83;1,77;0,0305;0,0126;0,577;0,0482;0,0415;0,0279;0,0202;0,0187;0,285;0,0;6,58;0,904;0,648;0,154;0,0333;0,0207;0,0414;0,00931;0,197;0,102;0,0762;0,0325;0,0178;0,0154;0,466;0,162;3,47;0,863;0,69;0,405;0,293;0,271;58,84;54,56;46,09;74,87;62,12;59,94;53,86;50,23;49,35;15,6;0,266;192,0;35,9;28,4;12,7;5,92;4,77;-1,25;10,7;56,26;42,47;34,73;20,54;16,05;14,95
PingshanStreet;PingshanStreet2;PS2225;35;2019-04-22 11:44:00;;;;cmn;cmnSSIDv3;3,0;3,0;4,0;2,0;4,0;2,0;4,0;4,0;4,0;2,0;4,0;3,0;4,0;2,0;2,0;3,0;3,0;2,0;2,0;2,0;3,0;2,0;44,0;24,0;Female;SomePostgraduate;;Student;;;;;;Staying;Couple;175,44;74,14;59,91;92,59;79,45;77,43;69,0;63,91;63,02;68,69;57,69;89,62;73,47;71,31;64,96;60,85;60,11;60,57;49,69;78,89;65,13;61,89;55,98;52,63;51,93;15,9;0,0;41,4;14,0;10,2;8,38;8,03;2,06;0,0;3,98;2,57;2,4;2,02;1,77;1,7;0,0262;0,0111;0,169;0,0424;0,0355;0,0239;0,0177;0,0162;0,167;0,0;2,61;0,499;0,346;0,0636;0,0101;0,00443;0,0392;0,00615;0,228;0,102;0,0797;0,0295;0,0148;0,013;0,448;0,196;3,01;0,819;0,648;0,39;0,289;0,269;53,42;49,44;42,06;70,94;56,51;54,12;48,78;45,54;44,87;11,9;0,104;183,0;30,2;22,2;8,85;3,86;3,01;-1,36;-4,81;70,18;36,25;28,04;13,14;1,89;0,66
PingshanStreet;PingshanStreet1;PS1200;38;2019-04-21 11:45:00;;;;cmn;cmnSSIDv3;3,0;4,0;4,0;2,0;3,0;4,0;4,0;4,0;3,0;3,0;4,0;4,0;3,0;2,0;4,0;4,0;3,0;2,0;2,0;2,0;2,0;2,0;40,0;22,0;Male;SomeCollege;;Employed;;;;;;Leaving;Group;91,98;72,0;63,16;84,94;76,68;75,26;69,76;65,96;65,19;71,3;61,52;84,58;75,92;74,1;69,25;65,26;64,45;68,05;56,32;79,25;73,53;71,51;65,43;60,96;60,04;25,9;0,0;43,6;23,2;17,2;13,3;12,5;2,17;0,0;4,76;2,66;2,55;2,12;1,83;1,76;0,034;0,0122;0,29;0,055;0,0469;0,0313;0,0225;0,0206;0,365;0,0;2,34;1,03;0,777;0,276;0,0691;0,044;0,0536;0,0106;0,169;0,115;0,0978;0,0468;0,0261;0,0191;0,443;0,194;1,74;0,792;0,614;0,398;0,284;0,264;60,62;57,88;49,27;70,59;64,85;62,74;57,61;53,31;52,43;18,5;1,03;114,0;39,5;32,3;15,8;7,77;6,23;-0,98;5,5;63,43;43,86;35,51;17,4;8,43;7,58
PingshanStreet;PingshanStreet2;PS2227;38;2019-04-22 12:05:00;;;;cmn;cmnSSIDv3;3,0;5,0;4,0;2,0;1,0;4,0;3,0;3,0;3,0;4,0;4,0;4,0;2,0;2,0;4,0;4,0;1,0;1,0;1,0;1,0;1,0;3,0;28,0;22,0;Male;SomePostgraduate;;Student;;;;;;Staying;Couple;142,3;73,89;59,07;92,21;80,1;77,73;67,89;62,07;61,24;67,91;56,98;86,5;73,33;71,08;63,01;59,49;58,89;58,72;49,48;74,35;64,01;61,08;55,43;51,57;51,05;15,2;0,0;31,5;13,4;10,2;8,14;7,88;2,31;0,0;4,83;2,71;2,6;2,29;2,06;1,99;0,0253;0,00979;0,193;0,0395;0,0346;0,0236;0,0172;0,0158;0,173;0,0;2,03;0,513;0,349;0,0734;0,0111;0,00571;0,0321;0,00488;0,127;0,081;0,0662;0,026;0,00932;0,00796;0,4;0,195;1,53;0,625;0,539;0,378;0,283;0,263;51,51;48,44;42,18;66,12;55,54;53,14;47,88;44,2;43,65;11,0;0,0861;106,0;27,6;21,7;8,4;3,52;2,74;-1,87;-1,18;69,5;33,37;27,13;15,19;2,52;1,28
PingshanStreet;PingshanStreet1;PS1200;39;2019-04-21 11:46:00;;;;cmn;cmnSSIDv3;2,0;4,0;4,0;2,0;2,0;5,0;3,0;3,0;3,0;5,0;4,0;4,0;1,0;1,0;4,0;5,0;2,0;5,0;3,0;4,0;2,0;3,0;68,0;31,0;Male;SomeCollege;;Employed;;;;;;Arriving;Alone;91,98;72,0;63,16;84,94;76,68;75,26;69,76;65,96;65,19;71,3;61,52;84,58;75,92;74,1;69,25;65,26;64,45;68,05;56,32;79,25;73,53;71,51;65,43;60,96;60,04;25,9;0,0;43,6;23,2;17,2;13,3;12,5;2,17;0,0;4,76;2,66;2,55;2,12;1,83;1,76;0,034;0,0122;0,29;0,055;0,0469;0,0313;0,0225;0,0206;0,365;0,0;2,34;1,03;0,777;0,276;0,0691;0,044;0,0536;0,0106;0,169;0,115;0,0978;0,0468;0,0261;0,0191;0,443;0,194;1,74;0,792;0,614;0,398;0,284;0,264;60,62;57,88;49,27;70,59;64,85;62,74;57,61;53,31;52,43;18,5;1,03;114,0;39,5;32,3;15,8;7,77;6,23;-0,98;5,5;63,43;43,86;35,51;17,4;8,43;7,58
PingshanStreet;PingshanStreet2;PS2227;39;2019-04-22 12:05:00;;;;cmn;cmnSSIDv3;3,0;5,0;4,0;2,0;1,0;4,0;3,0;3,0;2,0;4,0;4,0;3,0;1,0;3,0;5,0;4,0;2,0;2,0;2,0;2,0;1,0;2,0;36,0;22,0;Female;SomePostgraduate;;Student;;;;;;Staying;Couple;142,3;73,89;59,07;92,21;80,1;77,73;67,89;62,07;61,24;67,91;56,98;86,5;73,33;71,08;63,01;59,49;58,89;58,72;49,48;74,35;64,01;61,08;55,43;51,57;51,05;15,2;0,0;31,5;13,4;10,2;8,14;7,88;2,31;0,0;4,83;2,71;2,6;2,29;2,06;1,99;0,0253;0,00979;0,193;0,0395;0,0346;0,0236;0,0172;0,0158;0,173;0,0;2,03;0,513;0,349;0,0734;0,0111;0,00571;0,0321;0,00488;0,127;0,081;0,0662;0,026;0,00932;0,00796;0,4;0,195;1,53;0,625;0,539;0,378;0,283;0,263;51,51;48,44;42,18;66,12;55,54;53,14;47,88;44,2;43,65;11,0;0,0861;106,0;27,6;21,7;8,4;3,52;2,74;-1,87;-1,18;69,5;33,37;27,13;15,19;2,52;1,28
PingshanStreet;PingshanStreet1;PS1200;40;2019-04-21 11:47:00;;;;cmn;cmnSSIDv3;2,0;5,0;4,0;2,0;3,0;4,0;4,0;3,0;2,0;3,0;3,0;3,0;2,0;2,0;4,0;5,0;5,0;2,0;2,0;2,0;2,0;3,0;44,0;26,0;Male;SomeCollege;;Employed;;;;;;Staying;Group;91,98;72,0;63,16;84,94;76,68;75,26;69,76;65,96;65,19;71,3;61,52;84,58;75,92;74,1;69,25;65,26;64,45;68,05;56,32;79,25;73,53;71,51;65,43;60,96;60,04;25,9;0,0;43,6;23,2;17,2;13,3;12,5;2,17;0,0;4,76;2,66;2,55;2,12;1,83;1,76;0,034;0,0122;0,29;0,055;0,0469;0,0313;0,0225;0,0206;0,365;0,0;2,34;1,03;0,777;0,276;0,0691;0,044;0,0536;0,0106;0,169;0,115;0,0978;0,0468;0,0261;0,0191;0,443;0,194;1,74;0,792;0,614;0,398;0,284;0,264;60,62;57,88;49,27;70,59;64,85;62,74;57,61;53,31;52,43;18,5;1,03;114,0;39,5;32,3;15,8;7,77;6,23;-0,98;5,5;63,43;43,86;35,51;17,4;8,43;7,58
PingshanStreet;PingshanStreet2;PS2227;40;2019-04-22 12:06:00;;;;cmn;cmnSSIDv3;2,0;4,0;5,0;2,0;3,0;5,0;3,0;4,0;3,0;4,0;5,0;2,0;1,0;3,0;4,0;3,0;1,0;3,0;2,0;3,0;2,0;4,0;56,0;25,0;Female;SomePostgraduate;;Student;;;;;;Staying;Group;142,3;73,89;59,07;92,21;80,1;77,73;67,89;62,07;61,24;67,91;56,98;86,5;73,33;71,08;63,01;59,49;58,89;58,72;49,48;74,35;64,01;61,08;55,43;51,57;51,05;15,2;0,0;31,5;13,4;10,2;8,14;7,88;2,31;0,0;4,83;2,71;2,6;2,29;2,06;1,99;0,0253;0,00979;0,193;0,0395;0,0346;0,0236;0,0172;0,0158;0,173;0,0;2,03;0,513;0,349;0,0734;0,0111;0,00571;0,0321;0,00488;0,127;0,081;0,0662;0,026;0,00932;0,00796;0,4;0,195;1,53;0,625;0,539;0,378;0,283;0,263;51,51;48,44;42,18;66,12;55,54;53,14;47,88;44,2;43,65;11,0;0,0861;106,0;27,6;21,7;8,4;3,52;2,74;-1,87;-1,18;69,5;33,37;27,13;15,19;2,52;1,28
PingshanStreet;PingshanStreet1;PS1201;41;2019-04-21 11:51:00;;;;cmn;cmnSSIDv3;4,0;4,0;4,0;2,0;3,0;4,0;2,0;4,0;2,0;3,0;4,0;3,0;3,0;2,0;4,0;4,0;4,0;2,0;2,0;2,0;2,0;3,0;44,0;30,0;Female;UniversityGraduate;;Employed;;;;;;Leaving;Couple;171,58;69,26;61,44;78,41;73,34;72,17;67,85;64,73;64,02;68,81;60,67;78,32;73,15;71,92;67,27;63,83;63,1;66,71;53,69;78,88;72,17;70,1;63,57;58,78;57,76;23,1;0,0;37,3;20,9;15,0;11,7;11,1;2,06;0,0;4,71;2,6;2,39;2,01;1,77;1,7;0,0319;0,0117;0,198;0,05;0,0443;0,03;0,0213;0,0193;0,329;0,0;3,62;0,995;0,698;0,206;0,0398;0,0226;0,052;0,00878;0,322;0,109;0,0859;0,0453;0,0222;0,0183;0,414;0,0741;1,52;0,697;0,582;0,379;0,286;0,262;60,0;55,69;46,12;70,24;62,55;61,0;55,39;50,91;50,0;17,1;0,579;113,0;38,8;31,3;14,3;6,7;5,38;-0,96;-6,35;55,63;43,7;35,95;10,84;-4,29;-4,86
PingshanStreet;PingshanStreet2;PS2228;41;2019-04-22 12:09:00;;;;cmn;cmnSSIDv3;4,0;4,0;4,0;2,0;2,0;4,0;2,0;3,0;2,0;4,0;4,0;2,0;2,0;1,0;4,0;4,0;4,0;1,0;1,0;1,0;1,0;2,0;24,0;26,0;Male;SomePostgraduate;;Unemployed;;;;;;Arriving;Alone;196,8;77,42;59,37;96,06;83,99;80,94;69,85;63,89;62,63;71,27;58,19;89,68;77,46;74,28;65,83;61,65;60,71;63,86;50,89;87,17;66,64;63,92;57,4;54,03;53,38;17,9;0,0;56,3;15,8;11,5;9,44;8,97;2,11;0,0;4,68;2,49;2,4;2,09;1,84;1,77;0,027;0,0108;0,13;0,0411;0,0367;0,0255;0,0186;0,017;0,218;0,0;4,57;0,688;0,446;0,0718;0,00787;0,0035;0,0284;0,00393;0,206;0,0798;0,0547;0,0222;0,00747;0,00601;0,395;0,194;1,81;0,643;0,542;0,358;0,278;0,262;56,24;50,69;42,95;77,43;58,74;56,28;49,74;46,27;45,66;11,5;0,0615;123,0;29,5;22,2;8,58;3,74;2,94;-1,65;-7,29;72,85;39,74;29,68;10,93;-4,53;-5,65
PingshanStreet;PingshanStreet1;PS1201;42;2019-04-21 11:51:00;;;;cmn;cmnSSIDv3;3,0;4,0;4,0;2,0;4,0;3,0;5,0;3,0;5,0;2,0;3,0;3,0;2,0;3,0;4,0;3,0;3,0;3,0;4,0;3,0;2,0;4,0;64,0;26,0;Female;UniversityGraduate;;Employed;;;;;;Arriving;Couple;171,58;69,26;61,44;78,41;73,34;72,17;67,85;64,73;64,02;68,81;60,67;78,32;73,15;71,92;67,27;63,83;63,1;66,71;53,69;78,88;72,17;70,1;63,57;58,78;57,76;23,1;0,0;37,3;20,9;15,0;11,7;11,1;2,06;0,0;4,71;2,6;2,39;2,01;1,77;1,7;0,0319;0,0117;0,198;0,05;0,0443;0,03;0,0213;0,0193;0,329;0,0;3,62;0,995;0,698;0,206;0,0398;0,0226;0,052;0,00878;0,322;0,109;0,0859;0,0453;0,0222;0,0183;0,414;0,0741;1,52;0,697;0,582;0,379;0,286;0,262;60,0;55,69;46,12;70,24;62,55;61,0;55,39;50,91;50,0;17,1;0,579;113,0;38,8;31,3;14,3;6,7;5,38;-0,96;-6,35;55,63;43,7;35,95;10,84;-4,29;-4,86
PingshanStreet;PingshanStreet2;PS2228;42;2019-04-22 12:09:00;;;;cmn;cmnSSIDv3;2,0;3,0;2,0;3,0;4,0;2,0;4,0;4,0;4,0;2,0;4,0;2,0;4,0;3,0;2,0;3,0;3,0;4,0;4,0;2,0;2,0;2,0;56,0;27,0;Male;SomePostgraduate;;Unemployed;;;;;;Staying;Couple;196,8;77,42;59,37;96,06;83,99;80,94;69,85;63,89;62,63;71,27;58,19;89,68;77,46;74,28;65,83;61,65;60,71;63,86;50,89;87,17;66,64;63,92;57,4;54,03;53,38;17,9;0,0;56,3;15,8;11,5;9,44;8,97;2,11;0,0;4,68;2,49;2,4;2,09;1,84;1,77;0,027;0,0108;0,13;0,0411;0,0367;0,0255;0,0186;0,017;0,218;0,0;4,57;0,688;0,446;0,0718;0,00787;0,0035;0,0284;0,00393;0,206;0,0798;0,0547;0,0222;0,00747;0,00601;0,395;0,194;1,81;0,643;0,542;0,358;0,278;0,262;56,24;50,69;42,95;77,43;58,74;56,28;49,74;46,27;45,66;11,5;0,0615;123,0;29,5;22,2;8,58;3,74;2,94;-1,65;-7,29;72,85;39,74;29,68;10,93;-4,53;-5,65
PingshanStreet;PingshanStreet1;PS1202;43;2019-04-21 11:55:00;;;;cmn;cmnSSIDv3;3,0;3,0;3,0;1,0;3,0;4,0;5,0;3,0;3,0;2,0;4,0;2,0;3,0;2,0;2,0;3,0;3,0;3,0;2,0;3,0;3,0;4,0;60,0;29,0;Male;UniversityGraduate;;Employed;;;;;;Leaving;Couple;136,76;73,18;61,9;88,91;79,06;75,91;69,11;65,35;64,68;72,93;60,99;88,9;78,96;75,77;68,32;64,35;63,59;71,79;56,02;88,16;78,16;74,81;66,2;60,85;59,76;31,2;0,0;63,2;26,6;16,8;12,8;11,9;2,21;0,0;4,69;2,79;2,6;2,16;1,87;1,81;0,0342;0,0127;0,168;0,0543;0,0477;0,0323;0,0223;0,0203;0,463;0,0;4,6;1,39;1,03;0,311;0,0746;0,046;0,0686;0,018;0,277;0,175;0,143;0,0549;0,0285;0,024;0,474;0,176;1,78;0,769;0,671;0,437;0,327;0,307;64,2;58,98;48,7;79,56;69,11;66,07;57,93;53,39;52,23;21,5;0,836;139,0;47,5;38,1;18,3;8,78;6,98;-3,83;0,96;56,69;47,74;40,75;14,66;5,6;3,97
PingshanStreet;PingshanStreet2;PS2229;43;2019-04-22 12:12:00;;;;cmn;cmnSSIDv3;4,0;4,0;2,0;3,0;5,0;1,0;3,0;3,0;5,0;3,0;4,0;3,0;3,0;2,0;3,0;4,0;3,0;3,0;3,0;2,0;3,0;2,0;52,0;22,0;Male;SomePostgraduate;;Student;;;;;;Arriving;Couple;199,24;78,43;60,05;96,34;84,17;81,94;73,0;65,5;64,09;72,92;57,94;89,13;79,67;77,04;67,79;61,67;60,82;63,87;49,58;79,56;71,22;67,73;58,33;53,34;52,62;25,1;0,0;48,7;20,2;12,3;9,12;8,63;2,17;0,0;3,9;2,64;2,52;2,14;1,87;1,81;0,0279;0,0102;0,11;0,0471;0,0404;0,0257;0,0183;0,0168;0,195;0,0;2,54;0,57;0,411;0,0688;0,00781;0,00345;0,0291;0,00416;0,227;0,0843;0,0634;0,0191;0,00832;0,00707;0,429;0,104;1,74;0,723;0,626;0,386;0,286;0,265;56,4;52,03;42,7;72,77;62,95;59,56;51,2;46,24;45,47;11,1;0,238;133,0;28,5;21,0;8,42;3,85;3,01;-1,4;-2,86;73,46;39,05;31,72;13,42;-0,23;-0,8
PingshanStreet;PingshanStreet1;PS1202;44;2019-04-21 11:55:00;;;;cmn;cmnSSIDv3;3,0;4,0;5,0;2,0;3,0;2,0;3,0;4,0;3,0;4,0;2,0;5,0;3,0;2,0;3,0;2,0;4,0;2,0;1,0;2,0;3,0;1,0;36,0;26,0;Male;UniversityGraduate;;RatherNotSay;;;;;;Arriving;Couple;136,76;73,18;61,9;88,91;79,06;75,91;69,11;65,35;64,68;72,93;60,99;88,9;78,96;75,77;68,32;64,35;63,59;71,79;56,02;88,16;78,16;74,81;66,2;60,85;59,76;31,2;0,0;63,2;26,6;16,8;12,8;11,9;2,21;0,0;4,69;2,79;2,6;2,16;1,87;1,81;0,0342;0,0127;0,168;0,0543;0,0477;0,0323;0,0223;0,0203;0,463;0,0;4,6;1,39;1,03;0,311;0,0746;0,046;0,0686;0,018;0,277;0,175;0,143;0,0549;0,0285;0,024;0,474;0,176;1,78;0,769;0,671;0,437;0,327;0,307;64,2;58,98;48,7;79,56;69,11;66,07;57,93;53,39;52,23;21,5;0,836;139,0;47,5;38,1;18,3;8,78;6,98;-3,83;0,96;56,69;47,74;40,75;14,66;5,6;3,97
PingshanStreet;PingshanStreet2;PS2229;44;2019-04-22 12:12:00;;;;cmn;cmnSSIDv3;2,0;3,0;2,0;3,0;4,0;2,0;4,0;5,0;3,0;1,0;1,0;1,0;4,0;3,0;3,0;4,0;3,0;4,0;4,0;4,0;4,0;4,0;80,0;22,0;Female;SomePostgraduate;;Student;;;;;;Leaving;Couple;199,24;78,43;60,05;96,34;84,17;81,94;73,0;65,5;64,09;72,92;57,94;89,13;79,67;77,04;67,79;61,67;60,82;63,87;49,58;79,56;71,22;67,73;58,33;53,34;52,62;25,1;0,0;48,7;20,2;12,3;9,12;8,63;2,17;0,0;3,9;2,64;2,52;2,14;1,87;1,81;0,0279;0,0102;0,11;0,0471;0,0404;0,0257;0,0183;0,0168;0,195;0,0;2,54;0,57;0,411;0,0688;0,00781;0,00345;0,0291;0,00416;0,227;0,0843;0,0634;0,0191;0,00832;0,00707;0,429;0,104;1,74;0,723;0,626;0,386;0,286;0,265;56,4;52,03;42,7;72,77;62,95;59,56;51,2;46,24;45,47;11,1;0,238;133,0;28,5;21,0;8,42;3,85;3,01;-1,4;-2,86;73,46;39,05;31,72;13,42;-0,23;-0,8
PingshanStreet;PingshanStreet1;PS1202;45;2019-04-21 11:56:00;;;;cmn;cmnSSIDv3;2,0;3,0;4,0;1,0;1,0;5,0;3,0;2,0;1,0;4,0;2,0;4,0;1,0;1,0;4,0;2,0;1,0;3,0;4,0;5,0;2,0;2,0;64,0;36,0;Male;TradeTechVocation;;Student;;;;;;Staying;Group;136,76;73,18;61,9;88,91;79,06;75,91;69,11;65,35;64,68;72,93;60,99;88,9;78,96;75,77;68,32;64,35;63,59;71,79;56,02;88,16;78,16;74,81;66,2;60,85;59,76;31,2;0,0;63,2;26,6;16,8;12,8;11,9;2,21;0,0;4,69;2,79;2,6;2,16;1,87;1,81;0,0342;0,0127;0,168;0,0543;0,0477;0,0323;0,0223;0,0203;0,463;0,0;4,6;1,39;1,03;0,311;0,0746;0,046;0,0686;0,018;0,277;0,175;0,143;0,0549;0,0285;0,024;0,474;0,176;1,78;0,769;0,671;0,437;0,327;0,307;64,2;58,98;48,7;79,56;69,11;66,07;57,93;53,39;52,23;21,5;0,836;139,0;47,5;38,1;18,3;8,78;6,98;-3,83;0,96;56,69;47,74;40,75;14,66;5,6;3,97
PingshanStreet;PingshanStreet2;PS2229;45;2019-04-22 12:13:00;;;;cmn;cmnSSIDv3;1,0;3,0;3,0;3,0;3,0;3,0;3,0;3,0;2,0;3,0;3,0;3,0;3,0;3,0;3,0;4,0;3,0;2,0;2,0;2,0;2,0;1,0;36,0;16,0;Male;SomeHighSchool;;Employed;;;;;;Staying;Couple;199,24;78,43;60,05;96,34;84,17;81,94;73,0;65,5;64,09;72,92;57,94;89,13;79,67;77,04;67,79;61,67;60,82;63,87;49,58;79,56;71,22;67,73;58,33;53,34;52,62;25,1;0,0;48,7;20,2;12,3;9,12;8,63;2,17;0,0;3,9;2,64;2,52;2,14;1,87;1,81;0,0279;0,0102;0,11;0,0471;0,0404;0,0257;0,0183;0,0168;0,195;0,0;2,54;0,57;0,411;0,0688;0,00781;0,00345;0,0291;0,00416;0,227;0,0843;0,0634;0,0191;0,00832;0,00707;0,429;0,104;1,74;0,723;0,626;0,386;0,286;0,265;56,4;52,03;42,7;72,77;62,95;59,56;51,2;46,24;45,47;11,1;0,238;133,0;28,5;21,0;8,42;3,85;3,01;-1,4;-2,86;73,46;39,05;31,72;13,42;-0,23;-0,8
PingshanStreet;PingshanStreet1;PS1202;46;2019-04-21 12:03:00;;;;cmn;cmnSSIDv3;2,0;5,0;4,0;1,0;4,0;4,0;3,0;3,0;1,0;5,0;4,0;4,0;2,0;2,0;4,0;5,0;2,0;1,0;1,0;0,0;1,0;2,0;20,0;26,0;Male;SomePostgraduate;;Employed;;;;;;Leaving;Couple;136,76;73,18;61,9;88,91;79,06;75,91;69,11;65,35;64,68;72,93;60,99;88,9;78,96;75,77;68,32;64,35;63,59;71,79;56,02;88,16;78,16;74,81;66,2;60,85;59,76;31,2;0,0;63,2;26,6;16,8;12,8;11,9;2,21;0,0;4,69;2,79;2,6;2,16;1,87;1,81;0,0342;0,0127;0,168;0,0543;0,0477;0,0323;0,0223;0,0203;0,463;0,0;4,6;1,39;1,03;0,311;0,0746;0,046;0,0686;0,018;0,277;0,175;0,143;0,0549;0,0285;0,024;0,474;0,176;1,78;0,769;0,671;0,437;0,327;0,307;64,2;58,98;48,7;79,56;69,11;66,07;57,93;53,39;52,23;21,5;0,836;139,0;47,5;38,1;18,3;8,78;6,98;-3,83;0,96;56,69;47,74;40,75;14,66;5,6;3,97
PingshanStreet;PingshanStreet2;PS2229;46;2019-04-22 12:13:00;;;;cmn;cmnSSIDv3;2,0;4,0;3,0;2,0;3,0;4,0;3,0;4,0;2,0;3,0;3,0;2,0;2,0;3,0;4,0;4,0;4,0;3,0;4,0;3,0;3,0;4,0;68,0;26,0;Female;SomePostgraduate;;Student;;;;;;Staying;Group;199,24;78,43;60,05;96,34;84,17;81,94;73,0;65,5;64,09;72,92;57,94;89,13;79,67;77,04;67,79;61,67;60,82;63,87;49,58;79,56;71,22;67,73;58,33;53,34;52,62;25,1;0,0;48,7;20,2;12,3;9,12;8,63;2,17;0,0;3,9;2,64;2,52;2,14;1,87;1,81;0,0279;0,0102;0,11;0,0471;0,0404;0,0257;0,0183;0,0168;0,195;0,0;2,54;0,57;0,411;0,0688;0,00781;0,00345;0,0291;0,00416;0,227;0,0843;0,0634;0,0191;0,00832;0,00707;0,429;0,104;1,74;0,723;0,626;0,386;0,286;0,265;56,4;52,03;42,7;72,77;62,95;59,56;51,2;46,24;45,47;11,1;0,238;133,0;28,5;21,0;8,42;3,85;3,01;-1,4;-2,86;73,46;39,05;31,72;13,42;-0,23;-0,8
PingshanStreet;PingshanStreet1;PS1202;47;2019-04-21 12:03:00;;;;cmn;cmnSSIDv3;4,0;4,0;4,0;2,0;1,0;5,0;1,0;2,0;1,0;5,0;3,0;4,0;1,0;1,0;4,0;5,0;2,0;0,0;1,0;1,0;1,0;2,0;20,0;27,0;Male;SomePostgraduate;;Employed;;;;;;Leaving;Couple;136,76;73,18;61,9;88,91;79,06;75,91;69,11;65,35;64,68;72,93;60,99;88,9;78,96;75,77;68,32;64,35;63,59;71,79;56,02;88,16;78,16;74,81;66,2;60,85;59,76;31,2;0,0;63,2;26,6;16,8;12,8;11,9;2,21;0,0;4,69;2,79;2,6;2,16;1,87;1,81;0,0342;0,0127;0,168;0,0543;0,0477;0,0323;0,0223;0,0203;0,463;0,0;4,6;1,39;1,03;0,311;0,0746;0,046;0,0686;0,018;0,277;0,175;0,143;0,0549;0,0285;0,024;0,474;0,176;1,78;0,769;0,671;0,437;0,327;0,307;64,2;58,98;48,7;79,56;69,11;66,07;57,93;53,39;52,23;21,5;0,836;139,0;47,5;38,1;18,3;8,78;6,98;-3,83;0,96;56,69;47,74;40,75;14,66;5,6;3,97
PingshanStreet;PingshanStreet2;PS2229;47;2019-04-22 12:13:00;;;;cmn;cmnSSIDv3;2,0;5,0;4,0;3,0;3,0;4,0;4,0;3,0;2,0;4,0;3,0;3,0;3,0;1,0;4,0;4,0;2,0;3,0;2,0;4,0;4,0;2,0;60,0;20,0;Male;HighSchoolGraduate;;Unemployed;;;;;;Leaving;Alone;199,24;78,43;60,05;96,34;84,17;81,94;73,0;65,5;64,09;72,92;57,94;89,13;79,67;77,04;67,79;61,67;60,82;63,87;49,58;79,56;71,22;67,73;58,33;53,34;52,62;25,1;0,0;48,7;20,2;12,3;9,12;8,63;2,17;0,0;3,9;2,64;2,52;2,14;1,87;1,81;0,0279;0,0102;0,11;0,0471;0,0404;0,0257;0,0183;0,0168;0,195;0,0;2,54;0,57;0,411;0,0688;0,00781;0,00345;0,0291;0,00416;0,227;0,0843;0,0634;0,0191;0,00832;0,00707;0,429;0,104;1,74;0,723;0,626;0,386;0,286;0,265;56,4;52,03;42,7;72,77;62,95;59,56;51,2;46,24;45,47;11,1;0,238;133,0;28,5;21,0;8,42;3,85;3,01;-1,4;-2,86;73,46;39,05;31,72;13,42;-0,23;-0,8
PingshanStreet;PingshanStreet1;PS1202;48;2019-04-21 12:03:00;;;;cmn;cmnSSIDv3;2,0;4,0;3,0;2,0;3,0;3,0;4,0;4,0;3,0;4,0;3,0;3,0;3,0;3,0;2,0;3,0;2,0;3,0;4,0;3,0;2,0;3,0;60,0;30,0;Male;UniversityGraduate;;Employed;;;;;;Arriving;Alone;136,76;73,18;61,9;88,91;79,06;75,91;69,11;65,35;64,68;72,93;60,99;88,9;78,96;75,77;68,32;64,35;63,59;71,79;56,02;88,16;78,16;74,81;66,2;60,85;59,76;31,2;0,0;63,2;26,6;16,8;12,8;11,9;2,21;0,0;4,69;2,79;2,6;2,16;1,87;1,81;0,0342;0,0127;0,168;0,0543;0,0477;0,0323;0,0223;0,0203;0,463;0,0;4,6;1,39;1,03;0,311;0,0746;0,046;0,0686;0,018;0,277;0,175;0,143;0,0549;0,0285;0,024;0,474;0,176;1,78;0,769;0,671;0,437;0,327;0,307;64,2;58,98;48,7;79,56;69,11;66,07;57,93;53,39;52,23;21,5;0,836;139,0;47,5;38,1;18,3;8,78;6,98;-3,83;0,96;56,69;47,74;40,75;14,66;5,6;3,97
PingshanStreet;PingshanStreet2;PS2230;48;2019-04-22 12:17:00;;;;cmn;cmnSSIDv3;2,0;4,0;4,0;2,0;2,0;2,0;2,0;3,0;2,0;3,0;3,0;4,0;2,0;1,0;2,0;4,0;2,0;1,0;1,0;1,0;1,0;1,0;20,0;26,0;Male;SomePostgraduate;;Student;;;;;;Arriving;Alone;103,9;76,28;59,88;93,75;82,91;79,95;69,98;63,08;62,41;70,71;57,7;89,02;77,03;73,56;64,15;60,32;59,81;58,78;49,82;72,73;63,66;60,45;54,83;52,39;51,95;15,7;0,0;32,7;13,4;9,96;8,42;8,1;2,03;0,0;4,12;2,4;2,28;2,01;1,8;1,75;0,026;0,0115;0,15;0,0399;0,0352;0,0246;0,0178;0,0164;0,135;0,0;1,49;0,416;0,23;0,0394;0,00571;0,0023;0,0259;0,00637;0,0858;0,0613;0,0511;0,0199;0,00888;0,00768;0,405;0,199;1,3;0,656;0,562;0,375;0,29;0,271;51,76;48,35;42,46;65,94;55,82;52,76;47,58;45,14;44,48;10,1;0,0142;62,3;25,5;19,3;7,86;3,36;2,62;-1,71;-12,46;72,24;33,11;27,95;6,13;-10,07;-11,02
PingshanStreet;PingshanStreet1;PS1204;49;2019-04-21 12:06:00;;;;cmn;cmnSSIDv3;4,0;3,0;2,0;2,0;3,0;5,0;3,0;2,0;1,0;3,0;3,0;3,0;2,0;2,0;3,0;5,0;3,0;3,0;3,0;3,0;2,0;3,0;56,0;24,0;Male;UniversityGraduate;;Student;;;;;;Arriving;Group;58,36;69,04;62,14;79,33;73,46;71,94;67,34;64,79;64,18;68,19;60,72;79,29;72,61;71,15;66,33;63,88;63,31;65,68;56,3;76,86;71,37;69,18;62,78;58,96;58,14;24,8;0,0;38,7;21,7;15,5;12,2;11,6;2,25;0,0;3,71;2,86;2,68;2,2;1,89;1,83;0,0312;0,0143;0,141;0,0487;0,0435;0,0293;0,0211;0,0195;0,251;0,0;2,1;0,816;0,589;0,137;0,0294;0,0192;0,0385;0,0127;0,102;0,0772;0,0613;0,0342;0,0197;0,0163;0,431;0,208;1,07;0,646;0,581;0,409;0,314;0,292;58,7;56,0;49,3;69,61;63,71;61,43;55,48;51,77;51,0;15,2;1,22;74,0;32,0;26,1;13,1;6,47;5,23;-0,2;-5,24;56,78;42,06;33,88;15,18;-1,65;-2,3
PingshanStreet;PingshanStreet2;PS2230;49;2019-04-22 12:17:00;;;;cmn;cmnSSIDv3;3,0;2,0;3,0;3,0;1,0;5,0;3,0;3,0;2,0;4,0;3,0;4,0;1,0;1,0;3,0;2,0;2,0;5,0;3,0;5,0;5,0;3,0;84,0;36,0;Male;SomePostgraduate;;Student;;;;;;Staying;Group;103,9;76,28;59,88;93,75;82,91;79,95;69,98;63,08;62,41;70,71;57,7;89,02;77,03;73,56;64,15;60,32;59,81;58,78;49,82;72,73;63,66;60,45;54,83;52,39;51,95;15,7;0,0;32,7;13,4;9,96;8,42;8,1;2,03;0,0;4,12;2,4;2,28;2,01;1,8;1,75;0,026;0,0115;0,15;0,0399;0,0352;0,0246;0,0178;0,0164;0,135;0,0;1,49;0,416;0,23;0,0394;0,00571;0,0023;0,0259;0,00637;0,0858;0,0613;0,0511;0,0199;0,00888;0,00768;0,405;0,199;1,3;0,656;0,562;0,375;0,29;0,271;51,76;48,35;42,46;65,94;55,82;52,76;47,58;45,14;44,48;10,1;0,0142;62,3;25,5;19,3;7,86;3,36;2,62;-1,71;-12,46;72,24;33,11;27,95;6,13;-10,07;-11,02
PingshanStreet;PingshanStreet1;PS1204;50;2019-04-21 12:07:00;;;;cmn;cmnSSIDv3;2,0;2,0;3,0;2,0;4,0;3,0;4,0;4,0;4,0;2,0;2,0;3,0;3,0;2,0;2,0;4,0;4,0;4,0;4,0;3,0;3,0;4,0;72,0;22,0;Male;UniversityGraduate;;Student;;;;;;Leaving;Group;58,36;69,04;62,14;79,33;73,46;71,94;67,34;64,79;64,18;68,19;60,72;79,29;72,61;71,15;66,33;63,88;63,31;65,68;56,3;76,86;71,37;69,18;62,78;58,96;58,14;24,8;0,0;38,7;21,7;15,5;12,2;11,6;2,25;0,0;3,71;2,86;2,68;2,2;1,89;1,83;0,0312;0,0143;0,141;0,0487;0,0435;0,0293;0,0211;0,0195;0,251;0,0;2,1;0,816;0,589;0,137;0,0294;0,0192;0,0385;0,0127;0,102;0,0772;0,0613;0,0342;0,0197;0,0163;0,431;0,208;1,07;0,646;0,581;0,409;0,314;0,292;58,7;56,0;49,3;69,61;63,71;61,43;55,48;51,77;51,0;15,2;1,22;74,0;32,0;26,1;13,1;6,47;5,23;-0,2;-5,24;56,78;42,06;33,88;15,18;-1,65;-2,3
PingshanStreet;PingshanStreet2;PS2231;50;2019-04-22 12:20:00;;;;cmn;cmnSSIDv3;2,0;1,0;4,0;3,0;3,0;4,0;2,0;4,0;2,0;3,0;4,0;1,0;2,0;4,0;3,0;3,0;3,0;3,0;3,0;4,0;4,0;4,0;72,0;24,0;Female;SomePostgraduate;;Student;;;;;;Leaving;Alone;165,98;67,6;58,45;84,17;72,02;70,14;63,79;61,14;60,59;65,8;55,87;83,74;69,73;67,45;61,62;58,94;58,35;64,48;48,75;85,36;67,61;65,0;56,02;51,59;50,69;18,1;0,0;43,3;15,8;10,1;7,61;7,21;2,15;0,0;5,44;2,99;2,67;2,04;1,74;1,68;0,0252;0,0108;0,135;0,0398;0,0345;0,0237;0,017;0,0156;0,315;0,0;5,77;1,09;0,686;0,11;0,0142;0,00782;0,0411;0,00584;0,204;0,116;0,0782;0,031;0,0145;0,0121;0,457;0,184;2,38;0,812;0,672;0,402;0,293;0,269;57,22;49,77;40,85;69,13;58,93;56,65;48,74;44,41;43,43;13,1;0,0454;191,0;33,5;25,3;10,0;4,1;3,14;-0,38;-2,29;58,55;36,85;32,37;16,65;5,65;3,0
PingshanStreet;PingshanStreet1;PS1183;7;2019-04-21 10:16:00;;;;cmn;cmnSSIDv3;4,0;4,0;4,0;2,0;5,0;5,0;2,0;2,0;3,0;5,0;4,0;3,0;1,0;1,0;4,0;4,0;1,0;2,0;2,0;2,0;1,0;4,0;44,0;32,0;Male;SomeCollege;;Employed;;;;;;Leaving;Alone;138,53;68,88;61,32;86,26;73,19;71,62;66,96;63,72;63,02;67,63;59,34;80,28;72,36;70,6;65,7;62,2;61,55;64,77;50,83;80,26;70,56;68,59;60,8;55,84;54,88;20,5;0,0;33,7;18,4;12,9;10,2;9,64;2,09;0,0;3,29;2,59;2,46;2,06;1,8;1,74;0,0286;0,0119;0,157;0,0473;0,0401;0,0267;0,0189;0,0173;0,343;0,0;3,53;1,03;0,768;0,208;0,0347;0,0202;0,0539;0,00911;0,171;0,117;0,0927;0,0471;0,0211;0,0183;0,446;0,168;2,17;0,738;0,623;0,416;0,299;0,275;56,8;53,45;43,3;68,27;61,28;59,64;52,91;48,76;47,89;17,4;0,572;104,0;41,4;33,7;14,0;5,67;4,45;-0,19;-5,27;59,58;39,05;30,57;12,09;-3,34;-3,84
PingshanStreet;PingshanStreet2;PS2210;7;2019-04-22 10:21:00;;;;cmn;cmnSSIDv3;4,0;4,0;2,0;2,0;3,0;4,0;3,0;3,0;3,0;4,0;3,0;3,0;2,0;2,0;4,0;4,0;4,0;3,0;3,0;3,0;3,0;3,0;60,0;18,0;Male;SomeCollege;;Student;;;;;;Leaving;Couple;106,93;77,43;58,52;94,59;84,47;81,51;67,83;62,14;61,3;70,08;56,15;86,14;76,25;73,81;64,71;59,49;58,69;60,31;48,15;77,17;65,06;63,36;56,46;51,45;50,68;17,3;0,0;36,4;15,7;10,4;7,66;7,28;1,93;0,0;4,58;2,42;2,27;1,9;1,61;1,55;0,0265;0,00956;0,12;0,0438;0,037;0,0245;0,0176;0,0163;0,218;0,0;2,14;0,671;0,459;0,0936;0,0119;0,00613;0,0391;0,00648;0,186;0,101;0,0855;0,0275;0,0133;0,0102;0,43;0,083;1,43;0,735;0,631;0,392;0,286;0,252;53,5;49,34;38,73;70,26;56,64;54,9;48,97;44,08;43,4;12,4;0,13;106,0;31,4;25,2;9,32;3,77;2,93;-1,63;-7,54;73,82;34,07;28,48;8,93;-4,95;-5,95
PingshanStreet;PingshanStreet1;PS1184;8;2019-04-21 10:19:00;;;;cmn;cmnSSIDv3;1,0;5,0;3,0;3,0;3,0;3,0;4,0;3,0;2,0;3,0;3,0;3,0;2,0;1,0;4,0;5,0;4,0;3,0;2,0;3,0;3,0;4,0;60,0;30,0;Male;UniversityGraduate;;Employed;;;;;;Staying;Group;189,08;71,24;59,2;87,99;76,8;73,67;67,31;62,75;61,85;69,6;57,8;86,32;75,48;72,56;66,22;60,86;59,96;67,89;50,21;87,91;72,95;70,09;62,91;54,51;53,41;23,5;0,0;52,0;20,1;14,8;9,15;8,54;2,02;0,0;5,31;2,55;2,37;1,97;1,72;1,65;0,0308;0,0102;0,119;0,0506;0,0448;0,0292;0,0195;0,0177;0,331;0,0;6,46;1,08;0,771;0,166;0,0285;0,0159;0,0512;0,00385;0,239;0,117;0,0948;0,0438;0,0139;0,00969;0,43;0,0843;2,06;0,755;0,645;0,391;0,276;0,252;61,32;54,38;42,91;72,64;64,17;61,52;55,09;47,36;46,18;16,4;0,0349;143,0;42,9;33,6;12,5;4,38;3,31;-0,43;-8,02;63,72;41,54;34,9;11,02;-5,14;-6,22
PingshanStreet;PingshanStreet2;PS2211;8;2019-04-22 10:24:00;;;;cmn;cmnSSIDv3;3,0;4,0;3,0;4,0;4,0;4,0;5,0;4,0;2,0;2,0;4,0;1,0;4,0;3,0;1,0;5,0;4,0;4,0;3,0;3,0;3,0;2,0;60,0;24,0;Male;SomePostgraduate;;Student;;;;;;Arriving;Alone;76,76;77,12;60,29;92,97;82,67;80,98;72,29;65,34;64,13;70,89;58,24;88,72;76,71;74,47;66,81;60,76;59,88;61,06;49,86;75,86;67,05;64,45;57,08;52,17;51,29;17,8;0,0;33,0;15,8;10,8;8,34;7,99;2,08;0,0;3,96;2,57;2,45;2,04;1,76;1,7;0,0271;0,0103;0,142;0,0448;0,0381;0,025;0,0176;0,0161;0,181;0,0;2,03;0,534;0,374;0,0898;0,0137;0,0078;0,0416;0,00445;0,187;0,0956;0,0734;0,0368;0,0115;0,00853;0,473;0,18;1,78;0,842;0,677;0,425;0,31;0,288;53,61;50,13;42,92;65,12;58,41;55,89;49,48;45,19;44,3;13,9;0,215;126,0;34,2;26,9;10,9;4,18;3,14;-1,81;3,24;72,73;35,79;26,87;14,59;8,04;6,26
PingshanStreet;PingshanStreet1;PS1185;9;2019-04-21 10:24:00;;;;cmn;cmnSSIDv3;3,0;2,0;5,0;4,0;4,0;3,0;4,0;4,0;3,0;2,0;4,0;2,0;3,0;4,0;2,0;4,0;4,0;4,0;2,0;3,0;4,0;4,0;68,0;27,0;Male;UniversityGraduate;;Student;;;;;;Leaving;Alone;164,25;68,97;60,88;85,59;73,63;71,92;66,4;63,55;62,93;67,95;59,23;85,42;72,46;70,62;65,13;62,14;61,48;65,2;51,88;85,92;70,31;68,18;60,26;55,16;54,29;21,1;0,0;63,3;19,0;12,7;9,73;9,28;2,06;0,0;4,46;2,69;2,48;2,01;1,72;1,65;0,0289;0,0116;0,171;0,0467;0,0407;0,0267;0,019;0,0173;0,254;0,0;2,34;0,798;0,576;0,126;0,0168;0,00821;0,0588;0,0106;0,287;0,131;0,108;0,0501;0,0225;0,0187;0,456;0,106;2,82;0,758;0,653;0,419;0,302;0,275;57,57;53,12;44,73;77,62;61,58;59,75;52,5;47,69;46,9;16,8;0,695;183,0;41,0;32,6;13,4;5,42;4,27;-0,24;-3,79;58,05;41,02;32,18;13,93;-0,65;-1,49
PingshanStreet;PingshanStreet2;PS2211;9;2019-04-22 10:24:00;;;;cmn;cmnSSIDv3;1,0;3,0;4,0;4,0;3,0;3,0;3,0;3,0;3,0;3,0;3,0;3,0;3,0;2,0;3,0;5,0;1,0;1,0;0,0;0,0;0,0;0,0;4,0;21,0;Male;TradeTechVocation;;Employed;;;;;;Leaving;Couple;76,76;77,12;60,29;92,97;82,67;80,98;72,29;65,34;64,13;70,89;58,24;88,72;76,71;74,47;66,81;60,76;59,88;61,06;49,86;75,86;67,05;64,45;57,08;52,17;51,29;17,8;0,0;33,0;15,8;10,8;8,34;7,99;2,08;0,0;3,96;2,57;2,45;2,04;1,76;1,7;0,0271;0,0103;0,142;0,0448;0,0381;0,025;0,0176;0,0161;0,181;0,0;2,03;0,534;0,374;0,0898;0,0137;0,0078;0,0416;0,00445;0,187;0,0956;0,0734;0,0368;0,0115;0,00853;0,473;0,18;1,78;0,842;0,677;0,425;0,31;0,288;53,61;50,13;42,92;65,12;58,41;55,89;49,48;45,19;44,3;13,9;0,215;126,0;34,2;26,9;10,9;4,18;3,14;-1,81;3,24;72,73;35,79;26,87;14,59;8,04;6,26
SanMarco;SanMarco1;AM06;30;2019-02-28 13:35:30;2019-02-28 13:48:52;45,433663;12,339658;eng;engISO2018;1,0;4,0;3,0;1,0;3,0;4,0;4,0;3,0;2,0;2,0;3,0;1,0;4,0;4,0;3,0;2,0;3,0;4,0;4,0;3,0;3,0;2,0;64,0;;Female;UniversityGraduate;White;Employed;;;Tourist;;;PassingThrough;Couple;33,83;72,74;69,12;78,68;75,65;74,48;72,41;70,93;70,45;72,37;68,8;78,61;75,43;74,19;71,94;70,5;70,07;68,14;63,28;77,11;72,12;70,74;67,1;64,78;64,44;24,3;0,0;32,4;22,6;19,0;16,9;16,4;1,81;0,0;2,57;2,13;2,03;1,79;1,63;1,59;0,0402;0,0196;0,12;0,0595;0,0537;0,0387;0,0289;0,0265;0,3;0,0;2,32;0,747;0,56;0,233;0,115;0,0943;0,027;0,0113;0,0654;0,0533;0,0479;0,0224;0,0136;0,0129;0,367;0,185;0,666;0,528;0,489;0,351;0,276;0,26;58,89;57,93;53,71;66,61;62,51;61,41;57,68;55,78;55,26;14,6;1,96;62,7;28,6;24,2;13,0;6,83;5,66;-1,99;-10,84;63,43;40,29;30,96;9,51;-6,71;-8,09
SanMarco;SanMarco1;ML111;30;2019-02-28 13:49:01;2019-02-28 14:09:42;45,433663;12,339658;ita;itaSSIDv1;2,0;2,0;3,0;2,0;4,0;3,0;5,0;1,0;3,0;1,0;5,0;1,0;4,0;4,0;2,0;1,0;4,0;4,0;1,0;1,0;1,0;4,0;44,0;;Male;HighSchoolGraduate;White;Student;;;Tourist;;;Arriving;Group;122,15;68,86;65,61;81,15;70,9;70,01;68,23;67,06;66,79;68,54;65,24;81,1;70,68;69,74;67,86;66,63;66,35;64,8;59,57;81,08;67,72;66,44;63,42;61,47;60,98;20,0;0,0;39,1;18,5;15,7;14,0;13,7;1,83;0,0;3,21;2,12;2,01;1,8;1,67;1,64;0,0363;0,0147;0,213;0,0523;0,0471;0,0347;0,0261;0,024;0,194;0,0;3,63;0,568;0,38;0,109;0,024;0,014;0,0186;0,00452;0,0916;0,0419;0,0307;0,0148;0,00848;0,00712;0,359;0,215;1,29;0,535;0,466;0,338;0,275;0,26;56,68;55,25;50,81;68,84;59,69;58,06;54,86;52,83;52,35;11,0;0,59;85,3;22,9;18,3;9,48;4,96;4,07;-0,93;-9,06;55,25;38,51;29,51;7,95;-6,62;-7,6
SanMarco;SanMarco1;AM06;31;2019-02-28 13:30:58;2019-02-28 13:48:30;45,433663;12,339658;eng;engISO2018;1,0;4,0;4,0;2,0;3,0;2,0;2,0;2,0;5,0;2,0;4,0;4,0;2,0;3,0;2,0;1,0;5,0;2,0;2,0;3,0;1,0;1,0;36,0;;Male;UniversityGraduate;White;Employed;;;Tourist;;;PassingThrough;Couple;33,83;72,74;69,12;78,68;75,65;74,48;72,41;70,93;70,45;72,37;68,8;78,61;75,43;74,19;71,94;70,5;70,07;68,14;63,28;77,11;72,12;70,74;67,1;64,78;64,44;24,3;0,0;32,4;22,6;19,0;16,9;16,4;1,81;0,0;2,57;2,13;2,03;1,79;1,63;1,59;0,0402;0,0196;0,12;0,0595;0,0537;0,0387;0,0289;0,0265;0,3;0,0;2,32;0,747;0,56;0,233;0,115;0,0943;0,027;0,0113;0,0654;0,0533;0,0479;0,0224;0,0136;0,0129;0,367;0,185;0,666;0,528;0,489;0,351;0,276;0,26;58,89;57,93;53,71;66,61;62,51;61,41;57,68;55,78;55,26;14,6;1,96;62,7;28,6;24,2;13,0;6,83;5,66;-1,99;-10,84;63,43;40,29;30,96;9,51;-6,71;-8,09
SanMarco;SanMarco1;ML130;31;2019-02-28 14:18:37;2019-02-28 14:40:16;45,433663;12,339658;ita;itaSSIDv1;1,0;1,0;4,0;1,0;4,0;3,0;4,0;1,0;3,0;1,0;4,0;1,0;4,0;4,0;3,0;3,0;3,0;4,0;3,0;3,0;1,0;4,0;60,0;;Female;HighSchoolGraduate;White;Student;;;Tourist;;;;;30,85;70,34;66,38;79,59;73,16;72,14;69,9;67,98;67,46;70,12;66,06;79,57;73,06;71,98;69,63;67,66;67,15;66,8;60,86;77,22;70,59;69,24;65,67;63,26;62,61;22,6;0,0;35,0;21,1;17,5;15,3;14,7;1,89;0,0;3,63;2,33;2,16;1,85;1,66;1,63;0,0371;0,0197;0,0887;0,0552;0,0496;0,0363;0,0273;0,0252;0,262;0,0;2,17;0,779;0,554;0,172;0,0543;0,0335;0,0312;0,0109;0,15;0,112;0,0795;0,0199;0,0127;0,0117;0,374;0,219;1,29;0,603;0,469;0,344;0,272;0,253;59,01;57,43;52,37;67,84;62,15;60,87;57,03;54,51;54,05;13,3;1,16;91,1;31,0;23,0;10,9;5,87;4,92;-1,38;-7,95;58,11;39,58;33,87;9,18;-5,73;-6,24
SanMarco;SanMarco1;AM07;32;2019-02-28 13:48:34;2019-02-28 14:01:07;45,433663;12,339658;eng;engISO2018;1,0;1,0;4,0;4,0;5,0;1,0;5,0;1,0;1,0;1,0;5,0;1,0;5,0;4,0;3,0;1,0;5,0;5,0;4,0;5,0;1,0;5,0;80,0;;Female;TradeTechVocation;White;Employed;;;Tourist;;;Arriving;Alone;30,46;70,9;68,17;75,07;72,98;72,24;70,61;69,34;68,97;70,73;67,91;75,01;72,87;72,12;70,42;69,11;68,73;66,75;61,78;71,56;69,38;68,73;66,34;64,26;63,87;22,0;0,0;29,5;21,0;18,5;16,6;16,1;1,82;0,0;3,02;2,16;2,01;1,78;1,65;1,62;0,0413;0,0207;0,108;0,0611;0,0543;0,0398;0,0292;0,0265;0,254;0,0;1,7;0,622;0,473;0,208;0,0826;0,0611;0,0171;0,00725;0,0638;0,0304;0,0262;0,0157;0,0104;0,01;0,348;0,196;1,62;0,54;0,466;0,316;0,258;0,245;58,11;57,46;51,71;63,68;60,39;59,64;57,45;55,34;54,96;11,8;1,01;77,8;26,1;20,2;9,88;5,35;4,48;-1,64;-8,69;57,6;38,88;30,32;10,63;-5,23;-6,22
SanMarco;SanMarco1;ML130;32;2019-02-28 14:18:37;2019-02-28 14:40:16;45,433663;12,339658;ita;itaSSIDv1;3,0;4,0;5,0;3,0;2,0;5,0;3,0;2,0;1,0;3,0;4,0;1,0;3,0;4,0;3,0;3,0;3,0;1,0;0,0;2,0;1,0;0,0;16,0;;Male;SomeHighSchool;White;Employed;;;Tourist;;;Leaving;Group;30,85;70,34;66,38;79,59;73,16;72,14;69,9;67,98;67,46;70,12;66,06;79,57;73,06;71,98;69,63;67,66;67,15;66,8;60,86;77,22;70,59;69,24;65,67;63,26;62,61;22,6;0,0;35,0;21,1;17,5;15,3;14,7;1,89;0,0;3,63;2,33;2,16;1,85;1,66;1,63;0,0371;0,0197;0,0887;0,0552;0,0496;0,0363;0,0273;0,0252;0,262;0,0;2,17;0,779;0,554;0,172;0,0543;0,0335;0,0312;0,0109;0,15;0,112;0,0795;0,0199;0,0127;0,0117;0,374;0,219;1,29;0,603;0,469;0,344;0,272;0,253;59,01;57,43;52,37;67,84;62,15;60,87;57,03;54,51;54,05;13,3;1,16;91,1;31,0;23,0;10,9;5,87;4,92;-1,38;-7,95;58,11;39,58;33,87;9,18;-5,73;-6,24
SanMarco;SanMarco1;ML103;36;2019-02-28 12:57:42;2019-02-28 13:03:04;45,433663;12,339658;eng;engISO2018;1,0;3,0;4,0;2,0;2,0;4,0;4,0;1,0;1,0;1,0;5,0;3,0;3,0;4,0;4,0;1,0;3,0;1,0;2,0;0,0;4,0;3,0;40,0;;Male;HighSchoolGraduate;White;Student;;;Other;Alma Mater Bologna;;;;45,4;72,43;67,75;79,42;75,98;74,93;71,42;69,81;69,44;72,15;67,32;79,22;75,77;74,68;71,07;69,48;69,07;69,12;61,13;75,49;72,86;71,76;68,13;66,06;64,91;27,0;0,0;32,7;25,1;20,7;18,1;17,2;1,97;0,0;3,03;2,22;2,17;1,96;1,78;1,74;0,0412;0,0177;0,136;0,062;0,056;0,0393;0,028;0,0253;0,375;0,0;1,55;0,856;0,702;0,32;0,114;0,0794;0,0148;0,00746;0,0541;0,0306;0,0203;0,0125;0,00912;0,0084;0,331;0,213;0,8;0,434;0,397;0,325;0,265;0,251;60,88;60,02;52,72;66,93;64,35;63,15;59,82;57,75;56,6;10,3;0,802;52,3;19,9;16,8;9,31;5,06;4,22;-1,48;-10,56;58,8;45,59;35,16;7,97;-7,96;-8,71
SanMarco;SanMarco1;ML133;36;2019-02-28 15:04:15;2019-02-28 15:10:36;45,433663;12,339658;ita;itaSSIDv1;1,0;1,0;3,0;3,0;4,0;4,0;5,0;4,0;2,0;2,0;4,0;2,0;4,0;4,0;2,0;5,0;5,0;4,0;3,0;4,0;4,0;5,0;80,0;;Female;SomeHighSchool;White;Employed;;;Tourist;;;;Group;60,59;72,64;67,69;80,13;76,35;75,46;71,03;69,43;69,0;72,16;67,38;80,05;75,74;74,9;70,63;69,02;68,58;67,07;61,16;78,08;71,5;69,41;65,29;63,15;62,55;24,4;0,0;39,3;22,4;18,3;15,7;15,2;1,87;0,0;3,18;2,26;2,12;1,84;1,66;1,59;0,0384;0,018;0,133;0,0597;0,0516;0,0364;0,0266;0,0247;0,246;0,0;3,15;0,732;0,545;0,164;0,0492;0,0341;0,0228;0,00601;0,154;0,0974;0,0528;0,0147;0,00746;0,00703;0,344;0,187;1,05;0,538;0,459;0,322;0,255;0,241;59,13;57,2;52,11;70,31;63,14;60,81;56,78;54,16;53,49;11,9;0,345;77,4;29,7;20,9;9,5;5,08;4,2;-2,92;-9,3;62,85;41,81;31,79;9,19;-5,72;-7,6
SanMarco;SanMarco1;ML103;37;2019-02-28 12:57:42;2019-02-28 13:03:04;45,433663;12,339658;eng;engISO2018;1,0;3,0;5,0;1,0;4,0;4,0;4,0;2,0;3,0;3,0;4,0;1,0;4,0;4,0;3,0;3,0;4,0;3,0;2,0;3,0;4,0;4,0;64,0;;Male;SomeCollege;White;Student;;;Tourist;;;;;45,4;72,43;67,75;79,42;75,98;74,93;71,42;69,81;69,44;72,15;67,32;79,22;75,77;74,68;71,07;69,48;69,07;69,12;61,13;75,49;72,86;71,76;68,13;66,06;64,91;27,0;0,0;32,7;25,1;20,7;18,1;17,2;1,97;0,0;3,03;2,22;2,17;1,96;1,78;1,74;0,0412;0,0177;0,136;0,062;0,056;0,0393;0,028;0,0253;0,375;0,0;1,55;0,856;0,702;0,32;0,114;0,0794;0,0148;0,00746;0,0541;0,0306;0,0203;0,0125;0,00912;0,0084;0,331;0,213;0,8;0,434;0,397;0,325;0,265;0,251;60,88;60,02;52,72;66,93;64,35;63,15;59,82;57,75;56,6;10,3;0,802;52,3;19,9;16,8;9,31;5,06;4,22;-1,48;-10,56;58,8;45,59;35,16;7,97;-7,96;-8,71
SanMarco;SanMarco1;ML133;37;2019-02-28 15:04:15;2019-02-28 15:10:36;45,433663;12,339658;ita;itaSSIDv1;3,0;2,0;4,0;1,0;2,0;3,0;3,0;3,0;2,0;3,0;3,0;2,0;3,0;2,0;3,0;3,0;3,0;1,0;2,0;1,0;1,0;3,0;32,0;;Male;SomeHighSchool;White;Retired;;;Tourist;;;Leaving;Alone;60,59;72,64;67,69;80,13;76,35;75,46;71,03;69,43;69,0;72,16;67,38;80,05;75,74;74,9;70,63;69,02;68,58;67,07;61,16;78,08;71,5;69,41;65,29;63,15;62,55;24,4;0,0;39,3;22,4;18,3;15,7;15,2;1,87;0,0;3,18;2,26;2,12;1,84;1,66;1,59;0,0384;0,018;0,133;0,0597;0,0516;0,0364;0,0266;0,0247;0,246;0,0;3,15;0,732;0,545;0,164;0,0492;0,0341;0,0228;0,00601;0,154;0,0974;0,0528;0,0147;0,00746;0,00703;0,344;0,187;1,05;0,538;0,459;0,322;0,255;0,241;59,13;57,2;52,11;70,31;63,14;60,81;56,78;54,16;53,49;11,9;0,345;77,4;29,7;20,9;9,5;5,08;4,2;-2,92;-9,3;62,85;41,81;31,79;9,19;-5,72;-7,6
SanMarco;SanMarco1;ML103;38;2019-02-28 12:33:17;2019-02-28 13:03:04;45,433663;12,339658;eng;engISO2018;1,0;4,0;4,0;2,0;2,0;5,0;4,0;4,0;1,0;2,0;4,0;2,0;2,0;2,0;4,0;1,0;3,0;4,0;4,0;4,0;2,0;5,0;76,0;;Female;PostgraduateDegree;White;Student;;;Tourist;;;PassingThrough;Group;45,4;72,43;67,75;79,42;75,98;74,93;71,42;69,81;69,44;72,15;67,32;79,22;75,77;74,68;71,07;69,48;69,07;69,12;61,13;75,49;72,86;71,76;68,13;66,06;64,91;27,0;0,0;32,7;25,1;20,7;18,1;17,2;1,97;0,0;3,03;2,22;2,17;1,96;1,78;1,74;0,0412;0,0177;0,136;0,062;0,056;0,0393;0,028;0,0253;0,375;0,0;1,55;0,856;0,702;0,32;0,114;0,0794;0,0148;0,00746;0,0541;0,0306;0,0203;0,0125;0,00912;0,0084;0,331;0,213;0,8;0,434;0,397;0,325;0,265;0,251;60,88;60,02;52,72;66,93;64,35;63,15;59,82;57,75;56,6;10,3;0,802;52,3;19,9;16,8;9,31;5,06;4,22;-1,48;-10,56;58,8;45,59;35,16;7,97;-7,96;-8,71
SanMarco;SanMarco1;ML133;38;2019-02-28 15:05:10;2019-02-28 15:12:40;45,433663;12,339658;ita;itaSSIDv1;4,0;3,0;5,0;2,0;3,0;4,0;4,0;3,0;2,0;2,0;4,0;1,0;4,0;2,0;3,0;4,0;4,0;2,0;2,0;1,0;0,0;1,0;24,0;;Female;HighSchoolGraduate;White;Employed;;;Tourist;;;Leaving;Group;60,59;72,64;67,69;80,13;76,35;75,46;71,03;69,43;69,0;72,16;67,38;80,05;75,74;74,9;70,63;69,02;68,58;67,07;61,16;78,08;71,5;69,41;65,29;63,15;62,55;24,4;0,0;39,3;22,4;18,3;15,7;15,2;1,87;0,0;3,18;2,26;2,12;1,84;1,66;1,59;0,0384;0,018;0,133;0,0597;0,0516;0,0364;0,0266;0,0247;0,246;0,0;3,15;0,732;0,545;0,164;0,0492;0,0341;0,0228;0,00601;0,154;0,0974;0,0528;0,0147;0,00746;0,00703;0,344;0,187;1,05;0,538;0,459;0,322;0,255;0,241;59,13;57,2;52,11;70,31;63,14;60,81;56,78;54,16;53,49;11,9;0,345;77,4;29,7;20,9;9,5;5,08;4,2;-2,92;-9,3;62,85;41,81;31,79;9,19;-5,72;-7,6
SanMarco;SanMarco1;ML103;39;2019-02-28 12:57:42;2019-02-28 13:04:51;45,433663;12,339658;eng;engISO2018;1,0;3,0;5,0;2,0;3,0;4,0;4,0;1,0;2,0;3,0;4,0;2,0;3,0;4,0;3,0;1,0;3,0;4,0;4,0;4,0;3,0;4,0;76,0;;Female;;White;Student;;;Tourist;;;PassingThrough;Group;45,4;72,43;67,75;79,42;75,98;74,93;71,42;69,81;69,44;72,15;67,32;79,22;75,77;74,68;71,07;69,48;69,07;69,12;61,13;75,49;72,86;71,76;68,13;66,06;64,91;27,0;0,0;32,7;25,1;20,7;18,1;17,2;1,97;0,0;3,03;2,22;2,17;1,96;1,78;1,74;0,0412;0,0177;0,136;0,062;0,056;0,0393;0,028;0,0253;0,375;0,0;1,55;0,856;0,702;0,32;0,114;0,0794;0,0148;0,00746;0,0541;0,0306;0,0203;0,0125;0,00912;0,0084;0,331;0,213;0,8;0,434;0,397;0,325;0,265;0,251;60,88;60,02;52,72;66,93;64,35;63,15;59,82;57,75;56,6;10,3;0,802;52,3;19,9;16,8;9,31;5,06;4,22;-1,48;-10,56;58,8;45,59;35,16;7,97;-7,96;-8,71
SanMarco;SanMarco2;ML202;39;2019-03-01 14:15:00;2019-03-01 14:25:00;45,433663;12,339658;ita;itaSSIDv1;1,0;2,0;5,0;4,0;2,0;4,0;4,0;2,0;2,0;3,0;4,0;2,0;2,0;4,0;3,0;2,0;3,0;4,0;2,0;3,0;2,0;3,0;56,0;;Female;HighSchoolGraduate;White;Employed;;;Tourist;;;;;34,86;82,27;68,33;98,54;89,54;80,95;72,74;69,92;69,54;82,18;67,88;98,55;89,53;80,86;71,92;69,36;69,11;81,86;61,97;98,44;89,42;80,63;67,67;63,83;63,43;40,7;0,0;80,8;33,2;20,6;16,7;16,2;2,18;0,0;4,62;3,14;2,86;2,04;1,76;1,71;0,0397;0,0159;0,195;0,0688;0,055;0,0363;0,0264;0,0246;0,425;0,0;11,4;1,75;0,927;0,131;0,0299;0,0188;0,0669;0,00646;0,279;0,197;0,166;0,0412;0,0144;0,00968;0,473;0,186;1,45;0,896;0,734;0,422;0,286;0,261;70,24;61,82;53,9;82,05;75,3;71,43;59,87;55,64;55,04;18,9;0,945;170,0;57,6;39,9;12,3;5,64;4,63;-9,94;-7,93;74,15;50,98;42,57;14,42;-5,2;-5,9
SanMarco;SanMarco1;ML106;43;2019-02-28 13:04:56;2019-02-28 13:17:43;45,433663;12,339658;eng;engISO2018;1,0;2,0;1,0;1,0;5,0;2,0;3,0;2,0;5,0;1,0;3,0;3,0;3,0;3,0;2,0;2,0;4,0;5,0;5,0;5,0;4,0;4,0;92,0;;Male;SomeCollege;White;Student;;;Tourist;;;;;32,26;70,41;67,32;76,51;72,18;71,63;70,21;68,52;68,18;70,16;67,0;76,4;72,01;71,37;69,96;68,23;67,89;65,73;61,32;73,78;68,09;67,43;65,2;63,0;62,5;20,2;0,0;30,0;19,4;16,9;14,9;14,5;1,74;0,0;2,71;2,06;1,96;1,7;1,55;1,52;0,0434;0,0194;0,211;0,0674;0,0584;0,0405;0,0295;0,0268;0,363;0,0;1,54;0,855;0,677;0,305;0,107;0,0796;0,0202;0,00974;0,0473;0,0342;0,0306;0,018;0,0117;0,0108;0,322;0,179;0,781;0,448;0,406;0,318;0,24;0,22;56,32;55,64;51,31;65,73;58,98;57,83;55,44;53,37;52,93;11,4;0,984;65,9;23,0;19,2;10,1;5,38;4,49;-1,47;-10,88;58,17;38,02;28,07;8,65;-8,73;-9,55
SanMarco;SanMarco2;ML205;43;2019-03-01 13:36:01;2019-03-01 13:50:46;45,433663;12,339658;ita;itaSSIDv1;1,0;1,0;5,0;4,0;5,0;4,0;4,0;3,0;2,0;1,0;4,0;1,0;5,0;4,0;4,0;2,0;5,0;5,0;5,0;5,0;5,0;5,0;100,0;;Female;HighSchoolGraduate;MixedMultipleEthnicGroups;Student;;;Tourist;;e fantastico;Staying;Couple;30,63;71,6;68,0;81,38;74,04;73,21;71,0;69,24;68,98;70,58;67,49;81,32;72,27;71,81;70,01;68,61;68,37;65,58;61,68;78,26;68,76;67,18;64,39;62,85;62,59;20,6;0,0;36,0;19,3;16,8;15,4;15,0;1,83;0,0;4,01;2,17;2,06;1,79;1,67;1,63;0,0377;0,0166;0,126;0,059;0,0496;0,0356;0,0262;0,0241;0,189;0,0;2,03;0,539;0,378;0,128;0,0378;0,0265;0,0235;0,00679;0,095;0,0819;0,0448;0,017;0,00943;0,00787;0,349;0,196;1,08;0,57;0,456;0,323;0,263;0,246;57,23;56,07;52,57;67,61;59,84;58,49;55,72;54,12;53,84;11,6;0,803;78,1;27,0;19,7;9,38;4,96;4,07;-0,88;-8,68;60,15;38,1;30,46;9,67;-6,06;-6,56
SanMarco;SanMarco1;ML106;44;2019-02-28 13:04:56;2019-02-28 13:17:43;45,433663;12,339658;eng;engISO2018;1,0;1,0;3,0;1,0;5,0;1,0;3,0;1,0;5,0;1,0;3,0;1,0;3,0;2,0;2,0;3,0;4,0;5,0;4,0;4,0;5,0;2,0;80,0;;Male;SomeCollege;White;Student;;;Tourist;;;;;32,26;70,41;67,32;76,51;72,18;71,63;70,21;68,52;68,18;70,16;67,0;76,4;72,01;71,37;69,96;68,23;67,89;65,73;61,32;73,78;68,09;67,43;65,2;63,0;62,5;20,2;0,0;30,0;19,4;16,9;14,9;14,5;1,74;0,0;2,71;2,06;1,96;1,7;1,55;1,52;0,0434;0,0194;0,211;0,0674;0,0584;0,0405;0,0295;0,0268;0,363;0,0;1,54;0,855;0,677;0,305;0,107;0,0796;0,0202;0,00974;0,0473;0,0342;0,0306;0,018;0,0117;0,0108;0,322;0,179;0,781;0,448;0,406;0,318;0,24;0,22;56,32;55,64;51,31;65,73;58,98;57,83;55,44;53,37;52,93;11,4;0,984;65,9;23,0;19,2;10,1;5,38;4,49;-1,47;-10,88;58,17;38,02;28,07;8,65;-8,73;-9,55
SanMarco;SanMarco2;ML205;44;2019-03-01 13:41:08;2019-03-01 13:49:23;45,433663;12,339658;ita;itaSSIDv1;1,0;1,0;4,0;3,0;4,0;3,0;3,0;2,0;3,0;1,0;4,0;1,0;4,0;4,0;3,0;2,0;3,0;2,0;1,0;3,0;2,0;3,0;44,0;;Male;HighSchoolGraduate;White;Student;;;Tourist;;;Staying;Couple;30,63;71,6;68,0;81,38;74,04;73,21;71,0;69,24;68,98;70,58;67,49;81,32;72,27;71,81;70,01;68,61;68,37;65,58;61,68;78,26;68,76;67,18;64,39;62,85;62,59;20,6;0,0;36,0;19,3;16,8;15,4;15,0;1,83;0,0;4,01;2,17;2,06;1,79;1,67;1,63;0,0377;0,0166;0,126;0,059;0,0496;0,0356;0,0262;0,0241;0,189;0,0;2,03;0,539;0,378;0,128;0,0378;0,0265;0,0235;0,00679;0,095;0,0819;0,0448;0,017;0,00943;0,00787;0,349;0,196;1,08;0,57;0,456;0,323;0,263;0,246;57,23;56,07;52,57;67,61;59,84;58,49;55,72;54,12;53,84;11,6;0,803;78,1;27,0;19,7;9,38;4,96;4,07;-0,88;-8,68;60,15;38,1;30,46;9,67;-6,06;-6,56
SanMarco;SanMarco1;ML106;45;2019-02-28 13:12:09;2019-02-28 13:18:20;45,433663;12,339658;eng;engISO2018;2,0;1,0;2,0;1,0;4,0;3,0;3,0;3,0;4,0;3,0;3,0;3,0;4,0;2,0;3,0;1,0;3,0;3,0;3,0;3,0;2,0;2,0;52,0;;Female;SomeCollege;White;Student;;;Tourist;;;PassingThrough;Group;32,26;70,41;67,32;76,51;72,18;71,63;70,21;68,52;68,18;70,16;67,0;76,4;72,01;71,37;69,96;68,23;67,89;65,73;61,32;73,78;68,09;67,43;65,2;63,0;62,5;20,2;0,0;30,0;19,4;16,9;14,9;14,5;1,74;0,0;2,71;2,06;1,96;1,7;1,55;1,52;0,0434;0,0194;0,211;0,0674;0,0584;0,0405;0,0295;0,0268;0,363;0,0;1,54;0,855;0,677;0,305;0,107;0,0796;0,0202;0,00974;0,0473;0,0342;0,0306;0,018;0,0117;0,0108;0,322;0,179;0,781;0,448;0,406;0,318;0,24;0,22;56,32;55,64;51,31;65,73;58,98;57,83;55,44;53,37;52,93;11,4;0,984;65,9;23,0;19,2;10,1;5,38;4,49;-1,47;-10,88;58,17;38,02;28,07;8,65;-8,73;-9,55
SanMarco;SanMarco2;ML208;45;2019-03-01 13:57:48;2019-03-01 14:18:01;45,433663;12,339658;ita;itaSSIDv1;1,0;1,0;4,0;3,0;2,0;2,0;4,0;4,0;3,0;3,0;3,0;2,0;3,0;4,0;3,0;3,0;4,0;4,0;3,0;3,0;3,0;4,0;68,0;;Male;SomeCollege;White;Employed;;;Tourist;;;Staying;Couple;60,67;67,8;64,38;73,25;69,96;69,37;67,42;66,0;65,71;67,37;63,89;73,0;69,48;68,88;66,96;65,64;65,33;63,06;58,09;71,16;66,25;65,09;62,39;60,46;59,89;17,6;0,0;22,3;16,7;14,7;13,2;12,8;1,78;0,0;2,6;2,06;1,99;1,76;1,62;1,59;0,0365;0,0174;0,294;0,0515;0,0473;0,035;0,0261;0,0242;0,201;0,0;1,83;0,529;0,4;0,143;0,0346;0,0217;0,013;0,00508;0,0285;0,023;0,0208;0,0116;0,00748;0,00657;0,328;0,209;0,69;0,43;0,398;0,323;0,269;0,256;54,62;54,0;50,15;60,92;57,13;56,29;53,88;51,83;51,37;9,08;0,857;43,7;17,7;14,9;8,4;4,67;3,86;-2,18;-14,87;55,36;37,47;26,7;4,68;-12,56;-13,08
SanMarco;SanMarco1;ML106;46;2019-02-28 13:04:56;2019-02-28 13:17:43;45,433663;12,339658;eng;engISO2018;1,0;1,0;3,0;3,0;4,0;1,0;2,0;1,0;4,0;3,0;4,0;1,0;3,0;3,0;3,0;1,0;3,0;4,0;5,0;3,0;3,0;4,0;76,0;;Male;SomeCollege;White;Student;;;Tourist;;;;;32,26;70,41;67,32;76,51;72,18;71,63;70,21;68,52;68,18;70,16;67,0;76,4;72,01;71,37;69,96;68,23;67,89;65,73;61,32;73,78;68,09;67,43;65,2;63,0;62,5;20,2;0,0;30,0;19,4;16,9;14,9;14,5;1,74;0,0;2,71;2,06;1,96;1,7;1,55;1,52;0,0434;0,0194;0,211;0,0674;0,0584;0,0405;0,0295;0,0268;0,363;0,0;1,54;0,855;0,677;0,305;0,107;0,0796;0,0202;0,00974;0,0473;0,0342;0,0306;0,018;0,0117;0,0108;0,322;0,179;0,781;0,448;0,406;0,318;0,24;0,22;56,32;55,64;51,31;65,73;58,98;57,83;55,44;53,37;52,93;11,4;0,984;65,9;23,0;19,2;10,1;5,38;4,49;-1,47;-10,88;58,17;38,02;28,07;8,65;-8,73;-9,55
SanMarco;SanMarco2;ML208;46;2019-03-01 14:11:42;2019-03-01 14:17:10;45,433663;12,339658;ita;itaSSIDv1;1,0;1,0;4,0;2,0;3,0;3,0;4,0;4,0;4,0;1,0;4,0;1,0;4,0;4,0;3,0;3,0;4,0;4,0;3,0;4,0;4,0;5,0;80,0;;Male;UniversityGraduate;White;Employed;;;Tourist;;;Staying;Couple;60,67;67,8;64,38;73,25;69,96;69,37;67,42;66,0;65,71;67,37;63,89;73,0;69,48;68,88;66,96;65,64;65,33;63,06;58,09;71,16;66,25;65,09;62,39;60,46;59,89;17,6;0,0;22,3;16,7;14,7;13,2;12,8;1,78;0,0;2,6;2,06;1,99;1,76;1,62;1,59;0,0365;0,0174;0,294;0,0515;0,0473;0,035;0,0261;0,0242;0,201;0,0;1,83;0,529;0,4;0,143;0,0346;0,0217;0,013;0,00508;0,0285;0,023;0,0208;0,0116;0,00748;0,00657;0,328;0,209;0,69;0,43;0,398;0,323;0,269;0,256;54,62;54,0;50,15;60,92;57,13;56,29;53,88;51,83;51,37;9,08;0,857;43,7;17,7;14,9;8,4;4,67;3,86;-2,18;-14,87;55,36;37,47;26,7;4,68;-12,56;-13,08
SanMarco;SanMarco1;ML106;47;2019-02-28 13:04:56;2019-02-28 13:17:43;45,433663;12,339658;eng;engISO2018;2,0;2,0;2,0;2,0;3,0;3,0;3,0;3,0;3,0;3,0;3,0;3,0;4,0;3,0;2,0;1,0;3,0;3,0;2,0;2,0;2,0;2,0;44,0;;Male;SomeCollege;White;Student;;;Tourist;;;PassingThrough;Group;32,26;70,41;67,32;76,51;72,18;71,63;70,21;68,52;68,18;70,16;67,0;76,4;72,01;71,37;69,96;68,23;67,89;65,73;61,32;73,78;68,09;67,43;65,2;63,0;62,5;20,2;0,0;30,0;19,4;16,9;14,9;14,5;1,74;0,0;2,71;2,06;1,96;1,7;1,55;1,52;0,0434;0,0194;0,211;0,0674;0,0584;0,0405;0,0295;0,0268;0,363;0,0;1,54;0,855;0,677;0,305;0,107;0,0796;0,0202;0,00974;0,0473;0,0342;0,0306;0,018;0,0117;0,0108;0,322;0,179;0,781;0,448;0,406;0,318;0,24;0,22;56,32;55,64;51,31;65,73;58,98;57,83;55,44;53,37;52,93;11,4;0,984;65,9;23,0;19,2;10,1;5,38;4,49;-1,47;-10,88;58,17;38,02;28,07;8,65;-8,73;-9,55
SanMarco;SanMarco2;ML212;47;2019-03-01 14:43:38;2019-03-01 15:00:18;45,433663;12,339658;ita;itaSSIDv1;4,0;4,0;3,0;2,0;3,0;3,0;2,0;3,0;2,0;3,0;3,0;3,0;3,0;2,0;3,0;2,0;3,0;1,0;2,0;2,0;1,0;3,0;36,0;;Female;HighSchoolGraduate;;Student;;;;;;Leaving;Couple;60,8;74,29;68,28;84,51;78,69;77,08;72,59;70,17;69,63;72,68;67,67;82,36;76,36;75,15;71,41;69,32;68,91;67,81;62,12;74,25;71,49;70,55;66,82;64,56;63,95;24,7;0,0;30,7;23,5;19,7;17,4;16,7;1,98;0,0;2,87;2,34;2,21;1,95;1,77;1,74;0,0405;0,0175;0,148;0,064;0,055;0,0379;0,0269;0,0248;0,271;0,0;1,74;0,727;0,552;0,178;0,0415;0,0266;0,0141;0,00497;0,0402;0,0274;0,0246;0,0117;0,00674;0,00599;0,383;0,215;1,04;0,619;0,541;0,346;0,286;0,268;59,93;59,07;53,78;66,13;62,68;61,77;58,8;56,72;56,08;10,0;0,803;52,4;19,2;16,1;8,99;5,13;4,3;-0,94;-6,3;64,61;44,94;34,01;9,75;-2,92;-3,97
SanMarco;SanMarco1;ML112;53;2019-02-28 14:09:48;2019-02-28 14:15:24;45,433663;12,339658;eng;engISO2018;1,0;3,0;5,0;4,0;5,0;3,0;4,0;1,0;4,0;2,0;4,0;4,0;4,0;5,0;3,0;1,0;4,0;2,0;2,0;3,0;4,0;4,0;60,0;;Female;SomeCollege;White;Student;;;Tourist;;;;;30,59;71,4;67,82;76,24;74,24;73,47;70,9;69,22;68,84;71,27;67,31;76,18;74,17;73,37;70,75;69,01;68,63;67,28;62,01;74,38;70,96;69,36;66,4;64,28;63,78;23,2;0,0;32,0;22,0;18,8;16,5;15,9;1,8;0,0;3,3;2,11;1,99;1,76;1,64;1,6;0,0403;0,0189;0,135;0,0601;0,0543;0,0389;0,0286;0,0264;0,295;0,0;1,3;0,726;0,554;0,237;0,1;0,0672;0,0178;0,00747;0,0522;0,0356;0,0313;0,0167;0,0109;0,0096;0,337;0,184;0,761;0,508;0,449;0,325;0,252;0,238;58,47;57,63;52,94;66,51;61,51;60,07;57,42;55,48;54,71;12,1;1,04;57,4;26,2;21,2;10,1;5,43;4,41;-2,46;-9,26;59,1;40,4;29,74;9,91;-6,88;-7,53
SanMarco;SanMarco3;SM301;53;2019-03-03 14:37:00;2019-03-03 14:47:00;45,433663;12,339658;ita;itaSSIDv1;2,0;2,0;4,0;3,0;4,0;3,0;4,0;3,0;3,0;3,0;4,0;2,0;4,0;4,0;3,0;4,0;5,0;4,0;4,0;4,0;4,0;4,0;80,0;;Female;TradeTechVocation;MiddleEastern;Other;;;;;;Staying;Group;44,25;74,5;70,37;83,66;77,33;76,34;73,87;72,19;71,84;74,07;70,06;83,61;76,86;75,7;73,42;71,89;71,57;71,3;66,21;82,95;74,6;73,15;70,26;68,55;68,07;28,4;0,0;52,6;26,8;23,3;21,0;20,4;2,13;0,0;3,65;2,43;2,33;2,1;1,95;1,92;0,046;0,0206;0,184;0,0732;0,0609;0,0431;0,0314;0,029;0,293;0,0;2,88;0,849;0,631;0,176;0,0486;0,0338;0,0269;0,00874;0,11;0,0639;0,0466;0,0223;0,0126;0,0105;0,366;0,188;0,974;0,519;0,462;0,355;0,284;0,261;62,99;62,12;58,24;74,03;65,42;64,29;61,81;60,13;59,69;14,6;1,49;95,4;29,6;23,6;13,0;7,21;6,03;-0,89;-2,43;59,63;45,25;35,6;14,52;-0,06;-0,68
SanMarco;SanMarco1;ML112;54;2019-02-28 14:09:48;2019-02-28 14:15:24;45,433663;12,339658;eng;engISO2018;2,0;3,0;4,0;4,0;5,0;3,0;4,0;2,0;2,0;1,0;4,0;2,0;4,0;4,0;4,0;2,0;3,0;3,0;2,0;1,0;2,0;4,0;48,0;;Female;UniversityGraduate;MixedMultipleEthnicGroups;Student;;;Tourist;;;PassingThrough;Group;30,59;71,4;67,82;76,24;74,24;73,47;70,9;69,22;68,84;71,27;67,31;76,18;74,17;73,37;70,75;69,01;68,63;67,28;62,01;74,38;70,96;69,36;66,4;64,28;63,78;23,2;0,0;32,0;22,0;18,8;16,5;15,9;1,8;0,0;3,3;2,11;1,99;1,76;1,64;1,6;0,0403;0,0189;0,135;0,0601;0,0543;0,0389;0,0286;0,0264;0,295;0,0;1,3;0,726;0,554;0,237;0,1;0,0672;0,0178;0,00747;0,0522;0,0356;0,0313;0,0167;0,0109;0,0096;0,337;0,184;0,761;0,508;0,449;0,325;0,252;0,238;58,47;57,63;52,94;66,51;61,51;60,07;57,42;55,48;54,71;12,1;1,04;57,4;26,2;21,2;10,1;5,43;4,41;-2,46;-9,26;59,1;40,4;29,74;9,91;-6,88;-7,53
SanMarco;SanMarco3;SM303;54;2019-03-03 14:55:00;2019-03-03 15:05:00;45,433663;12,339658;ita;itaSSIDv1;2,0;1,0;4,0;2,0;2,0;5,0;2,0;2,0;2,0;4,0;5,0;2,0;3,0;4,0;3,0;3,0;3,0;4,0;4,0;4,0;1,0;3,0;64,0;;Female;SomeCollege;White;Student;;;;Vistatore;;Staying;Group;34,6;78,13;73,72;83,86;81,31;80,28;77,52;75,78;75,3;77,8;73,27;83,82;80,87;79,87;77,2;75,38;74,95;73,72;68,51;82,65;76,68;75,24;72,92;70,49;70,06;33,2;0,0;45,2;31,3;27,6;24,7;24,0;2,12;0,0;2,97;2,36;2,31;2,11;1,97;1,93;0,0454;0,0205;0,158;0,0666;0,0594;0,0439;0,0325;0,0292;0,571;0,0;2,89;1,39;1,1;0,477;0,144;0,107;0,0209;0,00687;0,0555;0,046;0,0423;0,0174;0,0114;0,00806;0,319;0,135;0,669;0,447;0,412;0,312;0,241;0,215;64,98;64,25;60,17;72,41;67,42;66,22;64,18;62,01;61,51;13,7;1,76;58,2;24,9;21,0;12,5;6,96;5,94;-4,44;-5,24;71,65;49,28;36,61;14,35;-2,51;-3,19
SanMarco;SanMarco1;ML112;55;2019-02-28 14:15:24;2019-02-28 14:18:33;45,433663;12,339658;eng;engISO2018;1,0;1,0;5,0;4,0;3,0;4,0;4,0;3,0;2,0;2,0;4,0;3,0;4,0;4,0;3,0;2,0;4,0;2,0;2,0;2,0;2,0;4,0;48,0;;Male;TradeTechVocation;Other;Employed;Hispanic;;Other;Student;;Leaving;Group;30,59;71,4;67,82;76,24;74,24;73,47;70,9;69,22;68,84;71,27;67,31;76,18;74,17;73,37;70,75;69,01;68,63;67,28;62,01;74,38;70,96;69,36;66,4;64,28;63,78;23,2;0,0;32,0;22,0;18,8;16,5;15,9;1,8;0,0;3,3;2,11;1,99;1,76;1,64;1,6;0,0403;0,0189;0,135;0,0601;0,0543;0,0389;0,0286;0,0264;0,295;0,0;1,3;0,726;0,554;0,237;0,1;0,0672;0,0178;0,00747;0,0522;0,0356;0,0313;0,0167;0,0109;0,0096;0,337;0,184;0,761;0,508;0,449;0,325;0,252;0,238;58,47;57,63;52,94;66,51;61,51;60,07;57,42;55,48;54,71;12,1;1,04;57,4;26,2;21,2;10,1;5,43;4,41;-2,46;-9,26;59,1;40,4;29,74;9,91;-6,88;-7,53
SanMarco;SanMarco3;SM303;55;2019-03-03 14:54:00;2019-03-03 15:04:00;45,433663;12,339658;ita;itaSSIDv1;3,0;1,0;4,0;3,0;4,0;4,0;4,0;3,0;2,0;2,0;4,0;2,0;2,0;4,0;2,0;3,0;4,0;4,0;3,0;3,0;3,0;3,0;64,0;;Female;HighSchoolGraduate;White;Student;;;;Visitatore;;Staying;Group;34,6;78,13;73,72;83,86;81,31;80,28;77,52;75,78;75,3;77,8;73,27;83,82;80,87;79,87;77,2;75,38;74,95;73,72;68,51;82,65;76,68;75,24;72,92;70,49;70,06;33,2;0,0;45,2;31,3;27,6;24,7;24,0;2,12;0,0;2,97;2,36;2,31;2,11;1,97;1,93;0,0454;0,0205;0,158;0,0666;0,0594;0,0439;0,0325;0,0292;0,571;0,0;2,89;1,39;1,1;0,477;0,144;0,107;0,0209;0,00687;0,0555;0,046;0,0423;0,0174;0,0114;0,00806;0,319;0,135;0,669;0,447;0,412;0,312;0,241;0,215;64,98;64,25;60,17;72,41;67,42;66,22;64,18;62,01;61,51;13,7;1,76;58,2;24,9;21,0;12,5;6,96;5,94;-4,44;-5,24;71,65;49,28;36,61;14,35;-2,51;-3,19
SanMarco;SanMarco1;ML132;60;2019-02-28 14:55:30;2019-02-28 15:05:06;45,433663;12,339658;eng;engISO2018;1,0;1,0;4,0;2,0;1,0;4,0;3,0;5,0;1,0;4,0;5,0;1,0;2,0;4,0;4,0;3,0;3,0;4,0;1,0;3,0;4,0;5,0;68,0;;Male;SomeCollege;White;Retired;;;Tourist;;;Leaving;Couple;60,76;72,43;68,7;79,47;74,69;73,79;72,04;70,55;70,19;72,19;68,23;79,25;74,55;73,62;71,74;70,26;69,85;69,32;63,96;77,78;72,45;71,25;68,52;66,25;65,58;26,0;0,0;38,4;24,8;21,2;18,5;17,9;2,02;0,0;3,6;2,35;2,24;1,98;1,82;1,78;0,0397;0,017;0,0813;0,058;0,0527;0,0385;0,0284;0,0264;0,304;0,0;2,52;0,775;0,598;0,233;0,0789;0,0573;0,0171;0,00647;0,0611;0,0316;0,0271;0,0154;0,00962;0,00845;0,347;0,223;1,7;0,481;0,435;0,333;0,274;0,257;61,35;60,48;55,86;69,95;63,93;63,15;60,42;57,86;57,28;11,9;1,23;100,0;23,6;19,2;10,4;5,97;4,99;-1,13;-9,67;60,85;45,23;35,03;9,73;-6,71;-7,34
SanMarco;SanMarco3;SM306;60;2019-03-03 15:16:00;2019-03-03 15:26:00;45,433663;12,339658;ita;itaSSIDv1;1,0;1,0;5,0;1,0;3,0;4,0;4,0;3,0;2,0;2,0;4,0;2,0;4,0;4,0;4,0;4,0;3,0;2,0;2,0;3,0;2,0;1,0;40,0;;Female;HighSchoolGraduate;White;Unemployed;;;;;Today is a particular day here;Leaving;Couple;38,78;77,91;72,58;87,69;81,36;79,42;76,62;74,35;73,84;77,65;72,22;87,68;81,31;79,14;76,27;74,02;73,56;76,22;69,36;87,6;80,25;77,92;74,15;71,32;70,86;39,3;0,0;66,0;36,0;28,8;24,7;23,8;2,34;0,0;4,19;2,93;2,62;2,28;2,06;2,0;0,0463;0,0172;0,135;0,0652;0,0597;0,0456;0,0332;0,0301;0,512;0,0;6,22;1,64;1,03;0,268;0,0843;0,0608;0,0339;0,00749;0,185;0,0811;0,0648;0,0304;0,0112;0,01;0,348;0,125;0,695;0,452;0,422;0,344;0,284;0,267;68,84;66,62;60,67;79,55;71,69;70,04;66,3;63,22;62,56;16,0;1,77;89,7;35,5;28,8;13,2;6,99;5,89;-0,38;-3,89;63,02;51,28;42,85;13,8;-1,59;-2,24
SanMarco;SanMarco1;ML132;61;2019-02-28 14:53:19;2019-02-28 15:04:00;45,433663;12,339658;eng;engISO2018;1,0;1,0;4,0;1,0;3,0;4,0;3,0;3,0;1,0;3,0;3,0;1,0;3,0;2,0;3,0;2,0;3,0;3,0;3,0;4,0;3,0;4,0;68,0;;Female;HighSchoolGraduate;White;Retired;;;Tourist;;;Leaving;Couple;60,76;72,43;68,7;79,47;74,69;73,79;72,04;70,55;70,19;72,19;68,23;79,25;74,55;73,62;71,74;70,26;69,85;69,32;63,96;77,78;72,45;71,25;68,52;66,25;65,58;26,0;0,0;38,4;24,8;21,2;18,5;17,9;2,02;0,0;3,6;2,35;2,24;1,98;1,82;1,78;0,0397;0,017;0,0813;0,058;0,0527;0,0385;0,0284;0,0264;0,304;0,0;2,52;0,775;0,598;0,233;0,0789;0,0573;0,0171;0,00647;0,0611;0,0316;0,0271;0,0154;0,00962;0,00845;0,347;0,223;1,7;0,481;0,435;0,333;0,274;0,257;61,35;60,48;55,86;69,95;63,93;63,15;60,42;57,86;57,28;11,9;1,23;100,0;23,6;19,2;10,4;5,97;4,99;-1,13;-9,67;60,85;45,23;35,03;9,73;-6,71;-7,34
SanMarco;SanMarco3;SM307;61;2019-03-03 15:28:00;2019-03-03 15:38:00;45,433663;12,339658;ita;itaSSIDv1;1,0;3,0;3,0;2,0;3,0;2,0;3,0;2,0;1,0;1,0;4,0;1,0;4,0;5,0;3,0;3,0;2,0;1,0;2,0;2,0;0,0;2,0;28,0;;Female;UniversityGraduate;BlackAfricanCaribbeanBlackBritish;Student;;;;;;Staying;Couple;43,14;76,83;72,17;84,38;80,6;79,23;75,68;73,93;73,59;76,6;71,82;84,37;80,41;79,04;75,37;73,64;73,29;73,83;67,68;82,64;78,1;76,61;72,27;69,88;69,48;35,0;0,0;49,9;33,0;26,3;23,1;22,4;2,19;0,0;4,3;2,63;2,46;2,14;1,97;1,93;0,0509;0,022;0,294;0,0876;0,0678;0,0455;0,0323;0,03;0,299;0,0;1,87;0,735;0,59;0,229;0,0892;0,064;0,0299;0,0116;0,0726;0,0573;0,0518;0,0272;0,0145;0,0134;0,378;0,139;0,994;0,547;0,495;0,361;0,28;0,262;65,4;64,15;59,6;73,48;69,18;67,67;63,77;61,33;60,85;16,4;1,8;88,7;32,9;27,4;14,4;7,75;6,47;-1,15;-4,12;62,61;47,66;37,93;15,02;-1,16;-1,78
